id,activity_type,transaction_time,type,price,qty,side,symbol,leaves_qty,order_id,cum_qty,order_status,activity_sub_type,date,created_at,net_amount,description,status,execution_id,currency,cusip,group_id
20260626154929502::6d478a39-4c01-4763-96a4-755914632b88,FILL,2026-06-26T19:49:29.502294Z,fill,2.07,1,sell,KO260717C00081000,0,e7a57604-c316-400b-a1da-989a110d5dd7,2,filled,,,,,,,,,,
20260626154929380::5cc44382-e2d4-4217-bbe2-533a6ad7a13e,FILL,2026-06-26T19:49:29.380305Z,partial_fill,2.07,1,sell,KO260717C00081000,1,e7a57604-c316-400b-a1da-989a110d5dd7,1,partially_filled,,,,,,,,,,
20260626154241015::66519f65-f7bc-40ef-930a-4e9a4653542e,FILL,2026-06-26T19:42:41.01533Z,fill,1.5,2,sell,KO260717C00082500,0,a6c634b9-7887-448d-83db-438538252395,2,filled,,,,,,,,,,
20260626152847951::6b5e825b-c675-4cb3-8840-aa40c0b9fdd4,FILL,2026-06-26T19:28:47.951589Z,fill,1.75,1,sell,MMM260710C00167500,0,b0ef69f0-26a3-4c91-ab76-fe5c458af816,1,filled,,,,,,,,,,
20260626152813453::49d0152c-e9ff-44db-8bea-fb0bb601d2ea,FILL,2026-06-26T19:28:13.453213Z,fill,2.77,1,sell,COP260717P00105000,0,4e643d17-075e-4e70-84ab-4fa7ffe0b953,1,filled,,,,,,,,,,
20260626150232902::502726dc-a081-4790-b52e-2beaa84e0130,FILL,2026-06-26T19:02:32.902519Z,fill,4.9,1,buy,V260710C00340000,0,e53fa8a6-ce47-46c9-a9e9-f6dd0cdabcb9,1,filled,,,,,,,,,,
20260626145212506::cdc6b916-00d9-4dcb-9beb-3f53ff6506ac,FILL,2026-06-26T18:52:12.506181Z,fill,1.3,1,sell,C260717C00150000,0,fef4dfd8-d8a2-4f23-b4b9-6a346be7410e,1,filled,,,,,,,,,,
20260626143137053::9bb13c15-a738-444e-9a98-ad3fbc98a4be,FILL,2026-06-26T18:31:37.053878Z,fill,0.62,2,buy,F260717C00014000,0,4ad3266a-d3f1-4403-91df-8770e8094196,2,filled,,,,,,,,,,
20260626141456045::c41b57b0-2254-46fc-a2b0-db9bf0160a9a,FILL,2026-06-26T18:14:56.045204Z,fill,0.96,3,buy,RIVN260717C00015500,0,5917aa18-eb27-4372-95b5-dd1a61bb0c5b,3,filled,,,,,,,,,,
20260626140435058::ca1ff750-b3b2-4958-807f-81c619930c97,FILL,2026-06-26T18:04:35.058315Z,fill,0.95,1,sell,RIVN260717C00015500,0,1e4d699a-8919-49d5-ac7b-65483e579541,1,filled,,,,,,,,,,
20260626134334279::092a9777-c9d9-4eb5-923a-4e8fc39de5b5,FILL,2026-06-26T17:43:34.279632Z,fill,4.8,1,buy,HD260710C00355000,0,197b33d3-8a4f-401b-93c4-5e009250eeb6,1,filled,,,,,,,,,,
20260626134304253::21415be9-654f-48e1-8d23-fcddd0a25d6b,FILL,2026-06-26T17:43:04.25381Z,fill,3.1,1,buy,UBER260717C00075000,0,6c4a6665-258f-463c-8790-77a9abd3cd91,1,filled,,,,,,,,,,
20260626133208845::40def964-2526-49e0-87a7-be969e88a73b,FILL,2026-06-26T17:32:08.845556Z,fill,5.25,1,sell,OKTA260710C00123000,0,fe7e4876-1308-4366-8b4c-1a4733a4a21c,1,filled,,,,,,,,,,
20260626133105895::52fc8751-0025-4d64-b417-ee6ffd237b95,FILL,2026-06-26T17:31:05.895054Z,fill,4.65,1,sell,UBER260717C00072500,0,7036d594-963c-49bd-b962-053ba3a47405,1,filled,,,,,,,,,,
20260626131754117::76948a49-012b-41cf-9bc4-3889427b4103,FILL,2026-06-26T17:17:54.117176Z,fill,6.75,1,sell,HD260710C00350000,0,b4677372-fd64-4790-b381-2a5054a23a1a,1,filled,,,,,,,,,,
20260626131138581::b361f360-54c6-4370-845f-39f50dc030c7,FILL,2026-06-26T17:11:38.581872Z,fill,2.25,2,buy,UBER260717C00077500,0,2b91f310-182d-45a0-9f97-dbaa00cee3da,2,filled,,,,,,,,,,
20260626130212567::790cc22c-f804-4689-96d2-e6d924961e8f,FILL,2026-06-26T17:02:12.567461Z,fill,5.7,1,sell,HD260710C00352500,0,123f944c-1ac6-4bb9-bcde-4872cfeceea7,1,filled,,,,,,,,,,
20260626130109222::67b024b8-dccb-4ed8-b66f-4e2230ba0ae9,FILL,2026-06-26T17:01:09.22287Z,fill,3.4,1,sell,UBER260717C00075000,0,443ee2d6-0731-4f28-b1e0-dc52e15ca98b,1,filled,,,,,,,,,,
20260626125544749::19e232f2-0126-4061-bd3c-2dbb29a2c586,FILL,2026-06-26T16:55:44.749932Z,fill,4.25,1,buy,OKTA260710C00127000,0,430ee6f5-d3ce-46ea-b27c-edb8bb9b6a0f,1,filled,,,,,,,,,,
20260626124021786::8828961f-5d0c-418a-bc02-19a863257d89,FILL,2026-06-26T16:40:21.786057Z,fill,0.72,2,buy,LYFT260717C00014500,0,5b01d586-cddd-44bf-b2ae-6e234c96886f,2,filled,,,,,,,,,,
20260626123951110::3dc084a8-4b15-44f5-ac90-b0da0169095e,FILL,2026-06-26T16:39:51.110346Z,fill,1.5,2,buy,SO260717C00097500,0,2661ccb9-1f65-4a21-83b4-b2845a7aba68,2,filled,,,,,,,,,,
20260626122947984::7e8dd43b-dd14-4c37-a03a-3eb697c7b7f9,FILL,2026-06-26T16:29:47.984467Z,fill,1.85,2,sell,SO260710C00096000,0,aee8d1cc-ed86-4fa7-ba8c-219f314ef4ae,2,filled,,,,,,,,,,
20260626122936015::ce616dde-4c4e-433d-93c0-b55ec0f081c2,FILL,2026-06-26T16:29:36.015683Z,fill,4.95,1,sell,V260717C00342500,0,5060f854-5f80-4fe7-907f-27b8fdf584b3,1,filled,,,,,,,,,,
20260626121415240::410e5a25-dbc0-4b97-93fa-9f169ea47d8b,FILL,2026-06-26T16:14:15.240567Z,fill,0.71,1,sell,F260717C00014000,0,f57879d9-9240-44f8-811d-68517ba559dc,1,filled,,,,,,,,,,
20260626120826786::be7dd495-4e99-4024-b4ef-e4d7b684b18a,FILL,2026-06-26T16:08:26.786317Z,fill,4.45,1,buy,CSCO260717P00116000,0,fe513f9d-adbd-42c0-8219-e85236096464,1,filled,,,,,,,,,,
20260626115812181::c1f7f115-247b-41ae-8b13-4571b2440fcf,FILL,2026-06-26T15:58:12.181866Z,fill,2.52,2,sell,OXY260717P00052500,0,dcc7cccd-65d7-4d44-b519-44d47d3a8669,2,filled,,,,,,,,,,
20260626115153038::71efe13e-4cff-4a06-bfb3-43a2829fea18,FILL,2026-06-26T15:51:53.038762Z,fill,1.85,2,buy,KO260717C00081000,0,fb52de7b-6d24-4df7-9e37-1fd8cfea7a85,2,filled,,,,,,,,,,
20260626115120722::62f5b84a-de5e-4e9c-aad4-fdd09b95ae45,FILL,2026-06-26T15:51:20.722276Z,fill,4,1,buy,ENB260717C00052500,0,da3754bc-b03d-4465-811b-59afb9b7f0b4,1,filled,,,,,,,,,,
20260626113418693::46ed628e-c2c4-4a01-9901-e028156e9329,FILL,2026-06-26T15:34:18.693735Z,fill,2.45,2,buy,SO260717C00096000,0,2910966c-6448-4189-a0dd-09c93279a12f,2,filled,,,,,,,,,,
20260626111814582::ccdd1a87-bf25-4f4e-9248-0d30609eab1b,FILL,2026-06-26T15:18:14.582466Z,fill,4.95,1,buy,DIA260710C00522000,0,7109da92-99a4-41bb-9609-5d455345b391,1,filled,,,,,,,,,,
20260626111744147::2b918cfa-5978-4f29-9640-57e340ab6173,FILL,2026-06-26T15:17:44.14766Z,fill,3.2,1,buy,CVS260717C00105000,0,2f13d770-8cb0-4557-9528-c1715bfcfc08,1,filled,,,,,,,,,,
20260626111647142::3c184fba-8f5b-4e6b-965b-2859a058d23f,FILL,2026-06-26T15:16:47.142676Z,fill,1.27,1,buy,XLE260717C00054000,0,bdfd7e34-506d-4933-9f47-2981970cbaf9,1,filled,,,,,,,,,,
20260626111617636::58aa6b8e-59db-47ad-b613-b09e2fea777a,FILL,2026-06-26T15:16:17.636844Z,fill,3.35,1,buy,PFE260717P00027500,0,2e4556b3-a18e-4024-9a6d-d0b35fa99eeb,1,filled,,,,,,,,,,
20260626110543901::44705ca0-f43b-402a-b807-7b4e73b2d6e2,FILL,2026-06-26T15:05:43.901332Z,fill,4.9,1,sell,OKTA260710C00122000,0,64ff48e9-aa59-4f54-841b-70e4c8e0afb0,1,filled,,,,,,,,,,
20260626110523770::01f746ff-f9e2-4f2d-a0c8-4e68e5b7b08c,FILL,2026-06-26T15:05:23.77054Z,fill,1.73,2,sell,OXY260717P00051000,0,1f3cedfd-019a-4e13-b6de-e44497f20b66,2,filled,,,,,,,,,,
20260626110441167::e74ded45-290a-4daa-8652-b3629e22283d,FILL,2026-06-26T15:04:41.167749Z,fill,3.05,1,sell,CVS260717C00105000,0,63b5f8c1-a88b-4699-87be-46c3baa02602,1,filled,,,,,,,,,,
20260626105924604::30e64a1f-4767-4a01-9cfc-9956081400c6,FILL,2026-06-26T14:59:24.604491Z,fill,4.55,1,buy,IONQ260710P00053000,0,6c91be1f-f382-48d1-95bd-466074468ced,1,filled,,,,,,,,,,
20260626105854937::144e66f7-3068-47c5-8b7d-eb1182941762,FILL,2026-06-26T14:58:54.937418Z,fill,4.65,1,buy,RTX260717C00190000,0,a58d2ee3-4ec2-4898-aecd-1e145e15bbc3,1,filled,,,,,,,,,,
20260626105826647::72355384-a57a-49d5-ba09-74b8f1d5bc6b,FILL,2026-06-26T14:58:26.647558Z,fill,1.06,2,buy,KO260717C00082500,0,78052c85-caa4-4018-a285-95489d3bbf26,2,filled,,,,,,,,,,
20260626104543516::3e6451a3-0a2c-4cf8-878c-df97f25c3104,FILL,2026-06-26T14:45:43.516562Z,fill,2.75,2,sell,SCHW260717P00090000,0,b3c3e8c0-6fe8-477a-afeb-356eddfa7249,2,filled,,,,,,,,,,
20260626104512260::cea19283-f2d8-4b05-9480-5bff9ec5b218,FILL,2026-06-26T14:45:12.260411Z,fill,1.72,2,sell,KO260717C00081000,0,241a7698-5b78-4cc3-bb08-40553d760d5b,2,filled,,,,,,,,,,
20260626103930893::c7508548-af5f-45d6-8f2f-2085664e0bd1,FILL,2026-06-26T14:39:30.893405Z,fill,1,2,buy,SNY260717C00042500,0,f69c8ca8-6cd6-48b7-8334-7c7eaa2458ae,2,filled,,,,,,,,,,
20260626103900869::c98ceec9-ce7d-46c2-9a59-7eabaa3418fc,FILL,2026-06-26T14:39:00.869587Z,fill,1.25,2,buy,GSK260717C00053000,0,cd8f69ec-84e2-46bf-9bfc-b04a80dcf8bd,2,filled,,,,,,,,,,
20260626103802751::e33dc69d-ed27-47b9-9d15-d19c2dbaae6f,FILL,2026-06-26T14:38:02.751794Z,fill,0.63,1,buy,PFE260717P00024500,0,47ae70c0-e084-48fe-8080-5466f069eb42,2,filled,,,,,,,,,,
20260626103802624::36d3109e-7fdd-482a-abe9-014a61ae0f46,FILL,2026-06-26T14:38:02.62455Z,partial_fill,0.63,1,buy,PFE260717P00024500,1,47ae70c0-e084-48fe-8080-5466f069eb42,1,partially_filled,,,,,,,,,,
20260626103733365::9c7cede7-0bdb-4427-a3f1-0dd9b47e111b,FILL,2026-06-26T14:37:33.36518Z,fill,4.25,1,buy,JNJ260717C00260000,0,3a894264-1f36-40d1-90c6-70ebd511b67f,1,filled,,,,,,,,,,
20260626103702890::ea5ccadf-7cb5-4419-a430-026a00c170da,FILL,2026-06-26T14:37:02.890608Z,fill,2.95,1,buy,ABT260717C00095000,0,4a23594a-550a-4115-b93b-2da177e46b56,1,filled,,,,,,,,,,
20260626103634860::a4c35f46-10ce-4664-8399-99fe9089e4a4,FILL,2026-06-26T14:36:34.860402Z,fill,3.75,1,buy,CSCO260717P00115000,0,fd437b8c-ff07-425e-8721-e9006a3fb9b2,1,filled,,,,,,,,,,
20260626102451248::378ae926-8d30-4e33-a641-f31ed6eed596,FILL,2026-06-26T14:24:51.248022Z,fill,4.2,1,sell,ABT260717C00092500,0,47a47cd8-9194-490c-afd7-a086a400d9fc,1,filled,,,,,,,,,,
20260626102438800::77a78759-89b7-4c29-9f1e-b750cdb98a2b,FILL,2026-06-26T14:24:38.800028Z,fill,2.8,1,sell,ABT260717C00095000,0,a02e101d-5392-43f5-bd64-9790b45d6708,1,filled,,,,,,,,,,
20260626102416527::a14d4b6a-dfe6-430d-a70d-af6752d7c993,FILL,2026-06-26T14:24:16.527559Z,fill,6.1,1,sell,CSCO260717P00120000,0,62e85704-f340-4da9-96fe-dba8d4a353bb,1,filled,,,,,,,,,,
20260626102403645::c90ca1c0-431a-416a-a6f2-60bef83a28be,FILL,2026-06-26T14:24:03.645729Z,fill,4.55,1,sell,CSCO260710P00119000,0,41b0d6da-794d-441c-bce9-c08bdbfa9b5b,1,filled,,,,,,,,,,
20260626101837437::ea5ae3f8-3a4e-4e82-8833-df2b15ededf8,FILL,2026-06-26T14:18:37.437227Z,fill,5,1,buy,NVDA260717P00190000,0,5f4c32b7-b333-4cea-8520-29a1e6c8e0fa,1,filled,,,,,,,,,,
20260626101809009::df44efd4-0bd5-4031-8f7a-cf12a1711a6f,FILL,2026-06-26T14:18:09.009998Z,fill,2,2,buy,SCHW260717P00087500,0,5786a914-2eb8-4b85-98c2-d8b16f3a2f2f,2,filled,,,,,,,,,,
20260626101738490::92f928b3-18ba-4053-9781-8fae64536b6f,FILL,2026-06-26T14:17:38.490396Z,fill,3.55,1,buy,DIS260717P00100000,0,5db55b4b-2ae5-4c6b-9365-4db097bdae84,1,filled,,,,,,,,,,
20260626101710357::34f4b72c-5fdf-4524-afb2-a70e9869a43c,FILL,2026-06-26T14:17:10.357098Z,fill,2.04,2,buy,NKE260717P00040500,0,9b7d2b56-845d-46ca-9d2d-a9b187746fd8,2,filled,,,,,,,,,,
20260626101639845::0a1e7283-0da2-47f4-875c-3560785de2b0,FILL,2026-06-26T14:16:39.845032Z,fill,4.1,1,buy,IONQ260717P00050000,0,7c273d94-6afd-4aee-aa23-c66b9f56fad8,1,filled,,,,,,,,,,
20260626100522741::87b89998-f923-41b7-be4e-e8674859aec0,FILL,2026-06-26T14:05:22.741413Z,fill,4.3,1,sell,IONQ260710P00052000,0,92e41620-e6fa-4d02-90c8-49fbac53d88a,1,filled,,,,,,,,,,
20260626100457983::02a2f688-3509-45c0-afa8-921ef5975460,FILL,2026-06-26T14:04:57.983377Z,fill,4.15,1,sell,IONQ260717P00050000,0,77769fa3-f650-4a98-887b-fdd67a789edc,1,filled,,,,,,,,,,
20260626100444567::2dcace4a-271c-472f-a653-4887bf44d58f,FILL,2026-06-26T14:04:44.567166Z,fill,3.05,1,sell,NKE260717P00042500,0,7daf6ce8-5f10-44c8-acf3-8b096df0704d,1,filled,,,,,,,,,,
20260626095928438::23b415f9-f7b8-42cf-9416-a8fde3ad28df,FILL,2026-06-26T13:59:28.438898Z,fill,3.8,1,buy,NVDA260710P00190000,0,5725670a-efaa-4bb1-a70c-2255ce688c27,1,filled,,,,,,,,,,
20260626095900475::7fbe02f8-12e7-469b-b27b-cabb8eb5839f,FILL,2026-06-26T13:59:00.475013Z,fill,5.15,1,buy,AAPL260710P00275000,0,947684c0-f37d-4aea-b86b-e1cc5f9d0106,1,filled,,,,,,,,,,
20260626095827808::df8b574e-b911-4c20-b818-174617658623,FILL,2026-06-26T13:58:27.808597Z,fill,2.78,1,buy,MRK260717C00130000,0,9b0609c8-7e28-4420-a194-b7da5ab15509,1,filled,,,,,,,,,,
20260626095800554::1973a481-4219-4ab2-a4f5-7eabcbfe918b,FILL,2026-06-26T13:58:00.554302Z,fill,4.05,1,buy,PLTR260710P00110000,0,154c675c-9353-4ac6-a065-844d431346fb,1,filled,,,,,,,,,,
20260626095734061::05dc497d-2123-42b0-84b3-672904bc827a,FILL,2026-06-26T13:57:34.061937Z,fill,0.62,2,buy,LYFT260717P00014000,0,3091d919-6da2-4322-a1f6-e413fa25815f,2,filled,,,,,,,,,,
20260626095707492::1dddb545-4de7-42bd-8a57-d71e3d004d1e,FILL,2026-06-26T13:57:07.492089Z,fill,0.82,1,buy,RIVN260717C00015500,0,7efdc35f-91e1-4b25-9e18-8fec16f079a7,1,filled,,,,,,,,,,
20260626094717447::d1452ccf-304c-4afe-9764-cc7c79c229af,FILL,2026-06-26T13:47:17.447563Z,fill,8,1,sell,JNJ260710C00245000,0,ac1e4fe0-085e-40ab-8fff-7021f80dd61d,1,filled,,,,,,,,,,
20260626094631327::347b13e2-df1b-481f-b266-a6f685141373,FILL,2026-06-26T13:46:31.327489Z,fill,5.6,1,sell,NVDA260717P00190000,0,52ea874c-0b79-4649-9acc-4c14fd03e9d9,1,filled,,,,,,,,,,
20260626094603831::470f36fd-5ab6-49e5-9a71-cc4f4de944b0,FILL,2026-06-26T13:46:03.83133Z,fill,4.3,1,sell,NVDA260710P00190000,0,16e95e05-a85c-4d89-a3de-028991e5e503,1,filled,,,,,,,,,,
20260626094019754::ea1befb2-e4b5-4bf4-87ee-3a064d40f689,FILL,2026-06-26T13:40:19.754956Z,fill,4.8,1,sell,AAPL260710P00275000,0,652d0b13-9ec4-44ea-9a20-a3ca2adcad1b,1,filled,,,,,,,,,,
20260626094013834::54c5a023-8112-488f-8240-7780061b9715,FILL,2026-06-26T13:40:13.834309Z,fill,0.41,2,sell,PFE260717P00024000,0,7f8ceffb-4cb8-434b-ad17-9b7f1a41b881,2,filled,,,,,,,,,,
20260626094000271::60f8c488-7039-4cf7-ae7a-c3a035f643e7,FILL,2026-06-26T13:40:00.271864Z,fill,1.36,1,sell,JPM260710C00342500,0,1a2a94ec-ce0a-4601-8c07-c874002d9bba,1,filled,,,,,,,,,,
20260626093936323::fd153e35-473d-4c1f-aba3-a63de4c5e1a2,FILL,2026-06-26T13:39:36.323295Z,fill,3.2,2,sell,DIS260717P00100000,0,665d18a4-12a3-4552-a744-35955cbf2f2b,2,filled,,,,,,,,,,
20260626093255766::9c13deb5-29a6-4109-9703-51a64e4adc81,FILL,2026-06-26T13:32:55.766276Z,fill,2.25,1,sell,DIA260710C00528000,0,7db16525-f654-42b6-b677-1e909e0d6b73,1,filled,,,,,,,,,,
20260626093253924::71f529d3-e79b-44e6-84be-d86356cd8904,FILL,2026-06-26T13:32:53.924443Z,fill,1.15,2,sell,SO260717C00096000,0,8eacf6fa-5a16-45c6-bc3e-103c1b021508,2,filled,,,,,,,,,,
20260626093252043::edf29520-ba84-4f53-bfe4-91d8e72f3f22,FILL,2026-06-26T13:32:52.043547Z,fill,0.19,2,sell,LYFT260717C00014000,0,9851ac7f-a01c-4503-8e2a-76d3fc6cf896,2,filled,,,,,,,,,,
20260626093247191::9872299a-ea84-4932-99e0-45b514d6514b,FILL,2026-06-26T13:32:47.191794Z,fill,1.4,1,sell,JPM260710C00345000,0,d1e328fb-c3d5-4771-888f-a2f684436a78,1,filled,,,,,,,,,,
20260626093240365::c0555bdf-c3b7-4aa3-a7fa-e6a67a025fdf,FILL,2026-06-26T13:32:40.365289Z,fill,0.18,2,sell,LYFT260717C00014500,0,8e260438-d71e-48ce-923e-03f2bfeaf150,2,filled,,,,,,,,,,
20260625154626843::91cdea53-0552-4d71-8811-35115c332449,FILL,2026-06-25T19:46:26.843859Z,fill,3.8,1,sell,MRK260717C00125000,0,6a8e65cf-f6c7-4ced-998e-1551c3305429,1,filled,,,,,,,,,,
20260625153929690::8d2d6f6a-2785-441f-a084-84af0817d01a,FILL,2026-06-25T19:39:29.690899Z,fill,0.31,2,sell,XLF260717C00055000,0,46becc64-f459-4933-9579-9852aeab64bc,2,filled,,,,,,,,,,
20260625151334289::ff61dd6b-00ad-464d-aa77-b5dce2aa7f05,FILL,2026-06-25T19:13:34.289661Z,fill,4.35,1,buy,BA260710P00215000,0,374d6ccb-46b6-41b0-a5f9-66f3f1122705,1,filled,,,,,,,,,,
20260625151305069::1473d1cf-e169-4a56-a6a2-452e1aca1544,FILL,2026-06-25T19:13:05.069839Z,fill,1.46,3,buy,MO260717C00074000,0,3e1c092f-25c3-481e-b0e7-e36181df1c36,3,filled,,,,,,,,,,
20260625151236563::31a982a5-a569-4b80-910a-323a75083420,FILL,2026-06-25T19:12:36.56315Z,fill,1.55,2,buy,SO260710C00096000,0,3684bee2-6f46-4b14-abee-fc70124e3c78,2,filled,,,,,,,,,,
20260625150143511::d55b4481-dd5a-4222-af61-795c28e76985,FILL,2026-06-25T19:01:43.511453Z,fill,0.54,1,sell,PFE260717P00024000,0,221e1788-f11f-4feb-816e-428ca8e463b1,1,filled,,,,,,,,,,
20260625150040874::e5f45e42-b60d-4eb7-8729-c70795101d89,FILL,2026-06-25T19:00:40.874534Z,fill,3.45,1,sell,DIS260724P00100000,0,699a68a8-02cc-47fa-b943-f92353dcdc71,1,filled,,,,,,,,,,
20260625145454968::34f17b55-0c4c-4ba7-bdf2-9c675fffd2fc,FILL,2026-06-25T18:54:54.968799Z,fill,5,1,buy,HD260710C00350000,0,d00a6281-65bb-4080-8581-a8663e5b4ef6,1,filled,,,,,,,,,,
20260625145426992::b5fa2461-f570-4331-ac04-6f22ba8de355,FILL,2026-06-25T18:54:26.992343Z,fill,4.95,1,buy,ADBE260710P00192500,0,535509b6-3148-4a74-9a10-5f2282fcc802,1,filled,,,,,,,,,,
20260625145353041::6d6201cb-7d10-4711-a3c9-ee4abddf8f5c,FILL,2026-06-25T18:53:53.041342Z,fill,3.55,1,buy,GM260717P00080000,0,f2c2e90c-755f-4d54-b985-80d220acdbb7,1,filled,,,,,,,,,,
20260625143531747::a68e6d0c-0633-4803-bf01-dc7128b7ea42,FILL,2026-06-25T18:35:31.747676Z,fill,2.06,2,buy,WMT260717P00115000,0,77440b02-98b3-4f96-9f58-abf0cf6f2460,2,filled,,,,,,,,,,
20260625142420075::cfab9f5e-7349-4791-af7b-aaef2fa21459,FILL,2026-06-25T18:24:20.075691Z,fill,2.92,1,sell,WMT260717P00117000,0,9c563257-3f21-43bd-a878-754479c0b3f5,1,filled,,,,,,,,,,
20260625140204987::8437c86e-16d9-478d-8867-305c69098de9,FILL,2026-06-25T18:02:04.987473Z,fill,4.75,1,buy,HD260710C00352500,0,b7c0773a-6d84-417b-9e51-a223022b80ad,1,filled,,,,,,,,,,
20260625135029145::0cc9816a-1eea-4186-a70c-70da1a872267,FILL,2026-06-25T17:50:29.145829Z,fill,3.45,1,sell,SCHW260717P00092500,0,ceca82c4-aafc-4133-bac1-ed684f49909f,1,filled,,,,,,,,,,
20260625134441751::7fd30af8-5929-4c85-ba5a-e123fe5a6d02,FILL,2026-06-25T17:44:41.751306Z,fill,4.95,1,buy,AAPL260710P00275000,0,390ea4be-ee46-49aa-a860-690bc68a3b38,1,filled,,,,,,,,,,
20260625134410484::6afbe758-5016-4a30-8ff0-42356904346b,FILL,2026-06-25T17:44:10.484457Z,fill,4.8,1,buy,DIA260710C00524000,0,5735e670-c58c-4e42-a737-c0a27e2904b7,1,filled,,,,,,,,,,
20260625134339989::f0b39109-afe2-4fed-8c59-80edd3f58897,FILL,2026-06-25T17:43:39.989879Z,fill,4.05,1,buy,PG260717P00150000,0,a9d74bed-6c15-40e5-bee4-bb81fde26f3e,1,filled,,,,,,,,,,
20260625134309186::d311f17e-1f0a-4e55-b7e1-a4e51f3c0805,FILL,2026-06-25T17:43:09.186681Z,fill,1.09,2,buy,BAC260710C00058000,0,e06abdab-2f87-4120-a1a8-53d2bc3b722b,2,filled,,,,,,,,,,
20260625132838832::ad1b4f8d-dcfa-4770-8bdc-ed8f1550a6fa,FILL,2026-06-25T17:28:38.832296Z,fill,2.28,1,sell,DIA260710C00530000,0,8e0f21b9-48f5-4aa2-8daf-203e18944848,1,filled,,,,,,,,,,
20260625131552877::7a9714d2-4156-4f22-b487-5f42ac4f63cb,FILL,2026-06-25T17:15:52.877533Z,fill,4.55,1,sell,AAPL260710P00275000,0,91e46418-1c59-4790-ad14-30d3704a13b4,1,filled,,,,,,,,,,
20260625131034708::ddb91458-8ce1-42cf-89c9-4dd7a09e24c1,FILL,2026-06-25T17:10:34.708804Z,fill,4.5,1,buy,JNJ260710C00245000,0,d47fbfb5-a798-4f2d-99f5-91ce42b832f1,1,filled,,,,,,,,,,
20260625125236291::6ab6c646-cfec-44d5-bbbd-6a4afffb3c40,FILL,2026-06-25T16:52:36.291723Z,fill,0.45,3,buy,PFE260717P00024000,0,8e8b7ed3-137e-414c-8756-429ae169e878,3,filled,,,,,,,,,,
20260625123505580::b090dc43-5c7e-46b3-9e26-84f611de0127,FILL,2026-06-25T16:35:05.58039Z,fill,4.3,1,buy,AAPL260710P00270000,0,8253a9e3-0e1a-4a11-979e-99c9e70bede5,1,filled,,,,,,,,,,
20260625123435496::21079f74-9fd6-4ab1-89af-5a73a0507fee,FILL,2026-06-25T16:34:35.49627Z,fill,4.95,1,buy,CRM260710P00150000,0,8fe8cef2-9d2e-4a58-9ac4-a941c72a3216,1,filled,,,,,,,,,,
20260625123407843::4e2164cb-b288-497e-a0fc-f56bc1158ee4,FILL,2026-06-25T16:34:07.843216Z,fill,4.8,1,buy,OKTA260710C00122000,0,aaf9a20b-c0e2-4f5c-8c7d-36d93aa85d42,1,filled,,,,,,,,,,
20260625123340099::4f9d2f94-7db8-4af6-90cf-f2ae3bf0c11f,FILL,2026-06-25T16:33:40.099755Z,fill,3.7,1,buy,ABT260717C00092500,0,64704044-2703-4279-a92a-081bb2f6d4ec,1,filled,,,,,,,,,,
20260625121456485::5c04e98b-8f23-43ac-ab66-71a9d93f2d81,FILL,2026-06-25T16:14:56.485762Z,fill,4.5,1,buy,V260717C00342500,0,3b92df04-1783-4472-a3d2-1fbf0211d279,1,filled,,,,,,,,,,
20260625121430283::f5848093-c913-4f34-b8e9-ffa41c9876ca,FILL,2026-06-25T16:14:30.283064Z,fill,4.4,1,buy,MMM260710C00167500,0,b54e6b20-709c-485a-8373-a8b958f5c566,1,filled,,,,,,,,,,
20260625121400930::cad43a1d-8f0e-40ce-8ee9-999c6b7bb6d2,FILL,2026-06-25T16:14:00.93053Z,fill,4,1,buy,ESTC260717P00055000,0,b9140ed7-9503-489b-b1e3-63d9cfe7d250,1,filled,,,,,,,,,,
20260625121328998::64ce251a-f9af-4fb4-b173-e0480ff74515,FILL,2026-06-25T16:13:28.998054Z,fill,2.28,2,buy,SCHW260717P00090000,0,431c3d1f-222d-4cdc-8fd6-fe16ac7333f1,2,filled,,,,,,,,,,
20260625115313951::8c298185-d2e8-49f3-81bb-b7ad515f7a50,FILL,2026-06-25T15:53:13.951213Z,fill,4.7,1,buy,ORCL260710P00147000,0,667bd841-e85c-4081-8e96-09a8da828dc6,1,filled,,,,,,,,,,
20260625115245973::e3162efc-67a3-48c6-93ec-775c6fd7459a,FILL,2026-06-25T15:52:45.973653Z,fill,4.8,1,buy,OKTA260710C00123000,0,4a9a851e-2ebf-4915-a39c-31f788affd81,1,filled,,,,,,,,,,
20260625115221118::505e831a-c703-405b-893d-cc891d549708,FILL,2026-06-25T15:52:21.118553Z,fill,4.3,1,buy,JPM260710C00342500,0,4a864f08-3e7a-46f9-a27f-4d57cb40bde2,1,filled,,,,,,,,,,
20260625115155946::07b73501-a724-4f67-9fc0-3fab7db50477,FILL,2026-06-25T15:51:55.946767Z,fill,4.9,1,buy,CRM260717P00149000,0,1f8eeb2d-4bf8-453f-b85a-9a07c2a5a1fd,1,filled,,,,,,,,,,
20260625115131953::4c3fcbee-d191-46e1-9da3-a953aaa2d7bb,FILL,2026-06-25T15:51:31.953036Z,fill,3.8,1,buy,CVX260710P00172500,0,7ca6f273-c51f-4665-bea5-16562a138a4a,1,filled,,,,,,,,,,
20260625115106066::44629819-b2d1-461a-a152-788ff2b55fad,FILL,2026-06-25T15:51:06.066237Z,fill,4.83,1,buy,IWM260710C00300000,0,94e79c22-b382-4d0b-a9c1-f2f673f5c870,1,filled,,,,,,,,,,
20260625115041348::7a2e0a74-8826-4b80-8abe-f5710a7c141c,FILL,2026-06-25T15:50:41.348903Z,fill,1.79,2,buy,MDT260717C00082000,0,274df6bd-9f86-4972-b3ea-073fd5c38319,2,filled,,,,,,,,,,
20260625115014067::2ad54179-7b96-444d-b647-6ddf3545efa4,FILL,2026-06-25T15:50:14.0673Z,fill,3.05,1,buy,COP260710P00107000,0,2053e31c-23f2-4c36-8e5d-6d5732b80dfb,1,filled,,,,,,,,,,
20260625114949155::c7522fed-ea94-44ae-993a-000b619c5006,FILL,2026-06-25T15:49:49.155354Z,fill,2.45,1,buy,ABT260717C00095000,0,5b90b5d6-44b6-4eee-b38a-bd9b71ab711a,1,filled,,,,,,,,,,
20260625114924820::73291b5a-c7b4-49bb-94d6-956088f3352b,FILL,2026-06-25T15:49:24.820594Z,fill,4.8,1,buy,C260717C00147000,0,5a47c9fd-9114-405b-a627-78dee55a10ac,1,filled,,,,,,,,,,
20260625113348904::6a0448a9-1666-4399-bc2d-0fe5d0c6858e,FILL,2026-06-25T15:33:48.904243Z,fill,2.6,2,sell,ABT260717C00095000,0,94978331-acef-4485-84ef-646bc85de529,2,filled,,,,,,,,,,
20260625112834958::9821bb39-4211-4615-984a-1825ef4cfa19,FILL,2026-06-25T15:28:34.95897Z,fill,4.15,1,buy,ADBE260710P00190000,0,7d3c8f0d-1b82-4816-8db3-90398cd5be71,1,filled,,,,,,,,,,
20260625112812395::b0012ce1-9ca4-4cae-a5ea-3c7c570cd601,FILL,2026-06-25T15:28:12.395172Z,fill,4.25,1,buy,ZS260710P00120000,0,4747f240-a9e8-4c3f-bdaf-6c17fce24b78,1,filled,,,,,,,,,,
20260625112741632::1446df94-c876-469c-847f-ec0ef177b3b4,FILL,2026-06-25T15:27:41.632857Z,fill,4.8,1,buy,DIA260710C00528000,0,a036387e-0a7e-4274-bfa4-681559d55610,1,filled,,,,,,,,,,
20260625112715535::114004d2-3b35-4c45-ab7e-8aa83dee3a7c,FILL,2026-06-25T15:27:15.535254Z,fill,1.95,1,buy,SO260717C00096000,0,e65445b9-15d1-4b12-9e0f-2da2fe4c7658,2,filled,,,,,,,,,,
20260625112715424::e5c33c83-37aa-4b77-83a0-77c3fbe7d328,FILL,2026-06-25T15:27:15.424691Z,partial_fill,1.95,1,buy,SO260717C00096000,1,e65445b9-15d1-4b12-9e0f-2da2fe4c7658,1,partially_filled,,,,,,,,,,
20260625112650291::7548f423-7de4-46d6-b4b8-cb02042ce90d,FILL,2026-06-25T15:26:50.291677Z,fill,0.85,2,buy,LYFT260717C00014000,0,a48bbde8-0f3a-40ae-ae2d-2f3508ef889c,2,filled,,,,,,,,,,
20260625112626515::484b8d21-02da-4b5d-9750-1fed5af43dd3,FILL,2026-06-25T15:26:26.515752Z,fill,2.54,1,buy,WMT260717P00117000,0,f7cc1fe9-4b9d-44b9-9ba0-35a6dfb3f71e,1,filled,,,,,,,,,,
20260625112602293::4d227c06-d8d7-4a41-b38e-d822d153e2e6,FILL,2026-06-25T15:26:02.293934Z,fill,2.26,2,buy,OXY260717P00052500,0,c6eca4a5-3f80-4757-9e4d-4e32ddd00be0,2,filled,,,,,,,,,,
20260625110922321::6ea04732-cbc5-4b95-8d06-d56e2558b5a8,FILL,2026-06-25T15:09:22.321991Z,fill,5.95,1,sell,JPM260710C00340000,0,16f8b1a5-e007-4a61-82a0-b764b01667d8,1,filled,,,,,,,,,,
20260625110406050::5a076955-0c7a-49d3-ad09-6775cb7e7017,FILL,2026-06-25T15:04:06.05056Z,fill,3,1,buy,SPG260717C00230000,0,7f360efc-d5ae-4b72-85b1-f31dcb61666f,1,filled,,,,,,,,,,
20260625110344454::ea285e21-5d46-4208-a2c6-12d7f8868a33,FILL,2026-06-25T15:03:44.454169Z,fill,4.4,1,buy,JPM260710C00345000,0,3e35e9ab-47fd-48a4-9a44-c31a2834e770,1,filled,,,,,,,,,,
20260625110323280::0c069fdd-aa30-4043-9108-868da9cf5eb9,FILL,2026-06-25T15:03:23.280049Z,fill,4.45,1,buy,BA260717C00230000,0,d0ebb7ac-c14b-4a97-a973-10096eb3af83,1,filled,,,,,,,,,,
20260625110302318::e6e96f97-0111-4086-9548-bc156a65177c,FILL,2026-06-25T15:03:02.318125Z,fill,1.6,2,buy,OXY260717P00051000,0,3d104d44-6141-48a3-abe1-a85aa3435b1b,2,filled,,,,,,,,,,
20260625110238631::999606c2-e490-4bdb-8341-5becb4698f78,FILL,2026-06-25T15:02:38.631331Z,fill,4.6,1,buy,WMT260717P00120000,0,2320f90c-74f9-46b3-9a08-d1ac018cb8c4,1,filled,,,,,,,,,,
20260625110211146::d57f96bd-dbe3-485c-9c44-ad139679a43e,FILL,2026-06-25T15:02:11.146995Z,fill,2.78,1,buy,NKE260717P00042000,0,cf71c39f-e08c-4f14-8b9d-11d8db79a251,1,filled,,,,,,,,,,
20260625110147806::a261fe8f-5268-4d4c-a5cc-e27c651176ae,FILL,2026-06-25T15:01:47.806833Z,fill,0.68,2,buy,LYFT260717C00014500,0,a00bfdc9-78dd-4f61-b91a-10de9afa5843,2,filled,,,,,,,,,,
20260625110127905::f56d6d73-c182-45a1-9297-c60cee2213bd,FILL,2026-06-25T15:01:27.905186Z,fill,2.65,1,buy,CARR260717C00077500,0,8a1692ee-c913-43c9-8b5f-d2a86684fc79,1,filled,,,,,,,,,,
20260625110101896::2c2ba37b-1d12-49b1-8112-53d04d6ee9ab,FILL,2026-06-25T15:01:01.896198Z,fill,2.95,1,buy,MRK260717C00125000,0,15b56d0f-7e0f-4b70-a6e8-2e73b7badb86,1,filled,,,,,,,,,,
20260625110038950::1b7e4493-5e1a-4f54-95fc-9058ed6a93b4,FILL,2026-06-25T15:00:38.950483Z,fill,0.46,2,buy,F260717C00014500,0,1eb53b0c-8b68-41d3-9cdf-d1088bc1fdcf,2,filled,,,,,,,,,,
20260625110012332::88168085-36c5-49ba-aa7a-a108a84a4dde,FILL,2026-06-25T15:00:12.33219Z,fill,3.25,1,buy,GM260717C00080000,0,37173ef4-9ec5-4b5d-8286-53f77b7257db,1,filled,,,,,,,,,,
20260625104440994::551f4266-dd9d-4e66-98c4-12b5acc2f430,FILL,2026-06-25T14:44:40.994401Z,fill,2.78,1,sell,MRK260717C00125000,0,e719d379-b43a-46bd-ac5a-94dd0bc3455b,1,filled,,,,,,,,,,
20260625103934253::ddf31e5d-8bd4-4d67-9b9c-4518df72d486,FILL,2026-06-25T14:39:34.253349Z,fill,4.95,1,buy,ORCL260710P00148000,0,fc05171c-8d99-4465-9635-f5abb34fbb64,1,filled,,,,,,,,,,
20260625103914456::df0bb7ef-29fc-4e96-8562-a7545c36b30f,FILL,2026-06-25T14:39:14.456728Z,fill,3.7,1,buy,ZM260724P00083000,0,45ea6ab0-9380-49c7-ab17-81c7723f24ad,1,filled,,,,,,,,,,
20260625103854967::82fde364-b091-47ca-a623-b1052a40c1e2,FILL,2026-06-25T14:38:54.967312Z,fill,4.95,1,buy,DIA260710C00530000,0,43ae5da8-348e-4fa1-af14-5e8c1f6d2c67,1,filled,,,,,,,,,,
20260625103833157::1b3f9ccc-03a8-4567-9d7b-cdd5fb2be390,FILL,2026-06-25T14:38:33.157089Z,fill,3.6,1,buy,CVX260717P00170000,0,c3a6d1d0-013e-4ca8-9fa1-63ee92bfb92d,1,filled,,,,,,,,,,
20260625103815243::8648ba76-8de4-4658-8187-a89dc334e15b,FILL,2026-06-25T14:38:15.243973Z,fill,4.2,1,buy,IONQ260710P00052000,0,b6a53d80-f707-41bf-9ce4-cffac56c3598,1,filled,,,,,,,,,,
20260625103757119::21a45108-aebb-4fd7-a9c0-d7bb9d39a621,FILL,2026-06-25T14:37:57.119871Z,fill,2.16,2,buy,DIS260717P00100000,0,10c3e494-bb3d-4bf5-a921-7f0a4d252d61,2,filled,,,,,,,,,,
20260625103740271::60a99536-71d1-48b3-ad7f-65d9c0c65e85,FILL,2026-06-25T14:37:40.271772Z,fill,5,1,buy,NVDA260717P00190000,0,db059faf-015c-428e-a1b6-b7fbb2d0ddd4,1,filled,,,,,,,,,,
20260625103723120::822998c9-f2f5-4699-8e9b-8e22684c87a6,FILL,2026-06-25T14:37:23.120546Z,fill,1.65,2,buy,GSK260717C00052000,0,1084d21a-fa18-42cd-ac07-73b9571d122d,2,filled,,,,,,,,,,
20260625103701046::81d10593-5119-48a2-a5cb-3bee950183f7,FILL,2026-06-25T14:37:01.04643Z,fill,4.05,1,buy,XOM260717P00138000,0,f1ec5dc2-53d5-4b1c-a85e-66bff4d912e3,1,filled,,,,,,,,,,
20260625103643660::c36438e1-92c1-4629-a01f-a5abaf15064b,FILL,2026-06-25T14:36:43.660543Z,fill,4.7,1,buy,TGT260717C00141000,0,f1e45a6e-fdae-4c8b-9d2e-d68978121b6f,1,filled,,,,,,,,,,
20260625103627247::89a07d60-bb3e-480c-83c0-ea8b9d864387,FILL,2026-06-25T14:36:27.247868Z,fill,2.37,2,buy,WFC260717C00087500,0,95264cd8-2dea-41b9-9a93-46dd5ad59829,2,filled,,,,,,,,,,
20260625103610973::73ad03af-72d2-4fb6-9a67-b4224950bc87,FILL,2026-06-25T14:36:10.973417Z,fill,0.69,2,buy,XLF260717C00055000,0,ea8e453c-a159-44cc-a22f-5fc8296e4f92,2,filled,,,,,,,,,,
20260625103553908::1adf5bfa-0d1f-45b2-b1f1-2862cf08bbaf,FILL,2026-06-25T14:35:53.908028Z,fill,4.8,1,buy,MMM260717C00170000,0,5a5a35c8-f628-4d58-bbac-fddbcb3bcbf4,1,filled,,,,,,,,,,
20260625103537718::04dbe5a8-3670-4992-873c-cc93f887fb9e,FILL,2026-06-25T14:35:37.718231Z,fill,1.41,2,buy,KO260717C00081000,0,55b9e3b4-0ef2-4e79-bb02-5cb07a70e1fa,2,filled,,,,,,,,,,
20260625103521611::d2c8416d-d313-4467-883e-c111298d01d6,FILL,2026-06-25T14:35:21.611821Z,fill,4.7,1,buy,CSCO260717P00120000,0,fa2cecce-b456-4c78-9b98-adfeadae52ca,1,filled,,,,,,,,,,
20260625103505825::2758c1a3-a850-492d-9e0a-76e7865a5534,FILL,2026-06-25T14:35:05.825306Z,fill,3.9,1,buy,C260717C00150000,0,d93f6163-a118-4ff4-ace4-613d1bad2d2f,1,filled,,,,,,,,,,
20260625103450403::9e8a4dd5-6952-4f33-b054-9483e6040520,FILL,2026-06-25T14:34:50.403978Z,fill,1.32,2,buy,SOFI260717P00018000,0,b464312c-2eca-4aff-9607-a80de54d1c14,2,filled,,,,,,,,,,
20260625103436289::61ec48c6-bdb0-4f74-b2c6-739170d82a0d,FILL,2026-06-25T14:34:36.289005Z,fill,2.65,1,buy,SCHW260717P00092500,0,9ffab2eb-f2ad-4982-986a-a2f66c745515,1,filled,,,,,,,,,,
20260625103420291::4ccdcf15-3e9e-4771-bff2-b8db49bd2104,FILL,2026-06-25T14:34:20.291212Z,fill,3.95,1,buy,NFLX260717P00073000,0,ccfd34fe-c398-46f7-a58e-14ad2c1afb82,1,filled,,,,,,,,,,
20260625101435903::877d3e18-f193-408a-bf8c-5909e1668a03,FILL,2026-06-25T14:14:35.903477Z,fill,4.9,1,buy,SAP260710P00150000,0,55c37ca7-0439-4943-8e65-b7661ee8ec80,1,filled,,,,,,,,,,
20260625101422022::061d2fab-ad8e-420e-ad39-630a4b95fdd5,FILL,2026-06-25T14:14:22.022597Z,fill,2.55,1,buy,DIS260724P00100000,0,fa6be1ac-df84-4fea-86f6-46c31bf778e2,1,filled,,,,,,,,,,
20260625101408540::7b85d6ae-9937-4528-b395-5ef650d381ef,FILL,2026-06-25T14:14:08.54018Z,fill,4.85,1,buy,ZS260717P00120000,0,5074b173-3126-4580-ad3e-2c4108bddcdf,1,filled,,,,,,,,,,
20260625101352512::3b28507f-fa5a-4f0f-9570-2aa0500e5687,FILL,2026-06-25T14:13:52.512256Z,fill,4.55,1,buy,ZM260724P00084000,0,3eaabec9-7b17-4800-a368-4035d37c9192,1,filled,,,,,,,,,,
20260625101339345::a2b288c1-3f78-4ba7-9a5b-9857510ee503,FILL,2026-06-25T14:13:39.34591Z,fill,4.45,1,buy,V260717C00345000,0,db0bba57-9159-468b-9b88-89b39a05a737,1,filled,,,,,,,,,,
20260625101326364::3447c75d-d4fe-4d5d-bc6b-2c799ae2de31,FILL,2026-06-25T14:13:26.364094Z,fill,1.5,1,buy,SNY260717P00042500,0,6320cb7c-0b12-4c57-b5bd-2ca80eddf96e,1,filled,,,,,,,,,,
20260625101311988::73438a41-ad47-4332-b465-688e2ee3dfe1,FILL,2026-06-25T14:13:11.988714Z,fill,4.75,1,buy,AMZN260710P00225000,0,73fec1fe-6d9e-417d-9da8-489fe0796ce2,1,filled,,,,,,,,,,
20260625101259430::50f3f35a-194f-4bcd-a5fa-fdc4859335d2,FILL,2026-06-25T14:12:59.430273Z,fill,2.51,1,buy,COP260717P00105000,0,7c10d70c-af25-4cf3-8fad-93c674258667,1,filled,,,,,,,,,,
20260625101243910::4c95a4b1-c16d-457c-b6d1-34bc3c24561d,FILL,2026-06-25T14:12:43.910715Z,fill,4.05,1,buy,RTX260710C00190000,0,68bed658-97f7-41ff-9bc1-0c8c7e1a1bbc,1,filled,,,,,,,,,,
20260625101232220::f6610da1-acf1-430f-9bb0-383884d51c8b,FILL,2026-06-25T14:12:32.22019Z,fill,3.6,1,buy,NVDA260710P00190000,0,757cec5a-f302-4213-9368-9b5970bb2de8,1,filled,,,,,,,,,,
20260625101220680::391fe071-85f9-43ec-a1f3-b03f52623cb2,FILL,2026-06-25T14:12:20.680877Z,fill,3.95,1,buy,CSCO260710P00119000,0,87e4283e-83cd-42ea-95ea-963245cf917a,1,filled,,,,,,,,,,
20260625101209314::2e0351bf-481b-47ef-acf2-219a1562d812,FILL,2026-06-25T14:12:09.314751Z,fill,3.9,1,buy,IONQ260717P00050000,0,f20a3e61-84e0-49f2-815f-8e43b0eef811,1,filled,,,,,,,,,,
20260625101157209::c0389db3-33c7-4405-9163-b8bcef603df6,FILL,2026-06-25T14:11:57.209745Z,fill,4.3,1,buy,TGT260717C00143000,0,1b1bfb99-dce1-4e32-b131-46eef40a8092,1,filled,,,,,,,,,,
20260625101144950::8b7ce956-ec22-4bca-a24f-bd32502383b0,FILL,2026-06-25T14:11:44.950796Z,fill,4.49,1,buy,IWM260710C00303000,0,cb777c7f-314a-4c24-b01d-239fc16a77fc,1,filled,,,,,,,,,,
20260625101130555::c92e2018-4067-437f-820c-5d1c61fa9996,FILL,2026-06-25T14:11:30.555621Z,fill,1.6,2,buy,MDT260717C00082500,0,6aa40ab8-cc58-4e7c-a25a-8393af324b4f,2,filled,,,,,,,,,,
20260625101118017::24b04064-d214-4d0d-a4a6-e04be8e74507,FILL,2026-06-25T14:11:18.017928Z,fill,1.94,1,buy,UBER260717C00075000,0,fa51cde8-58ce-4524-8aa3-86a0d2b09b7a,1,filled,,,,,,,,,,
20260625101104974::4fd6f194-28b4-47a3-b392-03111c1d95ec,FILL,2026-06-25T14:11:04.974999Z,fill,2.86,1,buy,TLT260717C00085000,0,81c085f3-65b9-4c12-ba54-87ef6a58d612,1,filled,,,,,,,,,,
20260625101054753::b58098bb-6f5f-4358-bba7-2d832aa6a62f,FILL,2026-06-25T14:10:54.753455Z,fill,0.66,1,buy,F260717C00014000,0,4cec1269-dfc3-4c81-991d-90a9d65ff17c,1,filled,,,,,,,,,,
20260625095431950::1f6078df-e119-40c9-b13a-530d463b83c5,FILL,2026-06-25T13:54:31.950065Z,fill,4.05,1,buy,AMZN260710P00222500,0,84ffb9b6-05ec-4e36-9ad7-e7b3f8567f5c,1,filled,,,,,,,,,,
20260625095419521::d89e3360-3b89-4c50-8ca0-a524e381ff98,FILL,2026-06-25T13:54:19.52101Z,fill,4.4,1,buy,SAP260717P00146000,0,87567cd6-a706-4f91-9e52-75c211c18dc9,1,filled,,,,,,,,,,
20260625095410863::16279fb3-4493-4107-92ca-9a47471d1698,FILL,2026-06-25T13:54:10.863429Z,fill,1.25,2,buy,RIVN260717P00015000,0,93c52293-5447-435e-9f56-69797169df75,2,filled,,,,,,,,,,
20260625095402286::2a255d16-b72a-4187-ac6c-28a1f8be64a7,FILL,2026-06-25T13:54:02.286471Z,fill,3.9,1,buy,CARR260717C00075000,0,d7bf52de-757b-4c3a-a0f3-963bb8aa8c41,1,filled,,,,,,,,,,
20260625095347001::806a4b62-4715-47f4-bd85-e5f3231122a3,FILL,2026-06-25T13:53:47.001102Z,fill,2.91,1,buy,NKE260717P00042500,0,eca90e7e-8fc4-4a9e-bab9-b43c99902ae5,1,filled,,,,,,,,,,
20260625095335443::42e1bee5-b088-43c3-b52f-82f1cf4e75d6,FILL,2026-06-25T13:53:35.443008Z,fill,4.15,1,buy,AAPL260710P00275000,0,3adacb1c-1827-4d22-97ea-9e4330c06829,1,filled,,,,,,,,,,
20260625095324431::cb095fb3-65c5-42fb-9abf-0de82c7d5ee0,FILL,2026-06-25T13:53:24.431338Z,fill,3,1,buy,XOM260717P00135000,0,e86a22bd-7127-4d19-a64c-851622cfb26c,1,filled,,,,,,,,,,
20260625095315282::5e51e28b-b6f6-4393-9967-1e53bf34577c,FILL,2026-06-25T13:53:15.282841Z,fill,2.2,2,buy,ABT260717C00095000,0,54bc3f76-0869-4158-9a4a-e9d27ef0a99a,2,filled,,,,,,,,,,
20260625095307813::4bc817d9-ab4b-4dcb-ba58-afe269affb73,FILL,2026-06-25T13:53:07.813569Z,fill,4.25,1,buy,PLTR260717P00105000,0,eeb3d140-2805-4549-b079-3f0122596dc8,1,filled,,,,,,,,,,
20260625095300617::9968c489-ddc6-43d8-bc4d-31771d18c5e2,FILL,2026-06-25T13:53:00.617247Z,fill,4.75,1,buy,JPM260710C00340000,0,e777fc06-d37c-4f9d-970e-daecc52e860c,1,filled,,,,,,,,,,
20260625095254061::de6da4dd-e5ec-45a4-9ed4-f562f8f327d1,FILL,2026-06-25T13:52:54.061299Z,fill,1.37,2,buy,BAC260717C00059000,0,da333a46-b8b2-4d46-a3e8-7b06a98b441f,2,filled,,,,,,,,,,
20260625095247694::e2ea924a-f57a-4c67-a8be-8034f50ac1d1,FILL,2026-06-25T13:52:47.694931Z,fill,2.69,1,buy,CVS260717C00105000,0,d1de90c2-b0fe-4aa7-b273-99f58b33fb0c,1,filled,,,,,,,,,,
20260625095241266::b9141665-912f-4028-97e1-012e2379daaf,FILL,2026-06-25T13:52:41.26665Z,fill,3.4,1,buy,NFLX260717P00072000,0,e2e291fe-606b-4c73-b378-d3cfad23b0c1,1,filled,,,,,,,,,,
20260625095235538::e54ff9c5-b360-4df1-8118-50ef5baf800f,FILL,2026-06-25T13:52:35.538405Z,fill,3.1,1,buy,WFC260717C00085000,0,fdeb505f-4e31-433b-9373-5777456727ee,1,filled,,,,,,,,,,
20260625095230083::67444e87-ad3c-48ea-8f17-9255c4c743b3,FILL,2026-06-25T13:52:30.083747Z,fill,1.44,2,buy,XLE260717P00054000,0,f9c60a6b-1ec6-44f4-b402-50ec06f000fd,2,filled,,,,,,,,,,
20260625095224467::bf1b3829-a93e-4bb1-bdd9-ec4e0b12019e,FILL,2026-06-25T13:52:24.467243Z,fill,2.95,1,buy,UBER260717C00072500,0,60e56ebe-51d1-4c17-8373-c411f7e82626,1,filled,,,,,,,,,,
20260625095219405::449f7c3e-287a-493b-b9d6-af309b5377ce,FILL,2026-06-25T13:52:19.405146Z,fill,1.01,2,buy,SOFI260717P00017000,0,ebf1f2d1-a1c1-4ba1-9b99-5eff72b15d43,3,filled,,,,,,,,,,
20260625095219287::cecefb6c-1bcc-43be-9ae5-73f363873074,FILL,2026-06-25T13:52:19.287566Z,partial_fill,1,1,buy,SOFI260717P00017000,2,ebf1f2d1-a1c1-4ba1-9b99-5eff72b15d43,1,partially_filled,,,,,,,,,,
20260625095214361::01489af9-1a99-41a0-abbb-ca3eda59b45d,FILL,2026-06-25T13:52:14.361735Z,fill,2,2,buy,MO260717C00072500,0,a864e2e8-e8ad-474b-b4cd-06cca598d138,2,filled,,,,,,,,,,
20260625095209789::b6c45b18-0f38-4bec-83b3-d62294dde40f,FILL,2026-06-25T13:52:09.789843Z,fill,2.52,1,buy,MRK260717C00125000,0,fdb1232d-7a59-41a8-84f6-a55e1baaf2ff,1,filled,,,,,,,,,,
20260625095205404::d22171b2-49fb-47f9-ad9f-357f44c1fb32,FILL,2026-06-25T13:52:05.404618Z,fill,4.9,1,buy,TLT260717C00083000,0,2d28181d-c08d-41c3-81ae-2d0d867657be,1,filled,,,,,,,,,,
20260625000000000::fe8bed5f-83c9-4aa8-bb8f-c05be55c91aa,FEE,,,,,,,,b6a53d80-f707-41bf-9ce4-cffac56c3598,,,OCC,2026-06-25,2026-06-26T08:23:37.579108Z,-0.02,OCC Clearing Fee,executed,8648ba76-8de4-4658-8187-a89dc334e15b,USD,,
20260625000000000::fb2cbe3f-6364-4380-884a-d60d7bb5073d,FEE,,,,,,,,ccfd34fe-c398-46f7-a58e-14ad2c1afb82,,,OCC,2026-06-25,2026-06-26T08:23:37.579108Z,-0.02,OCC Clearing Fee,executed,4ccdcf15-3e9e-4771-bff2-b8db49bd2104,USD,,
20260625000000000::fa1e0216-695e-4ce5-bda5-c0cb4131dcdd,FEE,,,,,,,,b7c0773a-6d84-417b-9e51-a223022b80ad,,,OCC,2026-06-25,2026-06-26T08:26:06.104328Z,-0.02,OCC Clearing Fee,executed,8437c86e-16d9-478d-8867-305c69098de9,USD,,
20260625000000000::f75783c5-1dfd-481f-ae98-422b974f55a4,FEE,,,,,,,,46becc64-f459-4933-9579-9852aeab64bc,,,OCC,2026-06-25,2026-06-26T08:24:31.720311Z,-0.04,OCC Clearing Fee,executed,8d2d6f6a-2785-441f-a084-84af0817d01a,USD,,
20260625000000000::ee85d0b0-27c8-476e-a802-f84ca6a2be46,FEE,,,,,,,,a9d74bed-6c15-40e5-bee4-bb81fde26f3e,,,OCC,2026-06-25,2026-06-26T08:25:57.356168Z,-0.02,OCC Clearing Fee,executed,f0b39109-afe2-4fed-8c59-80edd3f58897,USD,,
20260625000000000::ea8dc0cc-08b9-4f84-9073-fa57ca2f0f9d,FEE,,,,,,,,7ca6f273-c51f-4665-bea5-16562a138a4a,,,OCC,2026-06-25,2026-06-26T08:25:50.13824Z,-0.02,OCC Clearing Fee,executed,4c3fcbee-d191-46e1-9da3-a953aaa2d7bb,USD,,
20260625000000000::e61f5fb5-6ab1-4e94-890d-e4145eab97e9,FEE,,,,,,,,b464312c-2eca-4aff-9607-a80de54d1c14,,,OCC,2026-06-25,2026-06-26T08:23:37.579108Z,-0.04,OCC Clearing Fee,executed,9e8a4dd5-6952-4f33-b054-9483e6040520,USD,,
20260625000000000::e587e12f-6c0c-420c-a284-61684fa269b0,FEE,,,,,,,,,,,CAT,2026-06-25,2026-06-26T08:24:58.37263Z,-0.05,CAT fee for proceed of 120 trades on 2026-06-25 by PA3NJU1Y90R3,executed,,USD,,
20260625000000000::e4b89704-df80-4f14-bea3-73a1e829b243,FEE,,,,,,,,f1ec5dc2-53d5-4b1c-a85e-66bff4d912e3,,,OCC,2026-06-25,2026-06-26T08:23:37.579108Z,-0.02,OCC Clearing Fee,executed,81d10593-5119-48a2-a5cb-3bee950183f7,USD,,
20260625000000000::e486db0d-4b5a-46d1-8000-df013353c130,FEE,,,,,,,,a48bbde8-0f3a-40ae-ae2d-2f3508ef889c,,,OCC,2026-06-25,2026-06-26T08:23:58.381725Z,-0.04,OCC Clearing Fee,executed,7548f423-7de4-46d6-b4b8-cb02042ce90d,USD,,
20260625000000000::e4592742-dc1f-4010-a0f6-8ac626d200d5,FEE,,,,,,,,5735e670-c58c-4e42-a737-c0a27e2904b7,,,OCC,2026-06-25,2026-06-26T08:25:57.356168Z,-0.02,OCC Clearing Fee,executed,6afbe758-5016-4a30-8ff0-42356904346b,USD,,
20260625000000000::e0b1822e-68fc-4b5d-8840-8d311588803a,FEE,,,,,,,,e86a22bd-7127-4d19-a64c-851622cfb26c,,,OCC,2026-06-25,2026-06-26T08:23:13.905786Z,-0.02,OCC Clearing Fee,executed,cb095fb3-65c5-42fb-9abf-0de82c7d5ee0,USD,,
20260625000000000::de883419-f631-4e06-ac01-45c45f267909,FEE,,,,,,,,9ffab2eb-f2ad-4982-986a-a2f66c745515,,,OCC,2026-06-25,2026-06-26T08:23:37.579108Z,-0.02,OCC Clearing Fee,executed,61ec48c6-bdb0-4f74-b2c6-739170d82a0d,USD,,
20260625000000000::d7385f46-0fa6-42cb-bfda-7630f301980d,FEE,,,,,,,,5a47c9fd-9114-405b-a627-78dee55a10ac,,,OCC,2026-06-25,2026-06-26T08:25:50.13824Z,-0.02,OCC Clearing Fee,executed,73291b5a-c7b4-49bb-94d6-956088f3352b,USD,,
20260625000000000::d5b5367e-b501-4d04-b474-bbde12bee91a,FEE,,,,,,,,91e46418-1c59-4790-ad14-30d3704a13b4,,,OCC,2026-06-25,2026-06-26T08:25:57.356168Z,-0.02,OCC Clearing Fee,executed,7a9714d2-4156-4f22-b487-5f42ac4f63cb,USD,,
20260625000000000::d18a6ca3-c64f-47b0-9984-4fec92566ea0,FEE,,,,,,,,6a8e65cf-f6c7-4ced-998e-1551c3305429,,,OCC,2026-06-25,2026-06-26T08:24:35.735704Z,-0.02,OCC Clearing Fee,executed,91cdea53-0552-4d71-8811-35115c332449,USD,,
20260625000000000::d15cf631-a9e1-456f-8a95-425219fe1a19,FEE,,,,,,,,d7bf52de-757b-4c3a-a0f3-963bb8aa8c41,,,OCC,2026-06-25,2026-06-26T08:23:13.905786Z,-0.02,OCC Clearing Fee,executed,2a255d16-b72a-4187-ac6c-28a1f8be64a7,USD,,
20260625000000000::cb208d85-bcd8-4e60-9b4c-641dee00b043,FEE,,,,,,,,8e0f21b9-48f5-4aa2-8daf-203e18944848,,,OCC,2026-06-25,2026-06-26T08:25:57.356168Z,-0.02,OCC Clearing Fee,executed,ad1b4f8d-dcfa-4770-8bdc-ed8f1550a6fa,USD,,
20260625000000000::caf0f53b-1401-4555-9036-1b6a9091a6dd,FEE,,,,,,,,45ea6ab0-9380-49c7-ab17-81c7723f24ad,,,OCC,2026-06-25,2026-06-26T08:23:37.579108Z,-0.02,OCC Clearing Fee,executed,df0bb7ef-29fc-4e96-8562-a7545c36b30f,USD,,
20260625000000000::c4c37e18-f7b3-4c8c-bae4-1c192f0bb382,FEE,,,,,,,,5074b173-3126-4580-ad3e-2c4108bddcdf,,,OCC,2026-06-25,2026-06-26T08:23:13.905786Z,-0.02,OCC Clearing Fee,executed,7b85d6ae-9937-4528-b395-5ef650d381ef,USD,,
20260625000000000::c2faf7e3-538f-467d-a544-b1fe829b2016,FEE,,,,,,,,6320cb7c-0b12-4c57-b5bd-2ca80eddf96e,,,OCC,2026-06-25,2026-06-26T08:23:13.905786Z,-0.02,OCC Clearing Fee,executed,3447c75d-d4fe-4d5d-bc6b-2c799ae2de31,USD,,
20260625000000000::c10adfb6-316f-4b75-8264-a3eba93c3a23,FEE,,,,,,,,eeb3d140-2805-4549-b079-3f0122596dc8,,,OCC,2026-06-25,2026-06-26T08:23:13.905786Z,-0.02,OCC Clearing Fee,executed,4bc817d9-ab4b-4dcb-ba58-afe269affb73,USD,,
20260625000000000::c0492caf-6406-4501-bb2c-82fa6b53a805,FEE,,,,,,,,3eaabec9-7b17-4800-a368-4035d37c9192,,,OCC,2026-06-25,2026-06-26T08:23:13.905786Z,-0.02,OCC Clearing Fee,executed,3b28507f-fa5a-4f0f-9570-2aa0500e5687,USD,,
20260625000000000::bfa8399c-35e3-40d3-8698-9dae50b255c4,FEE,,,,,,,,757cec5a-f302-4213-9368-9b5970bb2de8,,,OCC,2026-06-25,2026-06-26T08:23:13.905786Z,-0.02,OCC Clearing Fee,executed,f6610da1-acf1-430f-9bb0-383884d51c8b,USD,,
20260625000000000::bd4cd98b-7988-46df-a4d2-7caf507db8d1,FEE,,,,,,,,94e79c22-b382-4d0b-a9c1-f2f673f5c870,,,OCC,2026-06-25,2026-06-26T08:25:50.13824Z,-0.02,OCC Clearing Fee,executed,44629819-b2d1-461a-a152-788ff2b55fad,USD,,
20260625000000000::bcb003e5-db07-4d42-ac5e-a8fd2c8e2feb,FEE,,,,,,,,a00bfdc9-78dd-4f61-b91a-10de9afa5843,,,OCC,2026-06-25,2026-06-26T08:23:37.579108Z,-0.04,OCC Clearing Fee,executed,a261fe8f-5268-4d4c-a5cc-e27c651176ae,USD,,
20260625000000000::ba9f7e71-1bc7-4047-a432-26920899bf07,FEE,,,,,,,,1b1bfb99-dce1-4e32-b131-46eef40a8092,,,OCC,2026-06-25,2026-06-26T08:23:13.905786Z,-0.02,OCC Clearing Fee,executed,c0389db3-33c7-4405-9163-b8bcef603df6,USD,,
20260625000000000::ba0badf0-17ad-4c1b-a90f-316934912b51,FEE,,,,,,,,e06abdab-2f87-4120-a1a8-53d2bc3b722b,,,OCC,2026-06-25,2026-06-26T08:25:57.356168Z,-0.04,OCC Clearing Fee,executed,d311f17e-1f0a-4e55-b7e1-a4e51f3c0805,USD,,
20260625000000000::b8f16bf1-b624-41ee-a81e-eeedb541fdef,FEE,,,,,,,,2d28181d-c08d-41c3-81ae-2d0d867657be,,,OCC,2026-06-25,2026-06-26T08:23:13.905786Z,-0.02,OCC Clearing Fee,executed,d22171b2-49fb-47f9-ad9f-357f44c1fb32,USD,,
20260625000000000::b61437fe-abe2-4fbf-b23e-66d449e15046,FEE,,,,,,,,fa51cde8-58ce-4524-8aa3-86a0d2b09b7a,,,OCC,2026-06-25,2026-06-26T08:23:13.905786Z,-0.02,OCC Clearing Fee,executed,24b04064-d214-4d0d-a4a6-e04be8e74507,USD,,
20260625000000000::b602b503-0103-48c9-8ee4-81eaeef28b9b,FEE,,,,,,,,55c37ca7-0439-4943-8e65-b7661ee8ec80,,,OCC,2026-06-25,2026-06-26T08:23:13.905786Z,-0.02,OCC Clearing Fee,executed,877d3e18-f193-408a-bf8c-5909e1668a03,USD,,
20260625000000000::b5e1df65-4e54-4681-b1cc-ef1deeec766d,FEE,,,,,,,,ceca82c4-aafc-4133-bac1-ed684f49909f,,,OCC,2026-06-25,2026-06-26T08:25:57.356168Z,-0.02,OCC Clearing Fee,executed,0cc9816a-1eea-4186-a70c-70da1a872267,USD,,
20260625000000000::b5ab2efc-4019-4d4e-8edb-1d00f901508a,FEE,,,,,,,,6aa40ab8-cc58-4e7c-a25a-8393af324b4f,,,OCC,2026-06-25,2026-06-26T08:23:13.905786Z,-0.04,OCC Clearing Fee,executed,c92e2018-4067-437f-820c-5d1c61fa9996,USD,,
20260625000000000::b56cc2c8-114c-45d2-9c35-f5c1bafe0ad4,FEE,,,,,,,,9c563257-3f21-43bd-a878-754479c0b3f5,,,OCC,2026-06-25,2026-06-26T08:26:06.104328Z,-0.02,OCC Clearing Fee,executed,cfab9f5e-7349-4791-af7b-aaef2fa21459,USD,,
20260625000000000::b434c999-2dbe-4497-a639-909bf19408eb,FEE,,,,,,,,7d3c8f0d-1b82-4816-8db3-90398cd5be71,,,OCC,2026-06-25,2026-06-26T08:23:58.381725Z,-0.02,OCC Clearing Fee,executed,9821bb39-4211-4615-984a-1825ef4cfa19,USD,,
20260625000000000::b191b77a-7bae-473e-9b90-3bc0b1bb371c,FEE,,,,,,,,221e1788-f11f-4feb-816e-428ca8e463b1,,,OCC,2026-06-25,2026-06-26T08:26:06.104328Z,-0.02,OCC Clearing Fee,executed,d55b4481-dd5a-4222-af61-795c28e76985,USD,,
20260625000000000::b02ed7b3-8612-4f17-9510-344f077ba639,FEE,,,,,,,,,,,ORF,2026-06-25,2026-06-26T08:24:27.781844Z,-4.01,ORF fee for proceed of 149 contracts on 2026-06-25 by PA3NJU1Y90R3,executed,,USD,,
20260625000000000::af7af980-ed52-445a-8864-b26eaca187f0,FEE,,,,,,,,4a9a851e-2ebf-4915-a39c-31f788affd81,,,OCC,2026-06-25,2026-06-26T08:25:51.98632Z,-0.02,OCC Clearing Fee,executed,e3162efc-67a3-48c6-93ec-775c6fd7459a,USD,,
20260625000000000::ac41b506-87e4-4bb2-b244-37e55497f51a,FEE,,,,,,,,4a864f08-3e7a-46f9-a27f-4d57cb40bde2,,,OCC,2026-06-25,2026-06-26T08:25:50.13824Z,-0.02,OCC Clearing Fee,executed,505e831a-c703-405b-893d-cc891d549708,USD,,
20260625000000000::a7ae6d21-34d1-4a9b-8583-71d42a1940f7,FEE,,,,,,,,e65445b9-15d1-4b12-9e0f-2da2fe4c7658,,,OCC,2026-06-25,2026-06-26T08:23:58.381725Z,-0.02,OCC Clearing Fee,executed,114004d2-3b35-4c45-ab7e-8aa83dee3a7c,USD,,
20260625000000000::a64adbd1-71ee-42d2-a159-cc2afd986283,FEE,,,,,,,,2320f90c-74f9-46b3-9a08-d1ac018cb8c4,,,OCC,2026-06-25,2026-06-26T08:23:37.579108Z,-0.02,OCC Clearing Fee,executed,999606c2-e490-4bdb-8341-5becb4698f78,USD,,
20260625000000000::a4e73061-1c22-4f42-b21b-14a906a945f3,FEE,,,,,,,,667bd841-e85c-4081-8e96-09a8da828dc6,,,OCC,2026-06-25,2026-06-26T08:25:51.98632Z,-0.02,OCC Clearing Fee,executed,8c298185-d2e8-49f3-81bb-b7ad515f7a50,USD,,
20260625000000000::a3ab5f3f-a8a7-48cd-bc13-24adbe296d51,FEE,,,,,,,,15b56d0f-7e0f-4b70-a6e8-2e73b7badb86,,,OCC,2026-06-25,2026-06-26T08:23:37.579108Z,-0.02,OCC Clearing Fee,executed,2c2ba37b-1d12-49b1-8112-53d04d6ee9ab,USD,,
20260625000000000::a255954e-1b4d-4ca1-a9b3-688ffe6607b1,FEE,,,,,,,,77440b02-98b3-4f96-9f58-abf0cf6f2460,,,OCC,2026-06-25,2026-06-26T08:26:06.104328Z,-0.04,OCC Clearing Fee,executed,a68e6d0c-0633-4803-bf01-dc7128b7ea42,USD,,
20260625000000000::a07b6015-cbf8-4840-bdd4-e067a456893f,FEE,,,,,,,,10c3e494-bb3d-4bf5-a921-7f0a4d252d61,,,OCC,2026-06-25,2026-06-26T08:23:37.579108Z,-0.04,OCC Clearing Fee,executed,21a45108-aebb-4fd7-a9c0-d7bb9d39a621,USD,,
20260625000000000::9f8b2e53-d7ec-4d6e-9c9b-f3e20c986299,FEE,,,,,,,,87e4283e-83cd-42ea-95ea-963245cf917a,,,OCC,2026-06-25,2026-06-26T08:23:13.905786Z,-0.02,OCC Clearing Fee,executed,391fe071-85f9-43ec-a1f3-b03f52623cb2,USD,,
20260625000000000::9ea44e39-1443-4312-b1fd-c52b8c95be35,FEE,,,,,,,,1eb53b0c-8b68-41d3-9cdf-d1088bc1fdcf,,,OCC,2026-06-25,2026-06-26T08:23:37.579108Z,-0.04,OCC Clearing Fee,executed,1b7e4493-5e1a-4f54-95fc-9058ed6a93b4,USD,,
20260625000000000::9d5e1a78-647c-4226-8ee0-5d6a8f8f035b,FEE,,,,,,,,5a5a35c8-f628-4d58-bbac-fddbcb3bcbf4,,,OCC,2026-06-25,2026-06-26T08:23:37.579108Z,-0.02,OCC Clearing Fee,executed,1adf5bfa-0d1f-45b2-b1f1-2862cf08bbaf,USD,,
20260625000000000::9cbdc707-2558-4c2e-841d-7a5aeeb62333,FEE,,,,,,,,5b90b5d6-44b6-4eee-b38a-bd9b71ab711a,,,OCC,2026-06-25,2026-06-26T08:25:50.13824Z,-0.02,OCC Clearing Fee,executed,c7522fed-ea94-44ae-993a-000b619c5006,USD,,
20260625000000000::9c3bbb7a-1e19-4a1a-ad8e-f9f59e533d09,FEE,,,,,,,,54bc3f76-0869-4158-9a4a-e9d27ef0a99a,,,OCC,2026-06-25,2026-06-26T08:23:13.905786Z,-0.04,OCC Clearing Fee,executed,5e51e28b-b6f6-4393-9967-1e53bf34577c,USD,,
20260625000000000::9bc014ae-24e7-4c79-bf6a-1aa3931c8ea2,FEE,,,,,,,,93c52293-5447-435e-9f56-69797169df75,,,OCC,2026-06-25,2026-06-26T08:23:13.905786Z,-0.04,OCC Clearing Fee,executed,16279fb3-4493-4107-92ca-9a47471d1698,USD,,
20260625000000000::99f20b66-97a9-4fe5-a937-34fe0dfea345,FEE,,,,,,,,3684bee2-6f46-4b14-abee-fc70124e3c78,,,OCC,2026-06-25,2026-06-26T08:23:37.579108Z,-0.04,OCC Clearing Fee,executed,31a982a5-a569-4b80-910a-323a75083420,USD,,
20260625000000000::93cd0646-0ac4-49f0-80c5-7a59ba124041,FEE,,,,,,,,8fe8cef2-9d2e-4a58-9ac4-a941c72a3216,,,OCC,2026-06-25,2026-06-26T08:25:53.792023Z,-0.02,OCC Clearing Fee,executed,21079f74-9fd6-4ab1-89af-5a73a0507fee,USD,,
20260625000000000::93b1cea1-4dc1-4f40-abf0-c6e28b2ceaa3,FEE,,,,,,,,81c085f3-65b9-4c12-ba54-87ef6a58d612,,,OCC,2026-06-25,2026-06-26T08:23:13.905786Z,-0.02,OCC Clearing Fee,executed,4fd6f194-28b4-47a3-b392-03111c1d95ec,USD,,
20260625000000000::9299cc93-b278-42bd-baec-1345ac90ca97,FEE,,,,,,,,55b9e3b4-0ef2-4e79-bb02-5cb07a70e1fa,,,OCC,2026-06-25,2026-06-26T08:23:37.579108Z,-0.04,OCC Clearing Fee,executed,04dbe5a8-3670-4992-873c-cc93f887fb9e,USD,,
20260625000000000::92381de1-d6c2-4428-a39c-df11f84b6611,FEE,,,,,,,,d93f6163-a118-4ff4-ace4-613d1bad2d2f,,,OCC,2026-06-25,2026-06-26T08:23:37.579108Z,-0.02,OCC Clearing Fee,executed,2758c1a3-a850-492d-9e0a-76e7865a5534,USD,,
20260625000000000::922fd440-1b52-444f-a8fa-30189ff602f5,FEE,,,,,,,,db0bba57-9159-468b-9b88-89b39a05a737,,,OCC,2026-06-25,2026-06-26T08:23:13.905786Z,-0.02,OCC Clearing Fee,executed,a2b288c1-3f78-4ba7-9a5b-9857510ee503,USD,,
20260625000000000::918eeea0-4f60-4b0f-bb84-61d376720fb2,FEE,,,,,,,,,,,TAF,2026-06-25,2026-06-26T08:24:27.781844Z,-0.04,OPT TAF fee for proceed of 13 contracts (11 trades) on 2026-06-25 by PA3NJU1Y90R3,executed,,USD,,
20260625000000000::8f52dab5-18ae-42ef-a42a-42c69f33b355,FEE,,,,,,,,87567cd6-a706-4f91-9e52-75c211c18dc9,,,OCC,2026-06-25,2026-06-26T08:23:13.905786Z,-0.02,OCC Clearing Fee,executed,d89e3360-3b89-4c50-8ca0-a524e381ff98,USD,,
20260625000000000::86fe3bb4-95b4-4a3c-8102-e3b076b3d29f,FEE,,,,,,,,b54e6b20-709c-485a-8373-a8b958f5c566,,,OCC,2026-06-25,2026-06-26T08:25:51.98632Z,-0.02,OCC Clearing Fee,executed,f5848093-c913-4f34-b8e9-ffa41c9876ca,USD,,
20260625000000000::851133ac-a5c2-467c-92b8-92d5416004b0,FEE,,,,,,,,95264cd8-2dea-41b9-9a93-46dd5ad59829,,,OCC,2026-06-25,2026-06-26T08:23:37.579108Z,-0.04,OCC Clearing Fee,executed,89a07d60-bb3e-480c-83c0-ea8b9d864387,USD,,
20260625000000000::814199ce-f5fd-4d2a-bbf2-479c3e8ee2b5,FEE,,,,,,,,3e1c092f-25c3-481e-b0e7-e36181df1c36,,,OCC,2026-06-25,2026-06-26T08:23:37.579108Z,-0.06,OCC Clearing Fee,executed,1473d1cf-e169-4a56-a6a2-452e1aca1544,USD,,
20260625000000000::8087b9ed-c828-4ba4-ad66-40966126e324,FEE,,,,,,,,f1e45a6e-fdae-4c8b-9d2e-d68978121b6f,,,OCC,2026-06-25,2026-06-26T08:23:37.579108Z,-0.02,OCC Clearing Fee,executed,c36438e1-92c1-4629-a01f-a5abaf15064b,USD,,
20260625000000000::801c6367-57ba-41f3-be09-7a5b72d2b34a,FEE,,,,,,,,ebf1f2d1-a1c1-4ba1-9b99-5eff72b15d43,,,OCC,2026-06-25,2026-06-26T08:23:13.905786Z,-0.02,OCC Clearing Fee,executed,cecefb6c-1bcc-43be-9ae5-73f363873074,USD,,
20260625000000000::7f9ea237-2868-4100-8b09-03d794b89eaa,FEE,,,,,,,,1084d21a-fa18-42cd-ac07-73b9571d122d,,,OCC,2026-06-25,2026-06-26T08:23:37.579108Z,-0.04,OCC Clearing Fee,executed,822998c9-f2f5-4699-8e9b-8e22684c87a6,USD,,
20260625000000000::7f7576b3-8463-4c40-b54b-edb2e46c0c47,FEE,,,,,,,,b9140ed7-9503-489b-b1e3-63d9cfe7d250,,,OCC,2026-06-25,2026-06-26T08:25:51.98632Z,-0.02,OCC Clearing Fee,executed,cad43a1d-8f0e-40ce-8ee9-999c6b7bb6d2,USD,,
20260625000000000::7e34eb93-4850-4d55-82eb-50d40287bfd9,FEE,,,,,,,,43ae5da8-348e-4fa1-af14-5e8c1f6d2c67,,,OCC,2026-06-25,2026-06-26T08:23:37.579108Z,-0.02,OCC Clearing Fee,executed,82fde364-b091-47ca-a623-b1052a40c1e2,USD,,
20260625000000000::780a1e67-61c3-4bfe-bdc3-d05f5802191a,FEE,,,,,,,,ebf1f2d1-a1c1-4ba1-9b99-5eff72b15d43,,,OCC,2026-06-25,2026-06-26T08:23:13.905786Z,-0.04,OCC Clearing Fee,executed,449f7c3e-287a-493b-b9d6-af309b5377ce,USD,,
20260625000000000::77aa5d02-cad6-49e2-b710-f8db529650d9,FEE,,,,,,,,64704044-2703-4279-a92a-081bb2f6d4ec,,,OCC,2026-06-25,2026-06-26T08:25:55.561277Z,-0.02,OCC Clearing Fee,executed,4f9d2f94-7db8-4af6-90cf-f2ae3bf0c11f,USD,,
20260625000000000::753c3149-ed47-4374-ace2-26e9144ecf84,FEE,,,,,,,,fa6be1ac-df84-4fea-86f6-46c31bf778e2,,,OCC,2026-06-25,2026-06-26T08:23:13.905786Z,-0.02,OCC Clearing Fee,executed,061d2fab-ad8e-420e-ad39-630a4b95fdd5,USD,,
20260625000000000::6f590ce2-de46-401f-8146-031c2721e9fc,FEE,,,,,,,,274df6bd-9f86-4972-b3ea-073fd5c38319,,,OCC,2026-06-25,2026-06-26T08:25:50.13824Z,-0.04,OCC Clearing Fee,executed,7a2e0a74-8826-4b80-8abe-f5710a7c141c,USD,,
20260625000000000::6ef1319c-ced3-4284-a5b4-c0e4eec6da76,FEE,,,,,,,,390ea4be-ee46-49aa-a860-690bc68a3b38,,,OCC,2026-06-25,2026-06-26T08:25:57.356168Z,-0.02,OCC Clearing Fee,executed,7fd30af8-5929-4c85-ba5a-e123fe5a6d02,USD,,
20260625000000000::6bd34311-bf7f-4a3c-90d2-315c008f790b,FEE,,,,,,,,535509b6-3148-4a74-9a10-5f2282fcc802,,,OCC,2026-06-25,2026-06-26T08:26:06.104328Z,-0.02,OCC Clearing Fee,executed,b5fa2461-f570-4331-ac04-6f22ba8de355,USD,,
20260625000000000::699a851d-312b-449f-8e86-a734a49c2d45,FEE,,,,,,,,431c3d1f-222d-4cdc-8fd6-fe16ac7333f1,,,OCC,2026-06-25,2026-06-26T08:25:51.98632Z,-0.04,OCC Clearing Fee,executed,64ce251a-f9af-4fb4-b173-e0480ff74515,USD,,
20260625000000000::6621caa6-bdf3-4d56-91c6-9f8f8f13840d,FEE,,,,,,,,94978331-acef-4485-84ef-646bc85de529,,,OCC,2026-06-25,2026-06-26T08:24:03.258623Z,-0.04,OCC Clearing Fee,executed,6a0448a9-1666-4399-bc2d-0fe5d0c6858e,USD,,
20260625000000000::5e0a6dd6-2d94-4080-9fb2-4e85d3a4746b,FEE,,,,,,,,fdb1232d-7a59-41a8-84f6-a55e1baaf2ff,,,OCC,2026-06-25,2026-06-26T08:23:13.905786Z,-0.02,OCC Clearing Fee,executed,b6c45b18-0f38-4bec-83b3-d62294dde40f,USD,,
20260625000000000::5d5c992f-eb3c-440a-b331-c758ee829751,FEE,,,,,,,,d0ebb7ac-c14b-4a97-a973-10096eb3af83,,,OCC,2026-06-25,2026-06-26T08:23:37.579108Z,-0.02,OCC Clearing Fee,executed,0c069fdd-aa30-4043-9108-868da9cf5eb9,USD,,
20260625000000000::59f12c62-eeb1-4011-969d-02a5f9c4d41d,FEE,,,,,,,,374d6ccb-46b6-41b0-a5f9-66f3f1122705,,,OCC,2026-06-25,2026-06-26T08:23:37.579108Z,-0.02,OCC Clearing Fee,executed,ff61dd6b-00ad-464d-aa77-b5dce2aa7f05,USD,,
20260625000000000::5694860d-df24-45bb-b91e-670ce0cf4381,FEE,,,,,,,,16f8b1a5-e007-4a61-82a0-b764b01667d8,,,OCC,2026-06-25,2026-06-26T08:23:43.858374Z,-0.02,OCC Clearing Fee,executed,6ea04732-cbc5-4b95-8d06-d56e2558b5a8,USD,,
20260625000000000::540c7a16-faa6-47ec-bb0e-1ac2f1f7cdb9,FEE,,,,,,,,4cec1269-dfc3-4c81-991d-90a9d65ff17c,,,OCC,2026-06-25,2026-06-26T08:23:13.905786Z,-0.02,OCC Clearing Fee,executed,b58098bb-6f5f-4358-bba7-2d832aa6a62f,USD,,
20260625000000000::540a4b8a-6956-436b-9437-eac6c019bb1d,FEE,,,,,,,,4747f240-a9e8-4c3f-bdaf-6c17fce24b78,,,OCC,2026-06-25,2026-06-26T08:23:58.381725Z,-0.02,OCC Clearing Fee,executed,b0012ce1-9ca4-4cae-a5ea-3c7c570cd601,USD,,
20260625000000000::51b1784b-8278-4f12-a4b5-704b1296b88e,FEE,,,,,,,,a036387e-0a7e-4274-bfa4-681559d55610,,,OCC,2026-06-25,2026-06-26T08:23:58.381725Z,-0.02,OCC Clearing Fee,executed,1446df94-c876-469c-847f-ec0ef177b3b4,USD,,
20260625000000000::504aa9de-4d6e-471f-837b-7b52ddd8099f,FEE,,,,,,,,d47fbfb5-a798-4f2d-99f5-91ce42b832f1,,,OCC,2026-06-25,2026-06-26T08:25:57.356168Z,-0.02,OCC Clearing Fee,executed,ddb91458-8ce1-42cf-89c9-4dd7a09e24c1,USD,,
20260625000000000::4d6a6fd9-34ec-46ad-a09b-dc2653954b4e,FEE,,,,,,,,37173ef4-9ec5-4b5d-8286-53f77b7257db,,,OCC,2026-06-25,2026-06-26T08:23:37.579108Z,-0.02,OCC Clearing Fee,executed,88168085-36c5-49ba-aa7a-a108a84a4dde,USD,,
20260625000000000::4d4521b6-8b72-45fb-9427-7b9676dbb922,FEE,,,,,,,,3b92df04-1783-4472-a3d2-1fbf0211d279,,,OCC,2026-06-25,2026-06-26T08:25:51.98632Z,-0.02,OCC Clearing Fee,executed,5c04e98b-8f23-43ac-ab66-71a9d93f2d81,USD,,
20260625000000000::4b91b453-a97b-4af0-84e8-c4506955787c,FEE,,,,,,,,c6eca4a5-3f80-4757-9e4d-4e32ddd00be0,,,OCC,2026-06-25,2026-06-26T08:23:58.381725Z,-0.04,OCC Clearing Fee,executed,4d227c06-d8d7-4a41-b38e-d822d153e2e6,USD,,
20260625000000000::4871c1f7-6ccf-4adc-930d-87b51480e768,FEE,,,,,,,,73fec1fe-6d9e-417d-9da8-489fe0796ce2,,,OCC,2026-06-25,2026-06-26T08:23:13.905786Z,-0.02,OCC Clearing Fee,executed,73438a41-ad47-4332-b465-688e2ee3dfe1,USD,,
20260625000000000::461c1253-cb4a-46ac-805c-7bc0cbb04d93,FEE,,,,,,,,fa2cecce-b456-4c78-9b98-adfeadae52ca,,,OCC,2026-06-25,2026-06-26T08:23:37.579108Z,-0.02,OCC Clearing Fee,executed,d2c8416d-d313-4467-883e-c111298d01d6,USD,,
20260625000000000::45b01c96-9d97-4bf6-a76d-c8d55c1df0ca,FEE,,,,,,,,8e8b7ed3-137e-414c-8756-429ae169e878,,,OCC,2026-06-25,2026-06-26T08:25:57.356168Z,-0.06,OCC Clearing Fee,executed,6ab6c646-cfec-44d5-bbbd-6a4afffb3c40,USD,,
20260625000000000::4593281c-54ca-4afe-acd3-e21d6a6ac414,FEE,,,,,,,,f2c2e90c-755f-4d54-b985-80d220acdbb7,,,OCC,2026-06-25,2026-06-26T08:26:06.104328Z,-0.02,OCC Clearing Fee,executed,6d6201cb-7d10-4711-a3c9-ee4abddf8f5c,USD,,
20260625000000000::44946468-4e09-403c-a634-2fc49c9ec2c2,FEE,,,,,,,,8a1692ee-c913-43c9-8b5f-d2a86684fc79,,,OCC,2026-06-25,2026-06-26T08:23:37.579108Z,-0.02,OCC Clearing Fee,executed,f56d6d73-c182-45a1-9297-c60cee2213bd,USD,,
20260625000000000::445fa55d-1456-4f3e-8026-80a55ff17f65,FEE,,,,,,,,2053e31c-23f2-4c36-8e5d-6d5732b80dfb,,,OCC,2026-06-25,2026-06-26T08:25:50.13824Z,-0.02,OCC Clearing Fee,executed,2ad54179-7b96-444d-b647-6ddf3545efa4,USD,,
20260625000000000::42a41594-292c-4eac-b395-807a3627b7f1,FEE,,,,,,,,e719d379-b43a-46bd-ac5a-94dd0bc3455b,,,OCC,2026-06-25,2026-06-26T08:23:37.579108Z,-0.02,OCC Clearing Fee,executed,551f4266-dd9d-4e66-98c4-12b5acc2f430,USD,,
20260625000000000::3f6e1165-83c0-44eb-9e85-6d6105747c86,FEE,,,,,,,,f9c60a6b-1ec6-44f4-b402-50ec06f000fd,,,OCC,2026-06-25,2026-06-26T08:23:13.905786Z,-0.04,OCC Clearing Fee,executed,67444e87-ad3c-48ea-8f17-9255c4c743b3,USD,,
20260625000000000::3ec54263-c625-4c4a-8326-56d771edaf64,FEE,,,,,,,,f7cc1fe9-4b9d-44b9-9ba0-35a6dfb3f71e,,,OCC,2026-06-25,2026-06-26T08:23:58.381725Z,-0.02,OCC Clearing Fee,executed,484b8d21-02da-4b5d-9750-1fed5af43dd3,USD,,
20260625000000000::3dffc4a7-7517-4ae5-93a7-55981ea206ee,FEE,,,,,,,,84ffb9b6-05ec-4e36-9ad7-e7b3f8567f5c,,,OCC,2026-06-25,2026-06-26T08:23:13.905786Z,-0.02,OCC Clearing Fee,executed,1f6078df-e119-40c9-b13a-530d463b83c5,USD,,
20260625000000000::3dfc7342-cb4a-431e-9715-9a20d6310092,FEE,,,,,,,,ea8e453c-a159-44cc-a22f-5fc8296e4f92,,,OCC,2026-06-25,2026-06-26T08:23:37.579108Z,-0.04,OCC Clearing Fee,executed,73ad03af-72d2-4fb6-9a67-b4224950bc87,USD,,
20260625000000000::3b0996a7-25b7-4b39-8ca2-7fa105ca5f6d,FEE,,,,,,,,d00a6281-65bb-4080-8581-a8663e5b4ef6,,,OCC,2026-06-25,2026-06-26T08:26:06.104328Z,-0.02,OCC Clearing Fee,executed,34f17b55-0c4c-4ba7-bdf2-9c675fffd2fc,USD,,
20260625000000000::39290cf4-118a-4e15-8c49-8bcdaf614887,FEE,,,,,,,,3adacb1c-1827-4d22-97ea-9e4330c06829,,,OCC,2026-06-25,2026-06-26T08:23:13.905786Z,-0.02,OCC Clearing Fee,executed,42e1bee5-b088-43c3-b52f-82f1cf4e75d6,USD,,
20260625000000000::37f1f57a-12af-4249-bdf9-6d081aec52cc,FEE,,,,,,,,3d104d44-6141-48a3-abe1-a85aa3435b1b,,,OCC,2026-06-25,2026-06-26T08:23:37.579108Z,-0.04,OCC Clearing Fee,executed,e6e96f97-0111-4086-9548-bc156a65177c,USD,,
20260625000000000::35908550-6ff1-4451-bbf8-356065fa8631,FEE,,,,,,,,e2e291fe-606b-4c73-b378-d3cfad23b0c1,,,OCC,2026-06-25,2026-06-26T08:23:13.905786Z,-0.02,OCC Clearing Fee,executed,b9141665-912f-4028-97e1-012e2379daaf,USD,,
20260625000000000::34fe3ce0-4181-4f80-ada0-0c527122cf08,FEE,,,,,,,,a864e2e8-e8ad-474b-b4cd-06cca598d138,,,OCC,2026-06-25,2026-06-26T08:23:13.905786Z,-0.04,OCC Clearing Fee,executed,01489af9-1a99-41a0-abbb-ca3eda59b45d,USD,,
20260625000000000::3311cab3-b654-40a6-a893-a0fe8038a778,FEE,,,,,,,,eca90e7e-8fc4-4a9e-bab9-b43c99902ae5,,,OCC,2026-06-25,2026-06-26T08:23:13.905786Z,-0.02,OCC Clearing Fee,executed,806a4b62-4715-47f4-bd85-e5f3231122a3,USD,,
20260625000000000::30911351-8f07-4c87-857c-828f8e2113d4,FEE,,,,,,,,7f360efc-d5ae-4b72-85b1-f31dcb61666f,,,OCC,2026-06-25,2026-06-26T08:23:37.579108Z,-0.02,OCC Clearing Fee,executed,5a076955-0c7a-49d3-ad09-6775cb7e7017,USD,,
20260625000000000::2f42e058-2155-4559-a7d3-a464bd534bef,FEE,,,,,,,,fc05171c-8d99-4465-9635-f5abb34fbb64,,,OCC,2026-06-25,2026-06-26T08:23:37.579108Z,-0.02,OCC Clearing Fee,executed,ddf31e5d-8bd4-4d67-9b9c-4518df72d486,USD,,
20260625000000000::2d651dc2-b9bf-4cf3-a0ff-e2ed1140c2f0,FEE,,,,,,,,c3a6d1d0-013e-4ca8-9fa1-63ee92bfb92d,,,OCC,2026-06-25,2026-06-26T08:23:37.579108Z,-0.02,OCC Clearing Fee,executed,1b3f9ccc-03a8-4567-9d7b-cdd5fb2be390,USD,,
20260625000000000::2d08b269-b1f8-43bc-bc97-6d38b8b58ea3,FEE,,,,,,,,da333a46-b8b2-4d46-a3e8-7b06a98b441f,,,OCC,2026-06-25,2026-06-26T08:23:13.905786Z,-0.04,OCC Clearing Fee,executed,de6da4dd-e5ec-45a4-9ed4-f562f8f327d1,USD,,
20260625000000000::2c9d97de-aec6-4478-a108-5e579c26f567,FEE,,,,,,,,8253a9e3-0e1a-4a11-979e-99c9e70bede5,,,OCC,2026-06-25,2026-06-26T08:25:53.792023Z,-0.02,OCC Clearing Fee,executed,b090dc43-5c7e-46b3-9e26-84f611de0127,USD,,
20260625000000000::29e23d00-0a6e-4988-8bb0-ad91295ee77c,FEE,,,,,,,,e65445b9-15d1-4b12-9e0f-2da2fe4c7658,,,OCC,2026-06-25,2026-06-26T08:23:58.381725Z,-0.02,OCC Clearing Fee,executed,e5c33c83-37aa-4b77-83a0-77c3fbe7d328,USD,,
20260625000000000::27273faf-d771-4b26-89ed-09eaa5dc20de,FEE,,,,,,,,7c10d70c-af25-4cf3-8fad-93c674258667,,,OCC,2026-06-25,2026-06-26T08:23:13.905786Z,-0.02,OCC Clearing Fee,executed,50f3f35a-194f-4bcd-a5fa-fdc4859335d2,USD,,
20260625000000000::271adfa0-9c4f-43d6-b4e9-0cfe24dfbe62,FEE,,,,,,,,60e56ebe-51d1-4c17-8373-c411f7e82626,,,OCC,2026-06-25,2026-06-26T08:23:13.905786Z,-0.02,OCC Clearing Fee,executed,bf1b3829-a93e-4bb1-bdd9-ec4e0b12019e,USD,,
20260625000000000::22bd046e-8414-4409-b196-3c43f96a6d66,FEE,,,,,,,,1f8eeb2d-4bf8-453f-b85a-9a07c2a5a1fd,,,OCC,2026-06-25,2026-06-26T08:25:50.13824Z,-0.02,OCC Clearing Fee,executed,07b73501-a724-4f67-9fc0-3fab7db50477,USD,,
20260625000000000::1ae7bd2e-7ee8-4113-af64-57a913568d7c,FEE,,,,,,,,e777fc06-d37c-4f9d-970e-daecc52e860c,,,OCC,2026-06-25,2026-06-26T08:23:13.905786Z,-0.02,OCC Clearing Fee,executed,9968c489-ddc6-43d8-bc4d-31771d18c5e2,USD,,
20260625000000000::19c9221c-eff0-460b-95ce-febceaaad456,FEE,,,,,,,,cb777c7f-314a-4c24-b01d-239fc16a77fc,,,OCC,2026-06-25,2026-06-26T08:23:13.905786Z,-0.02,OCC Clearing Fee,executed,8b7ce956-ec22-4bca-a24f-bd32502383b0,USD,,
20260625000000000::1439d6a9-cdea-41eb-9868-7f4e5d4dc702,FEE,,,,,,,,aaf9a20b-c0e2-4f5c-8c7d-36d93aa85d42,,,OCC,2026-06-25,2026-06-26T08:25:55.561277Z,-0.02,OCC Clearing Fee,executed,4e2164cb-b288-497e-a0fc-f56bc1158ee4,USD,,
20260625000000000::1203f8d2-4f24-4dac-801a-a3e7172b97ed,FEE,,,,,,,,d1de90c2-b0fe-4aa7-b273-99f58b33fb0c,,,OCC,2026-06-25,2026-06-26T08:23:13.905786Z,-0.02,OCC Clearing Fee,executed,e2ea924a-f57a-4c67-a8be-8034f50ac1d1,USD,,
20260625000000000::1031b29e-4579-42fa-913f-0a77aee33c4a,FEE,,,,,,,,fdeb505f-4e31-433b-9373-5777456727ee,,,OCC,2026-06-25,2026-06-26T08:23:13.905786Z,-0.02,OCC Clearing Fee,executed,e54ff9c5-b360-4df1-8118-50ef5baf800f,USD,,
20260625000000000::0d30e146-fe8a-47ea-9fdc-0dcf4fa24810,FEE,,,,,,,,cf71c39f-e08c-4f14-8b9d-11d8db79a251,,,OCC,2026-06-25,2026-06-26T08:23:37.579108Z,-0.02,OCC Clearing Fee,executed,d57f96bd-dbe3-485c-9c44-ad139679a43e,USD,,
20260625000000000::0c02bcaa-5bd8-4f93-a2f9-d311a1f1febc,FEE,,,,,,,,699a68a8-02cc-47fa-b943-f92353dcdc71,,,OCC,2026-06-25,2026-06-26T08:26:06.104328Z,-0.02,OCC Clearing Fee,executed,e5f45e42-b60d-4eb7-8729-c70795101d89,USD,,
20260625000000000::0aeae1f1-c4c3-4d60-b9fa-782562fd9cf3,FEE,,,,,,,,68bed658-97f7-41ff-9bc1-0c8c7e1a1bbc,,,OCC,2026-06-25,2026-06-26T08:23:13.905786Z,-0.02,OCC Clearing Fee,executed,4c95a4b1-c16d-457c-b6d1-34bc3c24561d,USD,,
20260625000000000::04b98259-f138-4ee5-8eb5-1eef95a69ce1,FEE,,,,,,,,3e35e9ab-47fd-48a4-9a44-c31a2834e770,,,OCC,2026-06-25,2026-06-26T08:23:37.579108Z,-0.02,OCC Clearing Fee,executed,ea285e21-5d46-4208-a2c6-12d7f8868a33,USD,,
20260625000000000::045bfe46-7b0e-4b43-b7b2-bc2823098815,FEE,,,,,,,,f20a3e61-84e0-49f2-815f-8e43b0eef811,,,OCC,2026-06-25,2026-06-26T08:23:13.905786Z,-0.02,OCC Clearing Fee,executed,2e0351bf-481b-47ef-acf2-219a1562d812,USD,,
20260625000000000::01307d92-a125-49b8-9992-69d4b7b0e125,FEE,,,,,,,,db059faf-015c-428e-a1b6-b7fbb2d0ddd4,,,OCC,2026-06-25,2026-06-26T08:23:37.579108Z,-0.02,OCC Clearing Fee,executed,60a99536-71d1-48b3-ad7f-65d9c0c65e85,USD,,
20260624154927189::1b750bcb-8dee-4755-8409-a4ed2dddf111,FILL,2026-06-24T19:49:27.189855Z,fill,4.25,1,sell,XLK260710P00179000,0,c913d9e7-955e-4d2f-9dec-bc98317dc815,1,filled,,,,,,,,,,
20260624154926692::b85680ac-adb8-4463-9a30-6c8f7831f5bc,FILL,2026-06-24T19:49:26.692436Z,fill,3.8,1,sell,PLTR260717P00110000,0,1e135996-3424-4c50-a311-00621ccbea57,1,filled,,,,,,,,,,
20260624154926199::e39771aa-2212-40f0-a3d2-027ea726818c,FILL,2026-06-24T19:49:26.199454Z,fill,4.65,1,sell,PLTR260710P00114000,0,aa65a953-401d-4553-88c5-82e7bedc3f1f,1,filled,,,,,,,,,,
20260624154925548::f7983f2d-7301-4ec7-8318-8226f0c7fbf3,FILL,2026-06-24T19:49:25.548226Z,fill,4.3,1,sell,CVX260717P00172500,0,407ef585-400e-4729-be3b-db852ce77f1a,1,filled,,,,,,,,,,
20260624154925071::74cafa7a-e3ce-4302-ae44-11771a523ea1,FILL,2026-06-24T19:49:25.07147Z,fill,3.75,1,sell,NFLX260717P00073000,0,51ed802f-14c8-4bdb-b9a7-83f51f5bae5c,1,filled,,,,,,,,,,
20260624154924466::0faf5b05-8a75-4090-861c-6ca82981c697,FILL,2026-06-24T19:49:24.466444Z,fill,4.15,1,sell,XLK260717P00177000,0,871e5112-1c04-4030-ad42-0b5808b8bb24,1,filled,,,,,,,,,,
20260624154923975::0c752635-71ba-4a5a-a90a-064d0fa9cd0c,FILL,2026-06-24T19:49:23.975103Z,fill,4.15,1,sell,ORCL260710P00150000,0,211ad9b9-5c07-4e5f-bb4b-1fc3a2217290,1,filled,,,,,,,,,,
20260624154923406::dfebf8f4-b5e2-461d-a258-a7f5ed8d0d25,FILL,2026-06-24T19:49:23.406411Z,fill,3.35,1,sell,PG260717C00152500,0,2894799d-93a1-490d-97ab-ab6afa637248,1,filled,,,,,,,,,,
20260624154922774::b94f6d19-315b-4266-af62-49c9c98192cc,FILL,2026-06-24T19:49:22.77433Z,fill,0.67,2,sell,LYFT260717C00014500,0,1fe3dad7-eeb2-4431-b958-7d5dfd1c886b,3,filled,,,,,,,,,,
20260624154922653::53375d37-8d4d-477d-a8b1-2077295819d7,FILL,2026-06-24T19:49:22.653636Z,partial_fill,0.67,1,sell,LYFT260717C00014500,2,1fe3dad7-eeb2-4431-b958-7d5dfd1c886b,1,partially_filled,,,,,,,,,,
20260624154922063::20dd3c98-3e17-484e-bd53-02958d07ef07,FILL,2026-06-24T19:49:22.063273Z,fill,2.43,1,sell,OXY260717P00052500,0,89d52103-809b-4fd0-bae0-68f90afbeb0a,1,filled,,,,,,,,,,
20260624154921596::9087a5f2-5f71-4699-9c5e-3eea3870fc63,FILL,2026-06-24T19:49:21.596588Z,fill,4.15,1,sell,OKTA260717C00123000,0,3cf1a2f1-70b8-43dc-9f57-2c3e23e5a737,1,filled,,,,,,,,,,
20260624154921005::f493b905-6225-44e9-97ed-92dc4828765f,FILL,2026-06-24T19:49:21.005215Z,fill,1.1,1,sell,ENB260717C00055000,0,d69838b5-438e-4604-8b1f-06fe1a6a7bb2,1,filled,,,,,,,,,,
20260624154920396::ae7d2090-405e-4490-af3d-dab8ae315ec6,FILL,2026-06-24T19:49:20.396968Z,fill,4.4,1,sell,SAP260717P00149000,0,3641d3d7-3cc1-4593-a208-45f5a40d8bb2,1,filled,,,,,,,,,,
20260624154919866::4968707b-1631-4519-aab9-73258d5253b8,FILL,2026-06-24T19:49:19.86695Z,fill,2.6,1,sell,CARR260717C00074000,0,b6bae016-cbb8-4039-a098-ac046d7b23d2,1,filled,,,,,,,,,,
20260624154919369::f84c9901-aa7e-4ff5-8a22-6c6a1f1b7fbf,FILL,2026-06-24T19:49:19.369001Z,fill,3.99,1,sell,IWM260710C00300000,0,4a8d323b-5cbc-4af1-bc0c-7267921d8bb5,1,filled,,,,,,,,,,
20260624154918742::030866f7-51b4-4c97-ae2a-f1420751366e,FILL,2026-06-24T19:49:18.742791Z,fill,3.2,1,sell,MMM260717C00170000,0,6cb6a82d-cc22-4c8e-ae4d-8825db2754fd,1,filled,,,,,,,,,,
20260624154918241::5ca3b53f-d17d-4e51-a295-e4cff13bd7a7,FILL,2026-06-24T19:49:18.241584Z,fill,3.8,1,sell,OKTA260717C00125000,0,29100442-5b87-4453-9721-fcf07b35fc77,1,filled,,,,,,,,,,
20260624154917600::36260d1f-03b6-4607-9167-fe8888dc407e,FILL,2026-06-24T19:49:17.600852Z,fill,0.44,2,sell,PFE260717P00024000,0,8e089200-6e5c-4149-a367-d033ef7fbe34,2,filled,,,,,,,,,,
20260624154917109::79478833-ca96-4847-af3f-284cd11c1cc6,FILL,2026-06-24T19:49:17.109995Z,fill,2.69,1,sell,MRK260717C00122000,0,56d7935a-7076-4e67-b870-b3931c2ff56e,1,filled,,,,,,,,,,
20260624154916479::1d1f766e-ef4a-4bc0-87a8-2636946b5964,FILL,2026-06-24T19:49:16.479107Z,fill,3.95,1,sell,CSCO260717C00120000,0,9aa9d9da-0e6b-4acb-aafd-cf63e28f720d,1,filled,,,,,,,,,,
20260624154915838::1786c537-62c0-4922-b0ee-289ba1d77949,FILL,2026-06-24T19:49:15.838924Z,fill,3.95,1,sell,V260717C00340000,0,ab8c5548-fd89-4c3c-b712-30d154a1882a,1,filled,,,,,,,,,,
20260624154915362::ba84de80-b27a-413c-84df-bd88c657e3f1,FILL,2026-06-24T19:49:15.362287Z,fill,2.87,1,sell,AMZN260717C00250000,0,576a1b6c-cecc-4cd2-b621-cc5933548441,1,filled,,,,,,,,,,
20260624154914731::2bffdec6-a811-4b24-bdc3-3525744e6ad3,FILL,2026-06-24T19:49:14.731312Z,fill,1.66,2,sell,SCHW260717P00090000,0,7c9dc6f0-5ce7-46b4-9b0a-896ac3c43be9,2,filled,,,,,,,,,,
20260624154914252::ae981804-6c2f-4933-ace5-5fecdf5e3f0a,FILL,2026-06-24T19:49:14.252482Z,fill,1.35,1,sell,SNY260717P00042500,0,d476655f-09ae-420d-adec-6a47ff6d10b0,1,filled,,,,,,,,,,
20260624154913718::cdc84f89-3794-4216-9966-54d94243c6b4,FILL,2026-06-24T19:49:13.71845Z,fill,0.99,1,sell,XLE260717P00053000,0,daa5fa0a-7c13-4cd8-b44d-68e86d856f0d,2,filled,,,,,,,,,,
20260624154913605::7eef63a9-e879-4b11-9ae5-4f1178a60a93,FILL,2026-06-24T19:49:13.605776Z,partial_fill,0.99,1,sell,XLE260717P00053000,1,daa5fa0a-7c13-4cd8-b44d-68e86d856f0d,1,partially_filled,,,,,,,,,,
20260624154913122::e4d0874d-5505-4b96-835f-c15a905d979f,FILL,2026-06-24T19:49:13.122437Z,fill,2.95,1,sell,ADBE260710C00207500,0,4f95837b-8f36-4dd1-bdb5-482957f5eb98,1,filled,,,,,,,,,,
20260624154912528::977deeac-340c-46a5-83bd-84ac3cfee06b,FILL,2026-06-24T19:49:12.528089Z,fill,4.85,1,sell,BA260710P00217500,0,e287ec7b-6ddb-49e1-90de-87d93c9ba01c,1,filled,,,,,,,,,,
20260624154911991::546396aa-e734-4982-9e04-86fb3e7445d1,FILL,2026-06-24T19:49:11.991105Z,fill,3.9,1,sell,ZS260717C00136000,0,e5bf3eb2-2192-4b89-bd7f-a33c668e5b21,1,filled,,,,,,,,,,
20260624154911519::0beea4ff-7f11-4387-aafd-51e2d08d1c42,FILL,2026-06-24T19:49:11.519978Z,fill,1.45,2,sell,GSK260717C00051000,0,c07cbb17-2833-4239-be43-8c5396f4f9b6,2,filled,,,,,,,,,,
20260624154910837::cb9371ae-2f6b-4ea5-b2cf-f319cea69acd,FILL,2026-06-24T19:49:10.837993Z,fill,2.78,1,sell,IWM260710C00303000,0,7e0bf896-19a6-44e6-8b04-0f70757396ad,1,filled,,,,,,,,,,
20260624154910009::b6a32de7-d86a-4d5b-bd69-5ddc38b31f7e,FILL,2026-06-24T19:49:10.009438Z,fill,4.5,1,sell,JNJ260717C00245000,0,33f5fe39-ace8-4fb0-9cdd-5b4436e3fa4d,1,filled,,,,,,,,,,
20260624154909615::f32e26e4-2ba2-4ce4-82a4-00b8e7f95ef9,FILL,2026-06-24T19:49:09.615003Z,fill,2.15,1,sell,CARR260717C00075000,0,dab8110f-b4e5-42ea-a251-8fab82c9ff16,1,filled,,,,,,,,,,
20260624154908945::7575be1e-07f2-4350-9c07-9c7fe53689fb,FILL,2026-06-24T19:49:08.945777Z,fill,3.1,1,sell,ZM260717C00087000,0,42da24f1-cbdf-4cd5-a615-dc3d59900c7e,1,filled,,,,,,,,,,
20260624154908465::1308365b-1bc7-4783-82ae-4f5bbf9fe21c,FILL,2026-06-24T19:49:08.465992Z,fill,0.45,2,sell,SOFI260710C00018500,0,c83ac511-18e4-4c8a-9c3a-eccf618bbdc1,2,filled,,,,,,,,,,
20260624154907868::06cd0406-04e0-455f-a697-735c446488f3,FILL,2026-06-24T19:49:07.868627Z,fill,4.6,1,sell,C260717C00145000,0,2539f344-9719-42a0-9dea-5f2a9bcf164e,1,filled,,,,,,,,,,
20260624154907357::90ae83e5-9b31-4793-b5c3-eacb0aafbab1,FILL,2026-06-24T19:49:07.357449Z,fill,3.6,1,sell,ADBE260710C00205000,0,c5f810fc-c733-4694-8fc2-0c5c86c4f069,1,filled,,,,,,,,,,
20260624154906758::5597ae6f-fd30-45bc-937b-77e5e86b52f0,FILL,2026-06-24T19:49:06.758904Z,fill,3.7,1,sell,JNJ260710C00242500,0,674849f5-d6dc-416d-a8b1-f54b1b7bea74,1,filled,,,,,,,,,,
20260624154906268::d28e46ea-4320-430e-a790-7ee6461f6616,FILL,2026-06-24T19:49:06.268348Z,fill,2.96,1,sell,AMZN260710C00245000,0,6918db66-0f72-4515-90c2-a48ef2d1d8e9,1,filled,,,,,,,,,,
20260624154905619::cfde9662-be4a-4c73-a3e6-ce250b3164f5,FILL,2026-06-24T19:49:05.619991Z,fill,2.38,1,sell,CSCO260717C00124000,0,ab35ff7e-15df-4978-9e27-13338ae53a76,1,filled,,,,,,,,,,
20260624154905143::02bac598-2f77-46bd-a08c-f3c77a6c976b,FILL,2026-06-24T19:49:05.143211Z,fill,3.2,1,sell,ABT260717C00090000,0,def464e5-f8aa-4fe1-a5be-d1774f71a38a,1,filled,,,,,,,,,,
20260624154904551::c2941d57-c465-4641-a71d-aad73a3a7294,FILL,2026-06-24T19:49:04.551701Z,fill,2.89,1,sell,ZM260717C00087500,0,8b163cac-2f83-45ad-ab31-452dc9c45119,1,filled,,,,,,,,,,
20260624154903919::2ff5d37d-3522-4867-a5c2-a52a04cec9c8,FILL,2026-06-24T19:49:03.91962Z,fill,0.47,2,sell,LYFT260717C00015000,0,516e8559-f266-44df-8e1a-3d9aa138c39d,2,filled,,,,,,,,,,
20260624154903431::88193896-be1b-4232-adf8-dc4b46da13c5,FILL,2026-06-24T19:49:03.431069Z,fill,3,1,sell,GM260717P00080000,0,2970d6e7-66dc-4299-9b01-f5d0c172224a,1,filled,,,,,,,,,,
20260624154902490::260879c1-f895-4345-9a59-e29b4251bc46,FILL,2026-06-24T19:49:02.490377Z,fill,3,1,sell,ZS260710C00135000,0,128d14d6-1186-4d69-b5f4-6459580d3bfc,1,filled,,,,,,,,,,
20260624154902010::b38c9635-f7a1-4ac0-8580-889df406f625,FILL,2026-06-24T19:49:02.010842Z,fill,4.45,1,sell,IONQ260710P00054000,0,22ce54e4-62d9-4cc6-b492-d083a569254b,1,filled,,,,,,,,,,
20260624154901405::d5bc77d8-ce07-4a81-8c27-43f81679113b,FILL,2026-06-24T19:49:01.405664Z,fill,1.54,2,sell,KO260717C00081000,0,27387087-a100-47d8-b689-d42a68c1a108,2,filled,,,,,,,,,,
20260624154900812::1c5cd6a2-6f84-428b-a7ee-a3ee03bd39e6,FILL,2026-06-24T19:49:00.812514Z,fill,1.94,2,sell,SCHW260717P00091000,0,75359b56-1ece-444e-82e8-0dcc9d53c269,2,filled,,,,,,,,,,
20260624154900322::f3d78efe-981e-429a-b509-d6ecb9ef4b27,FILL,2026-06-24T19:49:00.322965Z,fill,1.02,2,sell,MDT260717C00082000,0,8fbb314d-b4ef-47c9-99f6-b213f508cf38,2,filled,,,,,,,,,,
20260624154859672::a01fe17a-f247-4a74-a0ac-54f2cc116356,FILL,2026-06-24T19:48:59.672691Z,fill,1.91,1,sell,UBER260717P00072500,0,af694753-3e4c-4196-a90f-d564c9173f53,1,filled,,,,,,,,,,
20260624154859256::b7939dd9-ed2a-4740-b98f-eb2e3e6fa794,FILL,2026-06-24T19:48:59.256319Z,fill,0.97,1,sell,DIS260717C00105000,0,60dfb827-453e-41b5-ada5-7a80de272c9e,2,filled,,,,,,,,,,
20260624154859127::dc42957c-6a08-4fcb-bcd4-c37084b0811c,FILL,2026-06-24T19:48:59.127933Z,partial_fill,0.97,1,sell,DIS260717C00105000,1,60dfb827-453e-41b5-ada5-7a80de272c9e,1,partially_filled,,,,,,,,,,
20260624154858487::282bc8a3-6ef9-4e3e-9b39-b2054348d988,FILL,2026-06-24T19:48:58.487374Z,fill,4.9,1,sell,NFLX260717P00075000,0,c326370b-4bf9-484f-aabf-d5c5656c0c33,1,filled,,,,,,,,,,
20260624154857942::2972f152-160a-42c2-80fb-c0fb7112644a,FILL,2026-06-24T19:48:57.94257Z,fill,2.13,1,sell,MDT260724C00080000,0,980ff31a-af3d-406f-8443-336e268f479c,1,filled,,,,,,,,,,
20260624154857353::ece4b3aa-c4bf-4c54-8b0d-13a2efb4d7f5,FILL,2026-06-24T19:48:57.353827Z,fill,3.85,1,sell,BA260710P00215000,0,2677c7fa-4018-4b5f-a88e-c371e82577c5,1,filled,,,,,,,,,,
20260624154856872::28b6a3eb-9a09-4535-9a94-06ecf66d39a2,FILL,2026-06-24T19:48:56.872917Z,fill,1.53,1,sell,DIS260717C00103000,0,c6d58e2f-02c9-466c-866b-a949ed6eb2e0,1,filled,,,,,,,,,,
20260624154856116::c5e431b5-b221-4b15-b61c-20361cf2ebdc,FILL,2026-06-24T19:48:56.116912Z,fill,2.97,1,sell,COP260710P00108000,0,96cf28dd-c5bb-4934-92a1-e69130d1ab89,1,filled,,,,,,,,,,
20260624154855528::7daa7aac-ced7-46a9-8569-7bbdec035ff3,FILL,2026-06-24T19:48:55.528855Z,fill,2.12,2,sell,KO260717C00080000,0,d28837a1-0d7e-4eab-881e-56712e645f15,2,filled,,,,,,,,,,
20260624154855029::cc0f31a4-26f0-4658-84f4-70414d3bc597,FILL,2026-06-24T19:48:55.029058Z,fill,3.8,1,sell,CRM260717C00160000,0,9bf292ae-7a6f-4257-be42-485c67a0bb6f,1,filled,,,,,,,,,,
20260624154854504::6f6676db-01d0-4343-a981-bb7eaa5ae891,FILL,2026-06-24T19:48:54.504147Z,fill,1.62,2,sell,OXY260717P00051000,0,9be8d27d-3e24-4b94-b115-8ff0f29d6b90,2,filled,,,,,,,,,,
20260624154853914::c5e4a64f-354e-424d-8f2d-dcbe42152533,FILL,2026-06-24T19:48:53.914141Z,fill,4.45,1,sell,AAPL260717P00290000,0,289d0704-e343-4088-b56a-1fd988cd401a,1,filled,,,,,,,,,,
20260624154853280::bce911d9-73b6-46aa-97be-c15547d1eac0,FILL,2026-06-24T19:48:53.280164Z,fill,3.25,1,sell,CVX260717P00170000,0,ca46ed5c-af7f-4b6f-8000-9ddcb6df0e18,1,filled,,,,,,,,,,
20260624154852801::ab5ca0c4-c2bb-40a7-bbef-d07987499373,FILL,2026-06-24T19:48:52.801446Z,fill,4.2,1,sell,XOM260717P00138000,0,5d6ff987-9fee-4339-bafd-f3f63c725889,1,filled,,,,,,,,,,
20260624154852204::4ebd2356-61fe-47a1-af36-a4e1369d5fd9,FILL,2026-06-24T19:48:52.204436Z,fill,4.2,1,sell,CVS260717C00100000,0,d0ec4e5a-f185-4466-99f1-61f22f1fde95,1,filled,,,,,,,,,,
20260624154851606::66b6f19a-f4ee-42be-ab8a-a1f562c5ed0d,FILL,2026-06-24T19:48:51.606402Z,fill,2.05,1,sell,ABT260717C00092500,0,59cc7afa-6e95-4eed-b74d-d94628f1c5b9,1,filled,,,,,,,,,,
20260624154851082::296eb160-deac-4183-99b3-4f3e938b02e7,FILL,2026-06-24T19:48:51.082821Z,fill,1.47,2,sell,XLE260717P00054000,0,d1b07654-294c-476a-8bc3-6daafd16b5e4,2,filled,,,,,,,,,,
20260624154850600::8627546f-6ef3-4312-9188-19b70fe5025a,FILL,2026-06-24T19:48:50.600967Z,fill,1.15,2,sell,RIVN260717P00015000,0,6507e597-a596-4090-beac-ed07ea6b6365,2,filled,,,,,,,,,,
20260624154850010::6da05295-7ae6-4d83-a623-c6a5696c9436,FILL,2026-06-24T19:48:50.010332Z,fill,3.4,1,sell,TLT260717C00084000,0,69654b9a-c169-4a44-9c4a-b346f124c776,1,filled,,,,,,,,,,
20260624154849655::e0aa70c6-a0f5-47c7-894d-3051e9919ea0,FILL,2026-06-24T19:48:49.655823Z,fill,1.84,1,sell,BAC260717C00057500,0,ec638cf6-7b92-4a08-8efb-c5affd9b63fd,2,filled,,,,,,,,,,
20260624154849503::0a1468cb-718b-4af5-848a-4eea640e0eac,FILL,2026-06-24T19:48:49.503148Z,partial_fill,1.84,1,sell,BAC260717C00057500,1,ec638cf6-7b92-4a08-8efb-c5affd9b63fd,1,partially_filled,,,,,,,,,,
20260624154848978::55ff405e-77fd-40e1-80d8-7b95eeed3e84,FILL,2026-06-24T19:48:48.97814Z,fill,2.22,1,sell,COP260717P00105000,0,2e04809f-340c-4ba6-b6cd-3a9ee1ceec48,2,filled,,,,,,,,,,
20260624154848869::a52fccc3-3636-45c1-903f-dc60c193cc7f,FILL,2026-06-24T19:48:48.869901Z,partial_fill,2.22,1,sell,COP260717P00105000,1,2e04809f-340c-4ba6-b6cd-3a9ee1ceec48,1,partially_filled,,,,,,,,,,
20260624154848167::15100053-5488-4d80-8b2e-91b87e6dd44b,FILL,2026-06-24T19:48:48.1674Z,fill,2.4,1,sell,PG260717C00155000,0,49ba0d47-5832-4e80-b03a-c06701c3dc32,1,filled,,,,,,,,,,
20260624154847566::a1a7dd21-4a40-4502-9115-67afca328264,FILL,2026-06-24T19:48:47.566936Z,fill,3.85,1,sell,MRK260717C00120000,0,582f88e0-72ee-41bd-b3ca-a29bf8dd2d49,1,filled,,,,,,,,,,
20260624154846977::8906f5a7-306a-44c3-96f1-3f52e391df9a,FILL,2026-06-24T19:48:46.977416Z,fill,3.7,1,sell,XOM260717P00137000,0,83422b2b-c528-4c09-91ec-324e33dcf436,1,filled,,,,,,,,,,
20260624154846486::5e276577-8dee-4213-8d59-05dd0976c14a,FILL,2026-06-24T19:48:46.486504Z,fill,2.81,1,sell,WMT260717C00120000,0,880a563d-bdd6-4792-a188-23c5f72c130d,1,filled,,,,,,,,,,
20260624154845979::9d0810f6-bec2-477d-8f33-b7ad552eed13,FILL,2026-06-24T19:48:45.979744Z,fill,0.59,2,sell,F260717P00014000,0,1bfe0264-0879-4b59-9724-a9f700be6ab1,2,filled,,,,,,,,,,
20260624154845460::8d162336-57c5-4f0a-9a32-24b863dc1991,FILL,2026-06-24T19:48:45.460283Z,fill,0.8,2,sell,SOFI260717C00018000,0,ff1c9ad6-de0b-466d-b1fe-c2445e08d3b7,2,filled,,,,,,,,,,
20260624154844866::f3541842-c0ad-4bba-8210-b3c8a5c288d6,FILL,2026-06-24T19:48:44.866405Z,fill,1.02,2,sell,UBER260717P00070000,0,af30c218-0b91-4c37-b848-adf6a2c0beef,2,filled,,,,,,,,,,
20260624154844343::6e88b1f2-9b77-413a-95b9-ffcea06482b7,FILL,2026-06-24T19:48:44.343958Z,fill,4.85,1,sell,TGT260717C00140000,0,505c9853-2db8-41f7-ae3e-486412f5894e,1,filled,,,,,,,,,,
20260624154843745::1b7598c9-24b9-4b2c-8aec-887a13de6189,FILL,2026-06-24T19:48:43.745876Z,fill,2.57,1,sell,NKE260717P00042500,0,61c47e62-36db-4e06-92ea-d0c900b18e95,1,filled,,,,,,,,,,
20260624154843158::ab6f4dbf-b62c-43e2-a5b6-bda6d6fa8195,FILL,2026-06-24T19:48:43.158352Z,fill,4.4,1,sell,TLT260717C00083000,0,e473f1a0-b3b0-4ade-9506-4b4cf5ecb878,1,filled,,,,,,,,,,
20260624154842450::6d8a34c6-0995-488d-a86f-ea61252c190e,FILL,2026-06-24T19:48:42.450562Z,fill,1.02,2,sell,BAC260710C00058000,0,48909dbe-6b68-4002-9338-916b003e3217,2,filled,,,,,,,,,,
20260624153542519::830493b5-51c3-479c-a6cc-723ffe1b78e9,FILL,2026-06-24T19:35:42.519341Z,fill,5.3,1,sell,SPG260717C00220000,0,dbf8beef-1af0-44ee-a849-1b24af863ca4,1,filled,,,,,,,,,,
20260624153451071::13533912-1cbe-469d-b87b-55b6d66a3a06,FILL,2026-06-24T19:34:51.071018Z,fill,1.45,2,sell,MO260717C00072500,0,54988651-3eb8-47d3-bb3d-52587d865065,2,filled,,,,,,,,,,
20260624153441303::1240dd37-016f-4ad8-91eb-7a0d1a483324,FILL,2026-06-24T19:34:41.303843Z,fill,1.82,2,sell,RIVN260717P00016000,0,79bd0c7b-7978-4d3e-9e4c-7be64acf25eb,2,filled,,,,,,,,,,
20260624152846398::ef881b31-3386-484c-84c1-560e49e2de25,FILL,2026-06-24T19:28:46.398708Z,fill,2.2,2,sell,SO260717C00095000,0,fa8b9cea-a7cd-4d2c-8d71-760851976737,2,filled,,,,,,,,,,
20260624152840844::f35aa4cd-1a1e-4ff5-b3a1-1732bae38658,FILL,2026-06-24T19:28:40.844114Z,fill,4.5,1,sell,NVDA260710P00195000,0,97af84aa-200a-4ee6-9d5d-bfd8c0f404b3,1,filled,,,,,,,,,,
20260624152816999::2e3a61c9-aae8-4fcf-9cef-c5bdeee2842a,FILL,2026-06-24T19:28:16.999815Z,fill,5.6,1,sell,NVDA260710P00197500,0,6dcf9d7e-1da2-4d9c-911b-7869a0762b55,1,filled,,,,,,,,,,
20260624150327215::fd187bc6-8d0a-419c-8ea4-b550d3c0944f,FILL,2026-06-24T19:03:27.215031Z,fill,4.95,1,buy,XLK260710P00179000,0,cdb2f8a0-ddba-46d1-874f-1343ec66cd04,1,filled,,,,,,,,,,
20260624150259861::c9c50696-a210-4261-aafa-3339c326bfe1,FILL,2026-06-24T19:02:59.861098Z,fill,4.25,1,buy,PLTR260717P00110000,0,c40bc454-b42c-49ec-8a18-92825b2cd6ea,1,filled,,,,,,,,,,
20260624144821270::3f1be778-28d7-4572-80d1-0673a06fd25c,FILL,2026-06-24T18:48:21.270403Z,fill,0.68,2,sell,PFE260717P00024500,0,fa104a40-3552-4b90-a494-a90cf33f9bab,2,filled,,,,,,,,,,
20260624144223902::dd342845-f4f2-468b-9d80-0230175c0b5b,FILL,2026-06-24T18:42:23.902664Z,fill,4.9,1,buy,PLTR260710P00114000,0,3d0dc6c5-837e-48c3-9ae6-9b93d16c774c,1,filled,,,,,,,,,,
20260624144158278::48931985-fb68-4269-bd0d-8c316b600c6e,FILL,2026-06-24T18:41:58.278712Z,fill,4.7,1,buy,CVX260717P00172500,0,da33e291-077f-4070-aac0-d4784ec03995,1,filled,,,,,,,,,,
20260624142809181::14e621f6-cecd-46a3-b54d-74ae3046be1b,FILL,2026-06-24T18:28:09.181965Z,fill,5.1,1,sell,PLTR260710P00115000,0,874a3117-06c3-4cab-845d-c5d2cc0fd3f9,1,filled,,,,,,,,,,
20260624142739479::e16a4ede-1dda-4950-8348-f0b029b4d6eb,FILL,2026-06-24T18:27:39.479111Z,fill,4.65,1,sell,IONQ260710P00055000,0,83804932-85ea-4279-8c28-391aafa90787,1,filled,,,,,,,,,,
20260624142734940::6740c66b-dcf4-4628-827f-158ef8ff2187,FILL,2026-06-24T18:27:34.940866Z,fill,6,1,sell,PLTR260717P00115000,0,578b57c6-472f-44aa-bab6-45a17061fb7c,1,filled,,,,,,,,,,
20260624140410968::1729614a-35be-43a8-91e7-5ad4294aa767,FILL,2026-06-24T18:04:10.968966Z,fill,3.8,1,buy,NFLX260717P00073000,0,73373c4c-3d96-4a73-a08b-0495a6f184d2,1,filled,,,,,,,,,,
20260624134856685::4fae3206-49b4-4143-b5af-d2360d4e2d6c,FILL,2026-06-24T17:48:56.685462Z,fill,2.29,2,sell,NFLX260710P00073000,0,1b754544-b279-4e42-9ae4-f0ac5efc05b6,2,filled,,,,,,,,,,
20260624134353521::50ea9dd6-6d52-481c-9391-4aacc8cf25b5,FILL,2026-06-24T17:43:53.521014Z,fill,5,1,buy,XLK260717P00177000,0,5d5976b1-0fb9-4637-af82-9a80d6c2d0ff,1,filled,,,,,,,,,,
20260624134326063::e60eb0aa-6061-4fd0-b7d4-13f87d60c129,FILL,2026-06-24T17:43:26.063595Z,fill,4.8,1,buy,ORCL260710P00150000,0,2a0acb31-f7ba-479c-9b7b-c559671b1c32,1,filled,,,,,,,,,,
20260624134257227::c625b89e-b3fd-424d-862b-7d03e95a46b7,FILL,2026-06-24T17:42:57.227563Z,fill,3.55,1,buy,PG260717C00152500,0,7bb0aab9-2aef-407e-b47a-65df9a5ad296,1,filled,,,,,,,,,,
20260624134232227::6b0defc5-5f6c-4472-88dc-c6a93775adff,FILL,2026-06-24T17:42:32.227031Z,fill,0.84,3,buy,LYFT260717C00014500,0,2ed659a4-70af-4134-ad50-a02fc292cf1b,3,filled,,,,,,,,,,
20260624134206919::72a13565-8ec3-4498-b828-516fb5833ff6,FILL,2026-06-24T17:42:06.919798Z,fill,2.68,1,buy,OXY260717P00052500,0,cff7e1ab-b25c-4b1d-8e46-d43c5eca2aac,1,filled,,,,,,,,,,
20260624134142248::d0dc9232-8963-4b83-955f-49f19f18cf2c,FILL,2026-06-24T17:41:42.248747Z,fill,4.95,1,buy,OKTA260717C00123000,0,2dff033d-57dd-4a6f-9f0c-3bf6131c69fb,1,filled,,,,,,,,,,
20260624134116168::8001c035-25db-4538-a6b5-7d099c1c3bf1,FILL,2026-06-24T17:41:16.168134Z,fill,1,1,buy,ENB260717C00055000,0,6cc1aa36-4e9d-4fb4-a972-5c51c9efcf1c,1,filled,,,,,,,,,,
20260624132053395::17b1f644-adac-48ff-acd6-964180df88d4,FILL,2026-06-24T17:20:53.395265Z,fill,4.7,1,buy,SAP260717P00149000,0,a77587eb-5f84-408d-8ef4-fb59e787cb02,1,filled,,,,,,,,,,
20260624132027421::111e639a-1039-4a52-9829-ec0d4d9bc8ac,FILL,2026-06-24T17:20:27.421952Z,fill,2.8,1,buy,CARR260717C00074000,0,a6f60145-7cef-4505-8423-66ea520d3696,1,filled,,,,,,,,,,
20260624130213336::9367635b-3883-41cd-a791-e02590b2105e,FILL,2026-06-24T17:02:13.336173Z,fill,4.93,1,buy,IWM260710C00300000,0,19eda788-b81b-4c6d-8455-74b8a5dc098c,1,filled,,,,,,,,,,
20260624130146702::a08361ae-e34c-4bff-a852-b08ad2e0edc0,FILL,2026-06-24T17:01:46.702967Z,fill,4.8,1,buy,SPG260717C00220000,0,7ee67c71-7ba5-4626-a43a-a23657e09c4d,1,filled,,,,,,,,,,
20260624130116915::f898e458-3eb2-471b-bde8-2f5e3e452706,FILL,2026-06-24T17:01:16.915253Z,fill,4.55,1,buy,MMM260717C00170000,0,6b2fcc20-1b23-48c8-8437-16659da1dace,1,filled,,,,,,,,,,
20260624124724253::71076db2-2e67-4838-8b25-a8b749618476,FILL,2026-06-24T16:47:24.253372Z,fill,4.15,1,sell,MMM260717C00170000,0,3aafda49-3465-4d24-98b3-de0132ea4f6d,1,filled,,,,,,,,,,
20260624124131393::f964e866-71e1-44ab-9283-688629f7e9fa,FILL,2026-06-24T16:41:31.393192Z,fill,4.45,1,buy,OKTA260717C00125000,0,33f7e762-f6f2-46ba-838a-696f6e7e2ef2,1,filled,,,,,,,,,,
20260624124106298::75883d64-f059-4fc4-b81c-3d170eb61aec,FILL,2026-06-24T16:41:06.298865Z,fill,0.43,2,buy,PFE260717P00024000,0,228de06b-8d48-42d0-90b9-39351c2dd28f,2,filled,,,,,,,,,,
20260624124041104::3bdc7b10-6ae4-4a69-a4f6-d58301d7fc9a,FILL,2026-06-24T16:40:41.104498Z,fill,3.1,1,buy,MRK260717C00122000,0,56ccc841-e620-4b70-bec0-07fd241b040b,1,filled,,,,,,,,,,
20260624122609462::90a29fb9-7822-4c9b-b0db-baa11eade0d2,FILL,2026-06-24T16:26:09.46253Z,fill,0.93,2,sell,PFE260717P00025000,0,70ec36d2-abe8-41eb-9619-936f1487d5ae,2,filled,,,,,,,,,,
20260624120228043::cefb824f-438d-43d2-879c-6e51390738a4,FILL,2026-06-24T16:02:28.043773Z,fill,4.95,1,buy,CSCO260717C00120000,0,323a585c-1b94-48d8-a4e1-09fc1f616692,1,filled,,,,,,,,,,
20260624120202728::d6cc106d-5af9-4170-a069-c39af1164c0b,FILL,2026-06-24T16:02:02.728665Z,fill,4.5,1,buy,V260717C00340000,0,278c0352-06c3-4a84-89a0-fc721dec257c,1,filled,,,,,,,,,,
20260624120139259::d3d59e98-c2bc-4d60-a959-e47b96a76bb6,FILL,2026-06-24T16:01:39.259571Z,fill,4.9,1,buy,AMZN260717C00250000,0,c6131c82-6887-41d5-90ec-c302fcce4d21,1,filled,,,,,,,,,,
20260624120115522::3b9e7fa5-efc4-45ad-9508-5fc036cefb80,FILL,2026-06-24T16:01:15.522193Z,fill,1.79,2,buy,SCHW260717P00090000,0,d2eae0cf-59ba-4231-bb15-780f30608244,2,filled,,,,,,,,,,
20260624114740228::953b1a4e-9a90-475d-9c32-8e0d3014ec20,FILL,2026-06-24T15:47:40.228788Z,fill,5.3,1,sell,V260710C00335000,0,e3f26765-6aa5-4c3f-a041-e28d67d92596,1,filled,,,,,,,,,,
20260624114713486::4605ac9e-4e43-4fa7-a3fd-c442e53d9c66,FILL,2026-06-24T15:47:13.486631Z,fill,6.3,1,sell,AMZN260717C00245000,0,a74146e2-9f38-4209-84d0-c8d05b67ad19,1,filled,,,,,,,,,,
20260624114139465::d7f6c394-f08c-4b10-92cb-0e37fb04abc6,FILL,2026-06-24T15:41:39.465126Z,fill,1.4,1,buy,SNY260717P00042500,0,bd907f8b-5cf3-4e06-8505-eb5aa2798188,1,filled,,,,,,,,,,
20260624114105001::97ca43b3-cabe-4896-a065-9b9d63d05f6b,FILL,2026-06-24T15:41:05.001546Z,fill,1.07,2,buy,XLE260717P00053000,0,fb42e6dc-a266-4d62-a638-4465ab72e77d,2,filled,,,,,,,,,,
20260624112052065::f9ebe2a0-a831-4ab9-a1ef-f3c2d4cff943,FILL,2026-06-24T15:20:52.065687Z,fill,4.15,1,buy,ADBE260710C00207500,0,1a6de412-4873-4fca-a087-0635cbf754d6,1,filled,,,,,,,,,,
20260624112030115::aa6a900e-7878-42fb-8b72-c75019736874,FILL,2026-06-24T15:20:30.115346Z,fill,4.65,1,buy,BA260710P00217500,0,71634799-c1d0-494f-8c21-38b613fd6e5d,1,filled,,,,,,,,,,
20260624111959899::5d682e65-a610-4d32-95e4-fc899d3eb084,FILL,2026-06-24T15:19:59.899228Z,fill,5,1,buy,ZS260717C00136000,0,67ec4195-aef3-41a5-a205-17058e244f8b,1,filled,,,,,,,,,,
20260624111938972::bb2e1148-777c-49e3-8fcf-e52583f42948,FILL,2026-06-24T15:19:38.97296Z,fill,1.65,2,buy,GSK260717C00051000,0,37840e41-87e1-45ea-bd67-c10d7d7eb10d,2,filled,,,,,,,,,,
20260624111916486::c5f359e1-cc02-4990-88c9-aefb47d2d028,FILL,2026-06-24T15:19:16.486718Z,fill,4.11,1,buy,IWM260710C00303000,0,84f306b9-0bc1-49ff-91a4-3d7f057736ee,1,filled,,,,,,,,,,
20260624111854452::1a05190f-b513-48f5-83c8-c7ef0bb5c833,FILL,2026-06-24T15:18:54.452055Z,fill,4.55,1,buy,JNJ260717C00245000,0,e96a8d08-aa62-4f85-9f95-259ed271f7c4,1,filled,,,,,,,,,,
20260624111833998::dbc7a959-fa33-42f0-bdf0-a622792f565b,FILL,2026-06-24T15:18:33.998035Z,fill,2.75,1,buy,CARR260717C00075000,0,749b96b2-0c9a-4352-a094-1eff67b04d09,1,filled,,,,,,,,,,
20260624111812788::603b3f7c-7ba9-4496-805f-aede99ad1fda,FILL,2026-06-24T15:18:12.788673Z,fill,3.7,1,buy,ZM260717C00087000,0,a79f83fc-1e2a-4144-9dfe-797a334ee8ff,1,filled,,,,,,,,,,
20260624111751133::9fbb14ec-5baf-4bd2-a45e-5606e37e40e9,FILL,2026-06-24T15:17:51.133684Z,fill,0.58,2,buy,PFE260717P00024500,0,9bcdd5bc-e99e-4301-91c1-8f4a6c5ebc6e,2,filled,,,,,,,,,,
20260624111730343::5419fdad-6ae1-4808-9072-30e783e962ca,FILL,2026-06-24T15:17:30.343849Z,fill,0.89,1,buy,SOFI260710C00018500,0,278ee44b-35a5-4557-b15c-65643dc102db,2,filled,,,,,,,,,,
20260624111730164::19532b48-7dd4-4126-af49-06e47eebe20a,FILL,2026-06-24T15:17:30.164376Z,partial_fill,0.89,1,buy,SOFI260710C00018500,1,278ee44b-35a5-4557-b15c-65643dc102db,1,partially_filled,,,,,,,,,,
20260624111707955::0ae25a17-a746-4967-b9e3-ca636cd2529a,FILL,2026-06-24T15:17:07.955716Z,fill,4.8,1,buy,C260717C00145000,0,818db9c5-aa0f-4e3e-a1c7-ea84db09d6ff,1,filled,,,,,,,,,,
20260624105606518::7ba023b1-8304-4de1-8efc-a342e85953e7,FILL,2026-06-24T14:56:06.518534Z,fill,4.65,1,buy,ADBE260710C00205000,0,84168c2f-771b-4419-b8ef-f95dd25d0ddf,1,filled,,,,,,,,,,
20260624105544617::638f4eff-2cf1-43de-be3f-55e674cd47c2,FILL,2026-06-24T14:55:44.617414Z,fill,4.95,1,buy,V260710C00335000,0,dea1724a-03b0-43c5-bedf-6e8b931e6afb,1,filled,,,,,,,,,,
20260624105520597::79a7b859-a339-4534-9cc0-1a19f1d8b0e1,FILL,2026-06-24T14:55:20.597579Z,fill,4.3,1,buy,JNJ260710C00242500,0,fe5d1085-ee43-4d1b-a6a2-5dd298078f2d,1,filled,,,,,,,,,,
20260624105459861::58e8a36a-0baf-4b99-b668-5ea8825bb4ed,FILL,2026-06-24T14:54:59.861843Z,fill,4.7,1,buy,AMZN260710C00245000,0,3e3fe366-00d1-43de-ad5b-0afd6ed18ba6,1,filled,,,,,,,,,,
20260624105441544::19fcb319-3f63-4aca-99f8-0e9235ecdcba,FILL,2026-06-24T14:54:41.544523Z,fill,3.65,1,buy,CSCO260717C00124000,0,8d45f3a2-b4ba-450a-a5d0-ba003fdbe0fa,1,filled,,,,,,,,,,
20260624105424001::ed57c1c0-3907-433a-8537-a0ee79dca9d0,FILL,2026-06-24T14:54:24.00105Z,fill,4,1,buy,ABT260717C00090000,0,d71bd062-9e67-4730-90f3-5863dc8834fa,1,filled,,,,,,,,,,
20260624105406776::ef733db8-2d40-40c7-a9ec-55d35ad82555,FILL,2026-06-24T14:54:06.776256Z,fill,3.45,1,buy,ZM260717C00087500,0,62e6621e-e469-4a0c-83d4-cbb6b239dfb9,1,filled,,,,,,,,,,
20260624105349339::fbe2ce97-7c51-4c2c-a795-b04efafcd43c,FILL,2026-06-24T14:53:49.339748Z,fill,0.53,2,buy,LYFT260717C00015000,0,332a544e-e3d6-41c5-b9ed-b2def03575c7,2,filled,,,,,,,,,,
20260624105326866::ff3fa80d-c266-43c4-a493-4bc60e12afda,FILL,2026-06-24T14:53:26.866384Z,fill,1.8,2,buy,SO260717C00095000,0,ed2ec6e2-405f-4eb0-9cc9-c2107162347e,2,filled,,,,,,,,,,
20260624105310626::2c0d2f50-0e32-430a-833c-e5c70854aaa2,FILL,2026-06-24T14:53:10.626042Z,fill,4,1,buy,PLTR260710P00115000,0,26f244ae-0191-4982-aae5-e41a0ad2e892,1,filled,,,,,,,,,,
20260624105251532::517e492e-b157-44e7-a972-792c14e21e10,FILL,2026-06-24T14:52:51.532831Z,fill,3,1,buy,GM260717P00080000,0,1dea8baa-6092-429c-9d6d-b8e1d9ca517d,1,filled,,,,,,,,,,
20260624103340375::6bc61f3a-90ca-4ca4-887a-6947b9450b14,FILL,2026-06-24T14:33:40.375059Z,fill,4.6,1,buy,ZS260710C00135000,0,26318e04-35c1-4609-aa59-72b5122d2aa7,1,filled,,,,,,,,,,
20260624103317293::4be73652-1ad9-4df4-9529-1f7edb5893a3,FILL,2026-06-24T14:33:17.293049Z,fill,4.3,1,buy,IONQ260710P00054000,0,a2991e16-72c2-401e-b680-c74aeb796616,1,filled,,,,,,,,,,
20260624103300512::25e6b94e-61b0-427f-b7d5-9fa1f8bab4bb,FILL,2026-06-24T14:33:00.512871Z,fill,3.6,1,buy,MMM260717C00170000,0,cf2237af-b4ee-4b25-9a22-8176aaa1f295,1,filled,,,,,,,,,,
20260624103244586::5376e4e8-0daa-435f-8b9f-57b0920ff388,FILL,2026-06-24T14:32:44.586511Z,fill,1.77,2,buy,KO260717C00081000,0,e8e72025-1e0b-4f5a-bf8c-5a723d1b6d18,2,filled,,,,,,,,,,
20260624103226654::d0c6adee-70d1-4705-980a-0c550333f1d5,FILL,2026-06-24T14:32:26.654006Z,fill,3.55,1,buy,NVDA260710P00195000,0,576f3133-b827-4024-93a2-a9c25709ce59,1,filled,,,,,,,,,,
20260624103210079::d6ddb340-7500-4622-958a-71704f3e702d,FILL,2026-06-24T14:32:10.07906Z,fill,2.5,2,buy,SCHW260717P00091000,0,6a3862f0-0c45-4a57-8e80-4d9463098452,2,filled,,,,,,,,,,
20260624103152784::ffb04ffc-4d65-49ce-adf4-01d1fd1e9dbd,FILL,2026-06-24T14:31:52.78465Z,fill,1.71,2,buy,MDT260717C00082000,0,b0d452d6-a1df-45e0-a592-3a0900390c12,2,filled,,,,,,,,,,
20260624103133807::d8373b6d-f8cd-4fa3-83cd-3be3214f1392,FILL,2026-06-24T14:31:33.807354Z,fill,3.15,1,buy,UBER260717P00072500,0,50081716-b4e5-4fe9-896a-36861f4dce2a,1,filled,,,,,,,,,,
20260624103112826::61ba7fb0-2e07-4403-8ea4-a092a3a17eec,FILL,2026-06-24T14:31:12.826548Z,fill,0.69,2,buy,PFE260717P00025000,0,577a2f21-8479-4e35-805f-c33763db5376,2,filled,,,,,,,,,,
20260624103054900::87146585-c7fd-4276-bd3c-629e5cfc98f3,FILL,2026-06-24T14:30:54.900611Z,fill,2.12,2,buy,DIS260717C00105000,0,11492cf0-4df4-4c50-8e56-20f45a1059ab,2,filled,,,,,,,,,,
20260624103036958::baea6539-2fe4-41d9-b4c2-650a04766e8a,FILL,2026-06-24T14:30:36.958312Z,fill,4.85,1,buy,NFLX260717P00075000,0,9107966a-8189-42c2-ad29-05b8e8aabbdb,1,filled,,,,,,,,,,
20260624101313229::c8b0a3fc-3e9c-4be5-8303-b3d546f16234,FILL,2026-06-24T14:13:13.229492Z,fill,3.15,1,buy,MDT260724C00080000,0,c04738b5-e2ab-429f-8267-896a28d5fe1e,1,filled,,,,,,,,,,
20260624101259957::be02f18c-0db5-41ca-892e-b761caba74be,FILL,2026-06-24T14:12:59.957812Z,fill,4.1,1,buy,BA260710P00215000,0,4a4b3d5e-c5d2-452f-b3d3-9d7b238d6fe3,1,filled,,,,,,,,,,
20260624101242611::7a8ea052-0b27-447a-bb38-5e855ff46c50,FILL,2026-06-24T14:12:42.611535Z,fill,3.05,1,buy,DIS260717C00103000,0,588bb4e2-36b4-4237-8f46-a0e237d883ba,1,filled,,,,,,,,,,
20260624101226232::746bd026-fe9e-4e7a-9a6b-39fb1a90fcf7,FILL,2026-06-24T14:12:26.232215Z,fill,3.2,1,buy,COP260710P00108000,0,1a0e4743-34d9-42d3-a353-0ac6b1d45a7a,1,filled,,,,,,,,,,
20260624101212242::bd4e851e-4fb6-4f8b-9f4a-848ab3e7b890,FILL,2026-06-24T14:12:12.242601Z,fill,2.44,2,buy,KO260717C00080000,0,139a145e-77d6-4a75-b83e-2d081d6f8f65,2,filled,,,,,,,,,,
20260624101158043::d9a91997-e2e4-41e9-a6d6-7e2bb26700f2,FILL,2026-06-24T14:11:58.043119Z,fill,4.75,1,buy,AMZN260717C00245000,0,1d448da9-6fed-4f65-87bf-eedc6082020f,1,filled,,,,,,,,,,
20260624101146528::0a0b958a-7c5c-4017-9bcb-2fbd20bd1acf,FILL,2026-06-24T14:11:46.528095Z,fill,4.35,1,buy,CRM260717C00160000,0,f168968a-5bb2-4436-ba58-bb4bcdc75017,1,filled,,,,,,,,,,
20260624101133428::7adaa580-4fd0-430b-8b93-f2499b8e8e30,FILL,2026-06-24T14:11:33.4285Z,fill,1.8,2,buy,OXY260717P00051000,0,84eef559-ea6f-470f-93af-f21a858b86d2,2,filled,,,,,,,,,,
20260624101120357::98fbc31b-a37a-47a9-b5fa-b0cb1b2c0376,FILL,2026-06-24T14:11:20.357781Z,fill,4.55,1,buy,AAPL260717P00290000,0,9825317e-c943-48f5-ad7b-6cb0ec91ff16,1,filled,,,,,,,,,,
20260624101108921::9059dc60-b3a9-40d9-9998-04c7c109e7b4,FILL,2026-06-24T14:11:08.921563Z,fill,3.7,1,buy,CVX260717P00170000,0,e304cb38-d25a-4f27-9938-477c86431af6,1,filled,,,,,,,,,,
20260624101055966::5383feda-4595-4c0e-80da-e791fb7b9fb6,FILL,2026-06-24T14:10:55.966235Z,fill,4.55,1,buy,XOM260717P00138000,0,9cb1be2d-b641-4cd8-a8a6-786ef0ece6a4,1,filled,,,,,,,,,,
20260624101044049::4fde3411-2b3d-4be5-bc0f-7a30955ccd30,FILL,2026-06-24T14:10:44.049636Z,fill,3.55,1,buy,CVS260717C00100000,0,eaadf742-b2bd-42cc-b496-0d2ab3001f92,1,filled,,,,,,,,,,
20260624101033417::bc1506b5-4c3e-4f85-8280-9b4b85b67b50,FILL,2026-06-24T14:10:33.417246Z,fill,1.39,2,buy,MO260717C00072500,0,4180a20b-f60b-4dc8-acac-d28dd2160a02,2,filled,,,,,,,,,,
20260624101023159::ac61d199-bd26-4b16-9119-c5aaedf9ab03,FILL,2026-06-24T14:10:23.159822Z,fill,3.2,1,buy,ABT260717C00092500,0,7fe621ca-c951-4d35-ac7e-88e6da174edf,1,filled,,,,,,,,,,
20260624101012722::86beeedc-c32a-4028-9a80-34db8ef559b6,FILL,2026-06-24T14:10:12.722592Z,fill,1.56,2,buy,XLE260717P00054000,0,206daef3-0da5-4dfe-8191-7b2f40abfb7a,2,filled,,,,,,,,,,
20260624101001637::88bc2630-3836-472f-8388-b32af112eae0,FILL,2026-06-24T14:10:01.637258Z,fill,0.98,2,buy,RIVN260717P00015000,0,923b7a0f-b3e2-42da-b255-dbf5f6334437,2,filled,,,,,,,,,,
20260624100939556::282dc2a6-3be1-44ee-b34e-61832ce165bb,FILL,2026-06-24T14:09:39.556922Z,fill,3.45,1,buy,TLT260717C00084000,0,2287b285-4132-4d1f-abcd-e34985585dc1,1,filled,,,,,,,,,,
20260624100930619::7daa3087-b6da-4828-a2ea-d6733a81dc9b,FILL,2026-06-24T14:09:30.619574Z,fill,1.73,2,buy,BAC260717C00057500,0,dc0ae633-c260-4c2b-b750-2693ff7f0d35,2,filled,,,,,,,,,,
20260624095402101::7895a30f-cc6f-4107-951f-4f5e63860800,FILL,2026-06-24T13:54:02.101999Z,fill,4.4,1,buy,NVDA260710P00197500,0,163c0d45-e652-4349-9a0e-375094e81d25,1,filled,,,,,,,,,,
20260624095353528::ae44e7cb-d1cd-4c44-a485-0f61f2f43fb6,FILL,2026-06-24T13:53:53.528779Z,fill,4.5,1,buy,IONQ260710P00055000,0,a1f99d6f-5df6-4443-abc7-6288cefe9be1,1,filled,,,,,,,,,,
20260624095345679::4e347351-3dd3-435f-b6a5-16722cff0a9b,FILL,2026-06-24T13:53:45.679372Z,fill,2.34,2,buy,COP260717P00105000,0,c7ec6572-1237-43e6-9ceb-6c44eaf001b4,2,filled,,,,,,,,,,
20260624095334545::46955d02-2a0f-4dcd-ac95-e1dc4fb3aabe,FILL,2026-06-24T13:53:34.545249Z,fill,2.47,1,buy,PG260717C00155000,0,9332a231-e9dc-49d3-a059-1a6673d25e23,1,filled,,,,,,,,,,
20260624095322080::c55a0345-eb27-4482-b943-8c3a4ed63c7f,FILL,2026-06-24T13:53:22.080084Z,fill,4.6,1,buy,MRK260717C00120000,0,b5b3d690-bf43-4f1f-8373-308b8894a1a1,1,filled,,,,,,,,,,
20260624095314989::13e18a8e-ff8a-4002-8c35-bfb88e74dc60,FILL,2026-06-24T13:53:14.989034Z,fill,4.9,1,buy,PLTR260717P00115000,0,dd5dc591-cee2-4118-9434-2d277b52b775,1,filled,,,,,,,,,,
20260624095306450::f53ade70-5a6c-4643-9adc-9e15b5d4385a,FILL,2026-06-24T13:53:06.450697Z,fill,1.56,2,buy,RIVN260717P00016000,0,f5bbddb9-598a-4095-993d-dcde6e59d370,2,filled,,,,,,,,,,
20260624095257996::d454c15e-c22e-4aa9-8dab-da842bb7343b,FILL,2026-06-24T13:52:57.996753Z,fill,3.8,1,buy,XOM260717P00137000,0,8278a0ba-3ef4-45ee-aa61-bd1a86ecd58a,1,filled,,,,,,,,,,
20260624095251523::726e9b6d-3bac-4855-803d-5c6a60bfef5a,FILL,2026-06-24T13:52:51.523628Z,fill,3.2,1,buy,WMT260717C00120000,0,38b6b80e-1c2f-498e-80ad-d5a864b53745,1,filled,,,,,,,,,,
20260624095245136::464754fe-0cf4-4a65-a2bb-678f60de3b6b,FILL,2026-06-24T13:52:45.13607Z,fill,0.56,2,buy,F260717P00014000,0,2629d989-a932-41ac-a2e7-39ea1aff83c0,2,filled,,,,,,,,,,
20260624095239247::ab157374-95aa-45eb-b7e8-c81b81b2f883,FILL,2026-06-24T13:52:39.247764Z,fill,1.17,2,buy,SOFI260717C00018000,0,cce9fc99-e995-452a-a07f-bc1b862610c7,2,filled,,,,,,,,,,
20260624095233492::9b2347fb-6e13-4f4b-8c63-9913fdc081e1,FILL,2026-06-24T13:52:33.492959Z,fill,2.37,2,buy,UBER260717P00070000,0,92b83b36-fd5a-49a9-aeaf-560b3c9edb50,2,filled,,,,,,,,,,
20260624095227917::4e5df8db-c918-4e69-a947-823e678f85bc,FILL,2026-06-24T13:52:27.917864Z,fill,3.65,1,buy,TGT260717C00140000,0,abe41a8b-69ad-4bb1-9301-4564387cd5e3,1,filled,,,,,,,,,,
20260624095220554::029ebc52-6b3f-465d-b55d-5ff655cebfd8,FILL,2026-06-24T13:52:20.554064Z,fill,2.83,1,buy,NKE260717P00042500,0,14f80a18-ae5a-48ab-8a29-16a63cca6c99,1,filled,,,,,,,,,,
20260624095215762::275cdd7c-f4ca-4186-8402-5d4bbf0142a9,FILL,2026-06-24T13:52:15.762106Z,fill,4.35,1,buy,TLT260717C00083000,0,e1bba85e-8667-4888-99ba-b41487706b3e,1,filled,,,,,,,,,,
20260624095211462::1a283663-5502-4c39-9375-cddbeddecfe0,FILL,2026-06-24T13:52:11.462163Z,fill,1.06,2,buy,BAC260710C00058000,0,fe6b7135-f377-41f2-969d-53234fe9e81d,2,filled,,,,,,,,,,
20260624095207197::2ccdcaab-00fb-4e31-87a1-32d9bc30d093,FILL,2026-06-24T13:52:07.197518Z,fill,2.11,2,buy,NFLX260710P00073000,0,7d153026-e2ac-4346-9960-786d70b47112,2,filled,,,,,,,,,,
20260624093555149::f4dbcbbe-f23a-4ca3-966f-6d7f8159b0e3,FILL,2026-06-24T13:35:55.149939Z,fill,2.84,1,sell,XOM260717P00135000,0,c602a18c-9081-40a9-87a7-6a183519287b,1,filled,,,,,,,,,,
20260624093554807::4f5f9afc-28e7-48b3-b422-d739c68ca17e,FILL,2026-06-24T13:35:54.807172Z,fill,4.65,1,sell,XOM260710P00140000,0,3a3b391f-2ffb-4c8d-b188-85dadf9f1c17,1,filled,,,,,,,,,,
20260624093554434::401fa1b3-6260-4a67-b7e5-3a89a5af0f8e,FILL,2026-06-24T13:35:54.434523Z,fill,0.88,2,sell,XLF260717P00054000,0,a3a559ad-b117-4674-bb37-9576fca23410,2,filled,,,,,,,,,,
20260624093554079::643bcb89-44de-483e-b37a-d7963daf2f65,FILL,2026-06-24T13:35:54.079507Z,fill,1.61,2,sell,XLE260717P00054000,0,9fac1518-ef7d-4f88-8003-d6b56bcaf92e,2,filled,,,,,,,,,,
20260624093553851::725056c2-628e-43d1-9dde-59cbcd4bd2c1,FILL,2026-06-24T13:35:53.851749Z,fill,3.3,1,sell,UBER260717P00072500,0,6419c188-d0a6-4139-a98a-4ac7adcd5642,1,filled,,,,,,,,,,
20260624093553485::a1edeefd-11ac-449f-8b0f-03bec505c84d,FILL,2026-06-24T13:35:53.485707Z,fill,4.85,1,sell,TGT260717C00135000,0,af062a53-fb2a-4042-a1f6-bbd6d60755b7,1,filled,,,,,,,,,,
20260624093553261::d54bb9da-ab52-4e26-9d40-dffa0ca3f748,FILL,2026-06-24T13:35:53.26102Z,fill,1.08,1,sell,SOFI260717C00018000,0,7b01548e-bd6e-49fe-a1df-54d1627bdaab,1,filled,,,,,,,,,,
20260624093552883::8c34197a-4840-4ca1-bb92-b659613f6e50,FILL,2026-06-24T13:35:52.883147Z,fill,1.15,1,sell,SOFI260710C00017500,0,9d8a3454-c96c-48a8-9b03-7632218822ac,1,filled,,,,,,,,,,
20260624093552659::c01374f1-fdfc-438c-9431-5987cc028cf0,FILL,2026-06-24T13:35:52.659522Z,fill,1.25,2,sell,SNY260717P00042500,0,21c79c4a-de55-4567-9846-e14d1ee058d3,2,filled,,,,,,,,,,
20260624093552098::f4c0c1c5-c750-41a3-aa07-23df0601f505,FILL,2026-06-24T13:35:52.098783Z,fill,2,1,sell,SCHW260717P00092500,0,3db33fad-f286-436f-8331-1071c6edb17d,1,filled,,,,,,,,,,
20260624093551825::a0349f8b-bcfb-4117-8b1b-78cdbed4152c,FILL,2026-06-24T13:35:51.82557Z,fill,2.85,1,sell,SAP260717P00145000,0,6c31892b-16b0-411d-9347-d0dd411b8076,1,filled,,,,,,,,,,
20260624093551441::41b45139-f017-4c9a-a7c6-1835bc81b45a,FILL,2026-06-24T13:35:51.441373Z,fill,1.56,2,sell,RIVN260717P00016000,0,da427cae-76d3-46eb-bf11-ca688deb0f09,2,filled,,,,,,,,,,
20260624093551097::40c71cd4-719a-4a67-b5e3-34bca8904c9c,FILL,2026-06-24T13:35:51.097525Z,fill,7.3,1,sell,PLTR260717P00120000,0,56d18829-3d3c-4a6a-8229-07c0c08d9593,1,filled,,,,,,,,,,
20260624093550858::7727aa2e-7cee-47d5-b48e-65245246c0c4,FILL,2026-06-24T13:35:50.858685Z,fill,6.45,1,sell,PLTR260710P00120000,0,2a198edf-15e7-43c3-b642-f5c64d802306,1,filled,,,,,,,,,,
20260624093550609::4f8a83e8-8749-44c2-b988-95d42ce9b49f,FILL,2026-06-24T13:35:50.609109Z,fill,0.46,2,sell,PFE260717P00025000,0,b5d90c62-d548-4868-9159-90bffa0f2e9a,2,filled,,,,,,,,,,
20260624093550242::1311c827-6a9b-43b9-9e76-4283153753dc,FILL,2026-06-24T13:35:50.242624Z,fill,2.49,1,sell,OXY260717P00052500,0,fefbf176-e50a-4baa-9e66-33879d60979e,1,filled,,,,,,,,,,
20260624093549881::e0a90116-5c9a-4f9f-9d72-0760622a76d7,FILL,2026-06-24T13:35:49.88193Z,fill,1.07,2,sell,OXY260717P00050000,0,a57b353a-493c-4fbd-a70a-ac79f483428d,2,filled,,,,,,,,,,
20260624093549537::472033ca-b0d7-4d74-8daa-c3a0600fd060,FILL,2026-06-24T13:35:49.537443Z,fill,4.75,1,sell,OKTA260710C00118000,0,6a952b04-f0f4-496f-b51a-165aa8f306f0,1,filled,,,,,,,,,,
20260624093549312::bba57179-0559-4094-badc-ba9a66d2e652,FILL,2026-06-24T13:35:49.312189Z,fill,4.1,1,sell,NKE260717P00045000,0,49b744e1-2dee-4098-be52-7d7b282a2cfb,1,filled,,,,,,,,,,
20260624093548927::79434cdb-daea-4f5a-aa0d-ae5088d47dab,FILL,2026-06-24T13:35:48.927042Z,fill,3.2,1,sell,NKE260710P00044000,0,d8b8020b-716d-4104-b138-ac99c10a48e4,1,filled,,,,,,,,,,
20260624093548580::73fd1eff-3744-4e3c-bacc-ac2473445021,FILL,2026-06-24T13:35:48.580928Z,fill,4.35,1,sell,NFLX260717P00075000,0,3d9da912-183b-45f5-a428-350e34f9e4ec,1,filled,,,,,,,,,,
20260624093548218::c04fb0c7-1543-4bc5-ba8a-8244648c1d02,FILL,2026-06-24T13:35:48.218063Z,fill,1.02,1,sell,MRK260717P00115000,0,78a6fe89-74d9-44f7-9cbb-16bc4881de48,1,filled,,,,,,,,,,
20260624093547874::ac1ce1c4-f404-4fd4-8e3c-bb3e5c5eb260,FILL,2026-06-24T13:35:47.874982Z,fill,2.38,2,sell,MO260717C00070000,0,faecc450-b983-45ee-bc60-b58ca1bdc2e4,2,filled,,,,,,,,,,
20260624093547610::449b2f95-2dbb-456d-aa4b-41483f16c808,FILL,2026-06-24T13:35:47.610915Z,fill,2.9,1,sell,MMM260717C00165000,0,d47c19a5-422a-4d95-b858-f12981add048,1,filled,,,,,,,,,,
20260624093547270::7cba0931-7d76-47bc-8b84-74d1fb1d8ab5,FILL,2026-06-24T13:35:47.270694Z,fill,1.6,1,sell,MDT260717C00080000,0,15cf1a89-afcf-4f28-849b-3f35e9d65007,1,filled,,,,,,,,,,
20260624093546935::a03f1543-5ac2-4ba7-8c55-2812332f373f,FILL,2026-06-24T13:35:46.935182Z,fill,3.07,1,sell,IWM260710C00303000,0,a89190d5-4b90-477b-96b4-cafb3d5e85ec,1,filled,,,,,,,,,,
20260624093546698::2f73aa9b-afb8-4340-93d4-b155e10b5d27,FILL,2026-06-24T13:35:46.698636Z,fill,4.37,1,sell,IWM260710C00300000,0,4f9e6bc9-2902-44a4-b11d-32bd5abd98c4,1,filled,,,,,,,,,,
20260624093546367::70935010-21e5-4d8b-ad81-734f19996510,FILL,2026-06-24T13:35:46.367616Z,fill,2,2,sell,DIS260710C00102000,0,7b8b42a9-574d-4f4d-b2fa-224a0c9b6680,2,filled,,,,,,,,,,
20260624093546029::52ba2349-bbe8-47c6-b9fe-5d818302ec32,FILL,2026-06-24T13:35:46.029143Z,fill,4.2,1,sell,DIA260710C00522000,0,194fe6b7-8047-4dd4-aa5b-8d6b27099e9b,1,filled,,,,,,,,,,
20260624093545797::84067e59-1103-4e12-bc0c-d4528abb1bc0,FILL,2026-06-24T13:35:45.797027Z,fill,3.3,1,sell,CVX260717P00170000,0,56e3802b-92fa-4303-85a7-8b9035d95839,1,filled,,,,,,,,,,
20260624093545572::7a673898-817d-4a60-929b-47907999e938,FILL,2026-06-24T13:35:45.572386Z,fill,4.15,1,sell,CVX260710P00175000,0,3a988f6a-515c-483f-b32d-dcb00812474f,1,filled,,,,,,,,,,
20260624093545081::0c1867ac-df87-466e-bbed-5ead6722fbd2,FILL,2026-06-24T13:35:45.081838Z,fill,3.5,1,sell,CVS260717C00100000,0,b3e7562d-a7c2-423c-aadf-b32b4e9614b9,1,filled,,,,,,,,,,
20260624093544842::40f44fc4-1aa8-46c9-b249-a33192f708ad,FILL,2026-06-24T13:35:44.842804Z,fill,4.55,1,sell,CSCO260717C00120000,0,efd8a27b-d708-4095-a84d-59af6fa33d07,1,filled,,,,,,,,,,
20260624093544480::521f7588-b506-4f0d-9051-0b7e0aefb616,FILL,2026-06-24T13:35:44.48029Z,fill,2.67,1,sell,CSCO260710C00122000,0,11e46ead-e992-4131-815b-01523b27e3fe,1,filled,,,,,,,,,,
20260624093544137::853ed6cc-d8f4-4d65-8795-479e8d4795db,FILL,2026-06-24T13:35:44.137366Z,fill,4.35,1,sell,COP260717P00110000,0,f66c2f1c-362e-4205-ac57-acd60f30bee8,1,filled,,,,,,,,,,
20260624093543917::afb64e3e-b4ba-4f5e-9a19-3c6089a36e51,FILL,2026-06-24T13:35:43.917342Z,fill,2.8,1,sell,C260717C00150000,0,7ebd35b4-5d76-4b9d-869c-f6bf3cb92b29,1,filled,,,,,,,,,,
20260624093543656::1dacc222-0b67-4725-90de-098f423b1b32,FILL,2026-06-24T13:35:43.656466Z,fill,2.95,1,sell,C260710C00146000,0,e983f17f-04aa-4055-83cd-d3e9ae329bbe,1,filled,,,,,,,,,,
20260624093543312::036b9c1f-2606-4b14-abab-1dba030cc806,FILL,2026-06-24T13:35:43.31237Z,fill,1.92,2,sell,BAC260717C00057500,0,f9ec7a1b-8850-4d23-a083-f4c31ca93b74,2,filled,,,,,,,,,,
20260624093542982::aab37977-4820-4ad8-b36d-a49b261b24a3,FILL,2026-06-24T13:35:42.982067Z,fill,1.09,2,sell,BAC260710C00058000,0,9e724d85-0025-493e-b75b-b4311be8a4fe,2,filled,,,,,,,,,,
20260624093542643::56bfeb9d-9708-44c1-ae38-da5e4ebdf4cf,FILL,2026-06-24T13:35:42.643844Z,fill,4.15,1,sell,BA260717P00215000,0,24e11458-17a6-4a2c-9c54-d7dbe823b3d4,1,filled,,,,,,,,,,
20260624093542315::1f1b5e49-0fd6-429e-8b44-bdb28c5916f2,FILL,2026-06-24T13:35:42.315926Z,fill,3.45,1,sell,AMZN260710P00230000,0,d777de70-578e-473b-ac46-1fa61593f3f9,1,filled,,,,,,,,,,
20260624093541972::65de69e3-8641-4ff7-adc1-1e1d2e49f1a6,FILL,2026-06-24T13:35:41.972442Z,fill,3.5,1,sell,AAPL260717C00305000,0,4173bf14-9b2b-4fd9-a639-1179dfa1f43d,1,filled,,,,,,,,,,
20260624093541477::a76da854-5944-4d87-8a4f-e795fba81bb3,FILL,2026-06-24T13:35:41.477695Z,fill,3.25,1,sell,IONQ260710C00058000,0,f8cdae69-deff-432b-bd89-7e3a824563e9,1,filled,,,,,,,,,,
20260624093540850::c783535a-50cf-4ba8-998e-46698ad63335,FILL,2026-06-24T13:35:40.850035Z,fill,1.35,2,sell,GSK260717C00052000,0,8de5b2c0-d52c-4a6a-8958-186c91ffb893,2,filled,,,,,,,,,,
20260624093540176::1ab45e11-941b-4ce7-a6dd-35e3abc8f5c3,FILL,2026-06-24T13:35:40.176395Z,fill,0.55,2,sell,LYFT260717P00014000,0,db865a56-ea1d-4ec8-9b63-e0df233fdb7a,2,filled,,,,,,,,,,
20260624093539696::eb54e8f0-aa4f-41f9-b00e-971ccd93bb81,FILL,2026-06-24T13:35:39.69628Z,fill,4.65,1,sell,XLK260710P00183000,0,ca6d936a-66d1-4ccf-a335-bf2e4e1ffe85,1,filled,,,,,,,,,,
20260624093539011::9e56cb53-f02a-4bb3-a1bc-feac9b7e55ea,FILL,2026-06-24T13:35:39.011994Z,fill,2.45,1,sell,ZM260710P00086000,0,f3065e58-cce4-4067-b564-ded5000c28fb,1,filled,,,,,,,,,,
20260624093538510::eff22c98-4c21-4496-98fb-8f9a99fc19e2,FILL,2026-06-24T13:35:38.510251Z,fill,2.42,1,sell,JPM260710C00340000,0,ebeb907e-da85-47ce-9f6a-c769ec8233ff,1,filled,,,,,,,,,,
20260624093537903::00978ab1-ff7a-451b-b1af-ea2273649aa2,FILL,2026-06-24T13:35:37.903129Z,fill,2.59,1,sell,V260717C00340000,0,d2af64de-a9b3-4325-aac2-6053ec95b80a,1,filled,,,,,,,,,,
20260624093537444::3187ae17-d121-4af8-a839-0d7c33626431,FILL,2026-06-24T13:35:37.444491Z,fill,3.6,1,sell,OKTA260710C00121000,0,3c5d1885-0434-4877-a554-bc7bfd9e6112,1,filled,,,,,,,,,,
20260624093536865::64735343-2768-44f4-aa36-bafe4849f2fd,FILL,2026-06-24T13:35:36.865794Z,fill,3.3,1,sell,BA260710P00215000,0,a89d50a0-89d9-4fd4-befc-b81116206264,1,filled,,,,,,,,,,
20260624093536137::6e925a75-f332-42c1-92b1-c33550f8efd6,FILL,2026-06-24T13:35:36.137175Z,fill,3.1,1,sell,MA260717P00465000,0,6577b3df-7c55-4a7f-88f4-79d473e4ee33,1,filled,,,,,,,,,,
20260624093535563::503159f8-3481-428a-8fc4-4aa9e33dc49b,FILL,2026-06-24T13:35:35.563139Z,fill,2.3,1,sell,SCHW260717C00092500,0,44bbe17f-5bca-4191-bae7-7325dd826ebe,1,filled,,,,,,,,,,
20260624093534855::7fb88e90-f9ad-4822-a3c2-3166096acd3c,FILL,2026-06-24T13:35:34.855143Z,fill,1.81,2,sell,NFLX260710P00073000,0,91ffc3a0-ddf0-4a09-b800-ad61a4bca00b,2,filled,,,,,,,,,,
20260624093534175::63ad88bb-77ec-48fb-9ddc-cf729379b759,FILL,2026-06-24T13:35:34.175666Z,fill,2.21,1,sell,WFC260717C00085000,0,e107de88-561b-4a13-9c99-c8b7a7ac9b0c,1,filled,,,,,,,,,,
20260624093533474::0195b457-8521-4068-babf-6ba5dd601471,FILL,2026-06-24T13:35:33.474534Z,fill,3.15,1,sell,JPM260710C00337500,0,a5fc963c-125e-4d18-86e5-5daa28392068,1,filled,,,,,,,,,,
20260624093532807::9d97195f-fdbe-44e5-bc97-9823c7592650,FILL,2026-06-24T13:35:32.807495Z,fill,6.25,1,sell,JNJ260717C00240000,0,baa20494-656f-4908-a6b7-2b2b880d2cbb,1,filled,,,,,,,,,,
20260624093532100::69f52fb1-4200-4864-a1b9-487cab9cb5aa,FILL,2026-06-24T13:35:32.100334Z,fill,1.3,2,sell,SO260717C00095000,0,adb1da00-510b-402f-9d02-dbd1d6f3eb6e,2,filled,,,,,,,,,,
20260624093531531::6e74d5e3-1d2e-40cc-b4e5-5801b6a7b09c,FILL,2026-06-24T13:35:31.531619Z,fill,2.68,1,sell,ZM260717P00085000,0,f3ecfaba-95a4-4c78-8295-1c7e43a84af1,1,filled,,,,,,,,,,
20260624093530952::ae0c5770-7570-42db-b0f0-41d846246461,FILL,2026-06-24T13:35:30.952756Z,fill,0.85,2,sell,ENB260717C00055000,0,5c39cd81-e714-4fe8-9ff0-3bab0fe73444,2,filled,,,,,,,,,,
20260624093530346::2111769c-0f45-4b9f-8f2d-5949a8d2e61a,FILL,2026-06-24T13:35:30.346785Z,fill,1.89,2,sell,KO260717C00080000,0,233b1234-3811-45f4-9f57-4a575b76a6c3,2,filled,,,,,,,,,,
20260624093529783::4dd51be2-df79-498a-9a70-1d294252b264,FILL,2026-06-24T13:35:29.783933Z,fill,3.2,1,sell,ABT260717C00090000,0,8506f7eb-a2af-4b6f-956d-9411446b589e,1,filled,,,,,,,,,,
20260624093529147::29dcb407-3c4f-4941-a75b-0628c5e82221,FILL,2026-06-24T13:35:29.147597Z,fill,4.6,1,sell,SAP260717P00150000,0,9ec8d61f-8480-47a7-9c8a-f97ee87c9660,1,filled,,,,,,,,,,
20260624093528466::10a184c1-7c13-4f62-80d1-22ec48cf7220,FILL,2026-06-24T13:35:28.4666Z,fill,3.25,1,sell,CRM260710P00149000,0,57075883-9dd5-4e85-ac70-d38f8451f01f,1,filled,,,,,,,,,,
20260624093527892::96a6aa3b-9803-41de-9208-92418559a7f8,FILL,2026-06-24T13:35:27.892605Z,fill,1.45,2,sell,MO260710C00071000,0,925cb7e5-41a0-49fe-b418-75b5caeea221,2,filled,,,,,,,,,,
20260624093527217::c3fbf133-ac12-47e1-b70b-1dc2b2782543,FILL,2026-06-24T13:35:27.217501Z,fill,0.58,2,sell,RIVN260710P00015000,0,712ebc1b-74b2-4854-89ee-6bf71c9e5b3b,2,filled,,,,,,,,,,
20260624093526607::d39958c8-cecf-4d94-8b5c-330648650987,FILL,2026-06-24T13:35:26.607058Z,fill,3.1,1,sell,WMT260717C00120000,0,f4f11d77-397d-4cac-995a-24b347c98e13,1,filled,,,,,,,,,,
20260624093526027::cf45d42b-4394-4127-b4b9-da45392f2a9c,FILL,2026-06-24T13:35:26.027719Z,fill,3.8,1,sell,MRK260717C00120000,0,7933ca00-e910-4bc0-be0a-e502e024d0c4,1,filled,,,,,,,,,,
20260624093525282::9ecd36ba-8fac-4fde-8799-064ce2715a4b,FILL,2026-06-24T13:35:25.282218Z,fill,0.5,2,sell,F260717P00014000,0,63071241-1f33-4e9f-bab4-37a84b4cfa22,2,filled,,,,,,,,,,
20260624093518007::2efcd9a9-79a7-423e-ab86-b013158aeef0,FILL,2026-06-24T13:35:18.007456Z,fill,2.64,1,sell,ZS260710P00120000,0,6397864f-2c1b-49bd-a429-75ad1695526a,1,filled,,,,,,,,,,
20260624093516438::86e6113d-2475-4b94-9a18-809022978dd6,FILL,2026-06-24T13:35:16.438775Z,fill,2.2,1,sell,ZS260710P00119000,0,8060b7d4-9489-4404-a421-3293206c2e73,1,filled,,,,,,,,,,
20260624093512571::4e70b8a5-2704-49c9-ae2c-258406ac8c26,FILL,2026-06-24T13:35:12.571085Z,fill,0.92,1,sell,XLK260710C00197000,0,844e9198-5296-4af9-8852-b97d9ae0b7e2,1,filled,,,,,,,,,,
20260624093509195::00c4dabe-c717-4e48-a13e-58bd34cfcb58,FILL,2026-06-24T13:35:09.195418Z,fill,2.78,1,sell,WMT260717P00120000,0,7e2510ba-8fe0-40da-8fc2-a17ad104bfe0,1,filled,,,,,,,,,,
20260624093507018::e2216e40-511d-404e-a57e-4ab558a19fe4,FILL,2026-06-24T13:35:07.018654Z,fill,1.6,1,sell,UBER260717C00072500,0,98689598-c008-49dc-bb38-c2aec7bc0ec3,1,filled,,,,,,,,,,
20260624093505631::e6c9917c-23a5-452d-8fb0-c02d13f31fea,FILL,2026-06-24T13:35:05.631568Z,fill,1.57,1,sell,TGT260717P00130000,0,7a5a14b2-2c19-4d22-8600-7e68b32e4016,1,filled,,,,,,,,,,
20260624093501136::9db6b9b2-dafb-4296-90ac-57f6b4276a62,FILL,2026-06-24T13:35:01.136758Z,fill,0.75,2,sell,SO260710C00094000,0,99084c6d-2c1e-4aac-9fef-5317ec5f7b23,2,filled,,,,,,,,,,
20260624093456726::46a9abe1-59d3-4f43-a94b-d3e104b55aea,FILL,2026-06-24T13:34:56.72694Z,fill,2.08,1,sell,RTX260717P00180000,0,b84177ee-6b17-4af5-95a5-b20c6515ba8d,1,filled,,,,,,,,,,
20260624093452581::454267e5-ce8c-4495-98ac-8c5c8e5da620,FILL,2026-06-24T13:34:52.581068Z,fill,2.23,1,sell,PG260717P00150000,0,a6c7c387-75c9-4c46-97d3-c99347038b30,1,filled,,,,,,,,,,
20260624093447453::c3ee13f5-2810-4e38-b35f-44d9926a43bc,FILL,2026-06-24T13:34:47.453442Z,fill,1.88,1,sell,NVDA260717C00220000,0,29a41426-a2a5-4eb3-9c1c-5b55322a4057,1,filled,,,,,,,,,,
20260624093446172::af02d0eb-9ed9-4328-beec-aeb90c7221e9,FILL,2026-06-24T13:34:46.172572Z,fill,1.77,1,sell,NVDA260710C00215000,0,b29d3689-7229-4f10-b6de-74c07f60ab89,1,filled,,,,,,,,,,
20260624093439032::82f45d45-54d8-47e7-89b2-7ae3c42a57fa,FILL,2026-06-24T13:34:39.032268Z,fill,0.9,1,sell,MDT260717P00080000,0,915ec1a5-e850-4f50-a546-a0a1b405c5db,1,filled,,,,,,,,,,
20260624093436781::6c5f3dbe-3aae-4174-b82f-89ade6858833,FILL,2026-06-24T13:34:36.781102Z,fill,0.3,2,sell,LYFT260717C00015000,0,c562d1f9-a962-4e35-8e17-e51093f06d3b,2,filled,,,,,,,,,,
20260624093435394::7a7dd19c-9aa9-44e0-bb83-8be87947ca5f,FILL,2026-06-24T13:34:35.394653Z,fill,1.05,2,sell,KO260717P00080000,0,a9bbae42-5e1c-40d0-9096-97650c25b329,2,filled,,,,,,,,,,
20260624093434188::037b7174-74e7-434d-877c-552f2367f251,FILL,2026-06-24T13:34:34.18816Z,fill,1.15,1,sell,JNJ260710P00230000,0,2c2d9421-a49a-42c4-9a34-bc98c3c6f3db,1,filled,,,,,,,,,,
20260624093430897::a15665ef-4302-48c9-bf3d-ba9d4a809828,FILL,2026-06-24T13:34:30.897284Z,fill,0.3,2,sell,GSK260710P00051000,0,8105f9df-cb9b-4a10-a5a8-13f5a41f84ce,2,filled,,,,,,,,,,
20260624093429735::52a96d81-418d-4ce9-96ff-1055829116eb,FILL,2026-06-24T13:34:29.735067Z,fill,0.87,1,sell,GM260717C00085000,0,2a41a509-80cb-41b5-9225-7f0027b9527e,2,filled,,,,,,,,,,
20260624093429625::ba0862de-7147-426e-8893-da05fb60f476,FILL,2026-06-24T13:34:29.625408Z,partial_fill,0.87,1,sell,GM260717C00085000,1,2a41a509-80cb-41b5-9225-7f0027b9527e,1,partially_filled,,,,,,,,,,
20260624093428365::4399f386-aede-4f0a-a7df-daa16aa4d919,FILL,2026-06-24T13:34:28.365387Z,fill,1.53,1,sell,GM260717C00082500,0,acec2e8c-0fbd-479b-8444-fe1cc0bdfc16,1,filled,,,,,,,,,,
20260624093427192::2d8ec6d0-1398-4704-bb7c-986d2f7f68cf,FILL,2026-06-24T13:34:27.19273Z,fill,0.65,1,sell,ESTC260717P00055000,0,1e4132c9-bf3e-400f-9bc6-0ff641149785,1,filled,,,,,,,,,,
20260624093425822::a1d824fc-5049-4bdd-b1e5-ba8bb3587094,FILL,2026-06-24T13:34:25.822564Z,fill,0.68,2,sell,DIS260710C00104000,0,ce20826f-b0a1-4577-8c90-ee4285f72461,2,filled,,,,,,,,,,
20260624093420380::edc57cdd-0bb3-4ce6-98a0-1e1604adaa69,FILL,2026-06-24T13:34:20.380375Z,fill,1.45,2,sell,CVS260717C00105000,0,9d7d4ac1-7aa1-4abe-8c43-1ee7578b636b,2,filled,,,,,,,,,,
20260624093416212::be115e68-f37a-4a74-b7ba-d759e6972ce9,FILL,2026-06-24T13:34:16.21246Z,fill,2.76,1,sell,CRM260717P00145000,0,c57bb97f-d7cf-4a07-8f15-51cabd86ea26,1,filled,,,,,,,,,,
20260624093413948::866f87c2-e4db-41d8-96b3-c0613b117d44,FILL,2026-06-24T13:34:13.948926Z,fill,1.65,1,sell,CARR260717C00072500,0,1c255e3b-05f5-4afc-8a77-abf08b1fa9dc,1,filled,,,,,,,,,,
20260624093406340::3dbc2b60-bc14-4c5c-9c71-a1621b410e68,FILL,2026-06-24T13:34:06.340612Z,fill,1.35,1,sell,ABT260717P00087500,0,55f95d3e-365b-4b5d-a310-97b662d3c7e1,1,filled,,,,,,,,,,
20260624093403726::1f98b27d-e8a4-4b0b-b78b-8170120d834c,FILL,2026-06-24T13:34:03.726439Z,fill,2.7,1,sell,AAPL260710C00305000,0,c01a721e-10e4-4b52-ac8b-3cb325df605a,1,filled,,,,,,,,,,
20260624093358131::834e7014-ce00-4164-871f-ad2d0b91eff0,FILL,2026-06-24T13:33:58.131665Z,fill,0.29,2,sell,PFE260710P00025000,0,668f9d61-b8bf-47e2-9a4a-2c3ec9977bf2,2,filled,,,,,,,,,,
20260624093355542::dede1bcd-80d5-403f-8b1a-18b74fadeedc,FILL,2026-06-24T13:33:55.542036Z,fill,2.75,1,sell,RTX260710P00185000,0,764da110-381e-4e51-bb16-93634b8176e9,1,filled,,,,,,,,,,
20260624093353126::0942b342-051f-4658-8c22-046d9b2f8c76,FILL,2026-06-24T13:33:53.126816Z,fill,0.95,2,sell,CARR260710P00071000,0,c6704a9a-70c6-4ad4-959e-f9e23a7ea447,2,filled,,,,,,,,,,
20260624093348445::d2cfc299-b528-4442-8279-bbade9df62a6,FILL,2026-06-24T13:33:48.445818Z,fill,2.78,1,sell,IONQ260710C00060000,0,48197160-ce36-4f73-b475-daa817b3b7ae,1,filled,,,,,,,,,,
20260624093344048::e5510cc5-ce44-4f74-9619-a0ccfc98ef53,FILL,2026-06-24T13:33:44.048983Z,fill,2.05,1,sell,COP260717C00110000,0,69c11cfb-fc78-463b-86a3-c90f6366200b,1,filled,,,,,,,,,,
20260624093332332::31108376-90b7-45e8-8360-4cbe3613f7c4,FILL,2026-06-24T13:33:32.332951Z,fill,2.84,1,sell,MMM260710C00162500,0,aa730d35-c1e9-4b06-9b9a-7b9360fab300,1,filled,,,,,,,,,,
20260624000000000::ff1ff8e1-0d8d-4980-ab70-5c7a4b933d27,FEE,,,,,,,,8fbb314d-b4ef-47c9-99f6-b213f508cf38,,,OCC,2026-06-24,2026-06-25T08:25:18.990927Z,-0.04,OCC Clearing Fee,executed,f3d78efe-981e-429a-b509-d6ecb9ef4b27,USD,,
20260624000000000::fe87d775-3641-4254-bdb7-9604438f9e68,FEE,,,,,,,,daa5fa0a-7c13-4cd8-b44d-68e86d856f0d,,,OCC,2026-06-24,2026-06-25T08:25:18.990927Z,-0.02,OCC Clearing Fee,executed,cdc84f89-3794-4216-9966-54d94243c6b4,USD,,
20260624000000000::fad2ee74-e5d1-4f57-a22a-efa1450f686a,FEE,,,,,,,,6419c188-d0a6-4139-a98a-4ac7adcd5642,,,OCC,2026-06-24,2026-06-25T08:23:06.563189Z,-0.02,OCC Clearing Fee,executed,725056c2-628e-43d1-9dde-59cbcd4bd2c1,USD,,
20260624000000000::fa40daf3-581b-43bf-a97d-cb9283a222fa,FEE,,,,,,,,1e4132c9-bf3e-400f-9bc6-0ff641149785,,,OCC,2026-06-24,2026-06-25T08:23:00.797486Z,-0.02,OCC Clearing Fee,executed,2d8ec6d0-1398-4704-bb7c-986d2f7f68cf,USD,,
20260624000000000::fa259c30-ea40-4036-9619-3a82a807536d,FEE,,,,,,,,3db33fad-f286-436f-8331-1071c6edb17d,,,OCC,2026-06-24,2026-06-25T08:23:00.797486Z,-0.02,OCC Clearing Fee,executed,f4c0c1c5-c750-41a3-aa07-23df0601f505,USD,,
20260624000000000::f962a299-a3dd-44bd-a42e-d2744777877b,FEE,,,,,,,,cce9fc99-e995-452a-a07f-bc1b862610c7,,,OCC,2026-06-24,2026-06-25T08:23:06.563189Z,-0.04,OCC Clearing Fee,executed,ab157374-95aa-45eb-b7e8-c81b81b2f883,USD,,
20260624000000000::f72d9a23-dff9-4239-b4b4-39ffc8788d26,FEE,,,,,,,,278ee44b-35a5-4557-b15c-65643dc102db,,,OCC,2026-06-24,2026-06-25T08:24:21.004615Z,-0.02,OCC Clearing Fee,executed,19532b48-7dd4-4126-af49-06e47eebe20a,USD,,
20260624000000000::f6141390-f4fa-4ec1-be47-e5a14e32d85a,FEE,,,,,,,,,,,ORF,2026-06-24,2026-06-25T08:23:25.390385Z,-9.99,ORF fee for proceed of 372 contracts on 2026-06-24 by PA3NJU1Y90R3,executed,,USD,,
20260624000000000::f5b8010e-9f37-4a72-8c6f-8c7d6b729602,FEE,,,,,,,,83422b2b-c528-4c09-91ec-324e33dcf436,,,OCC,2026-06-24,2026-06-25T08:25:18.990927Z,-0.02,OCC Clearing Fee,executed,8906f5a7-306a-44c3-96f1-3f52e391df9a,USD,,
20260624000000000::f4e0d497-6b90-4c21-82ee-88ff527d667b,FEE,,,,,,,,6918db66-0f72-4515-90c2-a48ef2d1d8e9,,,OCC,2026-06-24,2026-06-25T08:25:18.990927Z,-0.02,OCC Clearing Fee,executed,d28e46ea-4320-430e-a790-7ee6461f6616,USD,,
20260624000000000::f3396670-8103-4dca-b5ec-98e8af281100,FEE,,,,,,,,a79f83fc-1e2a-4144-9dfe-797a334ee8ff,,,OCC,2026-06-24,2026-06-25T08:24:21.004615Z,-0.02,OCC Clearing Fee,executed,603b3f7c-7ba9-4496-805f-aede99ad1fda,USD,,
20260624000000000::f0d2e30f-2064-40d2-91a2-dd3b92aeceee,FEE,,,,,,,,98689598-c008-49dc-bb38-c2aec7bc0ec3,,,OCC,2026-06-24,2026-06-25T08:23:06.563189Z,-0.02,OCC Clearing Fee,executed,e2216e40-511d-404e-a57e-4ab558a19fe4,USD,,
20260624000000000::ef98eaa3-b786-4af1-a2a4-2cc4d88ca97b,FEE,,,,,,,,e473f1a0-b3b0-4ade-9506-4b4cf5ecb878,,,OCC,2026-06-24,2026-06-25T08:25:18.990927Z,-0.02,OCC Clearing Fee,executed,ab6f4dbf-b62c-43e2-a5b6-bda6d6fa8195,USD,,
20260624000000000::eee456f8-bee3-4485-9b3b-733b1db0a457,FEE,,,,,,,,51ed802f-14c8-4bdb-b9a7-83f51f5bae5c,,,OCC,2026-06-24,2026-06-25T08:25:18.990927Z,-0.02,OCC Clearing Fee,executed,74cafa7a-e3ce-4302-ae44-11771a523ea1,USD,,
20260624000000000::edf4e2f6-7a2a-4bb9-a566-b729d7a5e693,FEE,,,,,,,,578b57c6-472f-44aa-bab6-45a17061fb7c,,,OCC,2026-06-24,2026-06-25T08:24:55.182057Z,-0.02,OCC Clearing Fee,executed,6740c66b-dcf4-4628-827f-158ef8ff2187,USD,,
20260624000000000::edc2274b-071e-472d-b963-0d63e12d53d3,FEE,,,,,,,,6b2fcc20-1b23-48c8-8437-16659da1dace,,,OCC,2026-06-24,2026-06-25T08:25:04.237006Z,-0.02,OCC Clearing Fee,executed,f898e458-3eb2-471b-bde8-2f5e3e452706,USD,,
20260624000000000::ed9da501-8223-45d4-bed7-1d863b934550,FEE,,,,,,,,588bb4e2-36b4-4237-8f46-a0e237d883ba,,,OCC,2026-06-24,2026-06-25T08:23:25.390385Z,-0.02,OCC Clearing Fee,executed,7a8ea052-0b27-447a-bb38-5e855ff46c50,USD,,
20260624000000000::ed60e661-978c-44cb-a328-94c1328080d3,FEE,,,,,,,,54988651-3eb8-47d3-bb3d-52587d865065,,,OCC,2026-06-24,2026-06-25T08:25:14.765029Z,-0.04,OCC Clearing Fee,executed,13533912-1cbe-469d-b87b-55b6d66a3a06,USD,,
20260624000000000::ebc9065b-78ef-4865-b7e4-e097d6a4aeaa,FEE,,,,,,,,dd5dc591-cee2-4118-9434-2d277b52b775,,,OCC,2026-06-24,2026-06-25T08:23:06.563189Z,-0.02,OCC Clearing Fee,executed,13e18a8e-ff8a-4002-8c35-bfb88e74dc60,USD,,
20260624000000000::eb978a7d-7593-4857-9ea7-78c6821a49f9,FEE,,,,,,,,adb1da00-510b-402f-9d02-dbd1d6f3eb6e,,,OCC,2026-06-24,2026-06-25T08:23:06.563189Z,-0.04,OCC Clearing Fee,executed,69f52fb1-4200-4864-a1b9-487cab9cb5aa,USD,,
20260624000000000::eb7e0669-7c65-4075-b538-4f47ebbea9cf,FEE,,,,,,,,8278a0ba-3ef4-45ee-aa61-bd1a86ecd58a,,,OCC,2026-06-24,2026-06-25T08:23:06.563189Z,-0.02,OCC Clearing Fee,executed,d454c15e-c22e-4aa9-8dab-da842bb7343b,USD,,
20260624000000000::eb75c3e7-be4d-4f9f-ad30-17444412d691,FEE,,,,,,,,26318e04-35c1-4609-aa59-72b5122d2aa7,,,OCC,2026-06-24,2026-06-25T08:23:25.390385Z,-0.02,OCC Clearing Fee,executed,6bc61f3a-90ca-4ca4-887a-6947b9450b14,USD,,
20260624000000000::ea9937ce-e234-45c2-98b0-9417d72e2249,FEE,,,,,,,,baa20494-656f-4908-a6b7-2b2b880d2cbb,,,OCC,2026-06-24,2026-06-25T08:23:06.563189Z,-0.02,OCC Clearing Fee,executed,9d97195f-fdbe-44e5-bc97-9823c7592650,USD,,
20260624000000000::e835a5db-bdba-4cd4-8711-97de743b45c5,FEE,,,,,,,,49b744e1-2dee-4098-be52-7d7b282a2cfb,,,OCC,2026-06-24,2026-06-25T08:23:06.563189Z,-0.02,OCC Clearing Fee,executed,bba57179-0559-4094-badc-ba9a66d2e652,USD,,
20260624000000000::e779ad85-f3e9-4cb1-b270-f822a728e3a8,FEE,,,,,,,,dc0ae633-c260-4c2b-b750-2693ff7f0d35,,,OCC,2026-06-24,2026-06-25T08:23:25.390385Z,-0.04,OCC Clearing Fee,executed,7daa3087-b6da-4828-a2ea-d6733a81dc9b,USD,,
20260624000000000::e6d7c826-3ff0-420b-908e-88ea7242952c,FEE,,,,,,,,a57b353a-493c-4fbd-a70a-ac79f483428d,,,OCC,2026-06-24,2026-06-25T08:23:00.797486Z,-0.04,OCC Clearing Fee,executed,e0a90116-5c9a-4f9f-9d72-0760622a76d7,USD,,
20260624000000000::e5647a49-011a-442e-bdd9-cd46f57f31c6,FEE,,,,,,,,19eda788-b81b-4c6d-8455-74b8a5dc098c,,,OCC,2026-06-24,2026-06-25T08:25:04.237006Z,-0.02,OCC Clearing Fee,executed,9367635b-3883-41cd-a791-e02590b2105e,USD,,
20260624000000000::e4b6433b-1c59-4657-a275-e411d9860b41,FEE,,,,,,,,daa5fa0a-7c13-4cd8-b44d-68e86d856f0d,,,OCC,2026-06-24,2026-06-25T08:25:18.990927Z,-0.02,OCC Clearing Fee,executed,7eef63a9-e879-4b11-9ae5-4f1178a60a93,USD,,
20260624000000000::e45b48b5-5dfe-46f3-a5d5-ce6214ebf987,FEE,,,,,,,,ec638cf6-7b92-4a08-8efb-c5affd9b63fd,,,OCC,2026-06-24,2026-06-25T08:25:18.990927Z,-0.02,OCC Clearing Fee,executed,e0aa70c6-a0f5-47c7-894d-3051e9919ea0,USD,,
20260624000000000::e13bb8d6-f64e-49a2-81bf-462dff8d03bf,FEE,,,,,,,,dea1724a-03b0-43c5-bedf-6e8b931e6afb,,,OCC,2026-06-24,2026-06-25T08:24:07.161985Z,-0.02,OCC Clearing Fee,executed,638f4eff-2cf1-43de-be3f-55e674cd47c2,USD,,
20260624000000000::dca74c0f-aef7-4567-b66d-755b914444d1,FEE,,,,,,,,71634799-c1d0-494f-8c21-38b613fd6e5d,,,OCC,2026-06-24,2026-06-25T08:24:21.004615Z,-0.02,OCC Clearing Fee,executed,aa6a900e-7878-42fb-8b72-c75019736874,USD,,
20260624000000000::d98b13b2-fc0f-4055-8ca4-1e1aec59cae7,FEE,,,,,,,,8105f9df-cb9b-4a10-a5a8-13f5a41f84ce,,,OCC,2026-06-24,2026-06-25T08:23:06.563189Z,-0.04,OCC Clearing Fee,executed,a15665ef-4302-48c9-bf3d-ba9d4a809828,USD,,
20260624000000000::d95e5564-6798-42df-8310-d6748452a626,FEE,,,,,,,,712ebc1b-74b2-4854-89ee-6bf71c9e5b3b,,,OCC,2026-06-24,2026-06-25T08:23:06.563189Z,-0.04,OCC Clearing Fee,executed,c3fbf133-ac12-47e1-b70b-1dc2b2782543,USD,,
20260624000000000::d917fa36-e724-443c-bb57-85ea5cb54d05,FEE,,,,,,,,9be8d27d-3e24-4b94-b115-8ff0f29d6b90,,,OCC,2026-06-24,2026-06-25T08:25:18.990927Z,-0.04,OCC Clearing Fee,executed,6f6676db-01d0-4343-a981-bb7eaa5ae891,USD,,
20260624000000000::d835a290-fead-46c1-bcfd-09212521a63b,FEE,,,,,,,,7ee67c71-7ba5-4626-a43a-a23657e09c4d,,,OCC,2026-06-24,2026-06-25T08:25:04.237006Z,-0.02,OCC Clearing Fee,executed,a08361ae-e34c-4bff-a852-b08ad2e0edc0,USD,,
20260624000000000::d6b1d954-ed7b-42e2-aea3-ef315c5bb8f3,FEE,,,,,,,,2a198edf-15e7-43c3-b642-f5c64d802306,,,OCC,2026-06-24,2026-06-25T08:23:06.563189Z,-0.02,OCC Clearing Fee,executed,7727aa2e-7cee-47d5-b48e-65245246c0c4,USD,,
20260624000000000::d6447f49-2c61-483e-9de4-a8f8fb582a49,FEE,,,,,,,,206daef3-0da5-4dfe-8191-7b2f40abfb7a,,,OCC,2026-06-24,2026-06-25T08:23:25.390385Z,-0.04,OCC Clearing Fee,executed,86beeedc-c32a-4028-9a80-34db8ef559b6,USD,,
20260624000000000::d60522dc-85d9-47da-99bd-08489bc18e8f,FEE,,,,,,,,582f88e0-72ee-41bd-b3ca-a29bf8dd2d49,,,OCC,2026-06-24,2026-06-25T08:25:18.990927Z,-0.02,OCC Clearing Fee,executed,a1a7dd21-4a40-4502-9115-67afca328264,USD,,
20260624000000000::d5fb03aa-7a7c-4a92-8819-4ebc7700a6b3,FEE,,,,,,,,15cf1a89-afcf-4f28-849b-3f35e9d65007,,,OCC,2026-06-24,2026-06-25T08:23:00.797486Z,-0.02,OCC Clearing Fee,executed,7cba0931-7d76-47bc-8b84-74d1fb1d8ab5,USD,,
20260624000000000::d5f75c33-c43b-4e5d-b163-601a31e45267,FEE,,,,,,,,332a544e-e3d6-41c5-b9ed-b2def03575c7,,,OCC,2026-06-24,2026-06-25T08:24:07.161985Z,-0.04,OCC Clearing Fee,executed,fbe2ce97-7c51-4c2c-a795-b04efafcd43c,USD,,
20260624000000000::d421ffac-f817-4ca7-82df-b1b34d9fa973,FEE,,,,,,,,7fe621ca-c951-4d35-ac7e-88e6da174edf,,,OCC,2026-06-24,2026-06-25T08:23:25.390385Z,-0.02,OCC Clearing Fee,executed,ac61d199-bd26-4b16-9119-c5aaedf9ab03,USD,,
20260624000000000::d329cd15-4fe3-44c0-ace4-d3eb25d2e7fa,FEE,,,,,,,,6577b3df-7c55-4a7f-88f4-79d473e4ee33,,,OCC,2026-06-24,2026-06-25T08:23:00.797486Z,-0.02,OCC Clearing Fee,executed,6e925a75-f332-42c1-92b1-c33550f8efd6,USD,,
20260624000000000::d1b3fa12-4c84-4dd9-a0c9-97ebb2c5e100,FEE,,,,,,,,1bfe0264-0879-4b59-9724-a9f700be6ab1,,,OCC,2026-06-24,2026-06-25T08:25:18.990927Z,-0.04,OCC Clearing Fee,executed,9d0810f6-bec2-477d-8f33-b7ad552eed13,USD,,
20260624000000000::d16318d5-03d9-4d8f-8393-276dbaa3261d,FEE,,,,,,,,c602a18c-9081-40a9-87a7-6a183519287b,,,OCC,2026-06-24,2026-06-25T08:23:06.563189Z,-0.02,OCC Clearing Fee,executed,f4dbcbbe-f23a-4ca3-966f-6d7f8159b0e3,USD,,
20260624000000000::d10fcd22-2a45-4b8d-afd4-4a231c6481a0,FEE,,,,,,,,874a3117-06c3-4cab-845d-c5d2cc0fd3f9,,,OCC,2026-06-24,2026-06-25T08:24:55.182057Z,-0.02,OCC Clearing Fee,executed,14e621f6-cecd-46a3-b54d-74ae3046be1b,USD,,
20260624000000000::cf7e831c-dbc8-4543-bbde-524456ac420c,FEE,,,,,,,,fa8b9cea-a7cd-4d2c-8d71-760851976737,,,OCC,2026-06-24,2026-06-25T08:25:12.742469Z,-0.04,OCC Clearing Fee,executed,ef881b31-3386-484c-84c1-560e49e2de25,USD,,
20260624000000000::cf636566-b3e0-4e93-8f0d-7aeca0f7e7b4,FEE,,,,,,,,29100442-5b87-4453-9721-fcf07b35fc77,,,OCC,2026-06-24,2026-06-25T08:25:18.990927Z,-0.02,OCC Clearing Fee,executed,5ca3b53f-d17d-4e51-a295-e4cff13bd7a7,USD,,
20260624000000000::cf39c171-ddb7-458c-a65d-3838a38a2f06,FEE,,,,,,,,fefbf176-e50a-4baa-9e66-33879d60979e,,,OCC,2026-06-24,2026-06-25T08:23:06.563189Z,-0.02,OCC Clearing Fee,executed,1311c827-6a9b-43b9-9e76-4283153753dc,USD,,
20260624000000000::cf39b0a0-f657-40a1-bd19-42be3812dacf,FEE,,,,,,,,eaadf742-b2bd-42cc-b496-0d2ab3001f92,,,OCC,2026-06-24,2026-06-25T08:23:25.390385Z,-0.02,OCC Clearing Fee,executed,4fde3411-2b3d-4be5-bc0f-7a30955ccd30,USD,,
20260624000000000::cee729a1-d255-45be-84b9-39ec60c92729,FEE,,,,,,,,70ec36d2-abe8-41eb-9619-936f1487d5ae,,,OCC,2026-06-24,2026-06-25T08:24:50.434102Z,-0.04,OCC Clearing Fee,executed,90a29fb9-7822-4c9b-b0db-baa11eade0d2,USD,,
20260624000000000::ce7a59f9-17a0-4be8-8a97-2533c802b177,FEE,,,,,,,,59cc7afa-6e95-4eed-b74d-d94628f1c5b9,,,OCC,2026-06-24,2026-06-25T08:25:18.990927Z,-0.02,OCC Clearing Fee,executed,66b6f19a-f4ee-42be-ab8a-a1f562c5ed0d,USD,,
20260624000000000::cdfc9e86-8940-4807-a756-3514f4303311,FEE,,,,,,,,2970d6e7-66dc-4299-9b01-f5d0c172224a,,,OCC,2026-06-24,2026-06-25T08:25:18.990927Z,-0.02,OCC Clearing Fee,executed,88193896-be1b-4232-adf8-dc4b46da13c5,USD,,
20260624000000000::cc0780d6-c7ec-46c6-9a1f-b077e87da53d,FEE,,,,,,,,e3f26765-6aa5-4c3f-a041-e28d67d92596,,,OCC,2026-06-24,2026-06-25T08:24:41.672086Z,-0.02,OCC Clearing Fee,executed,953b1a4e-9a90-475d-9c32-8e0d3014ec20,USD,,
20260624000000000::c9ae8408-5be8-4a12-912b-ab2f4628372e,FEE,,,,,,,,1d448da9-6fed-4f65-87bf-eedc6082020f,,,OCC,2026-06-24,2026-06-25T08:23:25.390385Z,-0.02,OCC Clearing Fee,executed,d9a91997-e2e4-41e9-a6d6-7e2bb26700f2,USD,,
20260624000000000::c9162c08-7e4f-43cb-a68f-e005e4dba40e,FEE,,,,,,,,3a988f6a-515c-483f-b32d-dcb00812474f,,,OCC,2026-06-24,2026-06-25T08:23:06.563189Z,-0.02,OCC Clearing Fee,executed,7a673898-817d-4a60-929b-47907999e938,USD,,
20260624000000000::c880182b-a792-400d-8d13-578898351fb1,FEE,,,,,,,,29a41426-a2a5-4eb3-9c1c-5b55322a4057,,,OCC,2026-06-24,2026-06-25T08:23:00.797486Z,-0.02,OCC Clearing Fee,executed,c3ee13f5-2810-4e38-b35f-44d9926a43bc,USD,,
20260624000000000::c7aa82fc-7c47-464c-a312-3a922bb7238d,FEE,,,,,,,,26f244ae-0191-4982-aae5-e41a0ad2e892,,,OCC,2026-06-24,2026-06-25T08:24:07.161985Z,-0.02,OCC Clearing Fee,executed,2c0d2f50-0e32-430a-833c-e5c70854aaa2,USD,,
20260624000000000::c6a8fa10-06ca-4bf6-bd2a-2fa8ef3fe451,FEE,,,,,,,,97af84aa-200a-4ee6-9d5d-bfd8c0f404b3,,,OCC,2026-06-24,2026-06-25T08:25:12.742469Z,-0.02,OCC Clearing Fee,executed,f35aa4cd-1a1e-4ff5-b3a1-1732bae38658,USD,,
20260624000000000::c41afed3-6464-443f-96ae-08db271d92a7,FEE,,,,,,,,75359b56-1ece-444e-82e8-0dcc9d53c269,,,OCC,2026-06-24,2026-06-25T08:25:18.990927Z,-0.04,OCC Clearing Fee,executed,1c5cd6a2-6f84-428b-a7ee-a3ee03bd39e6,USD,,
20260624000000000::c3d6390e-a21e-4987-aa49-08d7964f633d,FEE,,,,,,,,78a6fe89-74d9-44f7-9cbb-16bc4881de48,,,OCC,2026-06-24,2026-06-25T08:23:00.797486Z,-0.02,OCC Clearing Fee,executed,c04fb0c7-1543-4bc5-ba8a-8244648c1d02,USD,,
20260624000000000::c39da6a0-81e8-49a7-a89c-ff98fa21bb85,FEE,,,,,,,,b84177ee-6b17-4af5-95a5-b20c6515ba8d,,,OCC,2026-06-24,2026-06-25T08:23:00.797486Z,-0.02,OCC Clearing Fee,executed,46a9abe1-59d3-4f43-a94b-d3e104b55aea,USD,,
20260624000000000::c39beaea-e845-4589-bc5d-482fd365daed,FEE,,,,,,,,c83ac511-18e4-4c8a-9c3a-eccf618bbdc1,,,OCC,2026-06-24,2026-06-25T08:25:18.990927Z,-0.04,OCC Clearing Fee,executed,1308365b-1bc7-4783-82ae-4f5bbf9fe21c,USD,,
20260624000000000::c2a52377-b5c9-4c7f-8eaa-8c2b5db433f9,FEE,,,,,,,,1a6de412-4873-4fca-a087-0635cbf754d6,,,OCC,2026-06-24,2026-06-25T08:24:21.004615Z,-0.02,OCC Clearing Fee,executed,f9ebe2a0-a831-4ab9-a1ef-f3c2d4cff943,USD,,
20260624000000000::c28aa156-e31e-45cd-939a-d5968e8897ef,FEE,,,,,,,,1fe3dad7-eeb2-4431-b958-7d5dfd1c886b,,,OCC,2026-06-24,2026-06-25T08:25:18.990927Z,-0.02,OCC Clearing Fee,executed,53375d37-8d4d-477d-a8b1-2077295819d7,USD,,
20260624000000000::c11cad8a-ba4a-4c00-a6bb-65f20b149651,FEE,,,,,,,,668f9d61-b8bf-47e2-9a4a-2c3ec9977bf2,,,OCC,2026-06-24,2026-06-25T08:23:00.797486Z,-0.04,OCC Clearing Fee,executed,834e7014-ce00-4164-871f-ad2d0b91eff0,USD,,
20260624000000000::c09f992d-7479-4c5d-87d1-3fd39b45e149,FEE,,,,,,,,3d0dc6c5-837e-48c3-9ae6-9b93d16c774c,,,OCC,2026-06-24,2026-06-25T08:24:46.047178Z,-0.02,OCC Clearing Fee,executed,dd342845-f4f2-468b-9d80-0230175c0b5b,USD,,
20260624000000000::be018401-166b-49a1-aa15-3d3460242200,FEE,,,,,,,,1b754544-b279-4e42-9ae4-f0ac5efc05b6,,,OCC,2026-06-24,2026-06-25T08:24:15.752331Z,-0.04,OCC Clearing Fee,executed,4fae3206-49b4-4143-b5af-d2360d4e2d6c,USD,,
20260624000000000::bd6ee2ec-ab52-4f02-bd12-ee9898cce96e,FEE,,,,,,,,a89d50a0-89d9-4fd4-befc-b81116206264,,,OCC,2026-06-24,2026-06-25T08:23:00.797486Z,-0.02,OCC Clearing Fee,executed,64735343-2768-44f4-aa36-bafe4849f2fd,USD,,
20260624000000000::bd3df270-b377-4362-a65e-c335f6bb0db8,FEE,,,,,,,,37840e41-87e1-45ea-bd67-c10d7d7eb10d,,,OCC,2026-06-24,2026-06-25T08:24:21.004615Z,-0.04,OCC Clearing Fee,executed,bb2e1148-777c-49e3-8fcf-e52583f42948,USD,,
20260624000000000::bb940e97-8bf0-49d7-b89e-fb3f19c81a96,FEE,,,,,,,,1fe3dad7-eeb2-4431-b958-7d5dfd1c886b,,,OCC,2026-06-24,2026-06-25T08:25:18.990927Z,-0.04,OCC Clearing Fee,executed,b94f6d19-315b-4266-af62-49c9c98192cc,USD,,
20260624000000000::baea1cf5-3ebb-4e43-aada-867deadfd355,FEE,,,,,,,,e1bba85e-8667-4888-99ba-b41487706b3e,,,OCC,2026-06-24,2026-06-25T08:23:06.563189Z,-0.02,OCC Clearing Fee,executed,275cdd7c-f4ca-4186-8402-5d4bbf0142a9,USD,,
20260624000000000::baa77b15-a0cd-4e81-8f2b-554578a391a8,FEE,,,,,,,,33f7e762-f6f2-46ba-838a-696f6e7e2ef2,,,OCC,2026-06-24,2026-06-25T08:24:57.468974Z,-0.02,OCC Clearing Fee,executed,f964e866-71e1-44ab-9283-688629f7e9fa,USD,,
20260624000000000::b981b7a8-fb83-4714-b075-af97e792f3cb,FEE,,,,,,,,3641d3d7-3cc1-4593-a208-45f5a40d8bb2,,,OCC,2026-06-24,2026-06-25T08:25:18.990927Z,-0.02,OCC Clearing Fee,executed,ae7d2090-405e-4490-af3d-dab8ae315ec6,USD,,
20260624000000000::b8fcdaea-82bc-4702-b6ef-a9c73a5e8e54,FEE,,,,,,,,228de06b-8d48-42d0-90b9-39351c2dd28f,,,OCC,2026-06-24,2026-06-25T08:24:55.182057Z,-0.04,OCC Clearing Fee,executed,75883d64-f059-4fc4-b81c-3d170eb61aec,USD,,
20260624000000000::b8d14a3f-85f7-400e-bf23-9292241aa0b3,FEE,,,,,,,,7a5a14b2-2c19-4d22-8600-7e68b32e4016,,,OCC,2026-06-24,2026-06-25T08:23:06.563189Z,-0.02,OCC Clearing Fee,executed,e6c9917c-23a5-452d-8fb0-c02d13f31fea,USD,,
20260624000000000::b78653b3-31fa-4dd9-9a81-900e5108af7c,FEE,,,,,,,,4173bf14-9b2b-4fd9-a639-1179dfa1f43d,,,OCC,2026-06-24,2026-06-25T08:23:06.563189Z,-0.02,OCC Clearing Fee,executed,65de69e3-8641-4ff7-adc1-1e1d2e49f1a6,USD,,
20260624000000000::b6b19b79-4af9-42b5-9bfd-83c5312c35f6,FEE,,,,,,,,a3a559ad-b117-4674-bb37-9576fca23410,,,OCC,2026-06-24,2026-06-25T08:23:06.563189Z,-0.04,OCC Clearing Fee,executed,401fa1b3-6260-4a67-b7e5-3a89a5af0f8e,USD,,
20260624000000000::b55f87da-3ac4-414b-a33e-6d5559a0ba21,FEE,,,,,,,,56d7935a-7076-4e67-b870-b3931c2ff56e,,,OCC,2026-06-24,2026-06-25T08:25:18.990927Z,-0.02,OCC Clearing Fee,executed,79478833-ca96-4847-af3f-284cd11c1cc6,USD,,
20260624000000000::b3a606d4-01ce-4731-853a-ef44e6ca7a83,FEE,,,,,,,,79bd0c7b-7978-4d3e-9e4c-7be64acf25eb,,,OCC,2026-06-24,2026-06-25T08:25:14.765029Z,-0.04,OCC Clearing Fee,executed,1240dd37-016f-4ad8-91eb-7a0d1a483324,USD,,
20260624000000000::b2f759d9-d04d-4038-b96c-15e6e9e911e3,FEE,,,,,,,,3e3fe366-00d1-43de-ad5b-0afd6ed18ba6,,,OCC,2026-06-24,2026-06-25T08:24:07.161985Z,-0.02,OCC Clearing Fee,executed,58e8a36a-0baf-4b99-b668-5ea8825bb4ed,USD,,
20260624000000000::b27cd947-1d56-40ac-8406-6ec6622b2401,FEE,,,,,,,,a6f60145-7cef-4505-8423-66ea520d3696,,,OCC,2026-06-24,2026-06-25T08:23:25.390385Z,-0.02,OCC Clearing Fee,executed,111e639a-1039-4a52-9829-ec0d4d9bc8ac,USD,,
20260624000000000::b1619ba8-541a-47d0-aaf6-f5463db99cde,FEE,,,,,,,,577a2f21-8479-4e35-805f-c33763db5376,,,OCC,2026-06-24,2026-06-25T08:23:20.744049Z,-0.04,OCC Clearing Fee,executed,61ba7fb0-2e07-4403-8ea4-a092a3a17eec,USD,,
20260624000000000::b14c70c9-9bba-471e-b520-f515cf18eb48,FEE,,,,,,,,323a585c-1b94-48d8-a4e1-09fc1f616692,,,OCC,2026-06-24,2026-06-25T08:24:41.672086Z,-0.02,OCC Clearing Fee,executed,cefb824f-438d-43d2-879c-6e51390738a4,USD,,
20260624000000000::b1159ec7-3c78-4404-82a0-2369c9ec96ad,FEE,,,,,,,,194fe6b7-8047-4dd4-aa5b-8d6b27099e9b,,,OCC,2026-06-24,2026-06-25T08:23:00.797486Z,-0.02,OCC Clearing Fee,executed,52ba2349-bbe8-47c6-b9fe-5d818302ec32,USD,,
20260624000000000::b0fa4218-0fb9-435a-ba4d-6476f23f0f74,FEE,,,,,,,,d476655f-09ae-420d-adec-6a47ff6d10b0,,,OCC,2026-06-24,2026-06-25T08:25:18.990927Z,-0.02,OCC Clearing Fee,executed,ae981804-6c2f-4933-ace5-5fecdf5e3f0a,USD,,
20260624000000000::b0cf30cc-a6e2-4ee4-9577-5c799fdf74a1,FEE,,,,,,,,83804932-85ea-4279-8c28-391aafa90787,,,OCC,2026-06-24,2026-06-25T08:24:55.182057Z,-0.02,OCC Clearing Fee,executed,e16a4ede-1dda-4950-8348-f0b029b4d6eb,USD,,
20260624000000000::b07c27ad-2254-49a8-9272-730f818ca092,FEE,,,,,,,,923b7a0f-b3e2-42da-b255-dbf5f6334437,,,OCC,2026-06-24,2026-06-25T08:23:25.390385Z,-0.04,OCC Clearing Fee,executed,88bc2630-3836-472f-8388-b32af112eae0,USD,,
20260624000000000::aeea5dcf-ddf7-4e49-ba68-44d53e917371,FEE,,,,,,,,7d153026-e2ac-4346-9960-786d70b47112,,,OCC,2026-06-24,2026-06-25T08:23:06.563189Z,-0.04,OCC Clearing Fee,executed,2ccdcaab-00fb-4e31-87a1-32d9bc30d093,USD,,
20260624000000000::ad5aa766-9738-493a-bf26-d7ae4c432161,FEE,,,,,,,,da33e291-077f-4070-aac0-d4784ec03995,,,OCC,2026-06-24,2026-06-25T08:25:08.65689Z,-0.02,OCC Clearing Fee,executed,48931985-fb68-4269-bd0d-8c316b600c6e,USD,,
20260624000000000::ad47f102-8c65-426d-8102-54c2c4ea3160,FEE,,,,,,,,2a41a509-80cb-41b5-9225-7f0027b9527e,,,OCC,2026-06-24,2026-06-25T08:23:00.797486Z,-0.02,OCC Clearing Fee,executed,ba0862de-7147-426e-8893-da05fb60f476,USD,,
20260624000000000::ac3dfff5-54f5-4fbe-9438-9e77857b2dd3,FEE,,,,,,,,cff7e1ab-b25c-4b1d-8e46-d43c5eca2aac,,,OCC,2026-06-24,2026-06-25T08:24:10.01885Z,-0.02,OCC Clearing Fee,executed,72a13565-8ec3-4498-b828-516fb5833ff6,USD,,
20260624000000000::aa8da7cd-41d8-469a-99db-f2180144c907,FEE,,,,,,,,3cf1a2f1-70b8-43dc-9f57-2c3e23e5a737,,,OCC,2026-06-24,2026-06-25T08:25:18.990927Z,-0.02,OCC Clearing Fee,executed,9087a5f2-5f71-4699-9c5e-3eea3870fc63,USD,,
20260624000000000::aa4697ca-d2ab-40c4-bee5-94024557df44,FEE,,,,,,,,a5fc963c-125e-4d18-86e5-5daa28392068,,,OCC,2026-06-24,2026-06-25T08:23:06.563189Z,-0.02,OCC Clearing Fee,executed,0195b457-8521-4068-babf-6ba5dd601471,USD,,
20260624000000000::a840d9e9-14bc-4a9f-980b-7d21b1ffc3fe,FEE,,,,,,,,9bf292ae-7a6f-4257-be42-485c67a0bb6f,,,OCC,2026-06-24,2026-06-25T08:25:18.990927Z,-0.02,OCC Clearing Fee,executed,cc0f31a4-26f0-4658-84f4-70414d3bc597,USD,,
20260624000000000::a8381244-e48c-4d9c-a586-fd0cb3c2a998,FEE,,,,,,,,a1f99d6f-5df6-4443-abc7-6288cefe9be1,,,OCC,2026-06-24,2026-06-25T08:23:06.563189Z,-0.02,OCC Clearing Fee,executed,ae44e7cb-d1cd-4c44-a485-0f61f2f43fb6,USD,,
20260624000000000::a7d5a327-bbf1-41c0-87f0-8d5d7a5283c1,FEE,,,,,,,,764da110-381e-4e51-bb16-93634b8176e9,,,OCC,2026-06-24,2026-06-25T08:23:00.797486Z,-0.02,OCC Clearing Fee,executed,dede1bcd-80d5-403f-8b1a-18b74fadeedc,USD,,
20260624000000000::a733f62a-3dac-49bb-a787-7ba4264dfa76,FEE,,,,,,,,8060b7d4-9489-4404-a421-3293206c2e73,,,OCC,2026-06-24,2026-06-25T08:23:00.797486Z,-0.02,OCC Clearing Fee,executed,86e6113d-2475-4b94-9a18-809022978dd6,USD,,
20260624000000000::a6b90a05-9d1f-4a3d-bf3d-ca1721ead9ff,FEE,,,,,,,,56ccc841-e620-4b70-bec0-07fd241b040b,,,OCC,2026-06-24,2026-06-25T08:24:57.468974Z,-0.02,OCC Clearing Fee,executed,3bdc7b10-6ae4-4a69-a4f6-d58301d7fc9a,USD,,
20260624000000000::a5521cf3-0231-4a98-a0bb-4e4c8d7a307f,FEE,,,,,,,,4f95837b-8f36-4dd1-bdb5-482957f5eb98,,,OCC,2026-06-24,2026-06-25T08:25:18.990927Z,-0.02,OCC Clearing Fee,executed,e4d0874d-5505-4b96-835f-c15a905d979f,USD,,
20260624000000000::a3c54ccd-15a2-4859-80d6-0aa963d04743,FEE,,,,,,,,99084c6d-2c1e-4aac-9fef-5317ec5f7b23,,,OCC,2026-06-24,2026-06-25T08:23:00.797486Z,-0.04,OCC Clearing Fee,executed,9db6b9b2-dafb-4296-90ac-57f6b4276a62,USD,,
20260624000000000::a3b8d1e4-b611-4b58-aa8e-5f73e49cadf4,FEE,,,,,,,,abe41a8b-69ad-4bb1-9301-4564387cd5e3,,,OCC,2026-06-24,2026-06-25T08:23:06.563189Z,-0.02,OCC Clearing Fee,executed,4e5df8db-c918-4e69-a947-823e678f85bc,USD,,
20260624000000000::a3098299-c3db-45f0-bbc7-7ea39c3673ec,FEE,,,,,,,,c57bb97f-d7cf-4a07-8f15-51cabd86ea26,,,OCC,2026-06-24,2026-06-25T08:23:00.797486Z,-0.02,OCC Clearing Fee,executed,be115e68-f37a-4a74-b7ba-d759e6972ce9,USD,,
20260624000000000::a28db3c4-dbb5-49e4-96f6-b66e5d1d2d7a,FEE,,,,,,,,278ee44b-35a5-4557-b15c-65643dc102db,,,OCC,2026-06-24,2026-06-25T08:24:21.004615Z,-0.02,OCC Clearing Fee,executed,5419fdad-6ae1-4808-9072-30e783e962ca,USD,,
20260624000000000::a1b4b5f0-6e8f-4f6c-9953-e64b9a3c0e41,FEE,,,,,,,,efd8a27b-d708-4095-a84d-59af6fa33d07,,,OCC,2026-06-24,2026-06-25T08:23:00.797486Z,-0.02,OCC Clearing Fee,executed,40f44fc4-1aa8-46c9-b249-a33192f708ad,USD,,
20260624000000000::9f9b4804-7d9f-43ff-b44c-cba74dcc2c75,FEE,,,,,,,,915ec1a5-e850-4f50-a546-a0a1b405c5db,,,OCC,2026-06-24,2026-06-25T08:23:06.563189Z,-0.02,OCC Clearing Fee,executed,82f45d45-54d8-47e7-89b2-7ae3c42a57fa,USD,,
20260624000000000::9ef3bb5f-38d0-46b5-a158-55cdf0f4ffc0,FEE,,,,,,,,c07cbb17-2833-4239-be43-8c5396f4f9b6,,,OCC,2026-06-24,2026-06-25T08:25:18.990927Z,-0.04,OCC Clearing Fee,executed,0beea4ff-7f11-4387-aafd-51e2d08d1c42,USD,,
20260624000000000::9e39d6e3-d6d8-40bd-8552-26f334a5ef37,FEE,,,,,,,,d8b8020b-716d-4104-b138-ac99c10a48e4,,,OCC,2026-06-24,2026-06-25T08:23:00.797486Z,-0.02,OCC Clearing Fee,executed,79434cdb-daea-4f5a-aa0d-ae5088d47dab,USD,,
20260624000000000::9dd503b4-98bc-4d44-9d68-5c0b10f713b5,FEE,,,,,,,,ab8c5548-fd89-4c3c-b712-30d154a1882a,,,OCC,2026-06-24,2026-06-25T08:25:18.990927Z,-0.02,OCC Clearing Fee,executed,1786c537-62c0-4922-b0ee-289ba1d77949,USD,,
20260624000000000::9d786ea0-ac53-4d97-b15a-12e952bd941c,FEE,,,,,,,,5d6ff987-9fee-4339-bafd-f3f63c725889,,,OCC,2026-06-24,2026-06-25T08:25:18.990927Z,-0.02,OCC Clearing Fee,executed,ab5ca0c4-c2bb-40a7-bbef-d07987499373,USD,,
20260624000000000::9a6cfe7b-dd46-44c6-aa67-804df89eb6d2,FEE,,,,,,,,af30c218-0b91-4c37-b848-adf6a2c0beef,,,OCC,2026-06-24,2026-06-25T08:25:18.990927Z,-0.04,OCC Clearing Fee,executed,f3541842-c0ad-4bba-8210-b3c8a5c288d6,USD,,
20260624000000000::99f9ad22-b4e8-4f79-96f5-e7ecd1719dd9,FEE,,,,,,,,61c47e62-36db-4e06-92ea-d0c900b18e95,,,OCC,2026-06-24,2026-06-25T08:25:18.990927Z,-0.02,OCC Clearing Fee,executed,1b7598c9-24b9-4b2c-8aec-887a13de6189,USD,,
20260624000000000::99755f77-2c67-4542-aff1-3a466c2e0f3f,FEE,,,,,,,,9aa9d9da-0e6b-4acb-aafd-cf63e28f720d,,,OCC,2026-06-24,2026-06-25T08:25:18.990927Z,-0.02,OCC Clearing Fee,executed,1d1f766e-ef4a-4bc0-87a8-2636946b5964,USD,,
20260624000000000::97cba427-ea0b-4d57-99eb-ddb7d86a646c,FEE,,,,,,,,f8cdae69-deff-432b-bd89-7e3a824563e9,,,OCC,2026-06-24,2026-06-25T08:23:00.797486Z,-0.02,OCC Clearing Fee,executed,a76da854-5944-4d87-8a4f-e795fba81bb3,USD,,
20260624000000000::970cdfbf-870f-47ca-8e7b-cf301c7ad0d3,FEE,,,,,,,,278c0352-06c3-4a84-89a0-fc721dec257c,,,OCC,2026-06-24,2026-06-25T08:24:41.672086Z,-0.02,OCC Clearing Fee,executed,d6cc106d-5af9-4170-a069-c39af1164c0b,USD,,
20260624000000000::96ccf4d6-7807-46cb-9e13-2ca2a733b3a1,FEE,,,,,,,,def464e5-f8aa-4fe1-a5be-d1774f71a38a,,,OCC,2026-06-24,2026-06-25T08:25:18.990927Z,-0.02,OCC Clearing Fee,executed,02bac598-2f77-46bd-a08c-f3c77a6c976b,USD,,
20260624000000000::9540a64a-33b0-414b-a844-7d234ac81e4d,FEE,,,,,,,,576a1b6c-cecc-4cd2-b621-cc5933548441,,,OCC,2026-06-24,2026-06-25T08:25:18.990927Z,-0.02,OCC Clearing Fee,executed,ba84de80-b27a-413c-84df-bd88c657e3f1,USD,,
20260624000000000::944bfbb2-01aa-4cd0-bf97-9b180505ba49,FEE,,,,,,,,f3ecfaba-95a4-4c78-8295-1c7e43a84af1,,,OCC,2026-06-24,2026-06-25T08:23:06.563189Z,-0.02,OCC Clearing Fee,executed,6e74d5e3-1d2e-40cc-b4e5-5801b6a7b09c,USD,,
20260624000000000::9436d0eb-5f7f-42d4-9477-f9dda5c2488b,FEE,,,,,,,,44bbe17f-5bca-4191-bae7-7325dd826ebe,,,OCC,2026-06-24,2026-06-25T08:23:00.797486Z,-0.02,OCC Clearing Fee,executed,503159f8-3481-428a-8fc4-4aa9e33dc49b,USD,,
20260624000000000::9403ec87-0a0a-41c6-adbd-f7e64b761495,FEE,,,,,,,,da427cae-76d3-46eb-bf11-ca688deb0f09,,,OCC,2026-06-24,2026-06-25T08:23:00.797486Z,-0.04,OCC Clearing Fee,executed,41b45139-f017-4c9a-a7c6-1835bc81b45a,USD,,
20260624000000000::9401a9c6-4e7c-4b25-bba1-9f1fcfa9c669,FEE,,,,,,,,6cc1aa36-4e9d-4fb4-a972-5c51c9efcf1c,,,OCC,2026-06-24,2026-06-25T08:24:10.01885Z,-0.02,OCC Clearing Fee,executed,8001c035-25db-4538-a6b5-7d099c1c3bf1,USD,,
20260624000000000::93e8b59e-c2d9-482d-acd5-db0a10c01165,FEE,,,,,,,,d47c19a5-422a-4d95-b858-f12981add048,,,OCC,2026-06-24,2026-06-25T08:23:06.563189Z,-0.02,OCC Clearing Fee,executed,449b2f95-2dbb-456d-aa4b-41483f16c808,USD,,
20260624000000000::93551a14-eac0-46e1-8cb3-7d0aa17d6371,FEE,,,,,,,,d777de70-578e-473b-ac46-1fa61593f3f9,,,OCC,2026-06-24,2026-06-25T08:23:06.563189Z,-0.02,OCC Clearing Fee,executed,1f1b5e49-0fd6-429e-8b44-bdb28c5916f2,USD,,
20260624000000000::918f402a-41e3-4a21-92b8-d803aa9d2ab1,FEE,,,,,,,,fe6b7135-f377-41f2-969d-53234fe9e81d,,,OCC,2026-06-24,2026-06-25T08:23:06.563189Z,-0.04,OCC Clearing Fee,executed,1a283663-5502-4c39-9375-cddbeddecfe0,USD,,
20260624000000000::9010cd93-2305-4881-ab5e-f96a3bef92cd,FEE,,,,,,,,fa104a40-3552-4b90-a494-a90cf33f9bab,,,OCC,2026-06-24,2026-06-25T08:22:54.456256Z,-0.04,OCC Clearing Fee,executed,3f1be778-28d7-4572-80d1-0673a06fd25c,USD,,
20260624000000000::900eb7c4-38db-4d4a-beaa-7f75befa78c3,FEE,,,,,,,,2287b285-4132-4d1f-abcd-e34985585dc1,,,OCC,2026-06-24,2026-06-25T08:23:25.390385Z,-0.02,OCC Clearing Fee,executed,282dc2a6-3be1-44ee-b34e-61832ce165bb,USD,,
20260624000000000::8fe9535b-ceaf-43b0-8c21-09ceec90c3ef,FEE,,,,,,,,dbf8beef-1af0-44ee-a849-1b24af863ca4,,,OCC,2026-06-24,2026-06-25T08:25:14.765029Z,-0.02,OCC Clearing Fee,executed,830493b5-51c3-479c-a6cc-723ffe1b78e9,USD,,
20260624000000000::8fbfd2d4-77d9-4aa5-9061-bbfde68f74c7,FEE,,,,,,,,c7ec6572-1237-43e6-9ceb-6c44eaf001b4,,,OCC,2026-06-24,2026-06-25T08:23:06.563189Z,-0.04,OCC Clearing Fee,executed,4e347351-3dd3-435f-b6a5-16722cff0a9b,USD,,
20260624000000000::8f45e85e-e8a7-4f6b-a503-92ed3f7fff7f,FEE,,,,,,,,289d0704-e343-4088-b56a-1fd988cd401a,,,OCC,2026-06-24,2026-06-25T08:25:18.990927Z,-0.02,OCC Clearing Fee,executed,c5e4a64f-354e-424d-8f2d-dcbe42152533,USD,,
20260624000000000::8ef01677-b413-4e27-9539-c66721cbbe92,FEE,,,,,,,,84eef559-ea6f-470f-93af-f21a858b86d2,,,OCC,2026-06-24,2026-06-25T08:23:25.390385Z,-0.04,OCC Clearing Fee,executed,7adaa580-4fd0-430b-8b93-f2499b8e8e30,USD,,
20260624000000000::8e804616-ba0c-402d-884f-980ab0d0de9a,FEE,,,,,,,,407ef585-400e-4729-be3b-db852ce77f1a,,,OCC,2026-06-24,2026-06-25T08:25:18.990927Z,-0.02,OCC Clearing Fee,executed,f7983f2d-7301-4ec7-8318-8226f0c7fbf3,USD,,
20260624000000000::8b2b6d56-6cf1-4423-9570-cee4ba26b535,FEE,,,,,,,,d1b07654-294c-476a-8bc3-6daafd16b5e4,,,OCC,2026-06-24,2026-06-25T08:25:18.990927Z,-0.04,OCC Clearing Fee,executed,296eb160-deac-4183-99b3-4f3e938b02e7,USD,,
20260624000000000::89c1362c-8cb3-4958-b888-c6cca8123dfe,FEE,,,,,,,,b6bae016-cbb8-4039-a098-ac046d7b23d2,,,OCC,2026-06-24,2026-06-25T08:25:18.990927Z,-0.02,OCC Clearing Fee,executed,4968707b-1631-4519-aab9-73258d5253b8,USD,,
20260624000000000::898cd83f-caab-4b60-8736-cf583178d5e6,FEE,,,,,,,,925cb7e5-41a0-49fe-b418-75b5caeea221,,,OCC,2026-06-24,2026-06-25T08:23:06.563189Z,-0.04,OCC Clearing Fee,executed,96a6aa3b-9803-41de-9208-92418559a7f8,USD,,
20260624000000000::895365ee-6b1c-4c05-b032-ba1530de7a59,FEE,,,,,,,,aa65a953-401d-4553-88c5-82e7bedc3f1f,,,OCC,2026-06-24,2026-06-25T08:25:18.990927Z,-0.02,OCC Clearing Fee,executed,e39771aa-2212-40f0-a3d2-027ea726818c,USD,,
20260624000000000::88b7d2c1-3dfb-4905-bc13-2522dc13c634,FEE,,,,,,,,6cb6a82d-cc22-4c8e-ae4d-8825db2754fd,,,OCC,2026-06-24,2026-06-25T08:25:18.990927Z,-0.02,OCC Clearing Fee,executed,030866f7-51b4-4c97-ae2a-f1420751366e,USD,,
20260624000000000::87422f50-7641-4aaa-8d99-f2df29aafae7,FEE,,,,,,,,8b163cac-2f83-45ad-ab31-452dc9c45119,,,OCC,2026-06-24,2026-06-25T08:25:18.990927Z,-0.02,OCC Clearing Fee,executed,c2941d57-c465-4641-a71d-aad73a3a7294,USD,,
20260624000000000::848a39da-51c6-48a0-b70f-b988e44bfb78,FEE,,,,,,,,db865a56-ea1d-4ec8-9b63-e0df233fdb7a,,,OCC,2026-06-24,2026-06-25T08:23:06.563189Z,-0.04,OCC Clearing Fee,executed,1ab45e11-941b-4ce7-a6dd-35e3abc8f5c3,USD,,
20260624000000000::84399e64-42c7-4608-b231-05be721f1d2a,FEE,,,,,,,,d0ec4e5a-f185-4466-99f1-61f22f1fde95,,,OCC,2026-06-24,2026-06-25T08:25:18.990927Z,-0.02,OCC Clearing Fee,executed,4ebd2356-61fe-47a1-af36-a4e1369d5fd9,USD,,
20260624000000000::830a6a4e-51a3-4e8c-ba7d-1448b5173934,FEE,,,,,,,,8de5b2c0-d52c-4a6a-8958-186c91ffb893,,,OCC,2026-06-24,2026-06-25T08:23:06.563189Z,-0.04,OCC Clearing Fee,executed,c783535a-50cf-4ba8-998e-46698ad63335,USD,,
20260624000000000::81e075db-8861-4a58-8053-140ef403a5b3,FEE,,,,,,,,21c79c4a-de55-4567-9846-e14d1ee058d3,,,OCC,2026-06-24,2026-06-25T08:23:06.563189Z,-0.04,OCC Clearing Fee,executed,c01374f1-fdfc-438c-9431-5987cc028cf0,USD,,
20260624000000000::817fc9fb-ab08-4d76-a025-4280731fcee1,FEE,,,,,,,,ca6d936a-66d1-4ccf-a335-bf2e4e1ffe85,,,OCC,2026-06-24,2026-06-25T08:23:00.797486Z,-0.02,OCC Clearing Fee,executed,eb54e8f0-aa4f-41f9-b00e-971ccd93bb81,USD,,
20260624000000000::816e8a12-c035-4c6f-b05f-769c812d947a,FEE,,,,,,,,d2af64de-a9b3-4325-aac2-6053ec95b80a,,,OCC,2026-06-24,2026-06-25T08:23:00.797486Z,-0.02,OCC Clearing Fee,executed,00978ab1-ff7a-451b-b1af-ea2273649aa2,USD,,
20260624000000000::80928412-3c64-4b89-bce3-fa1be6b96a34,FEE,,,,,,,,89d52103-809b-4fd0-bae0-68f90afbeb0a,,,OCC,2026-06-24,2026-06-25T08:25:18.990927Z,-0.02,OCC Clearing Fee,executed,20dd3c98-3e17-484e-bd53-02958d07ef07,USD,,
20260624000000000::801d3eca-6ca3-4281-b755-ecf4139a1e9a,FEE,,,,,,,,844e9198-5296-4af9-8852-b97d9ae0b7e2,,,OCC,2026-06-24,2026-06-25T08:23:00.797486Z,-0.02,OCC Clearing Fee,executed,4e70b8a5-2704-49c9-ae2c-258406ac8c26,USD,,
20260624000000000::7eda6016-105e-4c3d-ab3f-f3ce9e9380ce,FEE,,,,,,,,d28837a1-0d7e-4eab-881e-56712e645f15,,,OCC,2026-06-24,2026-06-25T08:25:18.990927Z,-0.04,OCC Clearing Fee,executed,7daa7aac-ced7-46a9-8569-7bbdec035ff3,USD,,
20260624000000000::7e1d5e64-9d05-40b7-8168-6443d16546ff,FEE,,,,,,,,9fac1518-ef7d-4f88-8003-d6b56bcaf92e,,,OCC,2026-06-24,2026-06-25T08:23:06.563189Z,-0.04,OCC Clearing Fee,executed,643bcb89-44de-483e-b37a-d7963daf2f65,USD,,
20260624000000000::7d0e4a4d-aff3-4021-be43-96c312cd3dfd,FEE,,,,,,,,cf2237af-b4ee-4b25-9a22-8176aaa1f295,,,OCC,2026-06-24,2026-06-25T08:23:25.390385Z,-0.02,OCC Clearing Fee,executed,25e6b94e-61b0-427f-b7d5-9fa1f8bab4bb,USD,,
20260624000000000::7cb078ff-0f98-44ce-aa52-e1a689f3d843,FEE,,,,,,,,139a145e-77d6-4a75-b83e-2d081d6f8f65,,,OCC,2026-06-24,2026-06-25T08:23:25.390385Z,-0.04,OCC Clearing Fee,executed,bd4e851e-4fb6-4f8b-9f4a-848ab3e7b890,USD,,
20260624000000000::7b36cbf9-c414-4c54-a5a7-ddaa6baa5e63,FEE,,,,,,,,f5bbddb9-598a-4095-993d-dcde6e59d370,,,OCC,2026-06-24,2026-06-25T08:23:06.563189Z,-0.04,OCC Clearing Fee,executed,f53ade70-5a6c-4643-9adc-9e15b5d4385a,USD,,
20260624000000000::78ca35ee-7ca6-4766-9d1e-f5e8eb6b8779,FEE,,,,,,,,f168968a-5bb2-4436-ba58-bb4bcdc75017,,,OCC,2026-06-24,2026-06-25T08:23:25.390385Z,-0.02,OCC Clearing Fee,executed,0a0b958a-7c5c-4017-9bcb-2fbd20bd1acf,USD,,
20260624000000000::788bc9e6-2add-44ef-8ef5-04b2fe68fe43,FEE,,,,,,,,f4f11d77-397d-4cac-995a-24b347c98e13,,,OCC,2026-06-24,2026-06-25T08:23:06.563189Z,-0.02,OCC Clearing Fee,executed,d39958c8-cecf-4d94-8b5c-330648650987,USD,,
20260624000000000::763abc2f-e88e-43e1-a599-1836b3e2294b,FEE,,,,,,,,2e04809f-340c-4ba6-b6cd-3a9ee1ceec48,,,OCC,2026-06-24,2026-06-25T08:25:18.990927Z,-0.02,OCC Clearing Fee,executed,55ff405e-77fd-40e1-80d8-7b95eeed3e84,USD,,
20260624000000000::755e2c5a-ba43-487c-83e5-4499a62c77ce,FEE,,,,,,,,5d5976b1-0fb9-4637-af82-9a80d6c2d0ff,,,OCC,2026-06-24,2026-06-25T08:24:10.01885Z,-0.02,OCC Clearing Fee,executed,50ea9dd6-6d52-481c-9391-4aacc8cf25b5,USD,,
20260624000000000::75467a33-5495-40b1-833d-fb40b86aecd4,FEE,,,,,,,,3aafda49-3465-4d24-98b3-de0132ea4f6d,,,OCC,2026-06-24,2026-06-25T08:24:57.468974Z,-0.02,OCC Clearing Fee,executed,71076db2-2e67-4838-8b25-a8b749618476,USD,,
20260624000000000::742f59e4-db0c-461b-86e9-d259dd43709f,FEE,,,,,,,,163c0d45-e652-4349-9a0e-375094e81d25,,,OCC,2026-06-24,2026-06-25T08:23:06.563189Z,-0.02,OCC Clearing Fee,executed,7895a30f-cc6f-4107-951f-4f5e63860800,USD,,
20260624000000000::73820209-263e-4f79-aca0-2e02be84c051,FEE,,,,,,,,6a3862f0-0c45-4a57-8e80-4d9463098452,,,OCC,2026-06-24,2026-06-25T08:23:25.390385Z,-0.04,OCC Clearing Fee,executed,d6ddb340-7500-4622-958a-71704f3e702d,USD,,
20260624000000000::7230ded4-1d09-4831-a24e-3e2355b53a38,FEE,,,,,,,,38b6b80e-1c2f-498e-80ad-d5a864b53745,,,OCC,2026-06-24,2026-06-25T08:23:06.563189Z,-0.02,OCC Clearing Fee,executed,726e9b6d-3bac-4855-803d-5c6a60bfef5a,USD,,
20260624000000000::71baf038-626a-43ed-9a87-0fc4e546128c,FEE,,,,,,,,ec638cf6-7b92-4a08-8efb-c5affd9b63fd,,,OCC,2026-06-24,2026-06-25T08:25:18.990927Z,-0.02,OCC Clearing Fee,executed,0a1468cb-718b-4af5-848a-4eea640e0eac,USD,,
20260624000000000::701aae13-9976-4f11-b972-0a98c7fa272e,FEE,,,,,,,,9d7d4ac1-7aa1-4abe-8c43-1ee7578b636b,,,OCC,2026-06-24,2026-06-25T08:23:06.563189Z,-0.04,OCC Clearing Fee,executed,edc57cdd-0bb3-4ce6-98a0-1e1604adaa69,USD,,
20260624000000000::6f688ef3-2f8c-4df6-8008-ba6ce106a0f2,FEE,,,,,,,,faecc450-b983-45ee-bc60-b58ca1bdc2e4,,,OCC,2026-06-24,2026-06-25T08:23:00.797486Z,-0.04,OCC Clearing Fee,executed,ac1ce1c4-f404-4fd4-8e3c-bb3e5c5eb260,USD,,
20260624000000000::6f1aecd8-9293-483b-8e3a-4430ebeaab15,FEE,,,,,,,,a2991e16-72c2-401e-b680-c74aeb796616,,,OCC,2026-06-24,2026-06-25T08:23:25.390385Z,-0.02,OCC Clearing Fee,executed,4be73652-1ad9-4df4-9529-1f7edb5893a3,USD,,
20260624000000000::6f1707cf-5b58-46b2-bd3b-cf2632d714e0,FEE,,,,,,,,2677c7fa-4018-4b5f-a88e-c371e82577c5,,,OCC,2026-06-24,2026-06-25T08:25:18.990927Z,-0.02,OCC Clearing Fee,executed,ece4b3aa-c4bf-4c54-8b0d-13a2efb4d7f5,USD,,
20260624000000000::6ec8e5d2-fbfc-41cf-900f-37e4c90d1fb3,FEE,,,,,,,,91ffc3a0-ddf0-4a09-b800-ad61a4bca00b,,,OCC,2026-06-24,2026-06-25T08:23:06.563189Z,-0.04,OCC Clearing Fee,executed,7fb88e90-f9ad-4822-a3c2-3166096acd3c,USD,,
20260624000000000::6e81c42d-d850-4369-a6fd-81d58018e7f5,FEE,,,,,,,,1e135996-3424-4c50-a311-00621ccbea57,,,OCC,2026-06-24,2026-06-25T08:25:18.990927Z,-0.02,OCC Clearing Fee,executed,b85680ac-adb8-4463-9a30-6c8f7831f5bc,USD,,
20260624000000000::6d6b2fb7-8721-4f22-9ec1-94ec8b1e9695,FEE,,,,,,,,128d14d6-1186-4d69-b5f4-6459580d3bfc,,,OCC,2026-06-24,2026-06-25T08:25:18.990927Z,-0.02,OCC Clearing Fee,executed,260879c1-f895-4345-9a59-e29b4251bc46,USD,,
20260624000000000::6cd82503-9cc3-49aa-978d-7a29c4b4a5c1,FEE,,,,,,,,516e8559-f266-44df-8e1a-3d9aa138c39d,,,OCC,2026-06-24,2026-06-25T08:25:18.990927Z,-0.04,OCC Clearing Fee,executed,2ff5d37d-3522-4867-a5c2-a52a04cec9c8,USD,,
20260624000000000::6bab8797-3e41-4a44-adeb-b4d87e9753cd,FEE,,,,,,,,c6131c82-6887-41d5-90ec-c302fcce4d21,,,OCC,2026-06-24,2026-06-25T08:24:41.672086Z,-0.02,OCC Clearing Fee,executed,d3d59e98-c2bc-4d60-a959-e47b96a76bb6,USD,,
20260624000000000::68140307-4101-4982-a4b0-2ab9e6a6212a,FEE,,,,,,,,4f9e6bc9-2902-44a4-b11d-32bd5abd98c4,,,OCC,2026-06-24,2026-06-25T08:23:06.563189Z,-0.02,OCC Clearing Fee,executed,2f73aa9b-afb8-4340-93d4-b155e10b5d27,USD,,
20260624000000000::67dad923-6d07-4d67-b0b3-41dd1afdc6b6,FEE,,,,,,,,7e0bf896-19a6-44e6-8b04-0f70757396ad,,,OCC,2026-06-24,2026-06-25T08:25:18.990927Z,-0.02,OCC Clearing Fee,executed,cb9371ae-2f6b-4ea5-b2cf-f319cea69acd,USD,,
20260624000000000::672fe68a-fcd0-42df-861b-6acce24eca10,FEE,,,,,,,,6dcf9d7e-1da2-4d9c-911b-7869a0762b55,,,OCC,2026-06-24,2026-06-25T08:25:12.742469Z,-0.02,OCC Clearing Fee,executed,2e3a61c9-aae8-4fcf-9cef-c5bdeee2842a,USD,,
20260624000000000::65eed350-ac8a-4c48-8e4a-55294543f48a,FEE,,,,,,,,3c5d1885-0434-4877-a554-bc7bfd9e6112,,,OCC,2026-06-24,2026-06-25T08:23:00.797486Z,-0.02,OCC Clearing Fee,executed,3187ae17-d121-4af8-a839-0d7c33626431,USD,,
20260624000000000::659ecd7f-d9c9-4983-a6fa-613c9bc332dc,FEE,,,,,,,,f9ec7a1b-8850-4d23-a083-f4c31ca93b74,,,OCC,2026-06-24,2026-06-25T08:23:00.797486Z,-0.04,OCC Clearing Fee,executed,036b9c1f-2606-4b14-abab-1dba030cc806,USD,,
20260624000000000::64f47d3e-9f2a-4098-b1b4-ef539dd3c06b,FEE,,,,,,,,6507e597-a596-4090-beac-ed07ea6b6365,,,OCC,2026-06-24,2026-06-25T08:25:18.990927Z,-0.04,OCC Clearing Fee,executed,8627546f-6ef3-4312-9188-19b70fe5025a,USD,,
20260624000000000::643af367-75ed-4047-8081-a067ea4d9fa4,FEE,,,,,,,,,,,TAF,2026-06-24,2026-06-25T08:23:25.390385Z,-0.7,OPT TAF fee for proceed of 250 contracts (200 trades) on 2026-06-24 by PA3NJU1Y90R3,executed,,USD,,
20260624000000000::63fd529c-3cce-49ab-a239-706e8f027358,FEE,,,,,,,,c40bc454-b42c-49ec-8a18-92825b2cd6ea,,,OCC,2026-06-24,2026-06-25T08:24:28.197243Z,-0.02,OCC Clearing Fee,executed,c9c50696-a210-4261-aafa-3339c326bfe1,USD,,
20260624000000000::63942df8-bae7-49d9-ba71-6daa56cbc105,FEE,,,,,,,,2a0acb31-f7ba-479c-9b7b-c559671b1c32,,,OCC,2026-06-24,2026-06-25T08:24:10.01885Z,-0.02,OCC Clearing Fee,executed,e60eb0aa-6061-4fd0-b7d4-13f87d60c129,USD,,
20260624000000000::60e8a69f-21aa-40d0-8fac-e5d30d12d68c,FEE,,,,,,,,233b1234-3811-45f4-9f57-4a575b76a6c3,,,OCC,2026-06-24,2026-06-25T08:23:06.563189Z,-0.04,OCC Clearing Fee,executed,2111769c-0f45-4b9f-8f2d-5949a8d2e61a,USD,,
20260624000000000::5f94975f-7d0e-4e04-870a-f6d807784691,FEE,,,,,,,,2629d989-a932-41ac-a2e7-39ea1aff83c0,,,OCC,2026-06-24,2026-06-25T08:23:06.563189Z,-0.04,OCC Clearing Fee,executed,464754fe-0cf4-4a65-a2bb-678f60de3b6b,USD,,
20260624000000000::5f40b1eb-7e79-4f79-bc9f-821b6735fb73,FEE,,,,,,,,56d18829-3d3c-4a6a-8229-07c0c08d9593,,,OCC,2026-06-24,2026-06-25T08:23:00.797486Z,-0.02,OCC Clearing Fee,executed,40c71cd4-719a-4a67-b5e3-34bca8904c9c,USD,,
20260624000000000::5ec3b15e-cc10-4c69-a935-1e43f5963efa,FEE,,,,,,,,14f80a18-ae5a-48ab-8a29-16a63cca6c99,,,OCC,2026-06-24,2026-06-25T08:23:06.563189Z,-0.02,OCC Clearing Fee,executed,029ebc52-6b3f-465d-b55d-5ff655cebfd8,USD,,
20260624000000000::5cad52e1-c806-4be8-ac2e-ac077fb204f3,FEE,,,,,,,,7933ca00-e910-4bc0-be0a-e502e024d0c4,,,OCC,2026-06-24,2026-06-25T08:23:00.797486Z,-0.02,OCC Clearing Fee,executed,cf45d42b-4394-4127-b4b9-da45392f2a9c,USD,,
20260624000000000::5c02efa4-f4ec-4407-ad0d-4a6656d71aa1,FEE,,,,,,,,48197160-ce36-4f73-b475-daa817b3b7ae,,,OCC,2026-06-24,2026-06-25T08:23:00.797486Z,-0.02,OCC Clearing Fee,executed,d2cfc299-b528-4442-8279-bbade9df62a6,USD,,
20260624000000000::5b6384dd-d81c-4c1a-ac95-c514a967f0e2,FEE,,,,,,,,c5f810fc-c733-4694-8fc2-0c5c86c4f069,,,OCC,2026-06-24,2026-06-25T08:25:18.990927Z,-0.02,OCC Clearing Fee,executed,90ae83e5-9b31-4793-b5c3-eacb0aafbab1,USD,,
20260624000000000::5a72f50f-914d-4510-bdc4-a1843ebfa7b2,FEE,,,,,,,,5c39cd81-e714-4fe8-9ff0-3bab0fe73444,,,OCC,2026-06-24,2026-06-25T08:23:00.797486Z,-0.04,OCC Clearing Fee,executed,ae0c5770-7570-42db-b0f0-41d846246461,USD,,
20260624000000000::5a710afd-01fe-423f-b1c6-1493f7fbcf48,FEE,,,,,,,,e107de88-561b-4a13-9c99-c8b7a7ac9b0c,,,OCC,2026-06-24,2026-06-25T08:23:06.563189Z,-0.02,OCC Clearing Fee,executed,63ad88bb-77ec-48fb-9ddc-cf729379b759,USD,,
20260624000000000::59753573-e1df-4213-9662-6265ff9318c3,FEE,,,,,,,,af694753-3e4c-4196-a90f-d564c9173f53,,,OCC,2026-06-24,2026-06-25T08:25:18.990927Z,-0.02,OCC Clearing Fee,executed,a01fe17a-f247-4a74-a0ac-54f2cc116356,USD,,
20260624000000000::5930b91d-a070-4188-9a57-5447908c6097,FEE,,,,,,,,11492cf0-4df4-4c50-8e56-20f45a1059ab,,,OCC,2026-06-24,2026-06-25T08:23:25.390385Z,-0.04,OCC Clearing Fee,executed,87146585-c7fd-4276-bd3c-629e5cfc98f3,USD,,
20260624000000000::5929efb3-76ba-4058-9579-95679a176478,FEE,,,,,,,,f66c2f1c-362e-4205-ac57-acd60f30bee8,,,OCC,2026-06-24,2026-06-25T08:23:06.563189Z,-0.02,OCC Clearing Fee,executed,853ed6cc-d8f4-4d65-8795-479e8d4795db,USD,,
20260624000000000::58f0b8cf-0204-4867-8571-caf0ea960a1d,FEE,,,,,,,,3d9da912-183b-45f5-a428-350e34f9e4ec,,,OCC,2026-06-24,2026-06-25T08:23:06.563189Z,-0.02,OCC Clearing Fee,executed,73fd1eff-3744-4e3c-bacc-ac2473445021,USD,,
20260624000000000::57a0b04f-848d-45fe-8106-f43463fc628d,FEE,,,,,,,,60dfb827-453e-41b5-ada5-7a80de272c9e,,,OCC,2026-06-24,2026-06-25T08:25:18.990927Z,-0.02,OCC Clearing Fee,executed,dc42957c-6a08-4fcb-bcd4-c37084b0811c,USD,,
20260624000000000::56327051-86be-452e-9fbb-a777f4c622f9,FEE,,,,,,,,ab35ff7e-15df-4978-9e27-13338ae53a76,,,OCC,2026-06-24,2026-06-25T08:25:18.990927Z,-0.02,OCC Clearing Fee,executed,cfde9662-be4a-4c73-a3e6-ce250b3164f5,USD,,
20260624000000000::55d3224f-2d7d-41f6-a740-4daf3f64856c,FEE,,,,,,,,24e11458-17a6-4a2c-9c54-d7dbe823b3d4,,,OCC,2026-06-24,2026-06-25T08:23:06.563189Z,-0.02,OCC Clearing Fee,executed,56bfeb9d-9708-44c1-ae38-da5e4ebdf4cf,USD,,
20260624000000000::53fc9138-d26c-4ed9-b216-90214c6a68a8,FEE,,,,,,,,6c31892b-16b0-411d-9347-d0dd411b8076,,,OCC,2026-06-24,2026-06-25T08:23:06.563189Z,-0.02,OCC Clearing Fee,executed,a0349f8b-bcfb-4117-8b1b-78cdbed4152c,USD,,
20260624000000000::53f30c5e-c238-47c5-91d9-41a1394809e7,FEE,,,,,,,,4180a20b-f60b-4dc8-acac-d28dd2160a02,,,OCC,2026-06-24,2026-06-25T08:23:25.390385Z,-0.04,OCC Clearing Fee,executed,bc1506b5-4c3e-4f85-8280-9b4b85b67b50,USD,,
20260624000000000::53719818-d1ee-4244-8d45-9369618e67de,FEE,,,,,,,,d69838b5-438e-4604-8b1f-06fe1a6a7bb2,,,OCC,2026-06-24,2026-06-25T08:25:18.990927Z,-0.02,OCC Clearing Fee,executed,f493b905-6225-44e9-97ed-92dc4828765f,USD,,
20260624000000000::536b583a-8525-47a3-b963-2c04ef1a194f,FEE,,,,,,,,7b01548e-bd6e-49fe-a1df-54d1627bdaab,,,OCC,2026-06-24,2026-06-25T08:23:00.797486Z,-0.02,OCC Clearing Fee,executed,d54bb9da-ab52-4e26-9d40-dffa0ca3f748,USD,,
20260624000000000::52b05ca7-b95c-4a8c-85f6-c15045ec4da4,FEE,,,,,,,,9d8a3454-c96c-48a8-9b03-7632218822ac,,,OCC,2026-06-24,2026-06-25T08:23:06.563189Z,-0.02,OCC Clearing Fee,executed,8c34197a-4840-4ca1-bb92-b659613f6e50,USD,,
20260624000000000::52020c2f-8d4c-4fcd-ab43-cb21ae9df0be,FEE,,,,,,,,a74146e2-9f38-4209-84d0-c8d05b67ad19,,,OCC,2026-06-24,2026-06-25T08:24:41.672086Z,-0.02,OCC Clearing Fee,executed,4605ac9e-4e43-4fa7-a3fd-c442e53d9c66,USD,,
20260624000000000::519db0ec-c9e6-4560-bde6-fc01407e375b,FEE,,,,,,,,576f3133-b827-4024-93a2-a9c25709ce59,,,OCC,2026-06-24,2026-06-25T08:23:25.390385Z,-0.02,OCC Clearing Fee,executed,d0c6adee-70d1-4705-980a-0c550333f1d5,USD,,
20260624000000000::516dfda6-5379-4435-895c-d9a749bc1bdc,FEE,,,,,,,,55f95d3e-365b-4b5d-a310-97b662d3c7e1,,,OCC,2026-06-24,2026-06-25T08:23:06.563189Z,-0.02,OCC Clearing Fee,executed,3dbc2b60-bc14-4c5c-9c71-a1621b410e68,USD,,
20260624000000000::50653443-52cc-47e1-821f-2f1c7d1b7a83,FEE,,,,,,,,c01a721e-10e4-4b52-ac8b-3cb325df605a,,,OCC,2026-06-24,2026-06-25T08:23:06.563189Z,-0.02,OCC Clearing Fee,executed,1f98b27d-e8a4-4b0b-b78b-8170120d834c,USD,,
20260624000000000::504f14b1-65dc-4737-a265-9b474f13b522,FEE,,,,,,,,63071241-1f33-4e9f-bab4-37a84b4cfa22,,,OCC,2026-06-24,2026-06-25T08:23:06.563189Z,-0.04,OCC Clearing Fee,executed,9ecd36ba-8fac-4fde-8799-064ce2715a4b,USD,,
20260624000000000::4eb8718b-a515-4072-a058-46424709a410,FEE,,,,,,,,7c9dc6f0-5ce7-46b4-9b0a-896ac3c43be9,,,OCC,2026-06-24,2026-06-25T08:25:18.990927Z,-0.04,OCC Clearing Fee,executed,2bffdec6-a811-4b24-bdc3-3525744e6ad3,USD,,
20260624000000000::4e251bb3-6875-4d6e-bdfd-0035a84af1f0,FEE,,,,,,,,211ad9b9-5c07-4e5f-bb4b-1fc3a2217290,,,OCC,2026-06-24,2026-06-25T08:25:18.990927Z,-0.02,OCC Clearing Fee,executed,0c752635-71ba-4a5a-a90a-064d0fa9cd0c,USD,,
20260624000000000::4c83f3f7-c40f-4de3-b30a-4abde042bb20,FEE,,,,,,,,e304cb38-d25a-4f27-9938-477c86431af6,,,OCC,2026-06-24,2026-06-25T08:23:25.390385Z,-0.02,OCC Clearing Fee,executed,9059dc60-b3a9-40d9-9998-04c7c109e7b4,USD,,
20260624000000000::4b8087d0-9333-4c73-a932-88ffc64e7dbc,FEE,,,,,,,,1dea8baa-6092-429c-9d6d-b8e1d9ca517d,,,OCC,2026-06-24,2026-06-25T08:24:07.161985Z,-0.02,OCC Clearing Fee,executed,517e492e-b157-44e7-a972-792c14e21e10,USD,,
20260624000000000::4b25f998-5a72-4a57-a3eb-e6cd207d2c68,FEE,,,,,,,,49ba0d47-5832-4e80-b03a-c06701c3dc32,,,OCC,2026-06-24,2026-06-25T08:25:18.990927Z,-0.02,OCC Clearing Fee,executed,15100053-5488-4d80-8b2e-91b87e6dd44b,USD,,
20260624000000000::47175e7a-f306-4386-b4e5-988981a66c02,FEE,,,,,,,,9825317e-c943-48f5-ad7b-6cb0ec91ff16,,,OCC,2026-06-24,2026-06-25T08:23:25.390385Z,-0.02,OCC Clearing Fee,executed,98fbc31b-a37a-47a9-b5fa-b0cb1b2c0376,USD,,
20260624000000000::45f88ff1-bbda-47cb-9557-0987462e45ae,FEE,,,,,,,,e8e72025-1e0b-4f5a-bf8c-5a723d1b6d18,,,OCC,2026-06-24,2026-06-25T08:23:20.744049Z,-0.04,OCC Clearing Fee,executed,5376e4e8-0daa-435f-8b9f-57b0920ff388,USD,,
20260624000000000::457c315b-4f6b-4dcd-ba76-a91bf9365cfa,FEE,,,,,,,,ce20826f-b0a1-4577-8c90-ee4285f72461,,,OCC,2026-06-24,2026-06-25T08:23:00.797486Z,-0.04,OCC Clearing Fee,executed,a1d824fc-5049-4bdd-b1e5-ba8bb3587094,USD,,
20260624000000000::452d2ad5-7c0f-46f8-bce2-37842a427c77,FEE,,,,,,,,fe5d1085-ee43-4d1b-a6a2-5dd298078f2d,,,OCC,2026-06-24,2026-06-25T08:24:07.161985Z,-0.02,OCC Clearing Fee,executed,79a7b859-a339-4534-9cc0-1a19f1d8b0e1,USD,,
20260624000000000::44349514-7058-4616-8130-14bacc52e7fc,FEE,,,,,,,,c913d9e7-955e-4d2f-9dec-bc98317dc815,,,OCC,2026-06-24,2026-06-25T08:25:18.990927Z,-0.02,OCC Clearing Fee,executed,1b750bcb-8dee-4755-8409-a4ed2dddf111,USD,,
20260624000000000::3ffdd47b-9150-4584-ad42-9447099c827d,FEE,,,,,,,,9bcdd5bc-e99e-4301-91c1-8f4a6c5ebc6e,,,OCC,2026-06-24,2026-06-25T08:24:21.004615Z,-0.04,OCC Clearing Fee,executed,9fbb14ec-5baf-4bd2-a45e-5606e37e40e9,USD,,
20260624000000000::3fc7ef88-bb2a-4db9-9944-eb60f167bb69,FEE,,,,,,,,dab8110f-b4e5-42ea-a251-8fab82c9ff16,,,OCC,2026-06-24,2026-06-25T08:25:18.990927Z,-0.02,OCC Clearing Fee,executed,f32e26e4-2ba2-4ce4-82a4-00b8e7f95ef9,USD,,
20260624000000000::3e7d2527-f0d1-4ced-acbe-c788c5c2fee5,FEE,,,,,,,,56e3802b-92fa-4303-85a7-8b9035d95839,,,OCC,2026-06-24,2026-06-25T08:23:06.563189Z,-0.02,OCC Clearing Fee,executed,84067e59-1103-4e12-bc0c-d4528abb1bc0,USD,,
20260624000000000::3d5052f9-ec6a-47c8-9b42-37114d2ef6bc,FEE,,,,,,,,62e6621e-e469-4a0c-83d4-cbb6b239dfb9,,,OCC,2026-06-24,2026-06-25T08:24:07.161985Z,-0.02,OCC Clearing Fee,executed,ef733db8-2d40-40c7-a9ec-55d35ad82555,USD,,
20260624000000000::3c4f6110-a086-4175-b5c9-b1ddb73a630e,FEE,,,,,,,,8506f7eb-a2af-4b6f-956d-9411446b589e,,,OCC,2026-06-24,2026-06-25T08:23:00.797486Z,-0.02,OCC Clearing Fee,executed,4dd51be2-df79-498a-9a70-1d294252b264,USD,,
20260624000000000::3bc0f47c-fb3a-417e-849d-d225eca8ec71,FEE,,,,,,,,749b96b2-0c9a-4352-a094-1eff67b04d09,,,OCC,2026-06-24,2026-06-25T08:24:21.004615Z,-0.02,OCC Clearing Fee,executed,dbc7a959-fa33-42f0-bdf0-a622792f565b,USD,,
20260624000000000::39cf745a-1098-4c84-b5da-daa848bc9f05,FEE,,,,,,,,11e46ead-e992-4131-815b-01523b27e3fe,,,OCC,2026-06-24,2026-06-25T08:23:00.797486Z,-0.02,OCC Clearing Fee,executed,521f7588-b506-4f0d-9051-0b7e0aefb616,USD,,
20260624000000000::38cf98ce-63f0-4e72-aef1-ab1077869066,FEE,,,,,,,,9ec8d61f-8480-47a7-9c8a-f97ee87c9660,,,OCC,2026-06-24,2026-06-25T08:23:00.797486Z,-0.02,OCC Clearing Fee,executed,29dcb407-3c4f-4941-a75b-0628c5e82221,USD,,
20260624000000000::381f1bdd-b18b-4777-bb99-beb289c95490,FEE,,,,,,,,84168c2f-771b-4419-b8ef-f95dd25d0ddf,,,OCC,2026-06-24,2026-06-25T08:24:07.161985Z,-0.02,OCC Clearing Fee,executed,7ba023b1-8304-4de1-8efc-a342e85953e7,USD,,
20260624000000000::37b3569b-cfa8-42f9-965d-95466f23dadd,FEE,,,,,,,,9cb1be2d-b641-4cd8-a8a6-786ef0ece6a4,,,OCC,2026-06-24,2026-06-25T08:23:25.390385Z,-0.02,OCC Clearing Fee,executed,5383feda-4595-4c0e-80da-e791fb7b9fb6,USD,,
20260624000000000::3738dead-4ce4-4347-9993-1335f50286a6,FEE,,,,,,,,4a8d323b-5cbc-4af1-bc0c-7267921d8bb5,,,OCC,2026-06-24,2026-06-25T08:25:18.990927Z,-0.02,OCC Clearing Fee,executed,f84c9901-aa7e-4ff5-8a22-6c6a1f1b7fbf,USD,,
20260624000000000::36b83fcf-a08e-4582-ac01-e5510c1a8bc4,FEE,,,,,,,,48909dbe-6b68-4002-9338-916b003e3217,,,OCC,2026-06-24,2026-06-25T08:25:18.990927Z,-0.04,OCC Clearing Fee,executed,6d8a34c6-0995-488d-a86f-ea61252c190e,USD,,
20260624000000000::35c14e64-5de4-4bd2-b590-727091af4b09,FEE,,,,,,,,b5d90c62-d548-4868-9159-90bffa0f2e9a,,,OCC,2026-06-24,2026-06-25T08:23:00.797486Z,-0.04,OCC Clearing Fee,executed,4f8a83e8-8749-44c2-b988-95d42ce9b49f,USD,,
20260624000000000::3591358a-ba75-4527-ac7f-91ab892b972d,FEE,,,,,,,,b0d452d6-a1df-45e0-a592-3a0900390c12,,,OCC,2026-06-24,2026-06-25T08:23:25.390385Z,-0.04,OCC Clearing Fee,executed,ffb04ffc-4d65-49ce-adf4-01d1fd1e9dbd,USD,,
20260624000000000::34fe94d0-9717-46c8-8b98-af411ab9428d,FEE,,,,,,,,980ff31a-af3d-406f-8443-336e268f479c,,,OCC,2026-06-24,2026-06-25T08:25:18.990927Z,-0.02,OCC Clearing Fee,executed,2972f152-160a-42c2-80fb-c0fb7112644a,USD,,
20260624000000000::340f509c-3f84-4dc0-8493-88ee6466c718,FEE,,,,,,,,2dff033d-57dd-4a6f-9f0c-3bf6131c69fb,,,OCC,2026-06-24,2026-06-25T08:24:10.01885Z,-0.02,OCC Clearing Fee,executed,d0dc9232-8963-4b83-955f-49f19f18cf2c,USD,,
20260624000000000::336b427b-97bb-4ed0-9db1-d77af998eacf,FEE,,,,,,,,818db9c5-aa0f-4e3e-a1c7-ea84db09d6ff,,,OCC,2026-06-24,2026-06-25T08:24:21.004615Z,-0.02,OCC Clearing Fee,executed,0ae25a17-a746-4967-b9e3-ca636cd2529a,USD,,
20260624000000000::31e07ff8-aea8-41c5-9398-9c6b5ce4d4e3,FEE,,,,,,,,2539f344-9719-42a0-9dea-5f2a9bcf164e,,,OCC,2026-06-24,2026-06-25T08:25:18.990927Z,-0.02,OCC Clearing Fee,executed,06cd0406-04e0-455f-a697-735c446488f3,USD,,
20260624000000000::30445d40-aef6-49b4-b6b0-d0bcc7f28e4e,FEE,,,,,,,,d2eae0cf-59ba-4231-bb15-780f30608244,,,OCC,2026-06-24,2026-06-25T08:24:41.672086Z,-0.04,OCC Clearing Fee,executed,3b9e7fa5-efc4-45ad-9508-5fc036cefb80,USD,,
20260624000000000::2f617c94-1970-4244-b2da-0d99f9335dba,FEE,,,,,,,,880a563d-bdd6-4792-a188-23c5f72c130d,,,OCC,2026-06-24,2026-06-25T08:25:18.990927Z,-0.02,OCC Clearing Fee,executed,5e276577-8dee-4213-8d59-05dd0976c14a,USD,,
20260624000000000::2f19f425-29fb-45d2-9dd8-c5598a9ca431,FEE,,,,,,,,b29d3689-7229-4f10-b6de-74c07f60ab89,,,OCC,2026-06-24,2026-06-25T08:23:00.797486Z,-0.02,OCC Clearing Fee,executed,af02d0eb-9ed9-4328-beec-aeb90c7221e9,USD,,
20260624000000000::2ef63541-f691-4e70-9c16-0daa9a9deece,FEE,,,,,,,,a89190d5-4b90-477b-96b4-cafb3d5e85ec,,,OCC,2026-06-24,2026-06-25T08:23:06.563189Z,-0.02,OCC Clearing Fee,executed,a03f1543-5ac2-4ba7-8c55-2812332f373f,USD,,
20260624000000000::2d9889ac-c26b-432a-878e-cc2e3bd5a958,FEE,,,,,,,,27387087-a100-47d8-b689-d42a68c1a108,,,OCC,2026-06-24,2026-06-25T08:25:18.990927Z,-0.04,OCC Clearing Fee,executed,d5bc77d8-ce07-4a81-8c27-43f81679113b,USD,,
20260624000000000::2d1bb954-c322-4cdc-821a-cae171160bc5,FEE,,,,,,,,2ed659a4-70af-4134-ad50-a02fc292cf1b,,,OCC,2026-06-24,2026-06-25T08:24:10.01885Z,-0.06,OCC Clearing Fee,executed,6b0defc5-5f6c-4472-88dc-c6a93775adff,USD,,
20260624000000000::2cdd1745-9be8-49f0-b06b-7c8c0921e827,FEE,,,,,,,,c04738b5-e2ab-429f-8267-896a28d5fe1e,,,OCC,2026-06-24,2026-06-25T08:23:25.390385Z,-0.02,OCC Clearing Fee,executed,c8b0a3fc-3e9c-4be5-8303-b3d546f16234,USD,,
20260624000000000::2caf4673-1829-48db-bd39-a9f967720926,FEE,,,,,,,,3a3b391f-2ffb-4c8d-b188-85dadf9f1c17,,,OCC,2026-06-24,2026-06-25T08:23:06.563189Z,-0.02,OCC Clearing Fee,executed,4f5f9afc-28e7-48b3-b422-d739c68ca17e,USD,,
20260624000000000::2c0647df-466a-45d2-97b0-9ff25b37e88d,FEE,,,,,,,,e5bf3eb2-2192-4b89-bd7f-a33c668e5b21,,,OCC,2026-06-24,2026-06-25T08:25:18.990927Z,-0.02,OCC Clearing Fee,executed,546396aa-e734-4982-9e04-86fb3e7445d1,USD,,
20260624000000000::2bf23c0d-9f3f-44dd-b0d2-1579e2ca1d89,FEE,,,,,,,,8e089200-6e5c-4149-a367-d033ef7fbe34,,,OCC,2026-06-24,2026-06-25T08:25:18.990927Z,-0.04,OCC Clearing Fee,executed,36260d1f-03b6-4607-9167-fe8888dc407e,USD,,
20260624000000000::2b376f0d-9fd8-4ec3-a5d0-954469e94191,FEE,,,,,,,,c562d1f9-a962-4e35-8e17-e51093f06d3b,,,OCC,2026-06-24,2026-06-25T08:23:06.563189Z,-0.04,OCC Clearing Fee,executed,6c5f3dbe-3aae-4174-b82f-89ade6858833,USD,,
20260624000000000::2a8b795a-0474-4e23-9e73-647975f0403c,FEE,,,,,,,,60dfb827-453e-41b5-ada5-7a80de272c9e,,,OCC,2026-06-24,2026-06-25T08:25:18.990927Z,-0.02,OCC Clearing Fee,executed,b7939dd9-ed2a-4740-b98f-eb2e3e6fa794,USD,,
20260624000000000::2a2e8bfd-c79c-41a3-b7e5-fa9430e04356,FEE,,,,,,,,6a952b04-f0f4-496f-b51a-165aa8f306f0,,,OCC,2026-06-24,2026-06-25T08:23:06.563189Z,-0.02,OCC Clearing Fee,executed,472033ca-b0d7-4d74-8daa-c3a0600fd060,USD,,
20260624000000000::294416d5-709f-4c20-83ec-33ba189fb7f8,FEE,,,,,,,,84f306b9-0bc1-49ff-91a4-3d7f057736ee,,,OCC,2026-06-24,2026-06-25T08:24:21.004615Z,-0.02,OCC Clearing Fee,executed,c5f359e1-cc02-4990-88c9-aefb47d2d028,USD,,
20260624000000000::28985f3d-0052-494f-829e-138eb2c27c10,FEE,,,,,,,,ca46ed5c-af7f-4b6f-8000-9ddcb6df0e18,,,OCC,2026-06-24,2026-06-25T08:25:18.990927Z,-0.02,OCC Clearing Fee,executed,bce911d9-73b6-46aa-97be-c15547d1eac0,USD,,
20260624000000000::283f2b58-65f8-4258-ba68-5635215c2a89,FEE,,,,,,,,9332a231-e9dc-49d3-a059-1a6673d25e23,,,OCC,2026-06-24,2026-06-25T08:23:06.563189Z,-0.02,OCC Clearing Fee,executed,46955d02-2a0f-4dcd-ac95-e1dc4fb3aabe,USD,,
20260624000000000::279127af-5556-4164-b65a-9794434d1490,FEE,,,,,,,,6397864f-2c1b-49bd-a429-75ad1695526a,,,OCC,2026-06-24,2026-06-25T08:23:06.563189Z,-0.02,OCC Clearing Fee,executed,2efcd9a9-79a7-423e-ab86-b013158aeef0,USD,,
20260624000000000::2709a52e-fa1e-438b-9b31-85ebbd61f2b2,FEE,,,,,,,,7bb0aab9-2aef-407e-b47a-65df9a5ad296,,,OCC,2026-06-24,2026-06-25T08:24:10.01885Z,-0.02,OCC Clearing Fee,executed,c625b89e-b3fd-424d-862b-7d03e95a46b7,USD,,
20260624000000000::2626de3d-9720-44ba-bbfc-ee598f4e876e,FEE,,,,,,,,f3065e58-cce4-4067-b564-ded5000c28fb,,,OCC,2026-06-24,2026-06-25T08:23:06.563189Z,-0.02,OCC Clearing Fee,executed,9e56cb53-f02a-4bb3-a1bc-feac9b7e55ea,USD,,
20260624000000000::253a2fc0-07bc-4ed0-bfa4-089608240771,FEE,,,,,,,,bd907f8b-5cf3-4e06-8505-eb5aa2798188,,,OCC,2026-06-24,2026-06-25T08:24:33.013725Z,-0.02,OCC Clearing Fee,executed,d7f6c394-f08c-4b10-92cb-0e37fb04abc6,USD,,
20260624000000000::23a06bae-b890-47b0-b47a-318bbed6ec67,FEE,,,,,,,,b3e7562d-a7c2-423c-aadf-b32b4e9614b9,,,OCC,2026-06-24,2026-06-25T08:23:06.563189Z,-0.02,OCC Clearing Fee,executed,0c1867ac-df87-466e-bbed-5ead6722fbd2,USD,,
20260624000000000::21dd3607-a31b-40d0-9338-4ab2634bd288,FEE,,,,,,,,ebeb907e-da85-47ce-9f6a-c769ec8233ff,,,OCC,2026-06-24,2026-06-25T08:23:00.797486Z,-0.02,OCC Clearing Fee,executed,eff22c98-4c21-4496-98fb-8f9a99fc19e2,USD,,
20260624000000000::218f3b58-76e1-4871-aabd-310f96c1f64d,FEE,,,,,,,,57075883-9dd5-4e85-ac70-d38f8451f01f,,,OCC,2026-06-24,2026-06-25T08:23:06.563189Z,-0.02,OCC Clearing Fee,executed,10a184c1-7c13-4f62-80d1-22ec48cf7220,USD,,
20260624000000000::2107fa2d-ee87-487e-837c-f8caf126fab1,FEE,,,,,,,,e287ec7b-6ddb-49e1-90de-87d93c9ba01c,,,OCC,2026-06-24,2026-06-25T08:25:18.990927Z,-0.02,OCC Clearing Fee,executed,977deeac-340c-46a5-83bd-84ac3cfee06b,USD,,
20260624000000000::20942965-799b-4485-9329-4fcfeb43b1ee,FEE,,,,,,,,22ce54e4-62d9-4cc6-b492-d083a569254b,,,OCC,2026-06-24,2026-06-25T08:25:18.990927Z,-0.02,OCC Clearing Fee,executed,b38c9635-f7a1-4ac0-8580-889df406f625,USD,,
20260624000000000::207754b7-08aa-4c46-a447-9e3d0b994d6d,FEE,,,,,,,,a9bbae42-5e1c-40d0-9096-97650c25b329,,,OCC,2026-06-24,2026-06-25T08:23:06.563189Z,-0.04,OCC Clearing Fee,executed,7a7dd19c-9aa9-44e0-bb83-8be87947ca5f,USD,,
20260624000000000::1f78b664-7f3e-44b7-a48a-c4748475237c,FEE,,,,,,,,2e04809f-340c-4ba6-b6cd-3a9ee1ceec48,,,OCC,2026-06-24,2026-06-25T08:25:18.990927Z,-0.02,OCC Clearing Fee,executed,a52fccc3-3636-45c1-903f-dc60c193cc7f,USD,,
20260624000000000::1f68e659-0905-4a03-8ddf-6b72e4748585,FEE,,,,,,,,cdb2f8a0-ddba-46d1-874f-1343ec66cd04,,,OCC,2026-06-24,2026-06-25T08:24:28.197243Z,-0.02,OCC Clearing Fee,executed,fd187bc6-8d0a-419c-8ea4-b550d3c0944f,USD,,
20260624000000000::1e0d3350-8a1c-4a80-9856-7b4197e99d40,FEE,,,,,,,,2c2d9421-a49a-42c4-9a34-bc98c3c6f3db,,,OCC,2026-06-24,2026-06-25T08:23:00.797486Z,-0.02,OCC Clearing Fee,executed,037b7174-74e7-434d-877c-552f2367f251,USD,,
20260624000000000::1da4f3ea-85c0-45f0-b5d7-ba574c6d0cb1,FEE,,,,,,,,7b8b42a9-574d-4f4d-b2fa-224a0c9b6680,,,OCC,2026-06-24,2026-06-25T08:23:06.563189Z,-0.04,OCC Clearing Fee,executed,70935010-21e5-4d8b-ad81-734f19996510,USD,,
20260624000000000::1c8d6091-bb4b-40d4-9152-f36b112cce2c,FEE,,,,,,,,aa730d35-c1e9-4b06-9b9a-7b9360fab300,,,OCC,2026-06-24,2026-06-25T08:23:06.563189Z,-0.02,OCC Clearing Fee,executed,31108376-90b7-45e8-8360-4cbe3613f7c4,USD,,
20260624000000000::1b481929-e49e-47e1-9aed-27d0c96dc2c6,FEE,,,,,,,,96cf28dd-c5bb-4934-92a1-e69130d1ab89,,,OCC,2026-06-24,2026-06-25T08:25:18.990927Z,-0.02,OCC Clearing Fee,executed,c5e431b5-b221-4b15-b61c-20361cf2ebdc,USD,,
20260624000000000::1ab2de79-f291-48c7-aadc-755d9f67cc54,FEE,,,,,,,,92b83b36-fd5a-49a9-aeaf-560b3c9edb50,,,OCC,2026-06-24,2026-06-25T08:23:06.563189Z,-0.04,OCC Clearing Fee,executed,9b2347fb-6e13-4f4b-8c63-9913fdc081e1,USD,,
20260624000000000::1a9a039c-df0a-4abe-bfe4-ca105ebca15e,FEE,,,,,,,,7ebd35b4-5d76-4b9d-869c-f6bf3cb92b29,,,OCC,2026-06-24,2026-06-25T08:23:06.563189Z,-0.02,OCC Clearing Fee,executed,afb64e3e-b4ba-4f5e-9a19-3c6089a36e51,USD,,
20260624000000000::1a6aa853-8cb4-4078-afda-6371f8fcebee,FEE,,,,,,,,a77587eb-5f84-408d-8ef4-fb59e787cb02,,,OCC,2026-06-24,2026-06-25T08:23:25.390385Z,-0.02,OCC Clearing Fee,executed,17b1f644-adac-48ff-acd6-964180df88d4,USD,,
20260624000000000::1a3e2926-93eb-4fbd-a070-446473b50c7a,FEE,,,,,,,,b5b3d690-bf43-4f1f-8373-308b8894a1a1,,,OCC,2026-06-24,2026-06-25T08:23:06.563189Z,-0.02,OCC Clearing Fee,executed,c55a0345-eb27-4482-b943-8c3a4ed63c7f,USD,,
20260624000000000::19e33ac7-2e75-4cf7-888d-fe79e458bc28,FEE,,,,,,,,fb42e6dc-a266-4d62-a638-4465ab72e77d,,,OCC,2026-06-24,2026-06-25T08:24:33.013725Z,-0.04,OCC Clearing Fee,executed,97ca43b3-cabe-4896-a065-9b9d63d05f6b,USD,,
20260624000000000::186998ad-9195-4435-b8a6-ae6edfdd7b50,FEE,,,,,,,,d71bd062-9e67-4730-90f3-5863dc8834fa,,,OCC,2026-06-24,2026-06-25T08:24:07.161985Z,-0.02,OCC Clearing Fee,executed,ed57c1c0-3907-433a-8537-a0ee79dca9d0,USD,,
20260624000000000::18345412-bbaf-4df6-a861-3b296e043154,FEE,,,,,,,,ff1c9ad6-de0b-466d-b1fe-c2445e08d3b7,,,OCC,2026-06-24,2026-06-25T08:25:18.990927Z,-0.04,OCC Clearing Fee,executed,8d162336-57c5-4f0a-9a32-24b863dc1991,USD,,
20260624000000000::1524855a-1b76-4a64-841c-97fccbdcc7e0,FEE,,,,,,,,1c255e3b-05f5-4afc-8a77-abf08b1fa9dc,,,OCC,2026-06-24,2026-06-25T08:23:06.563189Z,-0.02,OCC Clearing Fee,executed,866f87c2-e4db-41d8-96b3-c0613b117d44,USD,,
20260624000000000::12a7e5dd-b43f-45a5-abcb-5b9b636548c7,FEE,,,,,,,,e96a8d08-aa62-4f85-9f95-259ed271f7c4,,,OCC,2026-06-24,2026-06-25T08:24:21.004615Z,-0.02,OCC Clearing Fee,executed,1a05190f-b513-48f5-83c8-c7ef0bb5c833,USD,,
20260624000000000::128156df-864e-4d74-a7e6-f84b24bedc91,FEE,,,,,,,,674849f5-d6dc-416d-a8b1-f54b1b7bea74,,,OCC,2026-06-24,2026-06-25T08:25:18.990927Z,-0.02,OCC Clearing Fee,executed,5597ae6f-fd30-45bc-937b-77e5e86b52f0,USD,,
20260624000000000::11d89275-5268-48e5-9169-c2fd66e3705b,FEE,,,,,,,,67ec4195-aef3-41a5-a205-17058e244f8b,,,OCC,2026-06-24,2026-06-25T08:24:21.004615Z,-0.02,OCC Clearing Fee,executed,5d682e65-a610-4d32-95e4-fc899d3eb084,USD,,
20260624000000000::0ff81d67-f603-489e-b8e0-e81718eb321a,FEE,,,,,,,,73373c4c-3d96-4a73-a08b-0495a6f184d2,,,OCC,2026-06-24,2026-06-25T08:24:30.640409Z,-0.02,OCC Clearing Fee,executed,1729614a-35be-43a8-91e7-5ad4294aa767,USD,,
20260624000000000::0f16eef2-c005-4435-a2ff-607f06524380,FEE,,,,,,,,,,,CAT,2026-06-24,2026-06-25T08:25:36.688413Z,-0.12,CAT fee for proceed of 295 trades on 2026-06-24 by PA3NJU1Y90R3,executed,,USD,,
20260624000000000::0eb4019a-2602-48ca-8b41-df014387c6b9,FEE,,,,,,,,a6c7c387-75c9-4c46-97d3-c99347038b30,,,OCC,2026-06-24,2026-06-25T08:23:00.797486Z,-0.02,OCC Clearing Fee,executed,454267e5-ce8c-4495-98ac-8c5c8e5da620,USD,,
20260624000000000::0e23b832-5440-442b-bbd9-6e85765602a6,FEE,,,,,,,,42da24f1-cbdf-4cd5-a615-dc3d59900c7e,,,OCC,2026-06-24,2026-06-25T08:25:18.990927Z,-0.02,OCC Clearing Fee,executed,7575be1e-07f2-4350-9c07-9c7fe53689fb,USD,,
20260624000000000::0cfd9367-9e05-42ef-ae09-cb765d2b6562,FEE,,,,,,,,9e724d85-0025-493e-b75b-b4311be8a4fe,,,OCC,2026-06-24,2026-06-25T08:23:06.563189Z,-0.04,OCC Clearing Fee,executed,aab37977-4820-4ad8-b36d-a49b261b24a3,USD,,
20260624000000000::0a05cbb5-6b85-403c-8c8c-4d612f529d6e,FEE,,,,,,,,2a41a509-80cb-41b5-9225-7f0027b9527e,,,OCC,2026-06-24,2026-06-25T08:23:00.797486Z,-0.02,OCC Clearing Fee,executed,52a96d81-418d-4ce9-96ff-1055829116eb,USD,,
20260624000000000::09ce3937-c2e4-44da-aa01-6a73e2fa5382,FEE,,,,,,,,7e2510ba-8fe0-40da-8fc2-a17ad104bfe0,,,OCC,2026-06-24,2026-06-25T08:23:06.563189Z,-0.02,OCC Clearing Fee,executed,00c4dabe-c717-4e48-a13e-58bd34cfcb58,USD,,
20260624000000000::099902c1-ec0c-4c1d-860a-3b4a1e96a6d2,FEE,,,,,,,,c6704a9a-70c6-4ad4-959e-f9e23a7ea447,,,OCC,2026-06-24,2026-06-25T08:23:06.563189Z,-0.04,OCC Clearing Fee,executed,0942b342-051f-4658-8c22-046d9b2f8c76,USD,,
20260624000000000::0994582c-b23e-42a2-a90f-b0d8c8a198de,FEE,,,,,,,,e983f17f-04aa-4055-83cd-d3e9ae329bbe,,,OCC,2026-06-24,2026-06-25T08:23:00.797486Z,-0.02,OCC Clearing Fee,executed,1dacc222-0b67-4725-90de-098f423b1b32,USD,,
20260624000000000::092e5eb9-460e-45e0-92d9-6089f90ac294,FEE,,,,,,,,69c11cfb-fc78-463b-86a3-c90f6366200b,,,OCC,2026-06-24,2026-06-25T08:23:06.563189Z,-0.02,OCC Clearing Fee,executed,e5510cc5-ce44-4f74-9619-a0ccfc98ef53,USD,,
20260624000000000::0857a155-7a3f-4e4b-ba5f-8ada5262f812,FEE,,,,,,,,1a0e4743-34d9-42d3-a353-0ac6b1d45a7a,,,OCC,2026-06-24,2026-06-25T08:23:25.390385Z,-0.02,OCC Clearing Fee,executed,746bd026-fe9e-4e7a-9a6b-39fb1a90fcf7,USD,,
20260624000000000::07785807-b6b5-4293-85bd-e80a11ba9bc5,FEE,,,,,,,,9107966a-8189-42c2-ad29-05b8e8aabbdb,,,OCC,2026-06-24,2026-06-25T08:23:25.390385Z,-0.02,OCC Clearing Fee,executed,baea6539-2fe4-41d9-b4c2-650a04766e8a,USD,,
20260624000000000::077777a1-41f4-4429-9295-e254aab503eb,FEE,,,,,,,,4a4b3d5e-c5d2-452f-b3d3-9d7b238d6fe3,,,OCC,2026-06-24,2026-06-25T08:23:25.390385Z,-0.02,OCC Clearing Fee,executed,be02f18c-0db5-41ca-892e-b761caba74be,USD,,
20260624000000000::07672ca9-3f9f-47ab-b65e-ef61240b07a5,FEE,,,,,,,,8d45f3a2-b4ba-450a-a5d0-ba003fdbe0fa,,,OCC,2026-06-24,2026-06-25T08:24:07.161985Z,-0.02,OCC Clearing Fee,executed,19fcb319-3f63-4aca-99f8-0e9235ecdcba,USD,,
20260624000000000::072cc701-459c-48e4-8cac-b10cbc20fb60,FEE,,,,,,,,505c9853-2db8-41f7-ae3e-486412f5894e,,,OCC,2026-06-24,2026-06-25T08:25:18.990927Z,-0.02,OCC Clearing Fee,executed,6e88b1f2-9b77-413a-95b9-ffcea06482b7,USD,,
20260624000000000::0694e44f-c102-4615-b31c-b341ece0d4ec,FEE,,,,,,,,33f5fe39-ace8-4fb0-9cdd-5b4436e3fa4d,,,OCC,2026-06-24,2026-06-25T08:25:18.990927Z,-0.02,OCC Clearing Fee,executed,b6a32de7-d86a-4d5b-bd69-5ddc38b31f7e,USD,,
20260624000000000::06642268-e117-4dbe-adae-5048ea689e66,FEE,,,,,,,,ed2ec6e2-405f-4eb0-9cc9-c2107162347e,,,OCC,2026-06-24,2026-06-25T08:24:07.161985Z,-0.04,OCC Clearing Fee,executed,ff3fa80d-c266-43c4-a493-4bc60e12afda,USD,,
20260624000000000::062e0831-1f49-4bab-8f39-60e9f939d806,FEE,,,,,,,,69654b9a-c169-4a44-9c4a-b346f124c776,,,OCC,2026-06-24,2026-06-25T08:25:18.990927Z,-0.02,OCC Clearing Fee,executed,6da05295-7ae6-4d83-a623-c6a5696c9436,USD,,
20260624000000000::050d5682-6feb-40d3-9618-b985193c9ceb,FEE,,,,,,,,871e5112-1c04-4030-ad42-0b5808b8bb24,,,OCC,2026-06-24,2026-06-25T08:25:18.990927Z,-0.02,OCC Clearing Fee,executed,0faf5b05-8a75-4090-861c-6ca82981c697,USD,,
20260624000000000::0480b159-b10d-451f-9ffd-95985f75bf53,FEE,,,,,,,,af062a53-fb2a-4042-a1f6-bbd6d60755b7,,,OCC,2026-06-24,2026-06-25T08:23:06.563189Z,-0.02,OCC Clearing Fee,executed,a1edeefd-11ac-449f-8b0f-03bec505c84d,USD,,
20260624000000000::030a207a-9097-485b-95a0-6c8443950d93,FEE,,,,,,,,50081716-b4e5-4fe9-896a-36861f4dce2a,,,OCC,2026-06-24,2026-06-25T08:23:25.390385Z,-0.02,OCC Clearing Fee,executed,d8373b6d-f8cd-4fa3-83cd-3be3214f1392,USD,,
20260624000000000::02ac8a59-0493-464b-869a-e42eb351794f,FEE,,,,,,,,c6d58e2f-02c9-466c-866b-a949ed6eb2e0,,,OCC,2026-06-24,2026-06-25T08:25:18.990927Z,-0.02,OCC Clearing Fee,executed,28b6a3eb-9a09-4535-9a94-06ecf66d39a2,USD,,
20260624000000000::0258c5b0-d953-45dc-8569-2091d3efe780,FEE,,,,,,,,c326370b-4bf9-484f-aabf-d5c5656c0c33,,,OCC,2026-06-24,2026-06-25T08:25:18.990927Z,-0.02,OCC Clearing Fee,executed,282bc8a3-6ef9-4e3e-9b39-b2054348d988,USD,,
20260624000000000::02495aeb-2857-417b-b2b2-efd869c16870,FEE,,,,,,,,2894799d-93a1-490d-97ab-ab6afa637248,,,OCC,2026-06-24,2026-06-25T08:25:18.990927Z,-0.02,OCC Clearing Fee,executed,dfebf8f4-b5e2-461d-a258-a7f5ed8d0d25,USD,,
20260624000000000::015ff6c0-6537-4b0f-8bec-4dd7cef8a9b2,FEE,,,,,,,,acec2e8c-0fbd-479b-8444-fe1cc0bdfc16,,,OCC,2026-06-24,2026-06-25T08:23:06.563189Z,-0.02,OCC Clearing Fee,executed,4399f386-aede-4f0a-a7df-daa16aa4d919,USD,,
20260623145949863::90b3897b-393c-4c07-8b73-ede8b1c0c613,FILL,2026-06-23T18:59:49.863984Z,fill,4.5,1,buy,IONQ260710C00058000,0,d0e185cb-92fe-4685-bb2d-4e3044e1856d,1,filled,,,,,,,,,,
20260623145251617::26013aa8-193e-483c-a973-a5c3a1157de2,FILL,2026-06-23T18:52:51.617019Z,fill,2.69,1,sell,IONQ260710C00062000,0,678c3708-5baa-4e85-bd83-12fa1011580c,1,filled,,,,,,,,,,
20260623140631090::5515abb7-67e0-4722-bdf8-40ffcee23d6a,FILL,2026-06-23T18:06:31.090366Z,fill,1.45,2,buy,GSK260717C00052000,0,2c90097a-2677-44bf-ac30-6aeddbaef305,2,filled,,,,,,,,,,
20260623140603932::3d5095e4-1b55-4b7a-89f6-4942a6b3b0c9,FILL,2026-06-23T18:06:03.932787Z,fill,0.66,2,buy,LYFT260717P00014000,0,bebee4f6-bb92-4a11-ab2c-5345806a5f6d,2,filled,,,,,,,,,,
20260623131203600::cc52b954-7b22-48d1-9d8b-15e2f4571b6d,FILL,2026-06-23T17:12:03.60064Z,fill,5.05,1,buy,XLK260710P00183000,0,3c8cab67-47f2-4b44-9323-32778f45d1f0,1,filled,,,,,,,,,,
20260623124443959::96c3f112-1f0d-4e41-9e2e-876025d4d1ff,FILL,2026-06-23T16:44:43.959647Z,fill,0.45,2,buy,PFE260710P00025000,0,93890c69-281b-4fb9-b84f-63b9fadec5b2,2,filled,,,,,,,,,,
20260623121701618::35dfd996-1683-4f59-93cd-f43e5f476fb8,FILL,2026-06-23T16:17:01.618111Z,fill,3.45,1,buy,ZM260710P00086000,0,1c071de2-d5aa-45b3-b6ad-850badb79d27,1,filled,,,,,,,,,,
20260623121630349::e2ab56d7-221d-48be-991a-2f7932434f5c,FILL,2026-06-23T16:16:30.349735Z,fill,4.95,1,buy,RTX260710P00185000,0,3a26c518-0711-40e8-b872-9fd5c44c2238,1,filled,,,,,,,,,,
20260623114824778::a16e512a-00fb-4322-aaa6-b4548c858707,FILL,2026-06-23T15:48:24.778333Z,fill,3.8,1,buy,JPM260710C00340000,0,1750cf47-a532-4144-9b9b-f01e6212a63e,1,filled,,,,,,,,,,
20260623114752660::40e3a27a-ab7d-4f3d-8463-89034a3935dc,FILL,2026-06-23T15:47:52.660067Z,fill,2.5,2,buy,CARR260710P00071000,0,c1773a38-b2a1-46f3-8459-5d3d348da409,2,filled,,,,,,,,,,
20260623114718775::0369d84d-b604-4ac4-8ded-6c7c08764e68,FILL,2026-06-23T15:47:18.775159Z,fill,3.9,1,buy,V260717C00340000,0,6dbe7af2-4340-4209-a408-8e7595cc4ec0,1,filled,,,,,,,,,,
20260623111636498::ebf95c00-1894-48f7-a258-b56dfc382475,FILL,2026-06-23T15:16:36.498944Z,fill,4.45,1,buy,OKTA260710C00121000,0,ab4ec761-c1ca-4551-b2d0-7d48bd1b8055,1,filled,,,,,,,,,,
20260623111606869::544d37ba-8466-4f76-9bc3-f24df2411cfd,FILL,2026-06-23T15:16:06.869973Z,fill,4.6,1,buy,BA260710P00215000,0,7ed74f76-3353-4f62-8f30-7ec882834059,1,filled,,,,,,,,,,
20260623111530383::ed86e3bc-6ea6-4377-98d4-ed219e2f2ac4,FILL,2026-06-23T15:15:30.383223Z,fill,4.8,1,buy,IONQ260710C00060000,0,c193ad31-74a3-496a-bc32-6ebbc3abbd7d,1,filled,,,,,,,,,,
20260623111500151::04c522e9-c4b7-4e4e-94c6-13536b7f80e3,FILL,2026-06-23T15:15:00.151516Z,fill,4.3,1,buy,MA260717P00465000,0,9c26552d-676e-45c3-b4f2-b940430a4f80,1,filled,,,,,,,,,,
20260623111431145::2f16699e-b9b0-4edd-820e-9fbcbc0dea36,FILL,2026-06-23T15:14:31.145515Z,fill,3.1,1,buy,SCHW260717C00092500,0,511041ff-c4a8-4336-93dc-91e01c39f4bd,1,filled,,,,,,,,,,
20260623111402732::c8431d6a-f0b4-4010-972f-135d8308fd43,FILL,2026-06-23T15:14:02.732618Z,fill,2.03,1,buy,NFLX260710P00073000,0,79c5454a-ff1c-49fd-b2a3-468eb032d3d1,2,filled,,,,,,,,,,
20260623111402619::e95182a6-97f0-4b9c-90ba-bfb94fd87b40,FILL,2026-06-23T15:14:02.619255Z,partial_fill,2.03,1,buy,NFLX260710P00073000,1,79c5454a-ff1c-49fd-b2a3-468eb032d3d1,1,partially_filled,,,,,,,,,,
20260623111334240::47311ac1-f41b-46d3-a831-2a5aacfc6f70,FILL,2026-06-23T15:13:34.240533Z,fill,3.9,1,buy,COP260717C00110000,0,cf0cc889-159c-4897-9133-9eac9b24d921,1,filled,,,,,,,,,,
20260623111306630::ab62c42c-097c-4d39-afe6-c0d7ea1f33a7,FILL,2026-06-23T15:13:06.63075Z,fill,2.55,1,buy,WFC260717C00085000,0,b63c5f6c-585b-4e9a-999f-50c62bcf8eea,1,filled,,,,,,,,,,
20260623104019553::5024f42c-dbb4-43fd-9b2e-cde7195c031c,FILL,2026-06-23T14:40:19.553902Z,fill,4.45,1,buy,JPM260710C00337500,0,7e692113-b25b-47fb-8f22-9a69ddecba46,1,filled,,,,,,,,,,
20260623103949163::5f0e71b1-9ddc-410b-814f-1afc9030b01a,FILL,2026-06-23T14:39:49.163445Z,fill,4.65,1,buy,IONQ260710C00062000,0,59e214fc-8f8e-407f-86e1-521418131922,1,filled,,,,,,,,,,
20260623103922119::62688526-5d15-41b9-80c0-2ec9438c3ed6,FILL,2026-06-23T14:39:22.119621Z,fill,4.2,1,buy,JNJ260717C00240000,0,b5407faf-83c5-4cc1-a429-605e222d46f1,1,filled,,,,,,,,,,
20260623103855384::45ed02ec-981a-4188-adfd-9f883bb9581c,FILL,2026-06-23T14:38:55.384684Z,fill,1.9,2,buy,SO260717C00095000,0,8b0d0785-fc9b-446d-9ccf-6190b65ad585,2,filled,,,,,,,,,,
20260623103829225::55e27496-3326-485c-a886-3a40174de787,FILL,2026-06-23T14:38:29.225284Z,fill,3.4,1,buy,ZM260717P00085000,0,7fa8e68a-81f0-4324-b88e-e9771749cdc6,1,filled,,,,,,,,,,
20260623103801487::18d1641e-54a1-4fa7-b606-d4c96904f54f,FILL,2026-06-23T14:38:01.487306Z,fill,1.2,2,buy,ENB260717C00055000,0,f470340a-3e51-450b-b202-43a2f63c38a9,2,filled,,,,,,,,,,
20260623103734074::9b989689-14ed-4002-a1b1-f3c73631ce91,FILL,2026-06-23T14:37:34.074175Z,fill,1.81,2,buy,KO260717C00080000,0,6434ed45-1bb1-488b-bafa-e414bc008f7d,2,filled,,,,,,,,,,
20260623103707178::4d68b0db-031f-45ed-bd10-78e698734851,FILL,2026-06-23T14:37:07.178121Z,fill,3.1,1,buy,ABT260717C00090000,0,f8da3a18-4b63-4050-9032-c26549dd94da,1,filled,,,,,,,,,,
20260623100602077::5e0de8a1-cc1a-424b-bfa1-798610c19dc2,FILL,2026-06-23T14:06:02.077164Z,fill,4.8,1,buy,SAP260717P00150000,0,fa29db17-c989-4bcb-afbc-b94598317cc1,1,filled,,,,,,,,,,
20260623100535203::4eae5486-6f52-4f07-8caa-a7762978df50,FILL,2026-06-23T14:05:35.20325Z,fill,4.85,1,buy,CRM260710P00149000,0,2afb4625-ad59-4c0f-9ec7-53ae4c5b8010,1,filled,,,,,,,,,,
20260623100510656::1b9f7a0e-ead8-4825-996a-4c6fceb0c716,FILL,2026-06-23T14:05:10.656477Z,fill,4.75,1,buy,MMM260710C00162500,0,37095fad-81c2-43a2-9cf8-22e8bceefb32,1,filled,,,,,,,,,,
20260623100442989::6517a395-f42c-46e9-8204-37069e77810f,FILL,2026-06-23T14:04:42.989389Z,fill,1.66,2,buy,MO260710C00071000,0,d191161a-002b-45de-9565-34b6c1dc042e,2,filled,,,,,,,,,,
20260623100415642::fd6e34f5-b3ed-459a-935a-5b68f502bbf4,FILL,2026-06-23T14:04:15.642865Z,fill,0.83,2,buy,RIVN260710P00015000,0,d5f52a18-e5ee-4387-9259-7fe473ebf3f0,2,filled,,,,,,,,,,
20260623100351953::844b7310-9b68-43f4-89f1-68ee6b06b204,FILL,2026-06-23T14:03:51.953754Z,fill,2.85,1,buy,WMT260717C00120000,0,2eec45e7-0f9a-45e0-9551-f9a0600789a6,1,filled,,,,,,,,,,
20260623100328385::ec736ac1-c7bb-44d9-a5d3-84c5ec33e21a,FILL,2026-06-23T14:03:28.385521Z,fill,2.8,1,buy,MRK260717C00120000,0,8d6a4343-cbc2-46fb-ae4f-0f9ae038c45a,1,filled,,,,,,,,,,
20260623100305116::c2725fc9-c6a4-4178-aa40-ed1ce4827833,FILL,2026-06-23T14:03:05.116007Z,fill,0.6,2,buy,F260717P00014000,0,899809c6-f62b-410a-9465-05b592edf79d,2,filled,,,,,,,,,,
20260623000000000::fcc79b38-9e5d-48e0-b97a-80b6dd16a14e,FEE,,,,,,,,b63c5f6c-585b-4e9a-999f-50c62bcf8eea,,,OCC,2026-06-23,2026-06-24T08:24:37.463344Z,-0.02,OCC Clearing Fee,executed,ab62c42c-097c-4d39-afe6-c0d7ea1f33a7,USD,,
20260623000000000::f681fe7e-2a14-4240-9c67-6e2116641e4a,FEE,,,,,,,,c1773a38-b2a1-46f3-8459-5d3d348da409,,,OCC,2026-06-23,2026-06-24T08:24:45.987723Z,-0.04,OCC Clearing Fee,executed,40e3a27a-ab7d-4f3d-8463-89034a3935dc,USD,,
20260623000000000::f2c92fed-9bc0-4b53-9197-c5a46fd12d59,FEE,,,,,,,,f8da3a18-4b63-4050-9032-c26549dd94da,,,OCC,2026-06-23,2026-06-24T08:24:17.047741Z,-0.02,OCC Clearing Fee,executed,4d68b0db-031f-45ed-bd10-78e698734851,USD,,
20260623000000000::e5fe1606-b53e-4a6c-ae8b-15b7e1205fcb,FEE,,,,,,,,93890c69-281b-4fb9-b84f-63b9fadec5b2,,,OCC,2026-06-23,2026-06-24T08:25:02.946611Z,-0.04,OCC Clearing Fee,executed,96c3f112-1f0d-4e41-9e2e-876025d4d1ff,USD,,
20260623000000000::e4e574e3-00ac-488a-be71-06f0ccd5a120,FEE,,,,,,,,d0e185cb-92fe-4685-bb2d-4e3044e1856d,,,OCC,2026-06-23,2026-06-24T08:25:07.248872Z,-0.02,OCC Clearing Fee,executed,90b3897b-393c-4c07-8b73-ede8b1c0c613,USD,,
20260623000000000::d7858b03-fc96-420a-824c-e238dc739aa3,FEE,,,,,,,,79c5454a-ff1c-49fd-b2a3-468eb032d3d1,,,OCC,2026-06-23,2026-06-24T08:24:37.463344Z,-0.02,OCC Clearing Fee,executed,e95182a6-97f0-4b9c-90ba-bfb94fd87b40,USD,,
20260623000000000::ce3cc964-f4fb-4450-9e94-6cf5de0c9d9e,FEE,,,,,,,,1c071de2-d5aa-45b3-b6ad-850badb79d27,,,OCC,2026-06-23,2026-06-24T08:24:58.408039Z,-0.02,OCC Clearing Fee,executed,35dfd996-1683-4f59-93cd-f43e5f476fb8,USD,,
20260623000000000::ce1ffff2-8008-4b66-b00a-49dab85ac882,FEE,,,,,,,,59e214fc-8f8e-407f-86e1-521418131922,,,OCC,2026-06-23,2026-06-24T08:23:56.385756Z,-0.02,OCC Clearing Fee,executed,5f0e71b1-9ddc-410b-814f-1afc9030b01a,USD,,
20260623000000000::cde50456-79e1-4d40-abfe-043070b4d461,FEE,,,,,,,,b5407faf-83c5-4cc1-a429-605e222d46f1,,,OCC,2026-06-23,2026-06-24T08:23:56.385756Z,-0.02,OCC Clearing Fee,executed,62688526-5d15-41b9-80c0-2ec9438c3ed6,USD,,
20260623000000000::bcde7cb7-4e6b-4cc8-b2de-2b3d78e3a271,FEE,,,,,,,,6dbe7af2-4340-4209-a408-8e7595cc4ec0,,,OCC,2026-06-23,2026-06-24T08:24:41.729544Z,-0.02,OCC Clearing Fee,executed,0369d84d-b604-4ac4-8ded-6c7c08764e68,USD,,
20260623000000000::baee9df3-6983-4caa-bf70-22224814f267,FEE,,,,,,,,9c26552d-676e-45c3-b4f2-b940430a4f80,,,OCC,2026-06-23,2026-06-24T08:24:37.463344Z,-0.02,OCC Clearing Fee,executed,04c522e9-c4b7-4e4e-94c6-13536b7f80e3,USD,,
20260623000000000::b2485dbf-9ac7-42e9-98e4-4a14c9772ffc,FEE,,,,,,,,899809c6-f62b-410a-9465-05b592edf79d,,,OCC,2026-06-23,2026-06-24T08:23:48.124529Z,-0.04,OCC Clearing Fee,executed,c2725fc9-c6a4-4178-aa40-ed1ce4827833,USD,,
20260623000000000::ab6e158c-66a6-490d-9853-a98c0f5e99c5,FEE,,,,,,,,d5f52a18-e5ee-4387-9259-7fe473ebf3f0,,,OCC,2026-06-23,2026-06-24T08:23:35.049807Z,-0.04,OCC Clearing Fee,executed,fd6e34f5-b3ed-459a-935a-5b68f502bbf4,USD,,
20260623000000000::950fc918-a286-4789-b479-2bf1ec75b456,FEE,,,,,,,,7fa8e68a-81f0-4324-b88e-e9771749cdc6,,,OCC,2026-06-23,2026-06-24T08:23:48.124529Z,-0.02,OCC Clearing Fee,executed,55e27496-3326-485c-a886-3a40174de787,USD,,
20260623000000000::9066ed2c-5675-4c28-8729-9b57e82fa683,FEE,,,,,,,,fa29db17-c989-4bcb-afbc-b94598317cc1,,,OCC,2026-06-23,2026-06-24T08:23:35.049807Z,-0.02,OCC Clearing Fee,executed,5e0de8a1-cc1a-424b-bfa1-798610c19dc2,USD,,
20260623000000000::8e8683c2-9b57-43ff-abc3-567cf7291d96,FEE,,,,,,,,2c90097a-2677-44bf-ac30-6aeddbaef305,,,OCC,2026-06-23,2026-06-24T08:24:45.987723Z,-0.04,OCC Clearing Fee,executed,5515abb7-67e0-4722-bdf8-40ffcee23d6a,USD,,
20260623000000000::87b760ca-8ad3-4608-bc2a-55f7a42df01e,FEE,,,,,,,,2eec45e7-0f9a-45e0-9551-f9a0600789a6,,,OCC,2026-06-23,2026-06-24T08:23:35.049807Z,-0.02,OCC Clearing Fee,executed,844b7310-9b68-43f4-89f1-68ee6b06b204,USD,,
20260623000000000::86d81aa7-f166-48ca-97dd-25cdf2cc85eb,FEE,,,,,,,,678c3708-5baa-4e85-bd83-12fa1011580c,,,OCC,2026-06-23,2026-06-24T08:25:05.240603Z,-0.02,OCC Clearing Fee,executed,26013aa8-193e-483c-a973-a5c3a1157de2,USD,,
20260623000000000::7db6e9aa-59d5-4049-89e3-85e7eda8895f,FEE,,,,,,,,ab4ec761-c1ca-4551-b2d0-7d48bd1b8055,,,OCC,2026-06-23,2026-06-24T08:24:41.729544Z,-0.02,OCC Clearing Fee,executed,ebf95c00-1894-48f7-a258-b56dfc382475,USD,,
20260623000000000::7d9bf510-4200-435c-8a00-74a4321086e6,FEE,,,,,,,,2afb4625-ad59-4c0f-9ec7-53ae4c5b8010,,,OCC,2026-06-23,2026-06-24T08:23:35.049807Z,-0.02,OCC Clearing Fee,executed,4eae5486-6f52-4f07-8caa-a7762978df50,USD,,
20260623000000000::70f82082-8a69-488e-8a6d-1fa62e497f86,FEE,,,,,,,,511041ff-c4a8-4336-93dc-91e01c39f4bd,,,OCC,2026-06-23,2026-06-24T08:24:37.463344Z,-0.02,OCC Clearing Fee,executed,2f16699e-b9b0-4edd-820e-9fbcbc0dea36,USD,,
20260623000000000::686fcd9b-44eb-41bb-8978-adfe29f15620,FEE,,,,,,,,cf0cc889-159c-4897-9133-9eac9b24d921,,,OCC,2026-06-23,2026-06-24T08:24:37.463344Z,-0.02,OCC Clearing Fee,executed,47311ac1-f41b-46d3-a831-2a5aacfc6f70,USD,,
20260623000000000::647ff54f-b15d-4c25-9ed4-3e5c8267abf6,FEE,,,,,,,,1750cf47-a532-4144-9b9b-f01e6212a63e,,,OCC,2026-06-23,2026-06-24T08:24:45.987723Z,-0.02,OCC Clearing Fee,executed,a16e512a-00fb-4322-aaa6-b4548c858707,USD,,
20260623000000000::63441163-944c-4517-b90a-68e570b58ed4,FEE,,,,,,,,37095fad-81c2-43a2-9cf8-22e8bceefb32,,,OCC,2026-06-23,2026-06-24T08:23:35.049807Z,-0.02,OCC Clearing Fee,executed,1b9f7a0e-ead8-4825-996a-4c6fceb0c716,USD,,
20260623000000000::5de4e949-81a1-4fdc-a957-f6879be242e1,FEE,,,,,,,,79c5454a-ff1c-49fd-b2a3-468eb032d3d1,,,OCC,2026-06-23,2026-06-24T08:24:37.463344Z,-0.02,OCC Clearing Fee,executed,c8431d6a-f0b4-4010-972f-135d8308fd43,USD,,
20260623000000000::540563a6-881f-4479-87ee-dd180b8028a9,FEE,,,,,,,,c193ad31-74a3-496a-bc32-6ebbc3abbd7d,,,OCC,2026-06-23,2026-06-24T08:24:37.463344Z,-0.02,OCC Clearing Fee,executed,ed86e3bc-6ea6-4377-98d4-ed219e2f2ac4,USD,,
20260623000000000::4a2e8a2d-41c1-468a-ae09-a1a2cf3236df,FEE,,,,,,,,7ed74f76-3353-4f62-8f30-7ec882834059,,,OCC,2026-06-23,2026-06-24T08:24:41.729544Z,-0.02,OCC Clearing Fee,executed,544d37ba-8466-4f76-9bc3-f24df2411cfd,USD,,
20260623000000000::45503fd4-c752-4265-8f64-b108ea7e37f2,FEE,,,,,,,,bebee4f6-bb92-4a11-ab2c-5345806a5f6d,,,OCC,2026-06-23,2026-06-24T08:24:48.018075Z,-0.04,OCC Clearing Fee,executed,3d5095e4-1b55-4b7a-89f6-4942a6b3b0c9,USD,,
20260623000000000::43642475-5037-48cf-b1d7-f6c3d12ba416,FEE,,,,,,,,7e692113-b25b-47fb-8f22-9a69ddecba46,,,OCC,2026-06-23,2026-06-24T08:23:56.385756Z,-0.02,OCC Clearing Fee,executed,5024f42c-dbb4-43fd-9b2e-cde7195c031c,USD,,
20260623000000000::3803f8d7-3b22-427e-8d88-1d0df765c45b,FEE,,,,,,,,,,,CAT,2026-06-23,2026-06-24T08:25:16.063471Z,-0.02,CAT fee for proceed of 36 trades on 2026-06-23 by PA3NJU1Y90R3,executed,,USD,,
20260623000000000::31f2f595-0eb4-454f-a3ff-20cfe990d51a,FEE,,,,,,,,3c8cab67-47f2-4b44-9323-32778f45d1f0,,,OCC,2026-06-23,2026-06-24T08:24:19.728453Z,-0.02,OCC Clearing Fee,executed,cc52b954-7b22-48d1-9d8b-15e2f4571b6d,USD,,
20260623000000000::307e974f-50cf-4c59-ab3f-8c8e1d3e2326,FEE,,,,,,,,3a26c518-0711-40e8-b872-9fd5c44c2238,,,OCC,2026-06-23,2026-06-24T08:24:58.408039Z,-0.02,OCC Clearing Fee,executed,e2ab56d7-221d-48be-991a-2f7932434f5c,USD,,
20260623000000000::2b2c4949-230e-407a-a9a5-a2158ca24cff,FEE,,,,,,,,8b0d0785-fc9b-446d-9ccf-6190b65ad585,,,OCC,2026-06-23,2026-06-24T08:23:52.364612Z,-0.04,OCC Clearing Fee,executed,45ed02ec-981a-4188-adfd-9f883bb9581c,USD,,
20260623000000000::1f2c0130-bcce-4acd-befe-c98c5f79ca23,FEE,,,,,,,,d191161a-002b-45de-9565-34b6c1dc042e,,,OCC,2026-06-23,2026-06-24T08:23:35.049807Z,-0.04,OCC Clearing Fee,executed,6517a395-f42c-46e9-8204-37069e77810f,USD,,
20260623000000000::080ecc8a-699e-4c8a-a123-fd9a68d6cfd2,FEE,,,,,,,,8d6a4343-cbc2-46fb-ae4f-0f9ae038c45a,,,OCC,2026-06-23,2026-06-24T08:23:48.124529Z,-0.02,OCC Clearing Fee,executed,ec736ac1-c7bb-44d9-a5d3-84c5ec33e21a,USD,,
20260623000000000::07754af0-365e-4c55-9a7c-2acb79eb7190,FEE,,,,,,,,f470340a-3e51-450b-b202-43a2f63c38a9,,,OCC,2026-06-23,2026-06-24T08:23:48.124529Z,-0.04,OCC Clearing Fee,executed,18d1641e-54a1-4fa7-b606-d4c96904f54f,USD,,
20260623000000000::048f2e20-0083-4232-a120-bf276f971947,FEE,,,,,,,,,,,ORF,2026-06-23,2026-06-24T08:24:43.871736Z,-1.24,ORF fee for proceed of 46 contracts on 2026-06-23 by PA3NJU1Y90R3,executed,,USD,,
20260623000000000::04439307-1715-40fb-b5bc-57430f2804e3,FEE,,,,,,,,,,,TAF,2026-06-23,2026-06-24T08:24:41.729544Z,-0.01,OPT TAF fee for proceed of 1 contracts (1 trades) on 2026-06-23 by PA3NJU1Y90R3,executed,,USD,,
20260623000000000::02208fac-99b6-4260-892d-b71cf1c0f5cb,FEE,,,,,,,,6434ed45-1bb1-488b-bafa-e414bc008f7d,,,OCC,2026-06-23,2026-06-24T08:23:48.124529Z,-0.04,OCC Clearing Fee,executed,9b989689-14ed-4002-a1b1-f3c73631ce91,USD,,
20260622151744844::01dc4990-831c-43e3-b639-af59a72a34ed,FILL,2026-06-22T19:17:44.844415Z,fill,3,1,sell,V260710C00335000,0,95c8cf0c-a5d5-466f-8475-94791ce93bb1,1,filled,,,,,,,,,,
20260622151736301::adab187f-90b9-4e99-bfe4-9f63b41f2e01,FILL,2026-06-22T19:17:36.301333Z,fill,4.7,1,sell,IONQ260710C00060000,0,b42b98ff-ceb1-4eff-9576-e4bde0e3b02b,1,filled,,,,,,,,,,
20260622151727760::ca120c63-c12e-4ad6-9c0c-6db3236d9f44,FILL,2026-06-22T19:17:27.760869Z,fill,5.7,1,sell,IONQ260717C00060000,0,96bbc6b6-28d5-452c-a990-ca179808f93f,1,filled,,,,,,,,,,
20260622151719249::c8d175f7-d5cb-493d-b847-699dd640384e,FILL,2026-06-22T19:17:19.249773Z,fill,0.3,1,sell,F260710C00014500,0,5162c909-b2e5-4f1e-8d9d-7ccf57629f48,1,filled,,,,,,,,,,
20260622145641422::0a72282f-3a6d-4ea9-a08e-8698d78cb62e,FILL,2026-06-22T18:56:41.422566Z,fill,4.55,1,buy,OKTA260710C00118000,0,fbab5a42-9562-4c7e-9ecb-04e53612e22a,1,filled,,,,,,,,,,
20260622145616627::dd17b3a2-0662-4ce3-aba1-47451234286d,FILL,2026-06-22T18:56:16.627396Z,fill,4.75,1,buy,CRM260717P00145000,0,b0fcd4a6-3b9f-4bfe-a72d-a3426f7464ce,1,filled,,,,,,,,,,
20260622145552482::28fda35b-c741-4275-be58-3a837d3c3325,FILL,2026-06-22T18:55:52.48292Z,fill,4.85,1,buy,AMZN260710P00230000,0,ec80558e-89b2-40a5-8c6a-8d154c244508,1,filled,,,,,,,,,,
20260622144131331::2f2d11e9-8dc5-461c-8f49-8b18235d8e80,FILL,2026-06-22T18:41:31.331939Z,fill,5.5,1,sell,AMZN260710P00232500,0,2dabc92f-43a6-4785-b45b-ffde51e2227c,1,filled,,,,,,,,,,
20260622144104420::b4a096b7-bc69-4823-8e53-3d4fa2b82061,FILL,2026-06-22T18:41:04.420828Z,fill,5.55,1,sell,CRM260710P00150000,0,4a42851c-2bb7-41a7-8589-503619a0b5d3,1,filled,,,,,,,,,,
20260622144102645::340f22b9-3312-47c0-8ab5-966977fe662c,FILL,2026-06-22T18:41:02.645046Z,fill,6.75,1,sell,AMZN260710P00235000,0,31a464f4-aee7-4158-ae01-cc77d1aadcd8,1,filled,,,,,,,,,,
20260622144059011::8bbb5715-e3f7-4d6f-88d2-f22b99d02691,FILL,2026-06-22T18:40:59.011832Z,fill,4,1,sell,ZM260717P00085000,0,feaca6e0-c5cd-4c10-8276-e9fef5025d2f,1,filled,,,,,,,,,,
20260622142038752::563fff6b-48ab-402a-ab4d-846a6cd0b84d,FILL,2026-06-22T18:20:38.752337Z,fill,2.8,1,buy,ESTC260717P00055000,0,56529ed4-3836-41f5-87af-4f22c2b4b2f2,1,filled,,,,,,,,,,
20260622142012166::7ffaa064-2bbe-42be-b5bf-fc4749c36a11,FILL,2026-06-22T18:20:12.166083Z,fill,3.9,1,buy,XLK260710C00197000,0,7cde3c53-361e-4016-bc98-2abd1243fde9,1,filled,,,,,,,,,,
20260622141943136::cde2aa00-db14-4a00-820e-a454d406b147,FILL,2026-06-22T18:19:43.136481Z,fill,4.95,1,buy,BA260717P00215000,0,e218b412-6dc2-4cc4-afe6-4e301f6863af,1,filled,,,,,,,,,,
20260622141917220::79e0216d-bcfd-44dd-8e5e-43b2782f2836,FILL,2026-06-22T18:19:17.220787Z,fill,2.3,2,buy,DIS260710C00102000,0,a6c9f37a-456e-442e-8820-d783ba222bc5,2,filled,,,,,,,,,,
20260622141851677::2f90e4bd-de59-411a-acdb-24c977308a52,FILL,2026-06-22T18:18:51.677764Z,fill,4.2,1,buy,NVDA260710C00215000,0,51f4bdfd-e377-4ccf-a9d1-5f6855ede99a,1,filled,,,,,,,,,,
20260622141827959::c2a1bb43-164f-44a3-964b-7346d2ce97ee,FILL,2026-06-22T18:18:27.959772Z,fill,4.85,1,buy,AAPL260717C00305000,0,e271c289-ac3f-4341-b5d6-caf3975ba8e8,1,filled,,,,,,,,,,
20260622141801959::67c0c2bd-6390-407c-a022-02528abe7e8f,FILL,2026-06-22T18:18:01.959927Z,fill,0.96,2,buy,XLF260717P00054000,0,87ebf290-6774-47d0-9011-73698bc18d69,2,filled,,,,,,,,,,
20260622140331631::fb1327f4-5b01-442e-ab18-7db7362ac1cd,FILL,2026-06-22T18:03:31.631194Z,fill,3.2,2,sell,NFLX260710P00075000,0,b260120f-578d-47ee-b4bd-8d57ed0a8708,2,filled,,,,,,,,,,
20260622140321960::c46db1f9-6c78-4137-8fa8-0fa32b6824dd,FILL,2026-06-22T18:03:21.960309Z,fill,2.5,1,sell,NVDA260710C00220000,0,81b846c3-9195-4fc4-bde5-668c2f5cd26d,1,filled,,,,,,,,,,
20260622134305680::4359caf8-926b-4b3c-9670-2e9d4da18cc5,FILL,2026-06-22T17:43:05.680856Z,fill,4.9,1,buy,ZS260710P00119000,0,d6d1f7e5-6575-4689-a49b-3f7084bdecb2,1,filled,,,,,,,,,,
20260622134240687::2c669e53-8d44-4814-8704-1b2a1cdde4b9,FILL,2026-06-22T17:42:40.687944Z,fill,1.75,2,buy,SO260710C00094000,0,ce2b4f31-2cbd-466b-bf1b-5a5bfdf18b81,2,filled,,,,,,,,,,
20260622134213602::04adb9e1-6f39-440b-b324-90d77d54fe42,FILL,2026-06-22T17:42:13.602908Z,fill,3.1,1,buy,CARR260717C00072500,0,4464cbd4-acb2-4967-b274-faacc3d87d58,1,filled,,,,,,,,,,
20260622134150987::d1a003e2-4d99-46f6-8199-65d747cdded2,FILL,2026-06-22T17:41:50.987073Z,fill,4,1,buy,PG260717P00150000,0,1f8e59c3-af81-4ecc-a286-94c8ee6b1f1a,1,filled,,,,,,,,,,
20260622134127835::f5f2bf67-eb3a-43b4-8b65-7160e8a76726,FILL,2026-06-22T17:41:27.835903Z,fill,0.77,1,buy,SOFI260717C00018000,0,cb923007-5816-4e31-a88b-b9e0c1f1968b,1,filled,,,,,,,,,,
20260622132849613::f1264c58-c128-4c11-aef8-70ac8ab90cba,FILL,2026-06-22T17:28:49.613839Z,fill,0.59,2,sell,SOFI260710C00018000,0,87677a6d-00ce-422d-9b16-6ae9e3a56174,2,filled,,,,,,,,,,
20260622130839571::3e049c4e-b5f9-4c67-8d10-440ca4b50577,FILL,2026-06-22T17:08:39.571812Z,fill,2.7,1,buy,CARR260717C00073000,0,d54db48e-0521-4b88-8bf7-341a1e6aad5f,1,filled,,,,,,,,,,
20260622130811298::37bf9e1f-863e-4c1d-9901-960fb6712495,FILL,2026-06-22T17:08:11.298245Z,fill,4.05,1,buy,TGT260717P00130000,0,7da9e0d6-d3db-4ee0-bd8f-56eca603b95f,1,filled,,,,,,,,,,
20260622130749622::70891b0a-d8e4-4fad-bdb6-3798d0b09776,FILL,2026-06-22T17:07:49.622653Z,fill,4.8,1,buy,PLTR260710P00120000,0,d2a28a37-7ca3-43ca-98bf-0d3caa64f934,1,filled,,,,,,,,,,
20260622130727935::c7be4960-72e1-492a-9f53-8a92500021ca,FILL,2026-06-22T17:07:27.935922Z,fill,1.6,1,buy,MDT260717C00080000,0,275413f1-e8f5-4fcd-8116-d41edd9c970d,1,filled,,,,,,,,,,
20260622123342870::d93d9399-9109-4467-be3b-98550a957c9e,FILL,2026-06-22T16:33:42.870496Z,fill,4.5,1,buy,SAP260717P00145000,0,ab575b59-258b-4559-bfe1-80c8491149d7,1,filled,,,,,,,,,,
20260622123311843::fc54a8a0-64ea-46fe-bbe0-26ef4c11bed0,FILL,2026-06-22T16:33:11.843223Z,fill,4.25,1,buy,ZM260717P00084000,0,1d107efc-c58b-4ee5-8363-85d73d3459f9,1,filled,,,,,,,,,,
20260622123241405::ce18459c-4e99-4654-81b2-79a96c84af65,FILL,2026-06-22T16:32:41.40586Z,fill,2.7,1,buy,NKE260710P00044000,0,724f3532-a201-494a-a846-d704b6208ae1,1,filled,,,,,,,,,,
20260622121802205::f844ba01-25c4-4de7-b701-67f06cfc992b,FILL,2026-06-22T16:18:02.20595Z,fill,7.3,1,sell,PLTR260710P00125000,0,7d53590c-bd0f-48e6-a5a7-d7747a2cb547,1,filled,,,,,,,,,,
20260622121750120::fdc02cf5-1637-4836-a2c3-4b2128f4d202,FILL,2026-06-22T16:17:50.120957Z,fill,1.47,2,sell,DIS260717C00105000,0,589db3cf-e023-47dd-b6a1-83fde282054e,2,filled,,,,,,,,,,
20260622115738658::6c3b3161-2b2e-4873-8cd4-c6c2ffd20847,FILL,2026-06-22T15:57:38.658788Z,fill,4.9,1,buy,V260710C00335000,0,6ec594e0-3659-46a0-acdd-ac215c467779,1,filled,,,,,,,,,,
20260622115717756::c4f5368d-76bb-4cce-afea-646fbf58f668,FILL,2026-06-22T15:57:17.756961Z,fill,1.15,2,buy,GSK260710P00051000,0,8882f413-4cf9-4b90-93ac-6adb4faf33e0,2,filled,,,,,,,,,,
20260622115655591::6dcbffb8-8e44-4993-9f56-f35593e5f9f8,FILL,2026-06-22T15:56:55.591235Z,fill,4.75,1,buy,RTX260710P00182500,0,2dbbe242-5d01-4f26-b1ae-0be70335b5dd,1,filled,,,,,,,,,,
20260622115635758::3c343f67-62c2-4128-a228-7d3e75ae796f,FILL,2026-06-22T15:56:35.758321Z,fill,4.95,1,buy,CSCO260717C00120000,0,99ae6263-0c30-4410-8efa-a0b0cc607658,1,filled,,,,,,,,,,
20260622115614368::19f5ca75-e38b-48b3-8ebe-a8ddceb8966e,FILL,2026-06-22T15:56:14.368318Z,fill,4.8,1,buy,XOM260710P00140000,0,43e741b8-3ff9-4290-bf11-8d4bfcd3bb14,1,filled,,,,,,,,,,
20260622115554093::93373af9-e273-4d53-8b2e-d5e0a472a4f9,FILL,2026-06-22T15:55:54.093851Z,fill,1.6,2,buy,SNY260717P00042500,0,95172bf3-054c-4abc-9c07-67d072e30121,2,filled,,,,,,,,,,
20260622115528770::5dadff50-88ce-43ad-abb9-b1b0c97ffd6b,FILL,2026-06-22T15:55:28.770645Z,fill,4.5,1,buy,NFLX260717P00075000,0,ee3f99f4-ba6a-455f-bd4f-197ba81511ff,1,filled,,,,,,,,,,
20260622115509383::7a959269-0d2d-4f2b-884b-5b5567b0c18b,FILL,2026-06-22T15:55:09.383646Z,fill,1.02,1,buy,BAC260710C00058000,0,1b836df7-24b8-45ba-b14e-dd702f1309bb,2,filled,,,,,,,,,,
20260622115509270::f419e267-1718-4963-bf99-d1f18eb6eb74,FILL,2026-06-22T15:55:09.270959Z,partial_fill,1.02,1,buy,BAC260710C00058000,1,1b836df7-24b8-45ba-b14e-dd702f1309bb,1,partially_filled,,,,,,,,,,
20260622115449914::13b8c8ca-c3fe-4cf7-b7c0-2b693b2d8e05,FILL,2026-06-22T15:54:49.914102Z,fill,4.85,1,buy,IONQ260710C00060000,0,811d3128-f334-46db-87af-90436b0f18c0,1,filled,,,,,,,,,,
20260622113926067::945213f4-2bf4-4a05-8723-8fec38f887c5,FILL,2026-06-22T15:39:26.06715Z,fill,4,2,sell,NFLX260710P00077000,0,d7bd4ca9-556f-41db-a172-e9bec642654b,2,filled,,,,,,,,,,
20260622111910542::af0a27ed-af48-4c79-865f-5cf3b003aa21,FILL,2026-06-22T15:19:10.542018Z,fill,4.55,1,buy,ZS260710P00120000,0,94fa4f14-bc62-4e4a-8eff-d70ffdcd492f,1,filled,,,,,,,,,,
20260622111847996::713019e7-1c63-465a-b4a8-c58fae8e0362,FILL,2026-06-22T15:18:47.996488Z,fill,3.15,1,buy,CVX260717P00170000,0,49736d6c-fdd4-4257-84af-d1f46b0aa872,1,filled,,,,,,,,,,
20260622111828479::36990352-7ba1-41e4-9ca5-dae7f68d523e,FILL,2026-06-22T15:18:28.479608Z,fill,0.77,2,buy,LYFT260717C00014500,0,5a57388e-4c82-47eb-9e41-daa5511f26e6,2,filled,,,,,,,,,,
20260622111810865::4003d8c8-7100-44c1-8f50-f10567f1314b,FILL,2026-06-22T15:18:10.865193Z,fill,2.41,2,buy,CVS260717C00105000,0,39b05f5a-2cca-4944-93cd-73859514349e,2,filled,,,,,,,,,,
20260622111751324::f01c1d88-e223-491b-83f0-eb19ba1b9527,FILL,2026-06-22T15:17:51.324493Z,fill,4.95,1,buy,PLTR260717P00120000,0,76c93d71-6555-4ac5-a16b-65e4d690c4d2,1,filled,,,,,,,,,,
20260622111733556::1f2ad970-892a-41a9-923f-d3a2bb31e9d9,FILL,2026-06-22T15:17:33.556935Z,fill,3.4,1,buy,C260717C00150000,0,60e4a2e0-3ca5-4e23-bd1d-8af25300da95,1,filled,,,,,,,,,,
20260622111715997::87d8f8f2-efd6-4cd8-a02c-8809e493ab3c,FILL,2026-06-22T15:17:15.997528Z,fill,3.6,1,buy,GM260717C00082500,0,a8b945ef-5035-4059-b8a1-07c1b4cacca3,1,filled,,,,,,,,,,
20260622111654104::a7d8bfc0-d1a3-423b-92a3-a1c6ea6a6a16,FILL,2026-06-22T15:16:54.104661Z,fill,4.45,1,buy,IONQ260717C00060000,0,7bbdb731-6982-4a65-95e3-a1d256c38851,1,filled,,,,,,,,,,
20260622104140650::75ec7604-e4d9-4b97-a273-8801ac9da0cf,FILL,2026-06-22T14:41:40.650187Z,fill,5.1,1,buy,AMZN260710P00232500,0,9b005c53-e207-4bc3-b857-93aa73ccad40,1,filled,,,,,,,,,,
20260622104123719::46241edd-171f-47b2-8b23-6f6b79eb9436,FILL,2026-06-22T14:41:23.719621Z,fill,4.8,1,buy,CRM260710P00149000,0,ec98d01d-d803-45fc-9f19-641f18dbe011,1,filled,,,,,,,,,,
20260622104107891::5b4bf1ba-820b-468c-aeb3-94f647ad3d29,FILL,2026-06-22T14:41:07.89164Z,fill,3.8,1,buy,SPY260706C00755000,0,2484cdd1-cb0d-4c40-a3de-2f3d4c9302f6,1,filled,,,,,,,,,,
20260622104050927::766325af-f881-4537-addd-484bceb5f77c,FILL,2026-06-22T14:40:50.927404Z,fill,4.4,1,buy,RTX260717P00180000,0,7057fdbb-feda-4365-b6af-f611df885330,1,filled,,,,,,,,,,
20260622104034890::dcb79dd7-245c-4b92-b5f0-6116fda75628,FILL,2026-06-22T14:40:34.890948Z,fill,4.85,1,buy,JNJ260710P00230000,0,e6b4ccd9-1d29-4341-80db-6917fc89720e,1,filled,,,,,,,,,,
20260622104017497::a8d99314-5739-472f-bef7-bfa03bbffcc8,FILL,2026-06-22T14:40:17.497967Z,fill,5,1,buy,CVX260710P00175000,0,1b0ffb5c-4490-4f17-ba89-8401ea92a1b1,1,filled,,,,,,,,,,
20260622103958459::a5506cda-d8a6-4002-a4f9-84d15b13b31b,FILL,2026-06-22T14:39:58.459873Z,fill,1.7,1,buy,DIS260710C00104000,0,b5afa50d-6374-457f-aa36-8b9e45495ad9,2,filled,,,,,,,,,,
20260622103958350::e5d67cb1-1a79-4357-ac77-3c3de2cf009b,FILL,2026-06-22T14:39:58.350077Z,partial_fill,1.7,1,buy,DIS260710C00104000,1,b5afa50d-6374-457f-aa36-8b9e45495ad9,1,partially_filled,,,,,,,,,,
20260622103941696::6d4dae69-22e4-4c7b-8762-4758d329295f,FILL,2026-06-22T14:39:41.696013Z,fill,3.05,1,buy,TGT260717C00135000,0,5b39afe4-d5cb-49a2-abdf-d6b78f3ef646,1,filled,,,,,,,,,,
20260622103927072::98be0900-2894-412f-ac6f-df6c5fcfbc77,FILL,2026-06-22T14:39:27.072125Z,fill,0.51,1,buy,F260710C00014500,0,3085dadc-e8c9-44b3-b15c-22a7f79e9338,1,filled,,,,,,,,,,
20260622103909807::d77979c0-f37c-4b3e-872c-c02c1292b821,FILL,2026-06-22T14:39:09.807685Z,fill,4.15,1,buy,COP260717P00110000,0,a5386b00-f80e-4308-99c9-ba732fa16621,1,filled,,,,,,,,,,
20260622103855102::49e24ecf-b166-4576-871c-267da82fee25,FILL,2026-06-22T14:38:55.102575Z,fill,4.3,1,buy,NVDA260717C00220000,0,ff0ea881-cf69-45e1-8758-d85959e6b491,1,filled,,,,,,,,,,
20260622103841063::840dfffe-2e9f-4bbe-a0de-fb878435a700,FILL,2026-06-22T14:38:41.063266Z,fill,4.6,1,buy,WMT260717P00120000,0,1b4a5dfb-a69b-4a5c-a6af-064023161272,1,filled,,,,,,,,,,
20260622103827268::e94e9670-3e8f-4028-b58d-414ee144d952,FILL,2026-06-22T14:38:27.26879Z,fill,4.35,1,buy,CVS260717C00100000,0,308ab83c-d73e-47a2-ad07-d116df6ae6a4,1,filled,,,,,,,,,,
20260622103813909::0a60ac34-00d7-43f2-a069-79d239bd3b89,FILL,2026-06-22T14:38:13.909239Z,fill,3.25,1,buy,UBER260717P00072500,0,f0e4a60b-ca96-4978-869d-baff44b06385,1,filled,,,,,,,,,,
20260622103759434::c7f9d0b5-4f70-4a96-9db1-1a134d298ff7,FILL,2026-06-22T14:37:59.434615Z,fill,2.35,2,buy,GM260717C00085000,0,ec2e82fe-49c5-4781-af6e-57ed63cfa2e3,2,filled,,,,,,,,,,
20260622103745197::89d3c514-8911-4a9b-b011-5d5aa8c553af,FILL,2026-06-22T14:37:45.197991Z,fill,3.25,1,buy,MDT260717P00080000,0,98a55757-b2f3-4f09-aeab-66d7f1e943f4,1,filled,,,,,,,,,,
20260622103731789::0a0f7cf8-ccf2-4f1a-b8ba-ab5a084b1b4d,FILL,2026-06-22T14:37:31.789576Z,fill,3.5,1,buy,ABT260717P00087500,0,96e3ed0c-949e-4aab-887a-dec68433d9f9,1,filled,,,,,,,,,,
20260622103719267::6abb9e9c-507b-469b-8f7e-5dc208aa125b,FILL,2026-06-22T14:37:19.267756Z,fill,4.25,1,buy,MMM260717C00165000,0,e6685a86-a929-41e3-b012-d00abdc80f77,1,filled,,,,,,,,,,
20260622103706461::7c5314fe-ef52-42c3-842b-9073471ef68f,FILL,2026-06-22T14:37:06.461283Z,fill,4.76,1,buy,IWM260710C00300000,0,a7925420-7ef5-4ea1-ae2e-4102c90f8616,1,filled,,,,,,,,,,
20260622103653310::5873b0c9-f471-4dc4-8f57-8f9ec3524316,FILL,2026-06-22T14:36:53.310351Z,fill,2.52,1,buy,OXY260717P00052500,0,f2b29fd7-7157-43a9-bd32-1944ce2b4956,1,filled,,,,,,,,,,
20260622103641433::71270f3e-68cf-470e-8b92-7fb45ecb5266,FILL,2026-06-22T14:36:41.433608Z,fill,4.55,1,buy,AAPL260710C00305000,0,7b3c60b9-819d-4d9a-bfa0-4ebd7fe10796,1,filled,,,,,,,,,,
20260622103627582::0dbefc03-0fa0-496f-910f-b17e75ecc476,FILL,2026-06-22T14:36:27.582937Z,fill,1.83,2,buy,MO260717C00070000,0,71d28595-16b2-4713-ba83-e0b254935720,2,filled,,,,,,,,,,
20260622103616105::f63d5007-5ee7-4eed-82bc-bfafc103b128,FILL,2026-06-22T14:36:16.105517Z,fill,3.1,1,buy,SCHW260717P00092500,0,c6b98096-d727-426d-8bad-895f75a20ea2,1,filled,,,,,,,,,,
20260622103603587::9f53d207-325f-4b1a-a898-1b73b782c824,FILL,2026-06-22T14:36:03.587059Z,fill,0.87,1,buy,SOFI260710C00017500,0,e0b15235-5db5-4ea2-8886-a7bee7d6bdcf,1,filled,,,,,,,,,,
20260622103552460::02eba43a-0e7c-47a2-95f2-d74149bba12f,FILL,2026-06-22T14:35:52.460467Z,fill,4,1,buy,MRK260717P00115000,0,4a2f4fa3-cf57-45ec-a1c8-68f47f58540f,1,filled,,,,,,,,,,
20260622103541557::f71563cc-1d14-4c29-88d2-26bae261e2b5,FILL,2026-06-22T14:35:41.557559Z,fill,2.33,2,buy,NFLX260710P00075000,0,543e0eec-f2d5-4405-82b7-1f4cb16a42b4,2,filled,,,,,,,,,,
20260622100357158::c5a68560-a7af-4212-ba0e-59c9fce11c22,FILL,2026-06-22T14:03:57.158182Z,fill,4.3,1,buy,SAP260717P00147000,0,4baf3898-0f83-497b-8c8f-d519d01e2c63,1,filled,,,,,,,,,,
20260622100347070::ba3514df-faee-445b-a184-1c50ef5b719d,FILL,2026-06-22T14:03:47.070961Z,fill,4.55,1,buy,CRM260710P00150000,0,fbafc4bc-85dc-45fb-88d8-327f4b8d7c35,1,filled,,,,,,,,,,
20260622100335697::9983c432-d20f-4ae8-a81f-630b08baf6f1,FILL,2026-06-22T14:03:35.697536Z,fill,4.95,1,buy,AMZN260710P00235000,0,80098587-047a-4daa-b1e4-47eeb87834b7,1,filled,,,,,,,,,,
20260622100326178::4713342a-0b1e-4944-96f3-a603d26f45c2,FILL,2026-06-22T14:03:26.178143Z,fill,1.28,2,buy,OXY260717P00050000,0,40354979-ed6b-4b12-b14d-d1ebc51d25ec,2,filled,,,,,,,,,,
20260622100315348::938a8c65-aa49-4249-b691-3e39faad213c,FILL,2026-06-22T14:03:15.348228Z,fill,3.05,1,buy,XOM260717P00135000,0,356bde1e-775a-42bc-95cb-d4295a650967,1,filled,,,,,,,,,,
20260622100306262::35430d03-2847-4346-af71-65119a8ee182,FILL,2026-06-22T14:03:06.262584Z,fill,3.15,1,buy,ZM260717P00085000,0,262ca456-5433-4afb-a639-48c726a983f8,1,filled,,,,,,,,,,
20260622100257078::08229b1c-5867-47c6-8594-fb5d709adfe1,FILL,2026-06-22T14:02:57.078092Z,fill,1.5,2,buy,GSK260717P00051000,0,cad70d5d-4043-4c05-9d8f-22c1849191f1,2,filled,,,,,,,,,,
20260622100246656::403a2678-ebde-428a-8218-c251e12ca914,FILL,2026-06-22T14:02:46.656528Z,fill,4.5,1,buy,DIA260710C00522000,0,db983a91-4b82-4aeb-8f8b-6898f7e8f985,1,filled,,,,,,,,,,
20260622100236620::8ebc75c7-0ce6-47cd-9352-e50a0060e18d,FILL,2026-06-22T14:02:36.620419Z,fill,4.1,1,buy,PLTR260710P00125000,0,44d0b6da-f4bc-410c-aabe-2c3f120f7660,1,filled,,,,,,,,,,
20260622100228789::5d6db8f4-85d5-4dea-bcb0-658509f0fb50,FILL,2026-06-22T14:02:28.78983Z,fill,4.35,1,buy,NVDA260710C00220000,0,ee1d35a5-6b48-4f88-bced-785b0d69ce18,1,filled,,,,,,,,,,
20260622100221277::769183ae-962e-4e2d-aeef-0f22b189efe0,FILL,2026-06-22T14:02:21.277767Z,fill,3.75,1,buy,CSCO260710C00122000,0,54f5dd60-02fc-4d03-8838-acf96f9427c7,1,filled,,,,,,,,,,
20260622100213684::659b7631-3bea-499c-9851-7754e9bce244,FILL,2026-06-22T14:02:13.68454Z,fill,2.03,2,buy,KO260717P00080000,0,b8a2e937-44a0-4fe9-877a-ba7f55be3223,2,filled,,,,,,,,,,
20260622100206147::5f7e63ce-211e-489c-a734-dca073d6c0c2,FILL,2026-06-22T14:02:06.14727Z,fill,3.35,1,buy,C260710C00146000,0,b54d8306-c795-40fe-b4e9-a96d13c04e33,1,filled,,,,,,,,,,
20260622100156020::8bed0ba9-a7dd-49d8-a20c-a8320bc8a662,FILL,2026-06-22T14:01:56.02065Z,fill,1.65,1,buy,XLE260717P00054000,0,4e2dfe4c-aa77-4e91-8bd5-02b27b76059f,2,filled,,,,,,,,,,
20260622100155906::8cf95cc0-91ea-486e-bd28-92ca12490539,FILL,2026-06-22T14:01:55.906128Z,partial_fill,1.65,1,buy,XLE260717P00054000,1,4e2dfe4c-aa77-4e91-8bd5-02b27b76059f,1,partially_filled,,,,,,,,,,
20260622100149047::0c3eeeb2-f3a9-42e6-a3c2-f0ffb1777097,FILL,2026-06-22T14:01:49.047035Z,fill,2.17,2,buy,NFLX260710P00077000,0,35341ada-9002-40cc-9b3b-7c651840f827,2,filled,,,,,,,,,,
20260622100140549::d0bee180-5877-4a50-9adc-43756c8688e1,FILL,2026-06-22T14:01:40.549534Z,fill,4.01,1,buy,IWM260710C00303000,0,deee91e0-5dbf-49c7-91b0-d2d38d2ee0d7,1,filled,,,,,,,,,,
20260622100133876::c1e6901a-7112-4a44-98e5-e3bb0f9e4b83,FILL,2026-06-22T14:01:33.876461Z,fill,0.65,2,buy,LYFT260717C00015000,0,e51f830c-5de9-43d6-aadc-febae9f1d8fb,2,filled,,,,,,,,,,
20260622100127208::a93d094e-b7fb-4c7a-8e02-bd175303f0c5,FILL,2026-06-22T14:01:27.208986Z,fill,0.51,2,buy,PFE260717P00025000,0,7ecd1c03-594e-480f-9a3a-945d47532b0a,2,filled,,,,,,,,,,
20260622100119788::9391ebdb-0bae-4d71-bf05-02d0131365fa,FILL,2026-06-22T14:01:19.788406Z,fill,1.14,2,buy,RIVN260717P00016000,0,33f21b2f-7335-4647-8614-7cc120a37f22,2,filled,,,,,,,,,,
20260622100113920::646be7df-d838-4f6c-a7c3-039ff4decd23,FILL,2026-06-22T14:01:13.920897Z,fill,2.3,2,buy,DIS260717C00105000,0,71e8330c-1cb9-4531-b1c3-a0dc41e5fec9,2,filled,,,,,,,,,,
20260622100108357::bf6c1360-f6ca-4ca5-a185-09e27e223571,FILL,2026-06-22T14:01:08.35765Z,fill,1.66,2,buy,BAC260717C00057500,0,a9e0887a-18da-4662-ab2c-54389eb49c60,2,filled,,,,,,,,,,
20260622100103266::76c2ad8a-08b9-4024-b719-181637b50292,FILL,2026-06-22T14:01:03.266601Z,fill,2.6,1,buy,UBER260717C00072500,0,49ffb6f0-d0d5-4438-9df7-7ef118d867a0,1,filled,,,,,,,,,,
20260622100058357::f55dc0d8-05c6-4f2f-a71c-2ecbb7daee2d,FILL,2026-06-22T14:00:58.357247Z,fill,0.99,2,buy,SOFI260710C00018000,0,670336e2-59f3-4fa3-8f3e-947669ae8101,2,filled,,,,,,,,,,
20260622100053970::4affede7-402f-455a-9c80-d23f123fdd2a,FILL,2026-06-22T14:00:53.970923Z,fill,3.05,1,buy,NKE260717P00045000,0,6c1a1a48-0589-4d5b-829a-072092cead21,1,filled,,,,,,,,,,
20260622093716447::da180964-1989-47d7-a15f-956e68df717c,FILL,2026-06-22T13:37:16.447786Z,fill,183.67,1,sell,RTX,0,9ce95809-a717-4b54-ab12-2602d4cb1785,3,filled,,,,,,,,,,
20260622093552665::a9c49fdb-8827-475c-a15f-39fe61142a03,FILL,2026-06-22T13:35:52.665943Z,fill,58.02,1,sell,IONQ,0,95e3d69c-1c02-4697-873f-cad9856862d7,1,filled,,,,,,,,,,
20260622093512965::9aba7313-92e3-4339-b805-5c81013e2a5f,FILL,2026-06-22T13:35:12.965471Z,partial_fill,183.91,2,sell,RTX,1,9ce95809-a717-4b54-ab12-2602d4cb1785,2,partially_filled,,,,,,,,,,
20260622093440399::5cd7a44b-5580-46f0-a5dd-7bd02f884a3a,FILL,2026-06-22T13:34:40.399612Z,fill,5.8,3,sell,XLK260710C00192500,0,459e6ee7-8845-47bf-b4ef-51e5182f5fe1,3,filled,,,,,,,,,,
20260622093439840::1dbe965d-309f-43d4-8028-10882eeff540,FILL,2026-06-22T13:34:39.840264Z,fill,1.94,3,sell,OXY260717P00052500,0,c50b3ffc-7c79-4ef7-9a4f-e3d7cd2a9a5e,3,filled,,,,,,,,,,
20260622093439457::8fba6a9e-3d4e-42b2-96a1-060783e9728d,FILL,2026-06-22T13:34:39.457836Z,fill,2.48,2,sell,TGT260717P00130000,0,6972b9a2-92d3-4be1-932e-3ab3e8adad02,3,filled,,,,,,,,,,
20260622093439352::caf84dfa-445f-49df-92b1-0b286da03015,FILL,2026-06-22T13:34:39.352002Z,partial_fill,2.48,1,sell,TGT260717P00130000,2,6972b9a2-92d3-4be1-932e-3ab3e8adad02,1,partially_filled,,,,,,,,,,
20260622093438883::21e7a933-24e4-4e62-87e7-c1cfcb5e5cc9,FILL,2026-06-22T13:34:38.883474Z,fill,7.5,2,sell,TSLA260710P00380000,0,e8e1554f-b64d-47de-8a8e-cedb2c028121,2,filled,,,,,,,,,,
20260622093438317::0773abc9-76ee-4e66-9d7f-918a2fbcdbc6,FILL,2026-06-22T13:34:38.31774Z,fill,7.4,2,sell,COIN260717P00160000,0,2d729e7a-9f4d-4ede-9d6b-e8921cb0b951,2,filled,,,,,,,,,,
20260622093437949::8223d5f6-1289-4e37-99c4-2e95dfb2f31c,FILL,2026-06-22T13:34:37.949575Z,fill,12.4,1,sell,INTC260717C00140000,0,e44eeda6-fa15-42a9-95c6-c734503bba89,2,filled,,,,,,,,,,
20260622093437834::9b7ec494-684f-4a8c-b28f-a9f995e84775,FILL,2026-06-22T13:34:37.834198Z,partial_fill,12.4,1,sell,INTC260717C00140000,1,e44eeda6-fa15-42a9-95c6-c734503bba89,1,partially_filled,,,,,,,,,,
20260622093437267::a0e4f806-9e34-4cd2-96ff-7a050f5120cb,FILL,2026-06-22T13:34:37.267116Z,fill,4.05,2,sell,RTX260710C00185000,0,2a742ce8-d462-406e-996f-8a1c094d605e,2,filled,,,,,,,,,,
20260622093436787::03306e48-b021-4ee2-b601-debc1c42d9e3,FILL,2026-06-22T13:34:36.787093Z,fill,7.3,2,sell,AAPL260717C00300000,0,f7c1e94a-f50e-41c0-9f6f-1bd028a2f2a4,2,filled,,,,,,,,,,
20260622093436212::10337fe9-77bf-4aa6-9cea-59d5fcc94dc1,FILL,2026-06-22T13:34:36.212112Z,fill,0.63,2,sell,SOFI260710C00018000,0,12659f6f-e8ee-4edb-ae35-03420e44c726,2,filled,,,,,,,,,,
20260622093435759::a10c71bd-cd0e-4508-8c14-6ba4f77b53b4,FILL,2026-06-22T13:34:35.759244Z,fill,12.2,2,sell,MSFT260710P00380000,0,5caafc0a-160c-4c01-8e5f-0fe35b3bc4c2,2,filled,,,,,,,,,,
20260622093435148::34890e88-1250-4ef0-a737-062a2e88dc2b,FILL,2026-06-22T13:34:35.148541Z,fill,5.35,1,sell,TLT260717C00081000,0,d24abdf4-a8e3-43f6-bfaa-e7ebb2d79ef8,1,filled,,,,,,,,,,
20260622093434564::bbb06681-c1bd-4afb-bcb9-6a0e62398b75,FILL,2026-06-22T13:34:34.564688Z,fill,1.72,3,sell,NFLX260710P00075000,0,bd0cac34-a271-4c2b-a2bd-0d8a85ee5710,3,filled,,,,,,,,,,
20260622093434118::0a2d74a8-6048-42f2-9c06-bae16319de7a,FILL,2026-06-22T13:34:34.118728Z,fill,12.5,2,sell,INTC260710C00135000,0,23c0e28b-bf12-434a-a77d-19460f781f3d,2,filled,,,,,,,,,,
20260622093433547::84b5da0a-52fc-4d2b-b037-4a1c6a5b5612,FILL,2026-06-22T13:34:33.547856Z,fill,6.56,1,sell,IWM260702C00295000,0,b66ddd0f-3182-4704-938b-efca2f1bb1fc,1,filled,,,,,,,,,,
20260622093432983::d729c20c-5ecc-486a-b187-cc66f778a339,FILL,2026-06-22T13:34:32.983731Z,fill,25.15,1,sell,CAT260702C01010000,0,4d27320f-0dfc-41fc-ae30-e52f2ebdc458,1,filled,,,,,,,,,,
20260622093432517::0227ef9c-63f6-4fe9-bced-fbee4092a586,FILL,2026-06-22T13:34:32.517277Z,fill,0.65,2,sell,LYFT260717C00014000,0,f9b8c9df-52a6-4e35-b546-05a141b59a85,2,filled,,,,,,,,,,
20260622093432036::7de6b3e7-4263-4e2b-bff3-efd25038bb5d,FILL,2026-06-22T13:34:32.036498Z,fill,17.6,1,sell,C260710C00127000,0,5e26d6ee-3858-455b-86cb-13785c70f4b8,1,filled,,,,,,,,,,
20260622093431458::ee8b81fb-dc0f-4748-8043-c206bc655405,FILL,2026-06-22T13:34:31.458651Z,fill,1.35,1,sell,PG260717C00155000,0,8e3c068c-8a7b-400f-860e-47cfecad20ca,1,filled,,,,,,,,,,
20260622093430860::c5ac0035-cb50-4bd2-a449-b3555723f6ac,FILL,2026-06-22T13:34:30.860982Z,fill,24.8,1,sell,AMD260702C00550000,0,39d74ec4-503d-4a48-a417-55057a32560f,1,filled,,,,,,,,,,
20260622093430372::5971d11d-7109-43c7-a26d-665f483327d9,FILL,2026-06-22T13:34:30.372838Z,fill,19.7,1,sell,XLK260702C00173000,0,96acbe23-840f-47e7-9dbe-c12967e69dfc,1,filled,,,,,,,,,,
20260622093429756::2a29b4c2-cbe1-4447-ab0c-39fff2a43679,FILL,2026-06-22T13:34:29.756532Z,fill,4.95,2,sell,V260717C00335000,0,3845d9ed-fa9b-46db-aa6a-6936a29b389d,2,filled,,,,,,,,,,
20260622093429302::6dfc23ff-8b15-498f-b872-e89152976523,FILL,2026-06-22T13:34:29.302545Z,fill,6.05,2,sell,JPM260717C00335000,0,e0902bf8-9e14-417b-ba47-9387373e6fa4,2,filled,,,,,,,,,,
20260622093428687::8d42a951-d093-482e-8f31-2ae23cc5e46e,FILL,2026-06-22T13:34:28.687453Z,fill,2.84,2,sell,RTX260717C00190000,0,dc618561-8fbc-4b84-845e-59b91e79ecab,2,filled,,,,,,,,,,
20260622093428081::366a9f90-50ff-4525-ad80-31d868d49321,FILL,2026-06-22T13:34:28.081749Z,fill,4.8,1,sell,DIA260702C00518000,0,be39b8bd-705b-4b00-860d-5b0e905fa6fd,1,filled,,,,,,,,,,
20260622093427610::9ff3098c-7166-411b-871e-af39d651322e,FILL,2026-06-22T13:34:27.610398Z,fill,8.4,1,sell,UBER260717P00080000,0,60c4911b-e179-4712-9f49-6b0016efad3e,1,filled,,,,,,,,,,
20260622093427035::1f77f4db-3326-45d0-81a8-d1589e9a8678,FILL,2026-06-22T13:34:27.035836Z,fill,17.65,1,sell,AVGO260717C00410000,0,94600596-96b4-4a78-bb45-d98b3b4be9c2,1,filled,,,,,,,,,,
20260622093426520::f84d01e1-bce8-470f-bc2a-99f301cb57cb,FILL,2026-06-22T13:34:26.520922Z,fill,13.4,1,sell,TSLA260717P00390000,0,1cc1048d-2e4e-49eb-9d97-0d4231ea7d85,1,filled,,,,,,,,,,
20260622093426041::11d0fbbc-13d2-439c-a64b-7d1150c713e0,FILL,2026-06-22T13:34:26.041124Z,fill,18.7,1,sell,INTU260717P00270000,0,17142221-b626-4996-b699-da56e9dc1cb2,1,filled,,,,,,,,,,
20260622093425442::66f05ebe-f819-479f-b45d-d8bdaa0a188e,FILL,2026-06-22T13:34:25.442674Z,fill,9.15,2,sell,IBM260710P00250000,0,78bfde8f-feec-4b2c-93b1-494972adb52e,2,filled,,,,,,,,,,
20260622093424935::80a6be33-9b12-44e3-b0c5-b171d7ba7d38,FILL,2026-06-22T13:34:24.935162Z,fill,4.2,3,sell,IONQ260717P00055000,0,b253acfc-b894-4b0b-94c6-b6f6c0172ee4,3,filled,,,,,,,,,,
20260622093424352::253703f3-12d0-4772-9f66-6f991f7c53fc,FILL,2026-06-22T13:34:24.352726Z,fill,14.05,1,sell,QCOM260717C00230000,0,6318995c-b792-45cc-84e1-4d3318468721,1,filled,,,,,,,,,,
20260622093423769::2ec80f04-9f96-4f76-bd95-b7f9893f4593,FILL,2026-06-22T13:34:23.769905Z,fill,13.65,1,sell,QQQ260702C00740000,0,1790ac51-7059-43d4-b81d-1e94e587b77d,1,filled,,,,,,,,,,
20260622093423289::aa869c54-b42c-4fac-8a8e-c3383fe3df99,FILL,2026-06-22T13:34:23.289293Z,fill,4.85,3,sell,CVX260717P00175000,0,30bf249d-c787-4199-82e9-af64b07c4d0e,3,filled,,,,,,,,,,
20260622093422720::3a44da5c-be0e-46c2-a03d-da36cfb4bab3,FILL,2026-06-22T13:34:22.720265Z,fill,0.81,2,sell,SOFI260717C00018000,0,71cc77fb-f525-4b5f-855a-dd3560ab64a0,2,filled,,,,,,,,,,
20260622093422254::799a2618-bb25-4576-87ce-963362335637,FILL,2026-06-22T13:34:22.254187Z,fill,8.9,1,sell,CRM260717P00155000,0,532f161c-5c69-4402-8c27-69895fee5223,2,filled,,,,,,,,,,
20260622093422130::35cf727f-37a9-476d-9db2-10d0f820e415,FILL,2026-06-22T13:34:22.130521Z,partial_fill,8.9,1,sell,CRM260717P00155000,1,532f161c-5c69-4402-8c27-69895fee5223,1,partially_filled,,,,,,,,,,
20260622093421775::edb118b2-0a4b-49a0-b817-dca3742e9556,FILL,2026-06-22T13:34:21.77541Z,fill,4.95,1,sell,PLTR260710P00125000,0,8e3d0e66-0ab1-4178-af29-63dd915cafee,2,filled,,,,,,,,,,
20260622093421658::bfa439e0-0990-491f-8c08-45fa8a510adf,FILL,2026-06-22T13:34:21.658041Z,partial_fill,4.95,1,sell,PLTR260710P00125000,1,8e3d0e66-0ab1-4178-af29-63dd915cafee,1,partially_filled,,,,,,,,,,
20260622093420958::8254ef2e-aa31-48d2-8697-740b943c7401,FILL,2026-06-22T13:34:20.958026Z,fill,9.1,2,sell,AMZN260710P00245000,0,feb64c1a-d93e-406d-9a61-2554cc147b01,2,filled,,,,,,,,,,
20260622093420498::58f54967-164c-438c-9e7d-c6532d77d325,FILL,2026-06-22T13:34:20.498382Z,fill,22,1,sell,GOOGL260710P00375000,0,289dffb7-93da-422e-8881-556b19be81a1,1,filled,,,,,,,,,,
20260622093419900::aa80d9bc-d479-452b-930d-bb84fb8295c1,FILL,2026-06-22T13:34:19.900129Z,fill,15.35,2,sell,INTC260710C00130000,0,490ea68b-9f17-4fe4-964c-8a0a77d541a7,2,filled,,,,,,,,,,
20260622093419432::d149a789-feb0-4e48-ac16-2f616fb9fab5,FILL,2026-06-22T13:34:19.43248Z,fill,18.85,1,sell,MSFT260710P00390000,0,f72f95d8-153b-44ad-a2ca-2284fcba6109,1,filled,,,,,,,,,,
20260622093418939::63398b80-bafb-486c-889c-4597fc6a0b1d,FILL,2026-06-22T13:34:18.939316Z,fill,1.23,2,sell,BAC260710C00057000,0,af7d7c61-b6f7-4745-9eba-fe7fcf850e81,2,filled,,,,,,,,,,
20260622093418373::fdc63362-d1a4-4aef-85dc-5005c7190a1d,FILL,2026-06-22T13:34:18.37314Z,fill,1.2,2,sell,WFC260717P00080000,0,eb69eed0-6366-4494-b632-9414ad247119,2,filled,,,,,,,,,,
20260622093417919::39be6f6f-9b89-459b-aa5a-dd974b4b8020,FILL,2026-06-22T13:34:17.919203Z,fill,3.4,2,sell,TLT260717C00083000,0,9a523ea7-b30e-4717-9d21-3d0567c18dd8,2,filled,,,,,,,,,,
20260622093417323::383355de-9e9e-4f92-81b1-808089965b97,FILL,2026-06-22T13:34:17.323304Z,fill,7.32,1,sell,IWM260702C00294000,0,53dbd40a-ece7-47e2-86eb-05607d1d8fb7,1,filled,,,,,,,,,,
20260622093416859::32f1d5c1-2cac-4833-a42b-2e205fa5d77e,FILL,2026-06-22T13:34:16.859747Z,fill,6.55,2,sell,AAPL260710C00300000,0,edf996ad-5bcd-4bab-9759-9c29274effd3,2,filled,,,,,,,,,,
20260622093416376::497a7949-9102-4e4e-a1b7-a0e456363946,FILL,2026-06-22T13:34:16.376864Z,fill,9.1,2,sell,NVDA260710C00210000,0,88ae66c0-cb04-4f20-9e0d-21b8b59d6a54,2,filled,,,,,,,,,,
20260622093415981::a12da34e-8948-4851-840d-ed9575b85f5a,FILL,2026-06-22T13:34:15.981888Z,fill,72.26,1,sell,CARR,0,3f633e9f-390f-4179-b401-f0fba3f75e92,1,filled,,,,,,,,,,
20260622093415800::fe888917-4eb8-465a-af87-42e615dfaec5,FILL,2026-06-22T13:34:15.800783Z,fill,2.8,2,sell,NKE260717P00045000,0,8c21bff7-e9b8-48bf-8f99-b37b3c01e9e3,2,filled,,,,,,,,,,
20260622093415329::ba938a06-d899-456e-b076-767b93dea162,FILL,2026-06-22T13:34:15.329107Z,fill,17.95,1,sell,ADBE260717P00210000,0,de2ded13-946c-4ef7-8410-e5c1aabb0fed,1,filled,,,,,,,,,,
20260622093414760::01b1d4ea-0dfb-49cd-9586-d09eaa3a291b,FILL,2026-06-22T13:34:14.760702Z,fill,6.85,3,sell,IONQ260717P00060000,0,44009366-c3a3-47d8-a683-d8ecf62f4aac,3,filled,,,,,,,,,,
20260622093414258::e5fbaa35-702a-4cd0-92a2-b4c9b46ea551,FILL,2026-06-22T13:34:14.258827Z,fill,1.79,3,sell,MO260717P00070000,0,a34b26bd-0ee2-446d-b308-59f94d1150ae,3,filled,,,,,,,,,,
20260622093413444::96e95f9f-64ef-43eb-aafc-9b62b0a7924f,FILL,2026-06-22T13:34:13.444549Z,fill,23.25,1,sell,MSFT260717P00395000,0,374e1edf-5416-4338-99dd-912ed699e2d4,1,filled,,,,,,,,,,
20260622093412882::aaca9790-8176-42af-9f2a-e5b07a5de4c2,FILL,2026-06-22T13:34:12.882123Z,fill,1.67,3,sell,KO260717P00080000,0,9625221a-8c94-4c45-8c99-6f6918be6952,3,filled,,,,,,,,,,
20260622093412263::d5ac9a5b-c6c7-4ce8-bc1c-9e4f1b702aca,FILL,2026-06-22T13:34:12.263768Z,fill,0.97,3,sell,F260717P00015000,0,4bccd0a3-f984-4871-9b37-65e1b5ac63b4,3,filled,,,,,,,,,,
20260622093411810::3b217f66-f086-4cda-bd15-c7e30b9cab95,FILL,2026-06-22T13:34:11.810533Z,fill,4.25,3,sell,CSCO260717P00120000,0,baddc908-a699-4118-baed-0aa8c683432c,3,filled,,,,,,,,,,
20260622093411203::bd134e87-13df-4e92-9c83-182c2408d33d,FILL,2026-06-22T13:34:11.203388Z,fill,12.2,3,sell,CRM260717P00160000,0,5f05a822-cb53-41a8-978d-90a21bda062d,3,filled,,,,,,,,,,
20260622093410710::44fe3232-2640-43d4-9dc5-b40f4a5c29d2,FILL,2026-06-22T13:34:10.710148Z,fill,7.7,1,sell,CVX260717P00180000,0,3e8ed263-f86c-4b82-bd12-29e9f3438265,2,filled,,,,,,,,,,
20260622093410589::92aac96f-c958-43a4-86b1-9c1b65ddea52,FILL,2026-06-22T13:34:10.589877Z,partial_fill,7.7,1,sell,CVX260717P00180000,1,3e8ed263-f86c-4b82-bd12-29e9f3438265,1,partially_filled,,,,,,,,,,
20260622093410111::f25836ef-aedb-4561-a3bb-d1dbe34821e9,FILL,2026-06-22T13:34:10.111774Z,fill,6.35,1,sell,TLT260717C00080000,0,4a1b42ce-7f25-45a6-9f1d-94dc61cdbfc6,1,filled,,,,,,,,,,
20260622093409543::c164e202-4904-46b0-a8b9-a237d4cf894c,FILL,2026-06-22T13:34:09.54346Z,fill,13.65,1,sell,GE260717C00360000,0,7a83f0f9-b686-49e9-8ca1-cd46e3953ce9,1,filled,,,,,,,,,,
20260622093409065::8011d2c9-c4a0-4269-8da8-6316473bfa7c,FILL,2026-06-22T13:34:09.065665Z,fill,22.8,1,sell,AVGO260717C00400000,0,a377ad0c-2c28-43c2-acf6-9634bd48b856,1,filled,,,,,,,,,,
20260622093408830::2c46f588-2e3c-4363-ac2f-682731f8f45d,FILL,2026-06-22T13:34:08.830289Z,fill,3.8,2,sell,ESTC260717P00060000,0,864c3cb4-e58a-4cc9-8961-c12fcb7a95af,2,filled,,,,,,,,,,
20260622093408458::b7006ed6-2108-4048-b305-a0ab6951be79,FILL,2026-06-22T13:34:08.458483Z,fill,34.6,1,sell,SMH260710C00662500,0,8b28070e-a786-484d-8f84-083f831d7333,1,filled,,,,,,,,,,
20260622093408111::cb0d0919-ed0a-4f32-8093-e99db7915017,FILL,2026-06-22T13:34:08.111395Z,fill,3.9,3,sell,XLF260717C00050000,0,970874c3-b4b6-4084-aa52-b7a4c19427dd,3,filled,,,,,,,,,,
20260622093407760::a23e5d22-c1f4-40d1-8cba-64dabac452cd,FILL,2026-06-22T13:34:07.760781Z,fill,1.57,2,sell,NKE260717C00047500,0,1c499ae0-96a5-4e9a-95d0-90c4bb71aafd,2,filled,,,,,,,,,,
20260622093407531::495c41d3-636c-4a0a-90b2-ca532a203228,FILL,2026-06-22T13:34:07.531199Z,fill,17,1,sell,INTC260717C00130000,0,7a08b0c0-89ff-4f32-a9da-c1c927df6a51,1,filled,,,,,,,,,,
20260622093407171::0070bb53-9db3-4dca-8b0e-8a66e1551ba7,FILL,2026-06-22T13:34:07.171506Z,fill,22.1,1,sell,TXN260717C00320000,0,9b719977-7f55-4873-8748-9b4e52c6bef0,1,filled,,,,,,,,,,
20260622093406592::cd12b6c6-27fb-4918-9d34-f7b54bb4e651,FILL,2026-06-22T13:34:06.592107Z,fill,15.55,2,sell,CVX260717P00190000,0,ddc1f01c-fd01-491d-84c3-48f7119f4538,2,filled,,,,,,,,,,
20260622093406343::12023b64-ecb7-4917-8d74-9d1cf6f50333,FILL,2026-06-22T13:34:06.343393Z,fill,23.8,1,sell,XLK260717C00170000,0,3a7f6818-fc07-42ec-a2f1-dda4128f9654,1,filled,,,,,,,,,,
20260622093405988::5104a923-7a07-4412-9a8b-1ccc85155a47,FILL,2026-06-22T13:34:05.988Z,fill,16.65,1,sell,XOM260717P00155000,0,53c59a96-f80e-4d72-9f84-471d47d5831c,1,filled,,,,,,,,,,
20260622093405748::a898336f-5931-4709-b312-00a82ac2705e,FILL,2026-06-22T13:34:05.748189Z,fill,14.1,2,sell,NFLX260717P00090000,0,30074df8-83c6-4188-9b67-b9bdd6b6e782,2,filled,,,,,,,,,,
20260622093405405::651acea4-eed3-4919-bff7-5d5560464987,FILL,2026-06-22T13:34:05.405182Z,fill,36.4,1,sell,TSLA260717C00370000,0,eaf3ce4f-1ae6-4073-a484-6212942e8afb,1,filled,,,,,,,,,,
20260622093405277::2ad96c23-726f-4b50-8bd1-c4617fca3d92,FILL,2026-06-22T13:34:05.27728Z,fill,0.45,1,sell,SOFI260717P00016000,0,55b16a1b-b80b-45bd-99bf-add0b194bde2,2,filled,,,,,,,,,,
20260622093405154::3f7193e5-3e64-494f-bf73-edd74adc8761,FILL,2026-06-22T13:34:05.154724Z,partial_fill,0.45,1,sell,SOFI260717P00016000,1,55b16a1b-b80b-45bd-99bf-add0b194bde2,1,partially_filled,,,,,,,,,,
20260622093404898::8ea3be95-9f4a-4f51-972c-25231958844c,FILL,2026-06-22T13:34:04.898621Z,fill,11.9,1,sell,SO260717C00080000,0,4ebcd039-723a-4642-acc8-c95bf5cd5648,1,filled,,,,,,,,,,
20260622093404558::9fbb2752-e9eb-4883-b2c5-ebd62d41d03a,FILL,2026-06-22T13:34:04.558665Z,fill,22.2,1,sell,SPG260717C00190000,0,a47f8094-de1d-4120-a975-3f7a8557d5aa,1,filled,,,,,,,,,,
20260622093404218::6a2f81a4-6b6d-4bf2-86ab-0d0816c8564e,FILL,2026-06-22T13:34:04.218228Z,fill,22.85,1,sell,AVGO260717P00410000,0,22ada2c8-6f5b-467e-ad31-b0ab013cd96d,1,filled,,,,,,,,,,
20260622093403990::5a678765-0b54-4823-9f68-3a0edd09a834,FILL,2026-06-22T13:34:03.990788Z,fill,0.56,3,sell,RIVN260717P00015000,0,d07208d2-aa74-4e43-9b68-e88afe17e1cc,3,filled,,,,,,,,,,
20260622093403757::695a76e1-6b33-45d1-83bf-40d1bf7bf989,FILL,2026-06-22T13:34:03.757664Z,fill,24.4,1,sell,C260717C00120000,0,353793bf-b4a4-45bd-a57d-a6982e63bc05,2,filled,,,,,,,,,,
20260622093403637::cf91948a-4e28-45aa-92bc-5c15884a8edb,FILL,2026-06-22T13:34:03.637847Z,partial_fill,24.4,1,sell,C260717C00120000,1,353793bf-b4a4-45bd-a57d-a6982e63bc05,1,partially_filled,,,,,,,,,,
20260622093403402::84985cea-96d3-401f-a44e-fc4e2339a723,FILL,2026-06-22T13:34:03.402009Z,fill,5.75,1,sell,PLTR260717P00125000,0,ee683fd4-8e1a-4c75-bef5-c30d5dd31828,3,filled,,,,,,,,,,
20260622093403288::ccd9eb34-f932-48d2-bd4d-406bcfaa6a10,FILL,2026-06-22T13:34:03.288582Z,partial_fill,5.7,2,sell,PLTR260717P00125000,1,ee683fd4-8e1a-4c75-bef5-c30d5dd31828,2,partially_filled,,,,,,,,,,
20260622093402938::08609b24-19ff-497a-a292-ebf648a3f475,FILL,2026-06-22T13:34:02.938964Z,fill,6,3,sell,OKTA260717P00115000,0,ac76bd06-d530-43ef-955b-780a2f0616ec,3,filled,,,,,,,,,,
20260622093402471::2b0a2f41-7ee7-4e47-9fcb-31879f8c1fcc,FILL,2026-06-22T13:34:02.471965Z,fill,54,3,sell,INTU260821P00310000,0,6951883d-b985-4a79-b014-9f1d38ff9e8e,3,filled,,,,,,,,,,
20260622093402109::591c48ec-d7be-410b-b7a9-88aa25df08a0,FILL,2026-06-22T13:34:02.109265Z,fill,2.08,3,sell,GM260717P00080000,0,48ec25b3-d158-46a1-bb0e-66395f8f9187,3,filled,,,,,,,,,,
20260622093401883::f500851f-1561-44e7-b11a-ab88ce0e6d77,FILL,2026-06-22T13:34:01.883156Z,fill,15.85,3,sell,ZS260821P00135000,0,6d972a08-0f4c-403f-acac-89cd45aced04,3,filled,,,,,,,,,,
20260622093401621::41a4b56a-de8b-4e14-9812-2a3276ebd517,FILL,2026-06-22T13:34:01.621491Z,fill,17.8,3,sell,ZM260717P00105000,0,3b511011-c536-4993-adda-2c0d4ba6f546,3,filled,,,,,,,,,,
20260622093401383::3e856070-fcac-4668-8984-d5d94dbe8854,FILL,2026-06-22T13:34:01.383429Z,fill,36.05,1,sell,COST260717C00930000,0,7f0f15cb-1d26-4711-b0e4-bb50cef2373a,1,filled,,,,,,,,,,
20260622093401010::d40aba91-1b7c-4add-a5b9-9d637d1a2dfd,FILL,2026-06-22T13:34:01.010419Z,fill,0.75,3,sell,LYFT260821P00013000,0,d89a3148-27fa-400c-8a08-6790a1f907cb,3,filled,,,,,,,,,,
20260622093400657::988adf0b-81b7-4dea-8882-cd74c4056761,FILL,2026-06-22T13:34:00.657114Z,fill,136.5,1,sell,CRWD260724C00555000,0,602207b0-553e-4ced-a382-680ff98c0493,1,filled,,,,,,,,,,
20260622093400427::0118d908-72fd-4a91-8e09-9007bf59d4d5,FILL,2026-06-22T13:34:00.427124Z,fill,8.65,2,sell,DDOG260717C00230000,0,32b8af01-b16a-4beb-aca9-3ee09db5efe7,2,filled,,,,,,,,,,
20260622093400087::b95cd2b4-d0e7-4f6a-b2f1-406161a76db3,FILL,2026-06-22T13:34:00.0876Z,fill,0.42,3,sell,F260717P00014000,0,1227ea3e-6ecf-444c-8a11-624093028afd,3,filled,,,,,,,,,,
20260622093305728::9363d341-c405-42af-9a7a-0bf7c2e33cc6,FILL,2026-06-22T13:33:05.728367Z,fill,12.15,1,sell,COIN260717P00170000,0,6266892f-8c35-4de2-9d90-d9e85bcaf686,1,filled,,,,,,,,,,
20260622093246595::62c0b5f2-d24f-4b83-93e3-005997ec587a,FILL,2026-06-22T13:32:46.595315Z,fill,3.45,3,sell,COP260717P00110000,0,252b3bae-0cc2-41fb-9acc-c9580667f557,3,filled,,,,,,,,,,
20260622093245303::3285db4d-da69-4e61-98d2-3a8a151f2149,FILL,2026-06-22T13:32:45.303599Z,fill,5.2,1,sell,ZM260717P00090000,0,e9cf6c5e-c504-4e4a-8886-a1e500716815,3,filled,,,,,,,,,,
20260622093245196::29f27155-cea2-4627-b7ce-7c31c70701c4,FILL,2026-06-22T13:32:45.196445Z,partial_fill,5.2,2,sell,ZM260717P00090000,1,e9cf6c5e-c504-4e4a-8886-a1e500716815,2,partially_filled,,,,,,,,,,
20260622093240551::283b2fa5-9f50-4c77-9c27-fdf5339bc444,FILL,2026-06-22T13:32:40.551663Z,fill,1.88,2,sell,XLE260717P00055000,0,c62d5f0e-43cc-499a-8e96-cfac55c9beba,2,filled,,,,,,,,,,
20260622093236127::f94ad877-0dcf-4a2e-a2ad-7e6e4776f1a1,FILL,2026-06-22T13:32:36.12778Z,fill,2.43,1,sell,TLT260717C00084000,0,b7eb7c22-dc15-46bc-93ee-551de0aa5fb7,2,filled,,,,,,,,,,
20260622093235988::1e1d5c64-e9c1-48c7-9c2b-bea89befb967,FILL,2026-06-22T13:32:35.988513Z,partial_fill,2.43,1,sell,TLT260717C00084000,1,b7eb7c22-dc15-46bc-93ee-551de0aa5fb7,1,partially_filled,,,,,,,,,,
20260622093230538::a2d66fb0-5b48-48b9-9acf-5020857ef696,FILL,2026-06-22T13:32:30.538803Z,fill,20.45,1,sell,LLY260717P01080000,0,19d72214-85a9-498f-ae50-cdc006310e29,1,filled,,,,,,,,,,
20260622093227610::850fd5bc-e5c7-43af-ab44-b027aa937d88,FILL,2026-06-22T13:32:27.610504Z,fill,3.3,2,sell,XLE260717P00057000,0,3dac74a4-72fc-4554-be9a-a59ebbacc5db,2,filled,,,,,,,,,,
20260622093225742::ca5c111e-47db-48a9-a199-937ef5bf0262,FILL,2026-06-22T13:32:25.742255Z,fill,1.72,1,sell,DIS260717C00105000,0,4dfbfcf3-ce03-4d96-82b5-cf3d6e881b36,1,filled,,,,,,,,,,
20260622093219459::ba7b28d8-531f-48f8-a7b7-b5062c7c7332,FILL,2026-06-22T13:32:19.459986Z,fill,5.55,2,sell,MRK260717C00110000,0,a6628030-5b29-4764-83d0-b2d65747d99f,2,filled,,,,,,,,,,
20260622093216591::1598d657-2cb3-43b5-ba4f-822a2b3ccea4,FILL,2026-06-22T13:32:16.591981Z,fill,0.93,2,sell,WMT260717C00125000,0,aac64d70-c062-4853-b30d-e27878c6bd18,2,filled,,,,,,,,,,
20260622093112309::87df8c9a-7025-4d90-845e-c4433c234e9f,FILL,2026-06-22T13:31:12.309553Z,fill,241.1,3,sell,AMZN,0,f1a6c389-ddc7-4863-8ad9-b9b6b42f923f,3,filled,,,,,,,,,,
20260622093033611::7056c67c-debf-49f3-a33d-5ae6f0903caf,FILL,2026-06-22T13:30:33.611628Z,fill,375.98,2,sell,MSFT,0,5d358bd7-1ba3-443e-8873-9f4088b0213d,2,filled,,,,,,,,,,
20260622093011364::5586628b-d254-42b1-b01d-94fa75a3b4c0,FILL,2026-06-22T13:30:11.364211Z,fill,3.65,2,sell,AAPL260821C00325000,0,dcaa7ca2-b94e-4155-b946-a6da3b82e427,2,filled,,,,,,,,,,
20260622093011345::2d915450-d203-4a72-b702-04cba0f763d6,FILL,2026-06-22T13:30:11.345929Z,fill,5.3,2,sell,MMM260717C00160000,0,59d7d3f8-adfa-4ff9-b78b-7c6c374d8a15,2,filled,,,,,,,,,,
20260622093011244::702e0987-9096-400f-b27b-6e2fcc45e853,FILL,2026-06-22T13:30:11.244431Z,fill,6.15,2,sell,JNJ260717P00230000,0,328dfc1d-4655-417c-a884-bc1cac917f7f,2,filled,,,,,,,,,,
20260622000000000::fc639e03-42dd-468e-b576-b72770c6a316,FEE,,,,,,,,1227ea3e-6ecf-444c-8a11-624093028afd,,,OCC,2026-06-22,2026-06-23T08:23:43.299414Z,-0.06,OCC Clearing Fee,executed,b95cd2b4-d0e7-4f6a-b2f1-406161a76db3,USD,,
20260622000000000::fb8daab4-c0fe-49c9-a661-afc453fa1fa5,FEE,,,,,,,,feb64c1a-d93e-406d-9a61-2554cc147b01,,,OCC,2026-06-22,2026-06-23T08:23:43.299414Z,-0.04,OCC Clearing Fee,executed,8254ef2e-aa31-48d2-8697-740b943c7401,USD,,
20260622000000000::fb7d5138-1f8e-46a2-8d2a-d7cb03413eee,FEE,,,,,,,,d2a28a37-7ca3-43ca-98bf-0d3caa64f934,,,OCC,2026-06-22,2026-06-23T08:25:00.765099Z,-0.02,OCC Clearing Fee,executed,70891b0a-d8e4-4fad-bdb6-3798d0b09776,USD,,
20260622000000000::f8f1b025-3f76-4060-a6ec-fb826b4bff47,FEE,,,,,,,,5caafc0a-160c-4c01-8e5f-0fe35b3bc4c2,,,OCC,2026-06-22,2026-06-23T08:23:43.299414Z,-0.04,OCC Clearing Fee,executed,a10c71bd-cd0e-4508-8c14-6ba4f77b53b4,USD,,
20260622000000000::f874c06d-711c-44cb-83a2-e4644c87c398,FEE,,,,,,,,6318995c-b792-45cc-84e1-4d3318468721,,,OCC,2026-06-22,2026-06-23T08:23:39.769064Z,-0.02,OCC Clearing Fee,executed,253703f3-12d0-4772-9f66-6f991f7c53fc,USD,,
20260622000000000::f7769000-ad96-408e-8c68-19e24b77d563,FEE,,,,,,,,2a742ce8-d462-406e-996f-8a1c094d605e,,,OCC,2026-06-22,2026-06-23T08:23:43.299414Z,-0.04,OCC Clearing Fee,executed,a0e4f806-9e34-4cd2-96ff-7a050f5120cb,USD,,
20260622000000000::f6fe9961-0bc2-46ac-9471-6ceb62962c08,FEE,,,,,,,,e218b412-6dc2-4cc4-afe6-4e301f6863af,,,OCC,2026-06-22,2026-06-23T08:25:07.076425Z,-0.02,OCC Clearing Fee,executed,cde2aa00-db14-4a00-820e-a454d406b147,USD,,
20260622000000000::f64815b9-8c69-4aeb-9280-4ec4401bed3c,FEE,,,,,,,,275413f1-e8f5-4fcd-8116-d41edd9c970d,,,OCC,2026-06-22,2026-06-23T08:25:00.765099Z,-0.02,OCC Clearing Fee,executed,c7be4960-72e1-492a-9f53-8a92500021ca,USD,,
20260622000000000::f59075fa-0e8a-4293-a5c4-5d8cbd97c956,FEE,,,,,,,,deee91e0-5dbf-49c7-91b0-d2d38d2ee0d7,,,OCC,2026-06-22,2026-06-23T08:24:01.249569Z,-0.02,OCC Clearing Fee,executed,d0bee180-5877-4a50-9adc-43756c8688e1,USD,,
20260622000000000::f4f5d228-12d0-4a8a-a9d3-e07d3a709d7c,FEE,,,,,,,,6c1a1a48-0589-4d5b-829a-072092cead21,,,OCC,2026-06-22,2026-06-23T08:24:01.249569Z,-0.02,OCC Clearing Fee,executed,4affede7-402f-455a-9c80-d23f123fdd2a,USD,,
20260622000000000::f4e35a85-5180-4aab-a228-626e8fbe57a4,FEE,,,,,,,,e6b4ccd9-1d29-4341-80db-6917fc89720e,,,OCC,2026-06-22,2026-06-23T08:24:25.338297Z,-0.02,OCC Clearing Fee,executed,dcb79dd7-245c-4b92-b5f0-6116fda75628,USD,,
20260622000000000::f4cefedb-faf9-4cd6-90ec-f8f6d5dae660,FEE,,,,,,,,eb69eed0-6366-4494-b632-9414ad247119,,,OCC,2026-06-22,2026-06-23T08:23:43.299414Z,-0.04,OCC Clearing Fee,executed,fdc63362-d1a4-4aef-85dc-5005c7190a1d,USD,,
20260622000000000::f3c38e8f-8778-4b88-a863-1b446fe1ad80,FEE,,,,,,,,2dabc92f-43a6-4785-b45b-ffde51e2227c,,,OCC,2026-06-22,2026-06-23T08:25:11.117356Z,-0.02,OCC Clearing Fee,executed,2f2d11e9-8dc5-461c-8f49-8b18235d8e80,USD,,
20260622000000000::f2f8bbf1-cf12-48e5-aa21-72ee99e34eb7,FEE,,,,,,,,a47f8094-de1d-4120-a975-3f7a8557d5aa,,,OCC,2026-06-22,2026-06-23T08:23:39.769064Z,-0.02,OCC Clearing Fee,executed,9fbb2752-e9eb-4883-b2c5-ebd62d41d03a,USD,,
20260622000000000::f299db37-bc8f-4f4a-bdf7-d4c3d23b9672,FEE,,,,,,,,b5afa50d-6374-457f-aa36-8b9e45495ad9,,,OCC,2026-06-22,2026-06-23T08:24:25.338297Z,-0.02,OCC Clearing Fee,executed,a5506cda-d8a6-4002-a4f9-84d15b13b31b,USD,,
20260622000000000::f27656e0-29d3-4554-8449-00739a1ca206,FEE,,,,,,,,fbab5a42-9562-4c7e-9ecb-04e53612e22a,,,OCC,2026-06-22,2026-06-23T08:24:36.789384Z,-0.02,OCC Clearing Fee,executed,0a72282f-3a6d-4ea9-a08e-8698d78cb62e,USD,,
20260622000000000::f1c11368-ce97-4f57-b2ed-63d548dc7618,FEE,,,,,,,,80098587-047a-4daa-b1e4-47eeb87834b7,,,OCC,2026-06-22,2026-06-23T08:24:04.751445Z,-0.02,OCC Clearing Fee,executed,9983c432-d20f-4ae8-a81f-630b08baf6f1,USD,,
20260622000000000::f130bd26-22eb-484e-9ffe-8bf25071bdfe,FEE,,,,,,,,1f8e59c3-af81-4ecc-a286-94c8ee6b1f1a,,,OCC,2026-06-22,2026-06-23T08:25:00.765099Z,-0.02,OCC Clearing Fee,executed,d1a003e2-4d99-46f6-8199-65d747cdded2,USD,,
20260622000000000::efa46c8c-ba6a-4c3f-bb44-cc2bfb3bde04,FEE,,,,,,,,44d0b6da-f4bc-410c-aabe-2c3f120f7660,,,OCC,2026-06-22,2026-06-23T08:24:01.249569Z,-0.02,OCC Clearing Fee,executed,8ebc75c7-0ce6-47cd-9352-e50a0060e18d,USD,,
20260622000000000::ef1f6052-7cc3-47a0-8de8-a30d5eddabde,FEE,,,,,,,,71e8330c-1cb9-4531-b1c3-a0dc41e5fec9,,,OCC,2026-06-22,2026-06-23T08:24:01.249569Z,-0.04,OCC Clearing Fee,executed,646be7df-d838-4f6c-a7c3-039ff4decd23,USD,,
20260622000000000::eead1401-0b20-406d-bbeb-3a2059e80ac3,FEE,,,,,,,,ee683fd4-8e1a-4c75-bef5-c30d5dd31828,,,OCC,2026-06-22,2026-06-23T08:23:43.299414Z,-0.04,OCC Clearing Fee,executed,ccd9eb34-f932-48d2-bd4d-406bcfaa6a10,USD,,
20260622000000000::ed980dbe-1c7d-4790-8991-86addf6dac58,FEE,,,,,,,,b7eb7c22-dc15-46bc-93ee-551de0aa5fb7,,,OCC,2026-06-22,2026-06-23T08:23:32.037916Z,-0.02,OCC Clearing Fee,executed,1e1d5c64-e9c1-48c7-9c2b-bea89befb967,USD,,
20260622000000000::ec703065-6720-4a3b-ae3f-a0435392ad09,FEE,,,,,,,,353793bf-b4a4-45bd-a57d-a6982e63bc05,,,OCC,2026-06-22,2026-06-23T08:23:43.299414Z,-0.02,OCC Clearing Fee,executed,695a76e1-6b33-45d1-83bf-40d1bf7bf989,USD,,
20260622000000000::eb2ee5fe-ff81-42f3-b65a-d5a568cb52ed,FEE,,,,,,,,6972b9a2-92d3-4be1-932e-3ab3e8adad02,,,OCC,2026-06-22,2026-06-23T08:23:43.299414Z,-0.04,OCC Clearing Fee,executed,8fba6a9e-3d4e-42b2-96a1-060783e9728d,USD,,
20260622000000000::eb1cfa0d-13bc-4fae-98bf-5d3c5f25278e,FEE,,,,,,,,4a1b42ce-7f25-45a6-9f1d-94dc61cdbfc6,,,OCC,2026-06-22,2026-06-23T08:23:43.299414Z,-0.02,OCC Clearing Fee,executed,f25836ef-aedb-4561-a3bb-d1dbe34821e9,USD,,
20260622000000000::eabe044e-8961-437d-8696-76c010b938a5,FEE,,,,,,,,3845d9ed-fa9b-46db-aa6a-6936a29b389d,,,OCC,2026-06-22,2026-06-23T08:23:43.299414Z,-0.04,OCC Clearing Fee,executed,2a29b4c2-cbe1-4447-ab0c-39fff2a43679,USD,,
20260622000000000::e9ac940a-d908-4581-86a9-12ff55352fd7,FEE,,,,,,,,dc618561-8fbc-4b84-845e-59b91e79ecab,,,OCC,2026-06-22,2026-06-23T08:23:43.299414Z,-0.04,OCC Clearing Fee,executed,8d42a951-d093-482e-8f31-2ae23cc5e46e,USD,,
20260622000000000::e64c320d-fcaa-444e-964f-7e2a88403e70,FEE,,,,,,,,6266892f-8c35-4de2-9d90-d9e85bcaf686,,,OCC,2026-06-22,2026-06-23T08:23:43.299414Z,-0.02,OCC Clearing Fee,executed,9363d341-c405-42af-9a7a-0bf7c2e33cc6,USD,,
20260622000000000::e5acdfff-448c-42aa-ac34-6b636f9474f3,FEE,,,,,,,,60c4911b-e179-4712-9f49-6b0016efad3e,,,OCC,2026-06-22,2026-06-23T08:23:39.769064Z,-0.02,OCC Clearing Fee,executed,9ff3098c-7166-411b-871e-af39d651322e,USD,,
20260622000000000::e4dfd093-d860-4659-a74f-6b96f49e5063,FEE,,,,,,,,4e2dfe4c-aa77-4e91-8bd5-02b27b76059f,,,OCC,2026-06-22,2026-06-23T08:24:01.249569Z,-0.02,OCC Clearing Fee,executed,8cf95cc0-91ea-486e-bd28-92ca12490539,USD,,
20260622000000000::e275c9b6-e046-4355-8c63-f5557f318f47,FEE,,,,,,,,feaca6e0-c5cd-4c10-8276-e9fef5025d2f,,,OCC,2026-06-22,2026-06-23T08:25:11.117356Z,-0.02,OCC Clearing Fee,executed,8bbb5715-e3f7-4d6f-88d2-f22b99d02691,USD,,
20260622000000000::e15dedf3-c307-48ba-98a0-9fd5becac85d,FEE,,,,,,,,1b836df7-24b8-45ba-b14e-dd702f1309bb,,,OCC,2026-06-22,2026-06-23T08:24:08.441518Z,-0.02,OCC Clearing Fee,executed,f419e267-1718-4963-bf99-d1f18eb6eb74,USD,,
20260622000000000::e0f3e5d9-ea10-432f-a3a9-e0452673656f,FEE,,,,,,,,7bbdb731-6982-4a65-95e3-a1d256c38851,,,OCC,2026-06-22,2026-06-23T08:24:12.048512Z,-0.02,OCC Clearing Fee,executed,a7d8bfc0-d1a3-423b-92a3-a1c6ea6a6a16,USD,,
20260622000000000::e0de8d7a-0312-4f33-8937-4749d5225e3b,FEE,,,,,,,,59d7d3f8-adfa-4ff9-b78b-7c6c374d8a15,,,OCC,2026-06-22,2026-06-23T08:23:32.037916Z,-0.04,OCC Clearing Fee,executed,2d915450-d203-4a72-b702-04cba0f763d6,USD,,
20260622000000000::e07a4afe-cf9d-4809-a9cb-857f273672f5,FEE,,,,,,,,,,,TAF,2026-06-22,2026-06-23T08:26:01.752833Z,-0.01,TAF fee for proceed of 10 shares (6 trades) on 2026-06-22 by PA3NJU1Y90R3,executed,,USD,,
20260622000000000::dfa33487-641a-47fd-a2d6-a387690410f0,FEE,,,,,,,,328dfc1d-4655-417c-a884-bc1cac917f7f,,,OCC,2026-06-22,2026-06-23T08:23:36.09954Z,-0.04,OCC Clearing Fee,executed,702e0987-9096-400f-b27b-6e2fcc45e853,USD,,
20260622000000000::db085c18-99f9-456a-a37b-f7bb0b9b2d31,FEE,,,,,,,,f2b29fd7-7157-43a9-bd32-1944ce2b4956,,,OCC,2026-06-22,2026-06-23T08:24:08.441518Z,-0.02,OCC Clearing Fee,executed,5873b0c9-f471-4dc4-8f57-8f9ec3524316,USD,,
20260622000000000::da727eed-6ef0-4c39-bf1d-d647455d6cf5,FEE,,,,,,,,87ebf290-6774-47d0-9011-73698bc18d69,,,OCC,2026-06-22,2026-06-23T08:25:07.076425Z,-0.04,OCC Clearing Fee,executed,67c0c2bd-6390-407c-a022-02528abe7e8f,USD,,
20260622000000000::d9a977db-c81c-4cc9-9893-7c5232d7d1e0,FEE,,,,,,,,5f05a822-cb53-41a8-978d-90a21bda062d,,,OCC,2026-06-22,2026-06-23T08:23:43.299414Z,-0.06,OCC Clearing Fee,executed,bd134e87-13df-4e92-9c83-182c2408d33d,USD,,
20260622000000000::d9604eab-f706-4457-bff3-0ca2a3336ea1,FEE,,,,,,,,f9b8c9df-52a6-4e35-b546-05a141b59a85,,,OCC,2026-06-22,2026-06-23T08:23:43.299414Z,-0.04,OCC Clearing Fee,executed,0227ef9c-63f6-4fe9-bced-fbee4092a586,USD,,
20260622000000000::d8828d32-23b7-4150-9ae2-dfb25d364204,FEE,,,,,,,,1790ac51-7059-43d4-b81d-1e94e587b77d,,,OCC,2026-06-22,2026-06-23T08:23:39.769064Z,-0.02,OCC Clearing Fee,executed,2ec80f04-9f96-4f76-bd95-b7f9893f4593,USD,,
20260622000000000::d55987cf-7b43-4137-92cd-750b82343a5a,FEE,,,,,,,,a6628030-5b29-4764-83d0-b2d65747d99f,,,OCC,2026-06-22,2026-06-23T08:23:32.037916Z,-0.04,OCC Clearing Fee,executed,ba7b28d8-531f-48f8-a7b7-b5062c7c7332,USD,,
20260622000000000::d45c4a09-a0c4-426d-87cf-8110bfc85859,FEE,,,,,,,,4464cbd4-acb2-4967-b274-faacc3d87d58,,,OCC,2026-06-22,2026-06-23T08:25:00.765099Z,-0.02,OCC Clearing Fee,executed,04adb9e1-6f39-440b-b324-90d77d54fe42,USD,,
20260622000000000::d2d285f9-4897-4ebd-9985-cc3c9be5a072,FEE,,,,,,,,a8b945ef-5035-4059-b8a1-07c1b4cacca3,,,OCC,2026-06-22,2026-06-23T08:24:17.268539Z,-0.02,OCC Clearing Fee,executed,87d8f8f2-efd6-4cd8-a02c-8809e493ab3c,USD,,
20260622000000000::d279635c-7e24-43a9-97a4-6b5ea17e7ae9,FEE,,,,,,,,8e3d0e66-0ab1-4178-af29-63dd915cafee,,,OCC,2026-06-22,2026-06-23T08:23:43.299414Z,-0.02,OCC Clearing Fee,executed,edb118b2-0a4b-49a0-b817-dca3742e9556,USD,,
20260622000000000::d0fa6adc-fd3d-4b51-baf6-afe9f9323e7e,FEE,,,,,,,,baddc908-a699-4118-baed-0aa8c683432c,,,OCC,2026-06-22,2026-06-23T08:23:43.299414Z,-0.06,OCC Clearing Fee,executed,3b217f66-f086-4cda-bd15-c7e30b9cab95,USD,,
20260622000000000::cee7e039-0bfb-40c9-9974-bc0692cd656f,FEE,,,,,,,,7cde3c53-361e-4016-bc98-2abd1243fde9,,,OCC,2026-06-22,2026-06-23T08:25:07.076425Z,-0.02,OCC Clearing Fee,executed,7ffaa064-2bbe-42be-b5bf-fc4749c36a11,USD,,
20260622000000000::cc6e473f-5216-416e-a3d9-513553becd15,FEE,,,,,,,,490ea68b-9f17-4fe4-964c-8a0a77d541a7,,,OCC,2026-06-22,2026-06-23T08:23:43.299414Z,-0.04,OCC Clearing Fee,executed,aa80d9bc-d479-452b-930d-bb84fb8295c1,USD,,
20260622000000000::cc0e653f-0a15-4a1c-bcdb-5ebe022be763,FEE,,,,,,,,1cc1048d-2e4e-49eb-9d97-0d4231ea7d85,,,OCC,2026-06-22,2026-06-23T08:23:39.769064Z,-0.02,OCC Clearing Fee,executed,f84d01e1-bce8-470f-bc2a-99f301cb57cb,USD,,
20260622000000000::c8ee0177-eac9-4064-8c35-15dfe8ed68a7,FEE,,,,,,,,81b846c3-9195-4fc4-bde5-668c2f5cd26d,,,OCC,2026-06-22,2026-06-23T08:24:52.176024Z,-0.02,OCC Clearing Fee,executed,c46db1f9-6c78-4137-8fa8-0fa32b6824dd,USD,,
20260622000000000::c7978acc-1b9d-4875-bc87-2e14f6fc8a38,FEE,,,,,,,,589db3cf-e023-47dd-b6a1-83fde282054e,,,OCC,2026-06-22,2026-06-23T08:24:25.338297Z,-0.04,OCC Clearing Fee,executed,fdc02cf5-1637-4836-a2c3-4b2128f4d202,USD,,
20260622000000000::c5173892-a6ad-4d79-937d-5a390e3f7316,FEE,,,,,,,,7ecd1c03-594e-480f-9a3a-945d47532b0a,,,OCC,2026-06-22,2026-06-23T08:24:01.249569Z,-0.04,OCC Clearing Fee,executed,a93d094e-b7fb-4c7a-8e02-bd175303f0c5,USD,,
20260622000000000::c1c546f1-a977-43fd-9276-e8a28355d1ab,FEE,,,,,,,,94600596-96b4-4a78-bb45-d98b3b4be9c2,,,OCC,2026-06-22,2026-06-23T08:23:39.769064Z,-0.02,OCC Clearing Fee,executed,1f77f4db-3326-45d0-81a8-d1589e9a8678,USD,,
20260622000000000::be117882-13dd-44cf-a742-afb4339ac30f,FEE,,,,,,,,864c3cb4-e58a-4cc9-8961-c12fcb7a95af,,,OCC,2026-06-22,2026-06-23T08:23:43.299414Z,-0.04,OCC Clearing Fee,executed,2c46f588-2e3c-4363-ac2f-682731f8f45d,USD,,
20260622000000000::bd42b32e-f1ef-4606-afbc-08f8a8e4d0e2,FEE,,,,,,,,7b3c60b9-819d-4d9a-bfa0-4ebd7fe10796,,,OCC,2026-06-22,2026-06-23T08:24:04.751445Z,-0.02,OCC Clearing Fee,executed,71270f3e-68cf-470e-8b92-7fb45ecb5266,USD,,
20260622000000000::bd1d19fa-3e32-48f5-8ded-e2b3d5f49ce8,FEE,,,,,,,,a9e0887a-18da-4662-ab2c-54389eb49c60,,,OCC,2026-06-22,2026-06-23T08:24:01.249569Z,-0.04,OCC Clearing Fee,executed,bf6c1360-f6ca-4ca5-a185-09e27e223571,USD,,
20260622000000000::bce00c92-48af-4c72-b1fa-c5b2c1466e24,FEE,,,,,,,,459e6ee7-8845-47bf-b4ef-51e5182f5fe1,,,OCC,2026-06-22,2026-06-23T08:23:43.299414Z,-0.06,OCC Clearing Fee,executed,5cd7a44b-5580-46f0-a5dd-7bd02f884a3a,USD,,
20260622000000000::bc796d1a-a514-4e56-bd8b-d670a6df492e,FEE,,,,,,,,7a08b0c0-89ff-4f32-a9da-c1c927df6a51,,,OCC,2026-06-22,2026-06-23T08:23:39.769064Z,-0.02,OCC Clearing Fee,executed,495c41d3-636c-4a0a-90b2-ca532a203228,USD,,
20260622000000000::bac58d2a-3026-4432-87fc-cf974eb3c8d5,FEE,,,,,,,,7a83f0f9-b686-49e9-8ca1-cd46e3953ce9,,,OCC,2026-06-22,2026-06-23T08:23:43.299414Z,-0.02,OCC Clearing Fee,executed,c164e202-4904-46b0-a8b9-a237d4cf894c,USD,,
20260622000000000::b9ee9858-1e34-4a99-857a-c30284958d13,FEE,,,,,,,,e44eeda6-fa15-42a9-95c6-c734503bba89,,,OCC,2026-06-22,2026-06-23T08:23:43.299414Z,-0.02,OCC Clearing Fee,executed,9b7ec494-684f-4a8c-b28f-a9f995e84775,USD,,
20260622000000000::b81e070a-1814-452b-b2fb-3a1454125f4b,FEE,,,,,,,,670336e2-59f3-4fa3-8f3e-947669ae8101,,,OCC,2026-06-22,2026-06-23T08:24:01.249569Z,-0.04,OCC Clearing Fee,executed,f55dc0d8-05c6-4f2f-a71c-2ecbb7daee2d,USD,,
20260622000000000::b7dfd000-60dc-4655-98ac-bd5c7017072d,FEE,,,,,,,,95c8cf0c-a5d5-466f-8475-94791ce93bb1,,,OCC,2026-06-22,2026-06-23T08:25:09.109124Z,-0.02,OCC Clearing Fee,executed,01dc4990-831c-43e3-b639-af59a72a34ed,USD,,
20260622000000000::b7b8f7a4-6438-4617-9356-3974007236ca,FEE,,,,,,,,a5386b00-f80e-4308-99c9-ba732fa16621,,,OCC,2026-06-22,2026-06-23T08:24:25.338297Z,-0.02,OCC Clearing Fee,executed,d77979c0-f37c-4b3e-872c-c02c1292b821,USD,,
20260622000000000::b75badbb-42d6-4c59-a6d0-630107fb2b69,FEE,,,,,,,,d7bd4ca9-556f-41db-a172-e9bec642654b,,,OCC,2026-06-22,2026-06-23T08:24:43.453358Z,-0.04,OCC Clearing Fee,executed,945213f4-2bf4-4a05-8723-8fec38f887c5,USD,,
20260622000000000::b59dcf85-cb10-4485-a02e-1ef6e219b177,FEE,,,,,,,,35341ada-9002-40cc-9b3b-7c651840f827,,,OCC,2026-06-22,2026-06-23T08:24:01.249569Z,-0.04,OCC Clearing Fee,executed,0c3eeeb2-f3a9-42e6-a3c2-f0ffb1777097,USD,,
20260622000000000::b57bacb9-a47f-4258-813e-8c97a9b2b081,FEE,,,,,,,,532f161c-5c69-4402-8c27-69895fee5223,,,OCC,2026-06-22,2026-06-23T08:23:43.299414Z,-0.02,OCC Clearing Fee,executed,35cf727f-37a9-476d-9db2-10d0f820e415,USD,,
20260622000000000::b4e8630a-970f-4904-b8d4-adebc45e531b,FEE,,,,,,,,e44eeda6-fa15-42a9-95c6-c734503bba89,,,OCC,2026-06-22,2026-06-23T08:23:43.299414Z,-0.02,OCC Clearing Fee,executed,8223d5f6-1289-4e37-99c4-2e95dfb2f31c,USD,,
20260622000000000::afb6dec7-f840-4db9-860b-9f092d1cd62f,FEE,,,,,,,,8e3c068c-8a7b-400f-860e-47cfecad20ca,,,OCC,2026-06-22,2026-06-23T08:23:43.299414Z,-0.02,OCC Clearing Fee,executed,ee8b81fb-dc0f-4748-8043-c206bc655405,USD,,
20260622000000000::ad8fe2c4-5ad4-4af4-b967-70ec8b0ce2f0,FEE,,,,,,,,55b16a1b-b80b-45bd-99bf-add0b194bde2,,,OCC,2026-06-22,2026-06-23T08:23:39.769064Z,-0.02,OCC Clearing Fee,executed,2ad96c23-726f-4b50-8bd1-c4617fca3d92,USD,,
20260622000000000::ad060739-9f8e-427e-a458-67dc3d390f03,FEE,,,,,,,,71cc77fb-f525-4b5f-855a-dd3560ab64a0,,,OCC,2026-06-22,2026-06-23T08:23:39.769064Z,-0.04,OCC Clearing Fee,executed,3a44da5c-be0e-46c2-a03d-da36cfb4bab3,USD,,
20260622000000000::acdbaafc-b07d-4f57-ba4e-f5f81fcf76e6,FEE,,,,,,,,eaf3ce4f-1ae6-4073-a484-6212942e8afb,,,OCC,2026-06-22,2026-06-23T08:23:39.769064Z,-0.02,OCC Clearing Fee,executed,651acea4-eed3-4919-bff7-5d5560464987,USD,,
20260622000000000::aa21108a-7cea-480b-8282-94a7ba99c9cd,FEE,,,,,,,,e51f830c-5de9-43d6-aadc-febae9f1d8fb,,,OCC,2026-06-22,2026-06-23T08:24:01.249569Z,-0.04,OCC Clearing Fee,executed,c1e6901a-7112-4a44-98e5-e3bb0f9e4b83,USD,,
20260622000000000::a956e6fe-9a09-4f5d-a0c7-1ff3cee214d8,FEE,,,,,,,,d6d1f7e5-6575-4689-a49b-3f7084bdecb2,,,OCC,2026-06-22,2026-06-23T08:25:02.878674Z,-0.02,OCC Clearing Fee,executed,4359caf8-926b-4b3c-9670-2e9d4da18cc5,USD,,
20260622000000000::a8e6d32a-4c56-44d9-9dc4-aedc28039cd3,FEE,,,,,,,,532f161c-5c69-4402-8c27-69895fee5223,,,OCC,2026-06-22,2026-06-23T08:23:43.299414Z,-0.02,OCC Clearing Fee,executed,799a2618-bb25-4576-87ce-963362335637,USD,,
20260622000000000::a7bbffd3-ed01-4937-a24a-14f381f8e228,FEE,,,,,,,,fbafc4bc-85dc-45fb-88d8-327f4b8d7c35,,,OCC,2026-06-22,2026-06-23T08:24:04.751445Z,-0.02,OCC Clearing Fee,executed,ba3514df-faee-445b-a184-1c50ef5b719d,USD,,
20260622000000000::a79a846c-265c-443c-88b9-e35157384a38,FEE,,,,,,,,c50b3ffc-7c79-4ef7-9a4f-e3d7cd2a9a5e,,,OCC,2026-06-22,2026-06-23T08:23:43.299414Z,-0.06,OCC Clearing Fee,executed,1dbe965d-309f-43d4-8028-10882eeff540,USD,,
20260622000000000::a4ff954c-3f98-41bf-87f5-a1439e6f5fd5,FEE,,,,,,,,724f3532-a201-494a-a846-d704b6208ae1,,,OCC,2026-06-22,2026-06-23T08:24:52.176024Z,-0.02,OCC Clearing Fee,executed,ce18459c-4e99-4654-81b2-79a96c84af65,USD,,
20260622000000000::a2789483-ca91-4fbb-9e2a-85d156c60aef,FEE,,,,,,,,96acbe23-840f-47e7-9dbe-c12967e69dfc,,,OCC,2026-06-22,2026-06-23T08:23:43.299414Z,-0.02,OCC Clearing Fee,executed,5971d11d-7109-43c7-a26d-665f483327d9,USD,,
20260622000000000::9e4ae4a8-fe85-44ff-9926-7babc38b9697,FEE,,,,,,,,7d53590c-bd0f-48e6-a5a7-d7747a2cb547,,,OCC,2026-06-22,2026-06-23T08:24:27.703539Z,-0.02,OCC Clearing Fee,executed,f844ba01-25c4-4de7-b701-67f06cfc992b,USD,,
20260622000000000::9dffc13a-b38a-4a70-bd44-c7d4316d95f7,FEE,,,,,,,,6951883d-b985-4a79-b014-9f1d38ff9e8e,,,OCC,2026-06-22,2026-06-23T08:23:43.299414Z,-0.06,OCC Clearing Fee,executed,2b0a2f41-7ee7-4e47-9fcb-31879f8c1fcc,USD,,
20260622000000000::9cb60cca-6788-420a-8ae7-2eeb5e107978,FEE,,,,,,,,9625221a-8c94-4c45-8c99-6f6918be6952,,,OCC,2026-06-22,2026-06-23T08:23:43.299414Z,-0.06,OCC Clearing Fee,executed,aaca9790-8176-42af-9f2a-e5b07a5de4c2,USD,,
20260622000000000::9c3354a7-3ca0-4da5-bd9a-a6cc069ad3c1,FEE,,,,,,,,543e0eec-f2d5-4405-82b7-1f4cb16a42b4,,,OCC,2026-06-22,2026-06-23T08:23:57.706504Z,-0.04,OCC Clearing Fee,executed,f71563cc-1d14-4c29-88d2-26bae261e2b5,USD,,
20260622000000000::995fec97-1a04-42f0-abfd-6e2fe9773272,FEE,,,,,,,,1d107efc-c58b-4ee5-8363-85d73d3459f9,,,OCC,2026-06-22,2026-06-23T08:24:52.176024Z,-0.02,OCC Clearing Fee,executed,fc54a8a0-64ea-46fe-bbe0-26ef4c11bed0,USD,,
20260622000000000::9928e9e0-b70e-4de3-aea1-287304693552,FEE,,,,,,,,4dfbfcf3-ce03-4d96-82b5-cf3d6e881b36,,,OCC,2026-06-22,2026-06-23T08:23:32.037916Z,-0.02,OCC Clearing Fee,executed,ca5c111e-47db-48a9-a199-937ef5bf0262,USD,,
20260622000000000::98fdbb15-3c4d-4a95-a149-917a48e5257e,FEE,,,,,,,,af7d7c61-b6f7-4745-9eba-fe7fcf850e81,,,OCC,2026-06-22,2026-06-23T08:23:43.299414Z,-0.04,OCC Clearing Fee,executed,63398b80-bafb-486c-889c-4597fc6a0b1d,USD,,
20260622000000000::987d4763-f051-4575-b67b-f67f5b83396a,FEE,,,,,,,,8b28070e-a786-484d-8f84-083f831d7333,,,OCC,2026-06-22,2026-06-23T08:23:43.299414Z,-0.02,OCC Clearing Fee,executed,b7006ed6-2108-4048-b305-a0ab6951be79,USD,,
20260622000000000::9741df21-c882-459e-9122-3b2ffa7c85f5,FEE,,,,,,,,bd0cac34-a271-4c2b-a2bd-0d8a85ee5710,,,OCC,2026-06-22,2026-06-23T08:23:43.299414Z,-0.06,OCC Clearing Fee,executed,bbb06681-c1bd-4afb-bcb9-6a0e62398b75,USD,,
20260622000000000::9377f053-b0f4-4f9d-be36-2f88310417cc,FEE,,,,,,,,,,,CAT,2026-06-22,2026-06-23T08:25:41.790165Z,-0.1,CAT fee for proceed of 222 trades on 2026-06-22 by PA3NJU1Y90R3,executed,,USD,,
20260622000000000::936e4058-b9a4-4789-b024-c7ceddda8375,FEE,,,,,,,,db983a91-4b82-4aeb-8f8b-6898f7e8f985,,,OCC,2026-06-22,2026-06-23T08:24:04.751445Z,-0.02,OCC Clearing Fee,executed,403a2678-ebde-428a-8218-c251e12ca914,USD,,
20260622000000000::8f9faa6f-39af-466f-a047-1affea90bacd,FEE,,,,,,,,53dbd40a-ece7-47e2-86eb-05607d1d8fb7,,,OCC,2026-06-22,2026-06-23T08:23:43.299414Z,-0.02,OCC Clearing Fee,executed,383355de-9e9e-4f92-81b1-808089965b97,USD,,
20260622000000000::8db24f32-535b-4141-a4a0-98f197805898,FEE,,,,,,,,308ab83c-d73e-47a2-ad07-d116df6ae6a4,,,OCC,2026-06-22,2026-06-23T08:24:12.048512Z,-0.02,OCC Clearing Fee,executed,e94e9670-3e8f-4028-b58d-414ee144d952,USD,,
20260622000000000::8af866c7-7695-4a22-8a56-0fc5c2fd818b,FEE,,,,,,,,c6b98096-d727-426d-8bad-895f75a20ea2,,,OCC,2026-06-22,2026-06-23T08:24:04.751445Z,-0.02,OCC Clearing Fee,executed,f63d5007-5ee7-4eed-82bc-bfafc103b128,USD,,
20260622000000000::8ac02c5e-7b7f-4865-b235-5b63d4c2ad5c,FEE,,,,,,,,4bccd0a3-f984-4871-9b37-65e1b5ac63b4,,,OCC,2026-06-22,2026-06-23T08:23:43.299414Z,-0.06,OCC Clearing Fee,executed,d5ac9a5b-c6c7-4ce8-bc1c-9e4f1b702aca,USD,,
20260622000000000::88b2769a-761f-45c2-8c01-e2a8b399542c,FEE,,,,,,,,b42b98ff-ceb1-4eff-9576-e4bde0e3b02b,,,OCC,2026-06-22,2026-06-23T08:25:09.109124Z,-0.02,OCC Clearing Fee,executed,adab187f-90b9-4e99-bfe4-9f63b41f2e01,USD,,
20260622000000000::85b428eb-dc46-4182-b60e-486e99902fa5,FEE,,,,,,,,30074df8-83c6-4188-9b67-b9bdd6b6e782,,,OCC,2026-06-22,2026-06-23T08:23:39.769064Z,-0.04,OCC Clearing Fee,executed,a898336f-5931-4709-b312-00a82ac2705e,USD,,
20260622000000000::85309154-8c3c-4f27-ac08-68e7861038fe,FEE,,,,,,,,44009366-c3a3-47d8-a683-d8ecf62f4aac,,,OCC,2026-06-22,2026-06-23T08:23:43.299414Z,-0.06,OCC Clearing Fee,executed,01b1d4ea-0dfb-49cd-9586-d09eaa3a291b,USD,,
20260622000000000::84bd88c4-6e8d-43a8-9837-c3efcea141ef,FEE,,,,,,,,ddc1f01c-fd01-491d-84c3-48f7119f4538,,,OCC,2026-06-22,2026-06-23T08:23:39.769064Z,-0.04,OCC Clearing Fee,executed,cd12b6c6-27fb-4918-9d34-f7b54bb4e651,USD,,
20260622000000000::83df0dfa-9771-4872-9f36-96f381a5963e,FEE,,,,,,,,1b0ffb5c-4490-4f17-ba89-8401ea92a1b1,,,OCC,2026-06-22,2026-06-23T08:24:25.338297Z,-0.02,OCC Clearing Fee,executed,a8d99314-5739-472f-bef7-bfa03bbffcc8,USD,,
20260622000000000::83c3c39b-4ff4-4d53-9c42-8e48d65c87bc,FEE,,,,,,,,4baf3898-0f83-497b-8c8f-d519d01e2c63,,,OCC,2026-06-22,2026-06-23T08:24:04.751445Z,-0.02,OCC Clearing Fee,executed,c5a68560-a7af-4212-ba0e-59c9fce11c22,USD,,
20260622000000000::8255b1db-874e-4eed-bacc-b1493f60c32c,FEE,,,,,,,,cad70d5d-4043-4c05-9d8f-22c1849191f1,,,OCC,2026-06-22,2026-06-23T08:24:04.751445Z,-0.04,OCC Clearing Fee,executed,08229b1c-5867-47c6-8594-fb5d709adfe1,USD,,
20260622000000000::80205cdb-803c-4f3f-a158-13c3440222ad,FEE,,,,,,,,53c59a96-f80e-4d72-9f84-471d47d5831c,,,OCC,2026-06-22,2026-06-23T08:23:39.769064Z,-0.02,OCC Clearing Fee,executed,5104a923-7a07-4412-9a8b-1ccc85155a47,USD,,
20260622000000000::7f3dbbf1-4cc6-4da0-bbcb-ccae8e78bc0b,FEE,,,,,,,,51f4bdfd-e377-4ccf-a9d1-5f6855ede99a,,,OCC,2026-06-22,2026-06-23T08:25:07.076425Z,-0.02,OCC Clearing Fee,executed,2f90e4bd-de59-411a-acdb-24c977308a52,USD,,
20260622000000000::7f2562c3-24ba-41cd-867b-19d786ebca9b,FEE,,,,,,,,de2ded13-946c-4ef7-8410-e5c1aabb0fed,,,OCC,2026-06-22,2026-06-23T08:23:43.299414Z,-0.02,OCC Clearing Fee,executed,ba938a06-d899-456e-b076-767b93dea162,USD,,
20260622000000000::7f03fb2c-4831-498b-91ad-ad55eec57af7,FEE,,,,,,,,b5afa50d-6374-457f-aa36-8b9e45495ad9,,,OCC,2026-06-22,2026-06-23T08:24:25.338297Z,-0.02,OCC Clearing Fee,executed,e5d67cb1-1a79-4357-ac77-3c3de2cf009b,USD,,
20260622000000000::7ebebf1d-8853-4a9f-b0f7-f953689b8ff1,FEE,,,,,,,,ac76bd06-d530-43ef-955b-780a2f0616ec,,,OCC,2026-06-22,2026-06-23T08:23:43.299414Z,-0.06,OCC Clearing Fee,executed,08609b24-19ff-497a-a292-ebf648a3f475,USD,,
20260622000000000::7e68b280-e391-4819-a452-e8eee27f682c,FEE,,,,,,,,7da9e0d6-d3db-4ee0-bd8f-56eca603b95f,,,OCC,2026-06-22,2026-06-23T08:25:00.765099Z,-0.02,OCC Clearing Fee,executed,37bf9e1f-863e-4c1d-9901-960fb6712495,USD,,
20260622000000000::7e3af6ec-a2f1-4e01-ab9a-7458d1efafc2,FEE,,,,,,,,d24abdf4-a8e3-43f6-bfaa-e7ebb2d79ef8,,,OCC,2026-06-22,2026-06-23T08:23:43.299414Z,-0.02,OCC Clearing Fee,executed,34890e88-1250-4ef0-a737-062a2e88dc2b,USD,,
20260622000000000::7c875ec4-e46e-41f0-950a-ac918092e735,FEE,,,,,,,,ec80558e-89b2-40a5-8c6a-8d154c244508,,,OCC,2026-06-22,2026-06-23T08:24:25.338297Z,-0.02,OCC Clearing Fee,executed,28fda35b-c741-4275-be58-3a837d3c3325,USD,,
20260622000000000::7b9d7ed4-38c4-4dd9-86ff-2f369a7810e4,FEE,,,,,,,,3dac74a4-72fc-4554-be9a-a59ebbacc5db,,,OCC,2026-06-22,2026-06-23T08:23:32.037916Z,-0.04,OCC Clearing Fee,executed,850fd5bc-e5c7-43af-ab44-b027aa937d88,USD,,
20260622000000000::7a5e4319-b369-4bec-bcf0-5ee9d3c8b9db,FEE,,,,,,,,3e8ed263-f86c-4b82-bd12-29e9f3438265,,,OCC,2026-06-22,2026-06-23T08:23:43.299414Z,-0.02,OCC Clearing Fee,executed,92aac96f-c958-43a4-86b1-9c1b65ddea52,USD,,
20260622000000000::79c5f34a-146b-4fa6-a933-937fbc457b05,FEE,,,,,,,,2dbbe242-5d01-4f26-b1ae-0be70335b5dd,,,OCC,2026-06-22,2026-06-23T08:24:25.338297Z,-0.02,OCC Clearing Fee,executed,6dcbffb8-8e44-4993-9f56-f35593e5f9f8,USD,,
20260622000000000::79bb684d-bf51-4e6f-a4be-877c82271f50,FEE,,,,,,,,8882f413-4cf9-4b90-93ac-6adb4faf33e0,,,OCC,2026-06-22,2026-06-23T08:24:27.703539Z,-0.04,OCC Clearing Fee,executed,c4f5368d-76bb-4cce-afea-646fbf58f668,USD,,
20260622000000000::78dd6556-18d5-41b5-9014-b7de1b0a03e0,FEE,,,,,,,,3e8ed263-f86c-4b82-bd12-29e9f3438265,,,OCC,2026-06-22,2026-06-23T08:23:43.299414Z,-0.02,OCC Clearing Fee,executed,44fe3232-2640-43d4-9dc5-b40f4a5c29d2,USD,,
20260622000000000::779ec3b5-fc85-489b-bf31-e0da8284c3cf,FEE,,,,,,,,39b05f5a-2cca-4944-93cd-73859514349e,,,OCC,2026-06-22,2026-06-23T08:24:20.486211Z,-0.04,OCC Clearing Fee,executed,4003d8c8-7100-44c1-8f50-f10567f1314b,USD,,
20260622000000000::7716a6c5-253f-4497-9d27-0baef65e5e74,FEE,,,,,,,,4d27320f-0dfc-41fc-ae30-e52f2ebdc458,,,OCC,2026-06-22,2026-06-23T08:23:43.299414Z,-0.02,OCC Clearing Fee,executed,d729c20c-5ecc-486a-b187-cc66f778a339,USD,,
20260622000000000::76a32903-1a7f-4e46-9488-79ffab7bc151,FEE,,,,,,,,9a523ea7-b30e-4717-9d21-3d0567c18dd8,,,OCC,2026-06-22,2026-06-23T08:23:43.299414Z,-0.04,OCC Clearing Fee,executed,39be6f6f-9b89-459b-aa5a-dd974b4b8020,USD,,
20260622000000000::7690fc86-9929-4ac6-bd76-a08bd85ed26b,FEE,,,,,,,,5a57388e-4c82-47eb-9e41-daa5511f26e6,,,OCC,2026-06-22,2026-06-23T08:24:22.865872Z,-0.04,OCC Clearing Fee,executed,36990352-7ba1-41e4-9ca5-dae7f68d523e,USD,,
20260622000000000::73ad8763-8646-4e74-ae2e-d1f873ea9ae8,FEE,,,,,,,,374e1edf-5416-4338-99dd-912ed699e2d4,,,OCC,2026-06-22,2026-06-23T08:23:43.299414Z,-0.02,OCC Clearing Fee,executed,96e95f9f-64ef-43eb-aafc-9b62b0a7924f,USD,,
20260622000000000::719e3bb3-1fdb-4d34-b8be-aa288243098a,FEE,,,,,,,,17142221-b626-4996-b699-da56e9dc1cb2,,,OCC,2026-06-22,2026-06-23T08:23:39.769064Z,-0.02,OCC Clearing Fee,executed,11d0fbbc-13d2-439c-a64b-7d1150c713e0,USD,,
20260622000000000::704eb944-9f5b-4f41-bcbb-46dc27bf9864,FEE,,,,,,,,be39b8bd-705b-4b00-860d-5b0e905fa6fd,,,OCC,2026-06-22,2026-06-23T08:23:43.299414Z,-0.02,OCC Clearing Fee,executed,366a9f90-50ff-4525-ad80-31d868d49321,USD,,
20260622000000000::6fba95c9-2913-4528-a0f2-30edd086cea8,FEE,,,,,,,,39d74ec4-503d-4a48-a417-55057a32560f,,,OCC,2026-06-22,2026-06-23T08:23:43.299414Z,-0.02,OCC Clearing Fee,executed,c5ac0035-cb50-4bd2-a449-b3555723f6ac,USD,,
20260622000000000::6eb2f3ea-1af6-4f6b-b5ee-bec383e8bad4,FEE,,,,,,,,dcaa7ca2-b94e-4155-b946-a6da3b82e427,,,OCC,2026-06-22,2026-06-23T08:23:32.037916Z,-0.04,OCC Clearing Fee,executed,5586628b-d254-42b1-b01d-94fa75a3b4c0,USD,,
20260622000000000::6dd21360-c904-4c57-93d3-42eb8478ad24,FEE,,,,,,,,,,,TAF,2026-06-22,2026-06-23T08:24:32.345786Z,-0.58,OPT TAF fee for proceed of 206 contracts (124 trades) on 2026-06-22 by PA3NJU1Y90R3,executed,,USD,,
20260622000000000::6dc3c358-9b8d-4a71-b5e4-1377eb92703a,FEE,,,,,,,,60e4a2e0-3ca5-4e23-bd1d-8af25300da95,,,OCC,2026-06-22,2026-06-23T08:24:17.268539Z,-0.02,OCC Clearing Fee,executed,1f2ad970-892a-41a9-923f-d3a2bb31e9d9,USD,,
20260622000000000::6d9b231b-ae80-40ce-aa8a-7be77bdccf09,FEE,,,,,,,,43e741b8-3ff9-4290-bf11-8d4bfcd3bb14,,,OCC,2026-06-22,2026-06-23T08:24:25.338297Z,-0.02,OCC Clearing Fee,executed,19f5ca75-e38b-48b3-8ebe-a8ddceb8966e,USD,,
20260622000000000::6d94d82d-9490-4f4d-a611-7c007d0c0bd6,FEE,,,,,,,,e271c289-ac3f-4341-b5d6-caf3975ba8e8,,,OCC,2026-06-22,2026-06-23T08:25:07.076425Z,-0.02,OCC Clearing Fee,executed,c2a1bb43-164f-44a3-964b-7346d2ce97ee,USD,,
20260622000000000::6d545a77-94ad-422d-88a8-a804dbf314fa,FEE,,,,,,,,22ada2c8-6f5b-467e-ad31-b0ab013cd96d,,,OCC,2026-06-22,2026-06-23T08:23:39.769064Z,-0.02,OCC Clearing Fee,executed,6a2f81a4-6b6d-4bf2-86ab-0d0816c8564e,USD,,
20260622000000000::6c89cf01-0f14-439c-a006-4781491ed943,FEE,,,,,,,,1b4a5dfb-a69b-4a5c-a6af-064023161272,,,OCC,2026-06-22,2026-06-23T08:24:25.338297Z,-0.02,OCC Clearing Fee,executed,840dfffe-2e9f-4bbe-a0de-fb878435a700,USD,,
20260622000000000::6bef4512-b821-4b77-a609-b9d42589da8a,FEE,,,,,,,,40354979-ed6b-4b12-b14d-d1ebc51d25ec,,,OCC,2026-06-22,2026-06-23T08:24:04.751445Z,-0.04,OCC Clearing Fee,executed,4713342a-0b1e-4944-96f3-a603d26f45c2,USD,,
20260622000000000::6be52755-5271-4193-9011-6d2b2c3aa0c3,FEE,,,,,,,,94fa4f14-bc62-4e4a-8eff-d70ffdcd492f,,,OCC,2026-06-22,2026-06-23T08:24:25.338297Z,-0.02,OCC Clearing Fee,executed,af0a27ed-af48-4c79-865f-5cf3b003aa21,USD,,
20260622000000000::6bdd4a50-b023-4e33-b0f8-08751e05814d,FEE,,,,,,,,e9cf6c5e-c504-4e4a-8886-a1e500716815,,,OCC,2026-06-22,2026-06-23T08:23:39.769064Z,-0.02,OCC Clearing Fee,executed,3285db4d-da69-4e61-98d2-3a8a151f2149,USD,,
20260622000000000::6bad3904-8e10-4a10-aa4d-c27e7539a72e,FEE,,,,,,,,a6c9f37a-456e-442e-8820-d783ba222bc5,,,OCC,2026-06-22,2026-06-23T08:25:07.076425Z,-0.04,OCC Clearing Fee,executed,79e0216d-bcfd-44dd-8e5e-43b2782f2836,USD,,
20260622000000000::6acf806b-6d4a-4a87-879f-b8634f88576f,FEE,,,,,,,,3a7f6818-fc07-42ec-a2f1-dda4128f9654,,,OCC,2026-06-22,2026-06-23T08:23:39.769064Z,-0.02,OCC Clearing Fee,executed,12023b64-ecb7-4917-8d74-9d1cf6f50333,USD,,
20260622000000000::6ac124cb-ec8f-43a9-b4f1-9b6165c627ca,FEE,,,,,,,,49736d6c-fdd4-4257-84af-d1f46b0aa872,,,OCC,2026-06-22,2026-06-23T08:24:36.789384Z,-0.02,OCC Clearing Fee,executed,713019e7-1c63-465a-b4a8-c58fae8e0362,USD,,
20260622000000000::6a4d2c3f-7c5a-447c-b4f7-204c2bac8fb6,FEE,,,,,,,,87677a6d-00ce-422d-9b16-6ae9e3a56174,,,OCC,2026-06-22,2026-06-23T08:24:49.945703Z,-0.04,OCC Clearing Fee,executed,f1264c58-c128-4c11-aef8-70ac8ab90cba,USD,,
20260622000000000::68850001-8e90-4961-a562-c3735a5d6910,FEE,,,,,,,,9b719977-7f55-4873-8748-9b4e52c6bef0,,,OCC,2026-06-22,2026-06-23T08:23:39.769064Z,-0.02,OCC Clearing Fee,executed,0070bb53-9db3-4dca-8b0e-8a66e1551ba7,USD,,
20260622000000000::67e5a5d2-72ef-474e-88c1-40b14dffbcc3,FEE,,,,,,,,e6685a86-a929-41e3-b012-d00abdc80f77,,,OCC,2026-06-22,2026-06-23T08:24:08.441518Z,-0.02,OCC Clearing Fee,executed,6abb9e9c-507b-469b-8f7e-5dc208aa125b,USD,,
20260622000000000::668d9a2b-9989-4d04-a4d9-bd69336dd205,FEE,,,,,,,,6ec594e0-3659-46a0-acdd-ac215c467779,,,OCC,2026-06-22,2026-06-23T08:24:27.703539Z,-0.02,OCC Clearing Fee,executed,6c3b3161-2b2e-4873-8cd4-c6c2ffd20847,USD,,
20260622000000000::66398999-3580-48d6-b23c-7c094011eeda,FEE,,,,,,,,ab575b59-258b-4559-bfe1-80c8491149d7,,,OCC,2026-06-22,2026-06-23T08:24:52.176024Z,-0.02,OCC Clearing Fee,executed,d93d9399-9109-4467-be3b-98550a957c9e,USD,,
20260622000000000::64077c53-3ff4-4fca-b533-866ff30cbc0c,FEE,,,,,,,,a34b26bd-0ee2-446d-b308-59f94d1150ae,,,OCC,2026-06-22,2026-06-23T08:23:43.299414Z,-0.06,OCC Clearing Fee,executed,e5fbaa35-702a-4cd0-92a2-b4c9b46ea551,USD,,
20260622000000000::6374b6ed-3ef0-411e-83e2-022deef98e9b,FEE,,,,,,,,49ffb6f0-d0d5-4438-9df7-7ef118d867a0,,,OCC,2026-06-22,2026-06-23T08:24:01.249569Z,-0.02,OCC Clearing Fee,executed,76c2ad8a-08b9-4024-b719-181637b50292,USD,,
20260622000000000::5ee4a0b2-7ec6-4fd5-9355-770691483c94,FEE,,,,,,,,1b836df7-24b8-45ba-b14e-dd702f1309bb,,,OCC,2026-06-22,2026-06-23T08:24:08.441518Z,-0.02,OCC Clearing Fee,executed,7a959269-0d2d-4f2b-884b-5b5567b0c18b,USD,,
20260622000000000::5ab9a128-d8f2-4d6d-8705-d89ad0fef48c,FEE,,,,,,,,33f21b2f-7335-4647-8614-7cc120a37f22,,,OCC,2026-06-22,2026-06-23T08:24:01.249569Z,-0.04,OCC Clearing Fee,executed,9391ebdb-0bae-4d71-bf05-02d0131365fa,USD,,
20260622000000000::59469141-bb47-4940-b8d0-c8b4b718aba3,FEE,,,,,,,,,,,ORF,2026-06-22,2026-06-23T08:24:34.612627Z,-8.54,ORF fee for proceed of 318 contracts on 2026-06-22 by PA3NJU1Y90R3,executed,,USD,,
20260622000000000::58a536ff-67b1-4616-9f1b-4bf7449f5e99,FEE,,,,,,,,356bde1e-775a-42bc-95cb-d4295a650967,,,OCC,2026-06-22,2026-06-23T08:24:04.751445Z,-0.02,OCC Clearing Fee,executed,938a8c65-aa49-4249-b691-3e39faad213c,USD,,
20260622000000000::584ce27f-4635-428d-8401-e33818baeaa0,FEE,,,,,,,,19d72214-85a9-498f-ae50-cdc006310e29,,,OCC,2026-06-22,2026-06-23T08:23:32.037916Z,-0.02,OCC Clearing Fee,executed,a2d66fb0-5b48-48b9-9acf-5020857ef696,USD,,
20260622000000000::57b1aac2-808a-4bd9-9ec9-b05f1a762980,FEE,,,,,,,,b0fcd4a6-3b9f-4bfe-a72d-a3426f7464ce,,,OCC,2026-06-22,2026-06-23T08:24:36.789384Z,-0.02,OCC Clearing Fee,executed,dd17b3a2-0662-4ce3-aba1-47451234286d,USD,,
20260622000000000::56897f22-bb30-43f5-b004-13addb6d63b1,FEE,,,,,,,,55b16a1b-b80b-45bd-99bf-add0b194bde2,,,OCC,2026-06-22,2026-06-23T08:23:39.769064Z,-0.02,OCC Clearing Fee,executed,3f7193e5-3e64-494f-bf73-edd74adc8761,USD,,
20260622000000000::5662c946-6664-47bd-a740-1393e2dbf196,FEE,,,,,,,,96bbc6b6-28d5-452c-a990-ca179808f93f,,,OCC,2026-06-22,2026-06-23T08:25:09.109124Z,-0.02,OCC Clearing Fee,executed,ca120c63-c12e-4ad6-9c0c-6db3236d9f44,USD,,
20260622000000000::560add53-92fc-4759-9351-33e69498a5dd,FEE,,,,,,,,289dffb7-93da-422e-8881-556b19be81a1,,,OCC,2026-06-22,2026-06-23T08:23:43.299414Z,-0.02,OCC Clearing Fee,executed,58f54967-164c-438c-9e7d-c6532d77d325,USD,,
20260622000000000::51d931b3-6b2e-49e2-90be-aaed84fdf47a,FEE,,,,,,,,b260120f-578d-47ee-b4bd-8d57ed0a8708,,,OCC,2026-06-22,2026-06-23T08:25:04.963637Z,-0.04,OCC Clearing Fee,executed,fb1327f4-5b01-442e-ab18-7db7362ac1cd,USD,,
20260622000000000::50f9df7d-1ae4-44f7-978d-8c07af249dad,FEE,,,,,,,,99ae6263-0c30-4410-8efa-a0b0cc607658,,,OCC,2026-06-22,2026-06-23T08:24:25.338297Z,-0.02,OCC Clearing Fee,executed,3c343f67-62c2-4128-a228-7d3e75ae796f,USD,,
20260622000000000::4feb2f99-60aa-42de-bb19-15a848e0a5d6,FEE,,,,,,,,31a464f4-aee7-4158-ae01-cc77d1aadcd8,,,OCC,2026-06-22,2026-06-23T08:25:11.117356Z,-0.02,OCC Clearing Fee,executed,340f22b9-3312-47c0-8ab5-966977fe662c,USD,,
20260622000000000::4ecb4973-e5a9-426b-bfaf-0221b3fbdfeb,FEE,,,,,,,,cb923007-5816-4e31-a88b-b9e0c1f1968b,,,OCC,2026-06-22,2026-06-23T08:25:00.765099Z,-0.02,OCC Clearing Fee,executed,f5f2bf67-eb3a-43b4-8b65-7160e8a76726,USD,,
20260622000000000::4de4cc42-2fa0-46c6-8e49-64f6332be33a,FEE,,,,,,,,7f0f15cb-1d26-4711-b0e4-bb50cef2373a,,,OCC,2026-06-22,2026-06-23T08:23:43.299414Z,-0.02,OCC Clearing Fee,executed,3e856070-fcac-4668-8984-d5d94dbe8854,USD,,
20260622000000000::4dbb1fda-e7ff-433c-95fe-3db2475fafae,FEE,,,,,,,,32b8af01-b16a-4beb-aca9-3ee09db5efe7,,,OCC,2026-06-22,2026-06-23T08:23:43.299414Z,-0.04,OCC Clearing Fee,executed,0118d908-72fd-4a91-8e09-9007bf59d4d5,USD,,
20260622000000000::4d9bcf67-3e86-401e-8b93-a8a4d371bcf6,FEE,,,,,,,,4ebcd039-723a-4642-acc8-c95bf5cd5648,,,OCC,2026-06-22,2026-06-23T08:23:39.769064Z,-0.02,OCC Clearing Fee,executed,8ea3be95-9f4a-4f51-972c-25231958844c,USD,,
20260622000000000::49a3a6c9-434f-44d7-8d0f-3219dd9bca41,FEE,,,,,,,,4e2dfe4c-aa77-4e91-8bd5-02b27b76059f,,,OCC,2026-06-22,2026-06-23T08:24:01.249569Z,-0.02,OCC Clearing Fee,executed,8bed0ba9-a7dd-49d8-a20c-a8320bc8a662,USD,,
20260622000000000::4904e9fe-67f3-4f8c-8a14-701987949c6b,FEE,,,,,,,,8c21bff7-e9b8-48bf-8f99-b37b3c01e9e3,,,OCC,2026-06-22,2026-06-23T08:23:43.299414Z,-0.04,OCC Clearing Fee,executed,fe888917-4eb8-465a-af87-42e615dfaec5,USD,,
20260622000000000::48451033-ff5d-42ec-8f9c-460200b928ef,FEE,,,,,,,,3085dadc-e8c9-44b3-b15c-22a7f79e9338,,,OCC,2026-06-22,2026-06-23T08:24:25.338297Z,-0.02,OCC Clearing Fee,executed,98be0900-2894-412f-ac6f-df6c5fcfbc77,USD,,
20260622000000000::47fcc74a-a710-461d-9888-992bca3b297b,FEE,,,,,,,,f7c1e94a-f50e-41c0-9f6f-1bd028a2f2a4,,,OCC,2026-06-22,2026-06-23T08:23:43.299414Z,-0.04,OCC Clearing Fee,executed,03306e48-b021-4ee2-b601-debc1c42d9e3,USD,,
20260622000000000::47ec6172-8471-4a5d-a622-23913ca6c08d,FEE,,,,,,,,88ae66c0-cb04-4f20-9e0d-21b8b59d6a54,,,OCC,2026-06-22,2026-06-23T08:23:43.299414Z,-0.04,OCC Clearing Fee,executed,497a7949-9102-4e4e-a1b7-a0e456363946,USD,,
20260622000000000::478ffecc-d171-46d4-bc22-6f756e5c4981,FEE,,,,,,,,811d3128-f334-46db-87af-90436b0f18c0,,,OCC,2026-06-22,2026-06-23T08:23:57.706504Z,-0.02,OCC Clearing Fee,executed,13b8c8ca-c3fe-4cf7-b7c0-2b693b2d8e05,USD,,
20260622000000000::4775a9b6-1709-4f03-9a5b-27a5238f81d6,FEE,,,,,,,,5e26d6ee-3858-455b-86cb-13785c70f4b8,,,OCC,2026-06-22,2026-06-23T08:23:43.299414Z,-0.02,OCC Clearing Fee,executed,7de6b3e7-4263-4e2b-bff3-efd25038bb5d,USD,,
20260622000000000::47570c54-fb8e-4507-84d8-35480bd4fa20,FEE,,,,,,,,6d972a08-0f4c-403f-acac-89cd45aced04,,,OCC,2026-06-22,2026-06-23T08:23:43.299414Z,-0.06,OCC Clearing Fee,executed,f500851f-1561-44e7-b11a-ab88ce0e6d77,USD,,
20260622000000000::46cf5bde-20f7-48f1-89f2-163df71bb4d7,FEE,,,,,,,,c62d5f0e-43cc-499a-8e96-cfac55c9beba,,,OCC,2026-06-22,2026-06-23T08:23:39.769064Z,-0.04,OCC Clearing Fee,executed,283b2fa5-9f50-4c77-9c27-fdf5339bc444,USD,,
20260622000000000::45cbbbbe-588e-4a3b-b13d-dd9ae4348d5a,FEE,,,,,,,,23c0e28b-bf12-434a-a77d-19460f781f3d,,,OCC,2026-06-22,2026-06-23T08:23:43.299414Z,-0.04,OCC Clearing Fee,executed,0a2d74a8-6048-42f2-9c06-bae16319de7a,USD,,
20260622000000000::43087d54-f723-43a9-a2b0-39007dc9f357,FEE,,,,,,,,7057fdbb-feda-4365-b6af-f611df885330,,,OCC,2026-06-22,2026-06-23T08:24:25.338297Z,-0.02,OCC Clearing Fee,executed,766325af-f881-4537-addd-484bceb5f77c,USD,,
20260622000000000::42d26459-7d12-47ea-a9d9-4290bc7b6f34,FEE,,,,,,,,2484cdd1-cb0d-4c40-a3de-2f3d4c9302f6,,,OCC,2026-06-22,2026-06-23T08:24:25.338297Z,-0.02,OCC Clearing Fee,executed,5b4bf1ba-820b-468c-aeb3-94f647ad3d29,USD,,
20260622000000000::3ec82e7d-a399-408e-bb3c-02d71f86031c,FEE,,,,,,,,ff0ea881-cf69-45e1-8758-d85959e6b491,,,OCC,2026-06-22,2026-06-23T08:24:25.338297Z,-0.02,OCC Clearing Fee,executed,49e24ecf-b166-4576-871c-267da82fee25,USD,,
20260622000000000::3e9084c8-937f-4de9-8ca8-85a52a0a021a,FEE,,,,,,,,602207b0-553e-4ced-a382-680ff98c0493,,,OCC,2026-06-22,2026-06-23T08:23:43.299414Z,-0.02,OCC Clearing Fee,executed,988adf0b-81b7-4dea-8882-cd74c4056761,USD,,
20260622000000000::3e503e7a-7d63-46df-9aef-0adf1f30bbeb,FEE,,,,,,,,252b3bae-0cc2-41fb-9acc-c9580667f557,,,OCC,2026-06-22,2026-06-23T08:23:39.769064Z,-0.06,OCC Clearing Fee,executed,62c0b5f2-d24f-4b83-93e3-005997ec587a,USD,,
20260622000000000::3bbbb160-0142-437c-96f3-820de4bafcd0,FEE,,,,,,,,71d28595-16b2-4713-ba83-e0b254935720,,,OCC,2026-06-22,2026-06-23T08:24:08.441518Z,-0.04,OCC Clearing Fee,executed,0dbefc03-0fa0-496f-910f-b17e75ecc476,USD,,
20260622000000000::3b3968f5-079e-435d-8031-595d0f704bad,FEE,,,,,,,,ce2b4f31-2cbd-466b-bf1b-5a5bfdf18b81,,,OCC,2026-06-22,2026-06-23T08:25:00.765099Z,-0.04,OCC Clearing Fee,executed,2c669e53-8d44-4814-8704-1b2a1cdde4b9,USD,,
20260622000000000::38890081-7639-4852-a24c-66d3b5ca79c4,FEE,,,,,,,,4a42851c-2bb7-41a7-8589-503619a0b5d3,,,OCC,2026-06-22,2026-06-23T08:25:11.117356Z,-0.02,OCC Clearing Fee,executed,b4a096b7-bc69-4823-8e53-3d4fa2b82061,USD,,
20260622000000000::376f100b-8cbf-4aa7-8ffa-ddc083f7cebd,FEE,,,,,,,,f0e4a60b-ca96-4978-869d-baff44b06385,,,OCC,2026-06-22,2026-06-23T08:24:12.048512Z,-0.02,OCC Clearing Fee,executed,0a60ac34-00d7-43f2-a069-79d239bd3b89,USD,,
20260622000000000::36c6f98b-bed8-46cc-955c-cbac60f7474e,FEE,,,,,,,,353793bf-b4a4-45bd-a57d-a6982e63bc05,,,OCC,2026-06-22,2026-06-23T08:23:43.299414Z,-0.02,OCC Clearing Fee,executed,cf91948a-4e28-45aa-92bc-5c15884a8edb,USD,,
20260622000000000::369dfc7f-108c-428c-b057-a93d5fdc60cf,FEE,,,,,,,,aac64d70-c062-4853-b30d-e27878c6bd18,,,OCC,2026-06-22,2026-06-23T08:23:36.09954Z,-0.04,OCC Clearing Fee,executed,1598d657-2cb3-43b5-ba4f-822a2b3ccea4,USD,,
20260622000000000::366b0cb9-02da-459f-8a44-ec34213018a5,FEE,,,,,,,,e0b15235-5db5-4ea2-8886-a7bee7d6bdcf,,,OCC,2026-06-22,2026-06-23T08:24:25.338297Z,-0.02,OCC Clearing Fee,executed,9f53d207-325f-4b1a-a898-1b73b782c824,USD,,
20260622000000000::35f6c237-470b-4ddf-84c9-378acb6318e3,FEE,,,,,,,,48ec25b3-d158-46a1-bb0e-66395f8f9187,,,OCC,2026-06-22,2026-06-23T08:23:43.299414Z,-0.06,OCC Clearing Fee,executed,591c48ec-d7be-410b-b7a9-88aa25df08a0,USD,,
20260622000000000::3324b08e-a705-47d0-9720-175aca8aa7b3,FEE,,,,,,,,5b39afe4-d5cb-49a2-abdf-d6b78f3ef646,,,OCC,2026-06-22,2026-06-23T08:24:25.338297Z,-0.02,OCC Clearing Fee,executed,6d4dae69-22e4-4c7b-8762-4758d329295f,USD,,
20260622000000000::3321749a-ca94-4e61-a782-51b254c447a0,FEE,,,,,,,,ee3f99f4-ba6a-455f-bd4f-197ba81511ff,,,OCC,2026-06-22,2026-06-23T08:24:17.268539Z,-0.02,OCC Clearing Fee,executed,5dadff50-88ce-43ad-abb9-b1b0c97ffd6b,USD,,
20260622000000000::32f82acd-a01c-45c1-a155-66e42b2703f6,FEE,,,,,,,,2d729e7a-9f4d-4ede-9d6b-e8921cb0b951,,,OCC,2026-06-22,2026-06-23T08:23:43.299414Z,-0.04,OCC Clearing Fee,executed,0773abc9-76ee-4e66-9d7f-918a2fbcdbc6,USD,,
20260622000000000::32d17fa6-c3bf-45bf-85df-a623d75623a7,FEE,,,,,,,,96e3ed0c-949e-4aab-887a-dec68433d9f9,,,OCC,2026-06-22,2026-06-23T08:24:08.441518Z,-0.02,OCC Clearing Fee,executed,0a0f7cf8-ccf2-4f1a-b8ba-ab5a084b1b4d,USD,,
20260622000000000::3263aa2d-2f8c-4481-8eab-62ce2ad90b25,FEE,,,,,,,,54f5dd60-02fc-4d03-8838-acf96f9427c7,,,OCC,2026-06-22,2026-06-23T08:24:01.249569Z,-0.02,OCC Clearing Fee,executed,769183ae-962e-4e2d-aeef-0f22b189efe0,USD,,
20260622000000000::3236ce87-91d5-4a06-a419-88aa6dc7726e,FEE,,,,,,,,e0902bf8-9e14-417b-ba47-9387373e6fa4,,,OCC,2026-06-22,2026-06-23T08:23:43.299414Z,-0.04,OCC Clearing Fee,executed,6dfc23ff-8b15-498f-b872-e89152976523,USD,,
20260622000000000::2e3e514f-fa00-4f47-a47a-0dce81abbe05,FEE,,,,,,,,5162c909-b2e5-4f1e-8d9d-7ccf57629f48,,,OCC,2026-06-22,2026-06-23T08:25:09.109124Z,-0.02,OCC Clearing Fee,executed,c8d175f7-d5cb-493d-b847-699dd640384e,USD,,
20260622000000000::2bbbdbf2-a38b-4806-bb46-299891d8aac3,FEE,,,,,,,,970874c3-b4b6-4084-aa52-b7a4c19427dd,,,OCC,2026-06-22,2026-06-23T08:23:39.769064Z,-0.06,OCC Clearing Fee,executed,cb0d0919-ed0a-4f32-8093-e99db7915017,USD,,
20260622000000000::2b0f216b-09da-4728-b7d3-b75f12a7c5df,FEE,,,,,,,,1c499ae0-96a5-4e9a-95d0-90c4bb71aafd,,,OCC,2026-06-22,2026-06-23T08:23:39.769064Z,-0.04,OCC Clearing Fee,executed,a23e5d22-c1f4-40d1-8cba-64dabac452cd,USD,,
20260622000000000::29bb24e4-e135-4150-a3e8-94a7491727d5,FEE,,,,,,,,ee1d35a5-6b48-4f88-bced-785b0d69ce18,,,OCC,2026-06-22,2026-06-23T08:24:04.751445Z,-0.02,OCC Clearing Fee,executed,5d6db8f4-85d5-4dea-bcb0-658509f0fb50,USD,,
20260622000000000::26abe28a-7626-4157-86d4-e0220ee9078c,FEE,,,,,,,,9b005c53-e207-4bc3-b857-93aa73ccad40,,,OCC,2026-06-22,2026-06-23T08:24:27.703539Z,-0.02,OCC Clearing Fee,executed,75ec7604-e4d9-4b97-a273-8801ac9da0cf,USD,,
20260622000000000::26735fd3-9882-45b6-8b5e-8be4d83f675f,FEE,,,,,,,,e8e1554f-b64d-47de-8a8e-cedb2c028121,,,OCC,2026-06-22,2026-06-23T08:23:43.299414Z,-0.04,OCC Clearing Fee,executed,21e7a933-24e4-4e62-87e7-c1cfcb5e5cc9,USD,,
20260622000000000::2435dc4e-a36c-4223-99ce-14a428aa9624,FEE,,,,,,,,3b511011-c536-4993-adda-2c0d4ba6f546,,,OCC,2026-06-22,2026-06-23T08:23:43.299414Z,-0.06,OCC Clearing Fee,executed,41a4b56a-de8b-4e14-9812-2a3276ebd517,USD,,
20260622000000000::21b2a5f1-2b90-4d20-9857-8c36bdeb7e42,FEE,,,,,,,,ec2e82fe-49c5-4781-af6e-57ed63cfa2e3,,,OCC,2026-06-22,2026-06-23T08:24:12.048512Z,-0.04,OCC Clearing Fee,executed,c7f9d0b5-4f70-4a96-9db1-1a134d298ff7,USD,,
20260622000000000::218aea0a-7740-42bb-bfb6-fa959681ad6b,FEE,,,,,,,,30bf249d-c787-4199-82e9-af64b07c4d0e,,,OCC,2026-06-22,2026-06-23T08:23:39.769064Z,-0.06,OCC Clearing Fee,executed,aa869c54-b42c-4fac-8a8e-c3383fe3df99,USD,,
20260622000000000::209813ff-cc7b-4779-985b-4911e9f65962,FEE,,,,,,,,98a55757-b2f3-4f09-aeab-66d7f1e943f4,,,OCC,2026-06-22,2026-06-23T08:24:25.338297Z,-0.02,OCC Clearing Fee,executed,89d3c514-8911-4a9b-b011-5d5aa8c553af,USD,,
20260622000000000::2015bf2c-6960-4b5c-84c9-5ee8c8fe4dec,FEE,,,,,,,,b7eb7c22-dc15-46bc-93ee-551de0aa5fb7,,,OCC,2026-06-22,2026-06-23T08:23:32.037916Z,-0.02,OCC Clearing Fee,executed,f94ad877-0dcf-4a2e-a2ad-7e6e4776f1a1,USD,,
20260622000000000::200ec487-d3e3-4de9-a991-62217620df60,FEE,,,,,,,,6972b9a2-92d3-4be1-932e-3ab3e8adad02,,,OCC,2026-06-22,2026-06-23T08:23:43.299414Z,-0.02,OCC Clearing Fee,executed,caf84dfa-445f-49df-92b1-0b286da03015,USD,,
20260622000000000::1fb86187-53b6-47df-93b9-5ede3cd7d113,FEE,,,,,,,,b8a2e937-44a0-4fe9-877a-ba7f55be3223,,,OCC,2026-06-22,2026-06-23T08:24:01.249569Z,-0.04,OCC Clearing Fee,executed,659b7631-3bea-499c-9851-7754e9bce244,USD,,
20260622000000000::1dda7e76-dea7-4123-938f-343b7970539b,FEE,,,,,,,,8e3d0e66-0ab1-4178-af29-63dd915cafee,,,OCC,2026-06-22,2026-06-23T08:23:43.299414Z,-0.02,OCC Clearing Fee,executed,bfa439e0-0990-491f-8c08-45fa8a510adf,USD,,
20260622000000000::1b43d71f-060c-41ca-a78a-035d2c36fa90,FEE,,,,,,,,262ca456-5433-4afb-a639-48c726a983f8,,,OCC,2026-06-22,2026-06-23T08:24:04.751445Z,-0.02,OCC Clearing Fee,executed,35430d03-2847-4346-af71-65119a8ee182,USD,,
20260622000000000::1b19ce67-10c7-4046-b539-8e7766ed7977,FEE,,,,,,,,b253acfc-b894-4b0b-94c6-b6f6c0172ee4,,,OCC,2026-06-22,2026-06-23T08:23:39.769064Z,-0.06,OCC Clearing Fee,executed,80a6be33-9b12-44e3-b0c5-b171d7ba7d38,USD,,
20260622000000000::1999ea4c-022a-4841-adca-649f19b22cc5,FEE,,,,,,,,d07208d2-aa74-4e43-9b68-e88afe17e1cc,,,OCC,2026-06-22,2026-06-23T08:23:43.299414Z,-0.06,OCC Clearing Fee,executed,5a678765-0b54-4823-9f68-3a0edd09a834,USD,,
20260622000000000::1773cbf5-e66c-461d-9e44-171364f483a8,FEE,,,,,,,,b54d8306-c795-40fe-b4e9-a96d13c04e33,,,OCC,2026-06-22,2026-06-23T08:24:04.751445Z,-0.02,OCC Clearing Fee,executed,5f7e63ce-211e-489c-a734-dca073d6c0c2,USD,,
20260622000000000::16d7971f-2d79-4d5e-8f06-c26c4e85c214,FEE,,,,,,,,76c93d71-6555-4ac5-a16b-65e4d690c4d2,,,OCC,2026-06-22,2026-06-23T08:24:20.486211Z,-0.02,OCC Clearing Fee,executed,f01c1d88-e223-491b-83f0-eb19ba1b9527,USD,,
20260622000000000::16a98e6c-e953-401f-b37e-10e5cbdc64b0,FEE,,,,,,,,78bfde8f-feec-4b2c-93b1-494972adb52e,,,OCC,2026-06-22,2026-06-23T08:23:39.769064Z,-0.04,OCC Clearing Fee,executed,66f05ebe-f819-479f-b45d-d8bdaa0a188e,USD,,
20260622000000000::1677a146-0675-4ad4-b001-ec6a3c2b86a7,FEE,,,,,,,,d54db48e-0521-4b88-8bf7-341a1e6aad5f,,,OCC,2026-06-22,2026-06-23T08:25:02.878674Z,-0.02,OCC Clearing Fee,executed,3e049c4e-b5f9-4c67-8d10-440ca4b50577,USD,,
20260622000000000::14e91d56-2fdc-4358-8f21-9dcb62baec66,FEE,,,,,,,,4a2f4fa3-cf57-45ec-a1c8-68f47f58540f,,,OCC,2026-06-22,2026-06-23T08:24:01.249569Z,-0.02,OCC Clearing Fee,executed,02eba43a-0e7c-47a2-95f2-d74149bba12f,USD,,
20260622000000000::145cd197-8594-4611-b13f-483964d6f609,FEE,,,,,,,,ec98d01d-d803-45fc-9f19-641f18dbe011,,,OCC,2026-06-22,2026-06-23T08:24:25.338297Z,-0.02,OCC Clearing Fee,executed,46241edd-171f-47b2-8b23-6f6b79eb9436,USD,,
20260622000000000::12977f50-3b02-407f-ae2f-033a83fab7d3,FEE,,,,,,,,edf996ad-5bcd-4bab-9759-9c29274effd3,,,OCC,2026-06-22,2026-06-23T08:23:43.299414Z,-0.04,OCC Clearing Fee,executed,32f1d5c1-2cac-4833-a42b-2e205fa5d77e,USD,,
20260622000000000::0f071f9a-3b1b-4025-89e7-73027be9bc2c,FEE,,,,,,,,12659f6f-e8ee-4edb-ae35-03420e44c726,,,OCC,2026-06-22,2026-06-23T08:23:43.299414Z,-0.04,OCC Clearing Fee,executed,10337fe9-77bf-4aa6-9cea-59d5fcc94dc1,USD,,
20260622000000000::0e3460bc-8e61-4cca-8e56-24292a4a30af,FEE,,,,,,,,e9cf6c5e-c504-4e4a-8886-a1e500716815,,,OCC,2026-06-22,2026-06-23T08:23:39.769064Z,-0.04,OCC Clearing Fee,executed,29f27155-cea2-4627-b7ce-7c31c70701c4,USD,,
20260622000000000::0e1a507a-793b-4ab2-aa0f-9e206193126f,FEE,,,,,,,,a7925420-7ef5-4ea1-ae2e-4102c90f8616,,,OCC,2026-06-22,2026-06-23T08:24:08.441518Z,-0.02,OCC Clearing Fee,executed,7c5314fe-ef52-42c3-842b-9073471ef68f,USD,,
20260622000000000::0c38da81-089d-42af-b68e-9b506a6d0ad1,FEE,,,,,,,,b66ddd0f-3182-4704-938b-efca2f1bb1fc,,,OCC,2026-06-22,2026-06-23T08:23:43.299414Z,-0.02,OCC Clearing Fee,executed,84b5da0a-52fc-4d2b-b037-4a1c6a5b5612,USD,,
20260622000000000::09ab1d1b-7576-4fcd-9abf-f8103090d064,FEE,,,,,,,,95172bf3-054c-4abc-9c07-67d072e30121,,,OCC,2026-06-22,2026-06-23T08:24:22.865872Z,-0.04,OCC Clearing Fee,executed,93373af9-e273-4d53-8b2e-d5e0a472a4f9,USD,,
20260622000000000::07f5c5b9-1a56-4f98-ab20-4d0af8733167,FEE,,,,,,,,d89a3148-27fa-400c-8a08-6790a1f907cb,,,OCC,2026-06-22,2026-06-23T08:23:43.299414Z,-0.06,OCC Clearing Fee,executed,d40aba91-1b7c-4add-a5b9-9d637d1a2dfd,USD,,
20260622000000000::036c95c8-dc9e-4fee-a04e-6d88fed397cd,FEE,,,,,,,,ee683fd4-8e1a-4c75-bef5-c30d5dd31828,,,OCC,2026-06-22,2026-06-23T08:23:43.299414Z,-0.02,OCC Clearing Fee,executed,84985cea-96d3-401f-a44e-fc4e2339a723,USD,,
20260622000000000::01b2785c-2d16-4a89-834f-e06504d48f41,FEE,,,,,,,,56529ed4-3836-41f5-87af-4f22c2b4b2f2,,,OCC,2026-06-22,2026-06-23T08:25:07.076425Z,-0.02,OCC Clearing Fee,executed,563fff6b-48ab-402a-ab4d-846a6cd0b84d,USD,,
20260622000000000::00fd1570-0f2e-4d20-90df-c755712eed07,FEE,,,,,,,,a377ad0c-2c28-43c2-acf6-9634bd48b856,,,OCC,2026-06-22,2026-06-23T08:23:43.299414Z,-0.02,OCC Clearing Fee,executed,8011d2c9-c4a0-4269-8da8-6316473bfa7c,USD,,
20260622000000000::00a3e660-dc88-4f35-8550-d27a81a0579b,FEE,,,,,,,,f72f95d8-153b-44ad-a2ca-2284fcba6109,,,OCC,2026-06-22,2026-06-23T08:23:43.299414Z,-0.02,OCC Clearing Fee,executed,d149a789-feb0-4e48-ac16-2f616fb9fab5,USD,,
20260618144550189::f782ae80-dd22-46ad-8348-5f7dfb4f203c,FILL,2026-06-18T18:45:50.189573Z,fill,5.7,3,buy,XLK260710C00192500,0,f2dc849c-3825-4940-a4b8-df8e0fac2202,3,filled,,,,,,,,,,
20260618144308706::0733a9a2-a2da-4cef-be4a-3f4c61ca0485,FILL,2026-06-18T18:43:08.706818Z,fill,2.38,3,buy,OXY260717P00052500,0,33f8af64-b18b-4af7-a768-f3f65c262619,3,filled,,,,,,,,,,
20260618144236716::2ab9c2a8-a9aa-494c-badb-e9b3efa6ec61,FILL,2026-06-18T18:42:36.716299Z,fill,3.95,3,buy,TGT260717P00130000,0,ae3f0b37-f104-4026-b38a-a66436b237b9,3,filled,,,,,,,,,,
20260618144204579::68c7b9d3-e69c-4fa7-8bbf-67a2e127356a,FILL,2026-06-18T18:42:04.579718Z,fill,9.2,2,buy,TSLA260710P00380000,0,c31eaa74-7bd9-4e14-8520-bfcbe933bba3,2,filled,,,,,,,,,,
20260618144130911::c7757402-dfa5-4a09-9275-e50739278baf,FILL,2026-06-18T18:41:30.911327Z,fill,11.1,2,buy,COIN260717P00160000,0,27e98839-0959-4489-8aea-17386b0dc8aa,2,filled,,,,,,,,,,
20260618140225184::efa1082b-d9eb-4936-873e-cebcb7cc48c8,FILL,2026-06-18T18:02:25.184976Z,fill,1.52,1,sell,SCHW260717C00095000,0,a76d36e9-aa2b-4ac4-9590-d33d93faa0a1,2,filled,,,,,,,,,,
20260618140225071::761a559f-ea06-42e0-87a2-5afa6fdbff4c,FILL,2026-06-18T18:02:25.071871Z,partial_fill,1.52,1,sell,SCHW260717C00095000,1,a76d36e9-aa2b-4ac4-9590-d33d93faa0a1,1,partially_filled,,,,,,,,,,
20260618140150915::c27d4527-708a-4147-b539-e75fada3bdc5,FILL,2026-06-18T18:01:50.915201Z,fill,3.75,1,sell,MRK260717P00115000,0,e171c36d-1980-4070-9560-b79af9974785,2,filled,,,,,,,,,,
20260618140150801::5ec46c41-b81e-495b-8c81-1e1d9fc8e790,FILL,2026-06-18T18:01:50.801463Z,partial_fill,3.75,1,sell,MRK260717P00115000,1,e171c36d-1980-4070-9560-b79af9974785,1,partially_filled,,,,,,,,,,
20260618140146856::ab853995-05f5-4aaa-8acb-2c1ef862538f,FILL,2026-06-18T18:01:46.856191Z,fill,17.45,1,sell,SNOW260717P00240000,0,6b1d651a-8f45-44d6-8881-0276a4e67baf,1,filled,,,,,,,,,,
20260618140144588::313f2f99-fcac-4137-a01c-2dc6e765954e,FILL,2026-06-18T18:01:44.588562Z,fill,23.45,1,sell,TSLA260717P00405000,0,137c88a9-3412-44d3-a3fb-4e0f3fabf856,1,filled,,,,,,,,,,
20260618140128918::4aa223cd-ce49-4a16-a664-a444b4319d2b,FILL,2026-06-18T18:01:28.918413Z,fill,12.35,1,sell,ORCL260717P00190000,0,1c37999a-ef96-4840-aff1-e2a7a4f6e262,1,filled,,,,,,,,,,
20260618133500848::0ebf2f38-34bd-406b-8cec-7983f40444be,FILL,2026-06-18T17:35:00.848371Z,fill,10.6,2,buy,INTC260717C00140000,0,ed8bc13a-4ddb-4ff8-a4b5-477c6181f29e,2,filled,,,,,,,,,,
20260618125346085::632318aa-c08a-4e1f-a5e2-c06ffbd28fac,FILL,2026-06-18T16:53:46.085853Z,fill,4.8,3,sell,JPM260717C00340000,0,a7a576fa-1c97-43f0-a7ab-d23fd6712835,3,filled,,,,,,,,,,
20260618121909725::5b27875d-414b-4252-831a-a5865064eb98,FILL,2026-06-18T16:19:09.725527Z,fill,5.95,1,buy,RTX260710C00185000,0,5918fc7d-0108-4de8-9d97-5f646c88d420,2,filled,,,,,,,,,,
20260618121909614::19c2017f-efe1-482a-acba-a7fdd42a4c75,FILL,2026-06-18T16:19:09.614087Z,partial_fill,5.95,1,buy,RTX260710C00185000,1,5918fc7d-0108-4de8-9d97-5f646c88d420,1,partially_filled,,,,,,,,,,
20260618121837363::b00bd9e6-d37f-4aa1-aa4b-7eee375de94b,FILL,2026-06-18T16:18:37.363403Z,fill,6.65,2,buy,AAPL260717C00300000,0,f8a11401-9871-47cf-babe-8d99d87e6123,2,filled,,,,,,,,,,
20260618121802913::98453a8d-9939-463b-84fc-ebe6119275d6,FILL,2026-06-18T16:18:02.91355Z,fill,0.92,2,buy,SOFI260710C00018000,0,8b17b216-5bc8-40f2-8891-5bdc30ca7a55,2,filled,,,,,,,,,,
20260618121658974::b6d1c13f-e4ac-44c3-8180-bfe528294e01,FILL,2026-06-18T16:16:58.974465Z,fill,12.2,2,buy,MSFT260710P00380000,0,46287c70-05f2-4c79-a37c-c9ffc0914de6,2,filled,,,,,,,,,,
20260618121627714::c0bd8c56-835d-41f1-97d0-4c0987fee33a,FILL,2026-06-18T16:16:27.714133Z,fill,5.95,1,buy,TLT260717C00081000,0,54764d12-723a-4d56-8f5f-f928bddc9af3,1,filled,,,,,,,,,,
20260618121556272::f4c97130-eacb-4d1b-8575-fb9eaf92a7db,FILL,2026-06-18T16:15:56.272854Z,fill,1.25,3,buy,NFLX260710P00075000,0,5bddfcf5-03e7-40e0-b511-dd02a081c293,3,filled,,,,,,,,,,
20260618121525203::ade6b851-bbfc-4359-8817-c3ab4a9d58ec,FILL,2026-06-18T16:15:25.203481Z,fill,10.45,2,buy,INTC260710C00135000,0,fa921d6d-3527-4c56-98bb-fa47b6a7f935,2,filled,,,,,,,,,,
20260618121454176::bd3e5760-d062-4026-96a5-530656dd449f,FILL,2026-06-18T16:14:54.176797Z,fill,4.67,1,buy,IWM260702C00295000,0,cd27ab32-3e0e-4f41-b5e8-09d8a64cab95,1,filled,,,,,,,,,,
20260618113703095::c9881fa3-5273-4d6d-81a8-98b505ac6b29,FILL,2026-06-18T15:37:03.095361Z,fill,9.8,2,sell,SAP260717P00160000,0,44c32021-eb54-448b-8ef1-443d42ef4ed3,2,filled,,,,,,,,,,
20260618113649819::5c3d2739-4062-4a52-83d1-168acaa648d2,FILL,2026-06-18T15:36:49.819179Z,fill,4.25,1,sell,OXY260717P00055000,0,ac85437f-bedd-491c-9a91-c0f6d41e53b3,2,filled,,,,,,,,,,
20260618113649712::bd65279a-644a-4a99-b574-8b9c06d76e5f,FILL,2026-06-18T15:36:49.712146Z,partial_fill,4.25,1,sell,OXY260717P00055000,1,ac85437f-bedd-491c-9a91-c0f6d41e53b3,1,partially_filled,,,,,,,,,,
20260618111453723::1133b2ec-1e29-4cd0-a543-23bd8572e179,FILL,2026-06-18T15:14:53.723813Z,fill,23.75,1,buy,CAT260702C01010000,0,2f1971d6-65cf-49dc-93af-9631be81bb72,1,filled,,,,,,,,,,
20260618111423409::81a94af0-cd33-44f2-89ae-60fdedb2c77e,FILL,2026-06-18T15:14:23.409411Z,fill,0.96,2,buy,LYFT260717C00014000,0,9156c794-a186-40cc-9264-4cecf54502bd,2,filled,,,,,,,,,,
20260618111322308::7fc2e4ca-fb90-4d9c-bee7-7f6eaa4c3738,FILL,2026-06-18T15:13:22.308704Z,fill,21.75,1,buy,C260710C00127000,0,d825c364-77a7-41d6-b21c-5a949fba3b3b,1,filled,,,,,,,,,,
20260618111124025::6caad95d-c358-4483-b319-475c6ef6801e,FILL,2026-06-18T15:11:24.025993Z,fill,2.39,1,buy,PG260717C00155000,0,749a4489-1c6d-485d-87f7-2a6368d460f8,1,filled,,,,,,,,,,
20260618111023384::918ac860-c1a1-4f8b-b071-3806766b3108,FILL,2026-06-18T15:10:23.384592Z,fill,24.4,1,buy,AMD260702C00550000,0,c0e06c50-62bb-4b5d-8bec-1fe1a1b34f25,1,filled,,,,,,,,,,
20260618110954246::24824447-2e88-429a-abbc-f68c83df328f,FILL,2026-06-18T15:09:54.246298Z,fill,19.35,1,buy,XLK260702C00173000,0,7d8b97dd-2660-4195-b041-af223b089f4a,1,filled,,,,,,,,,,
20260618110856713::639445be-f5d2-41e7-9b11-4f11ab321e8e,FILL,2026-06-18T15:08:56.713474Z,fill,6.4,2,buy,V260717C00335000,0,51af7cf8-d3e0-4a33-a227-271d83487cd4,2,filled,,,,,,,,,,
20260618110550625::16db66b3-d828-4758-8404-72b658969da7,FILL,2026-06-18T15:05:50.625219Z,fill,8.15,2,buy,JPM260717C00335000,0,7afb2247-e9ce-4f26-bd40-27741c1ada6c,2,filled,,,,,,,,,,
20260618110527702::ac5c2594-d19e-42dd-82d7-3090bbea521d,FILL,2026-06-18T15:05:27.702747Z,fill,5.05,2,buy,RTX260717C00190000,0,732c0664-29a8-4a7b-8aee-83c0187018b0,2,filled,,,,,,,,,,
20260618110344513::44604347-939f-4cef-8610-6ba1638c90f3,FILL,2026-06-18T15:03:44.513929Z,fill,2.65,2,buy,SCHW260717C00095000,0,cffb20e5-e8b6-47cd-91e1-05042fc52cb7,2,filled,,,,,,,,,,
20260618110057280::245bea85-c70a-4e70-a3a7-877379ee47fa,FILL,2026-06-18T15:00:57.280397Z,fill,5.8,1,buy,DIA260702C00518000,0,b74bbf61-16d5-469a-953f-6ca3e34a766e,1,filled,,,,,,,,,,
20260618105947723::b33fd94a-b72e-49fb-b12d-cd20b3d1cfb0,FILL,2026-06-18T14:59:47.723483Z,fill,8.5,1,buy,UBER260717P00080000,0,698f7ce5-249e-4655-bf54-1f27bb1270f5,1,filled,,,,,,,,,,
20260618105920492::caac5f9d-a649-4f8f-9ca6-7fdea24bb99b,FILL,2026-06-18T14:59:20.492743Z,fill,22.9,1,buy,AVGO260717C00410000,0,ea620561-0bb2-4798-a365-273ce930ccc1,1,filled,,,,,,,,,,
20260618105852864::1ef887db-2dbb-4658-9d4d-0b848401160a,FILL,2026-06-18T14:58:52.86484Z,fill,19.1,1,buy,TSLA260717P00390000,0,50a9276a-9a1a-4974-9905-88fa6e695bea,1,filled,,,,,,,,,,
20260618105826068::db556a90-2e27-4ce2-85ff-e7b7ac753b47,FILL,2026-06-18T14:58:26.06851Z,fill,17.8,1,buy,INTU260717P00270000,0,b49a3c79-e9b2-4e53-ac6b-79f21ff0129a,1,filled,,,,,,,,,,
20260618105758150::e2f1614d-e654-4343-9d5b-6ebb665495d0,FILL,2026-06-18T14:57:58.150438Z,fill,11.15,2,buy,IBM260710P00250000,0,7950ba58-0b57-4d7a-a76f-369249bc5486,2,filled,,,,,,,,,,
20260618105732100::a831717c-c543-4728-871f-416197da5042,FILL,2026-06-18T14:57:32.100957Z,fill,5.6,3,buy,IONQ260717P00055000,0,fd19f308-102b-4fb7-964d-5c32925dd61a,3,filled,,,,,,,,,,
20260618105706292::120c2c38-968c-4070-b75f-db5605037ea9,FILL,2026-06-18T14:57:06.292386Z,fill,19.4,1,buy,QCOM260717C00230000,0,db45ea1f-7872-420c-8c3e-f9f98b0bcf3d,1,filled,,,,,,,,,,
20260618105641032::00b0039f-80e0-4154-a0ab-9d798a816ecd,FILL,2026-06-18T14:56:41.03253Z,fill,13.4,1,buy,COIN260717P00170000,0,7e88d986-ad80-4a53-9394-e3bda6c48201,1,filled,,,,,,,,,,
20260618105616348::d3be910d-cfab-49c3-9548-554cb96b49c5,FILL,2026-06-18T14:56:16.348064Z,fill,12.89,1,buy,QQQ260702C00740000,0,1870db64-a043-4d2d-95a3-bf4f41bbc2d7,1,filled,,,,,,,,,,
20260618105551368::553c7566-a754-4b06-806c-07f57e6801fb,FILL,2026-06-18T14:55:51.368682Z,fill,5.5,3,buy,CVX260717P00175000,0,ae66ecbd-2cdf-407e-8466-aff543082663,3,filled,,,,,,,,,,
20260618105526766::7ba19698-bffe-4716-9d4b-3dd023ba93f2,FILL,2026-06-18T14:55:26.766165Z,fill,1.12,2,buy,SOFI260717C00018000,0,90bd88e3-d9d2-4b71-86d8-cb4a237fba68,2,filled,,,,,,,,,,
20260618105502256::1af7660c-acb6-41b3-98ed-331490809d76,FILL,2026-06-18T14:55:02.256892Z,fill,8.35,2,buy,CRM260717P00155000,0,4241c6c6-60b0-4dcb-9d15-82453dd1113d,2,filled,,,,,,,,,,
20260618105438264::716a6d04-7484-4bba-a9ea-52c8a358820c,FILL,2026-06-18T14:54:38.264613Z,fill,4.65,1,buy,PLTR260710P00125000,0,334963c9-2837-4e35-bded-1eb03c84f367,2,filled,,,,,,,,,,
20260618105438152::5e9e7148-8d73-4f89-8c80-57cccdfc8eb3,FILL,2026-06-18T14:54:38.15235Z,partial_fill,4.65,1,buy,PLTR260710P00125000,1,334963c9-2837-4e35-bded-1eb03c84f367,1,partially_filled,,,,,,,,,,
20260618105414878::a8240702-6946-4c59-9007-154adc151397,FILL,2026-06-18T14:54:14.878641Z,fill,9.85,2,buy,AMZN260710P00245000,0,7244b5b3-4577-4a86-b0bc-931f07a7b999,2,filled,,,,,,,,,,
20260618105351297::287b2862-1e56-4381-b2e3-6d566b5fc251,FILL,2026-06-18T14:53:51.297807Z,fill,17.45,1,buy,GOOGL260710P00375000,0,db10778a-1bfe-4a04-a1bd-39e0ad7a9791,1,filled,,,,,,,,,,
20260618105328186::32c34d1a-eecc-44e6-9a00-3e85efb1a25a,FILL,2026-06-18T14:53:28.186541Z,fill,11.25,2,buy,INTC260710C00130000,0,fb8ef3ee-f530-4240-a2d7-5d1c31c47db6,2,filled,,,,,,,,,,
20260618105305663::d9a42481-b315-4b79-9d1c-178ed7d5eb0d,FILL,2026-06-18T14:53:05.663919Z,fill,19.1,1,buy,MSFT260710P00390000,0,107b1263-2ca6-4d60-98fe-86e902fd791e,1,filled,,,,,,,,,,
20260618105243232::b530a528-1287-4445-8f38-721831f40c88,FILL,2026-06-18T14:52:43.23235Z,fill,1.22,2,buy,BAC260710C00057000,0,90e6bdcc-48a7-4d35-b43f-6c973592c74c,2,filled,,,,,,,,,,
20260618105220841::7b9bad0f-36e1-450f-a7bb-c3d4d8966948,FILL,2026-06-18T14:52:20.841018Z,fill,1.47,2,buy,WFC260717P00080000,0,e5073196-f126-4695-9267-754bc3109506,2,filled,,,,,,,,,,
20260618105159026::abd15f73-dcc4-4709-a39e-5f284cecf7a4,FILL,2026-06-18T14:51:59.026695Z,fill,4.2,2,buy,TLT260717C00083000,0,602db4ee-5fa4-4e76-ba62-c5eee9b35ff1,2,filled,,,,,,,,,,
20260618105137767::f344ae61-5bf0-40dc-ae4e-b3b6d28ea682,FILL,2026-06-18T14:51:37.767762Z,fill,5.12,1,buy,IWM260702C00294000,0,1ee3236e-7dfc-400c-8e9b-43ac9581762f,1,filled,,,,,,,,,,
20260618105117115::d8ff7de5-d20c-4698-b538-d8f254623702,FILL,2026-06-18T14:51:17.115559Z,fill,7.3,2,buy,AAPL260710C00300000,0,538e6496-db64-4635-b104-efa5ad0c7bc2,2,filled,,,,,,,,,,
20260618105056438::528b83ba-3421-4e66-a09a-e04c97e6cf3b,FILL,2026-06-18T14:50:56.43832Z,fill,7.1,2,buy,NVDA260710C00210000,0,6946cdd1-e8f7-4336-ae95-da966e779ecc,2,filled,,,,,,,,,,
20260618102013595::a3b95c92-8056-403f-a9b6-96e8de347662,FILL,2026-06-18T14:20:13.595694Z,fill,11.7,2,sell,ADBE260717P00200000,0,68ec6acd-56b9-4913-aa07-ec46360116ab,2,filled,,,,,,,,,,
20260618102007539::095c14de-265a-4428-82bb-9c0c2de63f60,FILL,2026-06-18T14:20:07.539087Z,fill,18.3,2,sell,IBM260717P00260000,0,a045df28-0296-4c30-ab20-c20cbda489ae,2,filled,,,,,,,,,,
20260618101959702::2db5afc1-56b9-4fe4-bd08-bcc15302d155,FILL,2026-06-18T14:19:59.702776Z,fill,25.2,1,sell,GE260717C00340000,0,a262753c-8c16-471d-bdd8-a347dd9321e5,1,filled,,,,,,,,,,
20260618095449718::6545bf7a-a259-4cd9-8d09-383d763c1b1e,FILL,2026-06-18T13:54:49.71819Z,fill,5.2,2,sell,RTX260821C00200000,0,b30e2c5d-ee35-4f6c-8175-5bf1bfeadc14,2,filled,,,,,,,,,,
20260618095446621::653f72b5-7070-4007-9531-065486441a49,FILL,2026-06-18T13:54:46.621364Z,fill,3.85,1,sell,PLTR260717C00135000,0,a466f799-afaa-432d-875e-a9dfd3ce433f,3,filled,,,,,,,,,,
20260618095446510::f0132205-47db-4e5b-a793-f58ba617be1e,FILL,2026-06-18T13:54:46.510203Z,partial_fill,3.85,2,sell,PLTR260717C00135000,1,a466f799-afaa-432d-875e-a9dfd3ce433f,2,partially_filled,,,,,,,,,,
20260618095432758::bb269f63-6cfc-4596-a616-49c05f7a42b7,FILL,2026-06-18T13:54:32.758843Z,fill,2.46,1,sell,XLE260717P00055000,0,10eee5e4-4c52-4762-aeb2-0596c7beb5cf,1,filled,,,,,,,,,,
20260618095431646::7e9ec496-30eb-4ccd-8f40-d032e93adafc,FILL,2026-06-18T13:54:31.646991Z,fill,8.6,1,sell,CVX260717P00180000,0,9dcb0ff3-482a-4e02-8c19-8c8eb8004887,1,filled,,,,,,,,,,
20260618095427804::2ef8f2e2-e5e6-4277-bd1c-1793c416ea6a,FILL,2026-06-18T13:54:27.804567Z,fill,5.6,2,sell,PLTR260717C00130000,0,4440e527-1bad-439d-a10f-dc3ebcfe7610,2,filled,,,,,,,,,,
20260618095412627::15b82a50-cabd-45da-ac1b-8f021d3da1d7,FILL,2026-06-18T13:54:12.627817Z,fill,7.05,1,sell,GOOGL260717C00375000,0,c90c5d82-dd43-4ec3-b858-0dab5e951852,1,filled,,,,,,,,,,
20260618095410663::af2e1a8c-3c30-473c-9b8e-3b4f5cefb069,FILL,2026-06-18T13:54:10.663224Z,fill,5,2,sell,BA260717C00230000,0,dbe35c96-e6fb-45af-919d-f8d88b4ee7f0,2,filled,,,,,,,,,,
20260618093328941::413501ef-c201-41b0-97a7-cb6386a09bd4,FILL,2026-06-18T13:33:28.941548Z,fill,9.6,2,sell,NVDA260717P00210000,0,dc04055b-6c20-4a21-815d-69fa28803ac6,2,filled,,,,,,,,,,
20260618093303310::60ecbb2b-bf58-41ef-8d21-5509f21cb1b7,FILL,2026-06-18T13:33:03.310933Z,fill,1.3,2,sell,UBER260717C00075000,0,e37785aa-d45a-4239-bd5b-a9c57dc55e18,2,filled,,,,,,,,,,
20260618093258099::cb3bbed2-f75e-445a-9304-73d6b38663e1,FILL,2026-06-18T13:32:58.099473Z,fill,8.4,1,sell,COIN260710C00170000,0,a5e7d346-f79c-4ad1-84fa-9299d6671a80,1,filled,,,,,,,,,,
20260618000000000::ffafaa62-d71a-4e78-b417-3a3a443ad549,FEE,,,,,,,,50a9276a-9a1a-4974-9905-88fa6e695bea,,,OCC,2026-06-18,2026-06-19T08:22:37.590521Z,-0.02,OCC Clearing Fee,executed,1ef887db-2dbb-4658-9d4d-0b848401160a,USD,,
20260618000000000::fcd9314e-f0f0-485f-8c1d-9e1d1910776d,FEE,,,,,,,,fa921d6d-3527-4c56-98bb-fa47b6a7f935,,,OCC,2026-06-18,2026-06-19T08:24:42.69341Z,-0.04,OCC Clearing Fee,executed,ade6b851-bbfc-4359-8817-c3ab4a9d58ec,USD,,
20260618000000000::f87c5a50-74b7-457f-887b-77a88d8d535b,FEE,,,,,,,,dbe35c96-e6fb-45af-919d-f8d88b4ee7f0,,,OCC,2026-06-18,2026-06-19T08:22:30.698564Z,-0.04,OCC Clearing Fee,executed,af2e1a8c-3c30-473c-9b8e-3b4f5cefb069,USD,,
20260618000000000::f6327e05-aeff-4f7d-bdfe-35c8034b6f1b,FEE,,,,,,,,ae3f0b37-f104-4026-b38a-a66436b237b9,,,OCC,2026-06-18,2026-06-19T08:25:00.165079Z,-0.06,OCC Clearing Fee,executed,2ab9c2a8-a9aa-494c-badb-e9b3efa6ec61,USD,,
20260618000000000::efdb63da-a804-4a2c-b23d-dbbe9def0beb,FEE,,,,,,,,44c32021-eb54-448b-8ef1-443d42ef4ed3,,,OCC,2026-06-18,2026-06-19T08:24:09.52715Z,-0.04,OCC Clearing Fee,executed,c9881fa3-5273-4d6d-81a8-98b505ac6b29,USD,,
20260618000000000::ee12b051-6f66-4420-82e1-8a5dd161da42,FEE,,,,,,,,7244b5b3-4577-4a86-b0bc-931f07a7b999,,,OCC,2026-06-18,2026-06-19T08:22:30.698564Z,-0.04,OCC Clearing Fee,executed,a8240702-6946-4c59-9007-154adc151397,USD,,
20260618000000000::ebcdb341-6ce7-466b-8c2d-023846fe317c,FEE,,,,,,,,51af7cf8-d3e0-4a33-a227-271d83487cd4,,,OCC,2026-06-18,2026-06-19T08:23:19.584237Z,-0.04,OCC Clearing Fee,executed,639445be-f5d2-41e7-9b11-4f11ab321e8e,USD,,
20260618000000000::e9d38b7d-fe78-475f-a7b0-088493c0c5b7,FEE,,,,,,,,a262753c-8c16-471d-bdd8-a347dd9321e5,,,OCC,2026-06-18,2026-06-19T08:22:56.471238Z,-0.02,OCC Clearing Fee,executed,2db5afc1-56b9-4fe4-bd08-bcc15302d155,USD,,
20260618000000000::e7e47d53-08da-42eb-ab31-5388bc51b788,FEE,,,,,,,,db10778a-1bfe-4a04-a1bd-39e0ad7a9791,,,OCC,2026-06-18,2026-06-19T08:22:30.698564Z,-0.02,OCC Clearing Fee,executed,287b2862-1e56-4381-b2e3-6d566b5fc251,USD,,
20260618000000000::de73037a-8b6a-43ca-a3fb-80151566271c,FEE,,,,,,,,137c88a9-3412-44d3-a3fb-4e0f3fabf856,,,OCC,2026-06-18,2026-06-19T08:24:54.984186Z,-0.02,OCC Clearing Fee,executed,313f2f99-fcac-4137-a01c-2dc6e765954e,USD,,
20260618000000000::db2b15a4-02c4-4394-9bdc-53f5ea4b8696,FEE,,,,,,,,54764d12-723a-4d56-8f5f-f928bddc9af3,,,OCC,2026-06-18,2026-06-19T08:24:42.69341Z,-0.02,OCC Clearing Fee,executed,c0bd8c56-835d-41f1-97d0-4c0987fee33a,USD,,
20260618000000000::dab9ce32-b803-4220-82fc-fa9d3e5eea85,FEE,,,,,,,,,,,ORF,2026-06-18,2026-06-19T08:23:24.341532Z,-3.23,ORF fee for proceed of 120 contracts on 2026-06-18 by PA3NJU1Y90R3,executed,,USD,,
20260618000000000::d7693def-2bc5-4927-b1ad-42f887688e9c,FEE,,,,,,,,732c0664-29a8-4a7b-8aee-83c0187018b0,,,OCC,2026-06-18,2026-06-19T08:22:50.480608Z,-0.04,OCC Clearing Fee,executed,ac5c2594-d19e-42dd-82d7-3090bbea521d,USD,,
20260618000000000::d723f4ff-d3c5-4ad6-b814-dd67c0edc1b8,FEE,,,,,,,,68ec6acd-56b9-4913-aa07-ec46360116ab,,,OCC,2026-06-18,2026-06-19T08:22:56.471238Z,-0.04,OCC Clearing Fee,executed,a3b95c92-8056-403f-a9b6-96e8de347662,USD,,
20260618000000000::cd81795d-48d6-42bb-8555-9848b233cc88,FEE,,,,,,,,602db4ee-5fa4-4e76-ba62-c5eee9b35ff1,,,OCC,2026-06-18,2026-06-19T08:22:26.788488Z,-0.04,OCC Clearing Fee,executed,abd15f73-dcc4-4709-a39e-5f284cecf7a4,USD,,
20260618000000000::c8f6ad15-8401-47bd-b473-247e5428ac4a,FEE,,,,,,,,33f8af64-b18b-4af7-a768-f3f65c262619,,,OCC,2026-06-18,2026-06-19T08:25:00.165079Z,-0.06,OCC Clearing Fee,executed,0733a9a2-a2da-4cef-be4a-3f4c61ca0485,USD,,
20260618000000000::c71e73f1-ced3-4392-b99d-eab843d3cf7a,FEE,,,,,,,,538e6496-db64-4635-b104-efa5ad0c7bc2,,,OCC,2026-06-18,2026-06-19T08:22:26.788488Z,-0.04,OCC Clearing Fee,executed,d8ff7de5-d20c-4698-b538-d8f254623702,USD,,
20260618000000000::c523f8cc-9e8a-4f5c-9987-c5e73ee1c0b9,FEE,,,,,,,,90e6bdcc-48a7-4d35-b43f-6c973592c74c,,,OCC,2026-06-18,2026-06-19T08:22:26.788488Z,-0.04,OCC Clearing Fee,executed,b530a528-1287-4445-8f38-721831f40c88,USD,,
20260618000000000::bf825cb4-992c-4dfa-a9cd-647871b76203,FEE,,,,,,,,27e98839-0959-4489-8aea-17386b0dc8aa,,,OCC,2026-06-18,2026-06-19T08:25:00.165079Z,-0.04,OCC Clearing Fee,executed,c7757402-dfa5-4a09-9275-e50739278baf,USD,,
20260618000000000::bd0cfcf2-649d-40d4-bea5-810929406010,FEE,,,,,,,,ae66ecbd-2cdf-407e-8466-aff543082663,,,OCC,2026-06-18,2026-06-19T08:22:34.191177Z,-0.06,OCC Clearing Fee,executed,553c7566-a754-4b06-806c-07f57e6801fb,USD,,
20260618000000000::ba627d2d-15fa-4549-83e0-e23f8cc1020e,FEE,,,,,,,,a7a576fa-1c97-43f0-a7ab-d23fd6712835,,,OCC,2026-06-18,2026-06-19T08:24:47.850655Z,-0.06,OCC Clearing Fee,executed,632318aa-c08a-4e1f-a5e2-c06ffbd28fac,USD,,
20260618000000000::b5e2dc51-56b7-4ef2-afea-0365cbd50fa7,FEE,,,,,,,,ac85437f-bedd-491c-9a91-c0f6d41e53b3,,,OCC,2026-06-18,2026-06-19T08:24:07.455945Z,-0.02,OCC Clearing Fee,executed,5c3d2739-4062-4a52-83d1-168acaa648d2,USD,,
20260618000000000::b0696eca-6456-469e-8670-416dced44c34,FEE,,,,,,,,2f1971d6-65cf-49dc-93af-9631be81bb72,,,OCC,2026-06-18,2026-06-19T08:23:24.341532Z,-0.02,OCC Clearing Fee,executed,1133b2ec-1e29-4cd0-a543-23bd8572e179,USD,,
20260618000000000::af878c58-2cb3-4eb1-af8f-378f10312b6f,FEE,,,,,,,,cd27ab32-3e0e-4f41-b5e8-09d8a64cab95,,,OCC,2026-06-18,2026-06-19T08:24:42.69341Z,-0.02,OCC Clearing Fee,executed,bd3e5760-d062-4026-96a5-530656dd449f,USD,,
20260618000000000::ac6fcd14-d04e-4dd0-8f47-cd1d9939db1d,FEE,,,,,,,,a466f799-afaa-432d-875e-a9dfd3ce433f,,,OCC,2026-06-18,2026-06-19T08:22:30.698564Z,-0.02,OCC Clearing Fee,executed,653f72b5-7070-4007-9531-065486441a49,USD,,
20260618000000000::ac2418c0-906a-4655-a9f6-b4f8b4879f2d,FEE,,,,,,,,7afb2247-e9ce-4f26-bd40-27741c1ada6c,,,OCC,2026-06-18,2026-06-19T08:22:53.371278Z,-0.04,OCC Clearing Fee,executed,16db66b3-d828-4758-8404-72b658969da7,USD,,
20260618000000000::aac40c06-73bc-4179-bbb2-51431644d756,FEE,,,,,,,,c0e06c50-62bb-4b5d-8bec-1fe1a1b34f25,,,OCC,2026-06-18,2026-06-19T08:23:19.584237Z,-0.02,OCC Clearing Fee,executed,918ac860-c1a1-4f8b-b071-3806766b3108,USD,,
20260618000000000::a88fd78c-6ff5-4807-bdfe-9a68fa16cb76,FEE,,,,,,,,6946cdd1-e8f7-4336-ae95-da966e779ecc,,,OCC,2026-06-18,2026-06-19T08:22:22.570711Z,-0.04,OCC Clearing Fee,executed,528b83ba-3421-4e66-a09a-e04c97e6cf3b,USD,,
20260618000000000::a7ee7d71-7556-4e09-9d68-ff1272a78a50,FEE,,,,,,,,6b1d651a-8f45-44d6-8881-0276a4e67baf,,,OCC,2026-06-18,2026-06-19T08:24:56.741545Z,-0.02,OCC Clearing Fee,executed,ab853995-05f5-4aaa-8acb-2c1ef862538f,USD,,
20260618000000000::a6eed4c0-c10c-407a-aa52-bee83a55967f,FEE,,,,,,,,,,,TAF,2026-06-18,2026-06-19T08:23:24.341532Z,-0.11,OPT TAF fee for proceed of 36 contracts (25 trades) on 2026-06-18 by PA3NJU1Y90R3,executed,,USD,,
20260618000000000::a3e20fff-9528-49a4-abbb-bc1a8597dd8f,FEE,,,,,,,,1c37999a-ef96-4840-aff1-e2a7a4f6e262,,,OCC,2026-06-18,2026-06-19T08:24:54.984186Z,-0.02,OCC Clearing Fee,executed,4aa223cd-ce49-4a16-a664-a444b4319d2b,USD,,
20260618000000000::a0b12027-ba34-4a00-86a7-781d05700f23,FEE,,,,,,,,8b17b216-5bc8-40f2-8891-5bdc30ca7a55,,,OCC,2026-06-18,2026-06-19T08:24:42.69341Z,-0.04,OCC Clearing Fee,executed,98453a8d-9939-463b-84fc-ebe6119275d6,USD,,
20260618000000000::9ed58ae4-6c3f-43fa-81f5-5cb902a730ff,FEE,,,,,,,,ed8bc13a-4ddb-4ff8-a4b5-477c6181f29e,,,OCC,2026-06-18,2026-06-19T08:24:53.174773Z,-0.04,OCC Clearing Fee,executed,0ebf2f38-34bd-406b-8cec-7983f40444be,USD,,
20260618000000000::9e2e09e0-914c-407d-809c-80146dcbe9e9,FEE,,,,,,,,c31eaa74-7bd9-4e14-8520-bfcbe933bba3,,,OCC,2026-06-18,2026-06-19T08:25:00.165079Z,-0.04,OCC Clearing Fee,executed,68c7b9d3-e69c-4fa7-8bbf-67a2e127356a,USD,,
20260618000000000::9da5ef11-860a-4005-b279-05fd4493bec7,FEE,,,,,,,,cffb20e5-e8b6-47cd-91e1-05042fc52cb7,,,OCC,2026-06-18,2026-06-19T08:22:47.114912Z,-0.04,OCC Clearing Fee,executed,44604347-939f-4cef-8610-6ba1638c90f3,USD,,
20260618000000000::9c92e183-19ac-4158-886b-9668540594c5,FEE,,,,,,,,ac85437f-bedd-491c-9a91-c0f6d41e53b3,,,OCC,2026-06-18,2026-06-19T08:24:07.455945Z,-0.02,OCC Clearing Fee,executed,bd65279a-644a-4a99-b574-8b9c06d76e5f,USD,,
20260618000000000::993868c0-159e-409b-998a-0b5dc7c87f31,FEE,,,,,,,,fd19f308-102b-4fb7-964d-5c32925dd61a,,,OCC,2026-06-18,2026-06-19T08:22:34.191177Z,-0.06,OCC Clearing Fee,executed,a831717c-c543-4728-871f-416197da5042,USD,,
20260618000000000::97b4daac-8175-4d91-9919-418bccda5744,FEE,,,,,,,,1870db64-a043-4d2d-95a3-bf4f41bbc2d7,,,OCC,2026-06-18,2026-06-19T08:22:34.191177Z,-0.02,OCC Clearing Fee,executed,d3be910d-cfab-49c3-9548-554cb96b49c5,USD,,
20260618000000000::95b346a6-0c01-4d54-975f-a3e58eebe2d0,FEE,,,,,,,,b49a3c79-e9b2-4e53-ac6b-79f21ff0129a,,,OCC,2026-06-18,2026-06-19T08:22:37.590521Z,-0.02,OCC Clearing Fee,executed,db556a90-2e27-4ce2-85ff-e7b7ac753b47,USD,,
20260618000000000::94f72ad7-d77d-4a49-bd9d-deebdfa981b0,FEE,,,,,,,,b74bbf61-16d5-469a-953f-6ca3e34a766e,,,OCC,2026-06-18,2026-06-19T08:22:40.838088Z,-0.02,OCC Clearing Fee,executed,245bea85-c70a-4e70-a3a7-877379ee47fa,USD,,
20260618000000000::915f59fa-4bda-4896-8670-0f95c0eee7e5,FEE,,,,,,,,698f7ce5-249e-4655-bf54-1f27bb1270f5,,,OCC,2026-06-18,2026-06-19T08:22:37.590521Z,-0.02,OCC Clearing Fee,executed,b33fd94a-b72e-49fb-b12d-cd20b3d1cfb0,USD,,
20260618000000000::90e6c239-edac-40da-99ba-cd1b1277d976,FEE,,,,,,,,a466f799-afaa-432d-875e-a9dfd3ce433f,,,OCC,2026-06-18,2026-06-19T08:22:30.698564Z,-0.04,OCC Clearing Fee,executed,f0132205-47db-4e5b-a793-f58ba617be1e,USD,,
20260618000000000::90172609-cd3c-4514-83de-ae0d425b8da4,FEE,,,,,,,,5918fc7d-0108-4de8-9d97-5f646c88d420,,,OCC,2026-06-18,2026-06-19T08:24:42.69341Z,-0.02,OCC Clearing Fee,executed,19c2017f-efe1-482a-acba-a7fdd42a4c75,USD,,
20260618000000000::8d088633-8763-4db3-a72a-668432e19be9,FEE,,,,,,,,,,,CAT,2026-06-18,2026-06-19T08:23:58.355238Z,-0.04,CAT fee for proceed of 75 trades on 2026-06-18 by PA3NJU1Y90R3,executed,,USD,,
20260618000000000::7b848425-480c-423b-aab3-ee494fe9a3d4,FEE,,,,,,,,5918fc7d-0108-4de8-9d97-5f646c88d420,,,OCC,2026-06-18,2026-06-19T08:24:42.69341Z,-0.02,OCC Clearing Fee,executed,5b27875d-414b-4252-831a-a5865064eb98,USD,,
20260618000000000::79cd0bf9-6753-4782-81a9-8ae7a47a65cb,FEE,,,,,,,,ea620561-0bb2-4798-a365-273ce930ccc1,,,OCC,2026-06-18,2026-06-19T08:22:37.590521Z,-0.02,OCC Clearing Fee,executed,caac5f9d-a649-4f8f-9ca6-7fdea24bb99b,USD,,
20260618000000000::739c7c7d-31f3-4997-ab70-ef11efaa4325,FEE,,,,,,,,10eee5e4-4c52-4762-aeb2-0596c7beb5cf,,,OCC,2026-06-18,2026-06-19T08:22:34.191177Z,-0.02,OCC Clearing Fee,executed,bb269f63-6cfc-4596-a616-49c05f7a42b7,USD,,
20260618000000000::6d661f89-dc14-43a1-a231-1c6a081d4774,FEE,,,,,,,,9156c794-a186-40cc-9264-4cecf54502bd,,,OCC,2026-06-18,2026-06-19T08:23:21.961714Z,-0.04,OCC Clearing Fee,executed,81a94af0-cd33-44f2-89ae-60fdedb2c77e,USD,,
20260618000000000::6912ff3e-67c5-47a5-a696-8efc3a29f480,FEE,,,,,,,,e171c36d-1980-4070-9560-b79af9974785,,,OCC,2026-06-18,2026-06-19T08:24:54.984186Z,-0.02,OCC Clearing Fee,executed,5ec46c41-b81e-495b-8c81-1e1d9fc8e790,USD,,
20260618000000000::6804deb1-1b3e-4a70-891b-851ce92a5b11,FEE,,,,,,,,db45ea1f-7872-420c-8c3e-f9f98b0bcf3d,,,OCC,2026-06-18,2026-06-19T08:22:34.191177Z,-0.02,OCC Clearing Fee,executed,120c2c38-968c-4070-b75f-db5605037ea9,USD,,
20260618000000000::6623d3c5-7435-46a1-94c0-7ff2180ade9b,FEE,,,,,,,,c90c5d82-dd43-4ec3-b858-0dab5e951852,,,OCC,2026-06-18,2026-06-19T08:22:34.191177Z,-0.02,OCC Clearing Fee,executed,15b82a50-cabd-45da-ac1b-8f021d3da1d7,USD,,
20260618000000000::6580135e-80de-4c36-bfd3-5e8a51ae4060,FEE,,,,,,,,7d8b97dd-2660-4195-b041-af223b089f4a,,,OCC,2026-06-18,2026-06-19T08:23:19.584237Z,-0.02,OCC Clearing Fee,executed,24824447-2e88-429a-abbc-f68c83df328f,USD,,
20260618000000000::647c272a-ce9b-4d79-a927-97b787741c66,FEE,,,,,,,,e37785aa-d45a-4239-bd5b-a9c57dc55e18,,,OCC,2026-06-18,2026-06-19T08:23:06.230537Z,-0.04,OCC Clearing Fee,executed,60ecbb2b-bf58-41ef-8d21-5509f21cb1b7,USD,,
20260618000000000::5beaa86b-ecd3-46d2-bb83-060d02760c6e,FEE,,,,,,,,dc04055b-6c20-4a21-815d-69fa28803ac6,,,OCC,2026-06-18,2026-06-19T08:23:09.517345Z,-0.04,OCC Clearing Fee,executed,413501ef-c201-41b0-97a7-cb6386a09bd4,USD,,
20260618000000000::57c31a0b-1b70-4b5b-8344-f3c06f9bb1e8,FEE,,,,,,,,334963c9-2837-4e35-bded-1eb03c84f367,,,OCC,2026-06-18,2026-06-19T08:22:30.698564Z,-0.02,OCC Clearing Fee,executed,716a6d04-7484-4bba-a9ea-52c8a358820c,USD,,
20260618000000000::4d2efecb-7db4-480f-a1d4-98c4b7b13d4d,FEE,,,,,,,,749a4489-1c6d-485d-87f7-2a6368d460f8,,,OCC,2026-06-18,2026-06-19T08:23:21.961714Z,-0.02,OCC Clearing Fee,executed,6caad95d-c358-4483-b319-475c6ef6801e,USD,,
20260618000000000::4aedd30e-f372-43e8-81ea-84a49726962c,FEE,,,,,,,,1ee3236e-7dfc-400c-8e9b-43ac9581762f,,,OCC,2026-06-18,2026-06-19T08:22:26.788488Z,-0.02,OCC Clearing Fee,executed,f344ae61-5bf0-40dc-ae4e-b3b6d28ea682,USD,,
20260618000000000::4a747005-b940-4e9e-b09d-5a5456ccecc5,FEE,,,,,,,,b30e2c5d-ee35-4f6c-8175-5bf1bfeadc14,,,OCC,2026-06-18,2026-06-19T08:22:30.698564Z,-0.04,OCC Clearing Fee,executed,6545bf7a-a259-4cd9-8d09-383d763c1b1e,USD,,
20260618000000000::47f13efa-294f-4907-b53e-e64581eee73c,FEE,,,,,,,,a045df28-0296-4c30-ab20-c20cbda489ae,,,OCC,2026-06-18,2026-06-19T08:22:56.471238Z,-0.04,OCC Clearing Fee,executed,095c14de-265a-4428-82bb-9c0c2de63f60,USD,,
20260618000000000::47c7b6eb-9ae1-48cf-9720-83df99c6a796,FEE,,,,,,,,4440e527-1bad-439d-a10f-dc3ebcfe7610,,,OCC,2026-06-18,2026-06-19T08:22:30.698564Z,-0.04,OCC Clearing Fee,executed,2ef8f2e2-e5e6-4277-bd1c-1793c416ea6a,USD,,
20260618000000000::464082c3-e489-4f7e-9e89-3b34f35c7bb6,FEE,,,,,,,,9dcb0ff3-482a-4e02-8c19-8c8eb8004887,,,OCC,2026-06-18,2026-06-19T08:22:30.698564Z,-0.02,OCC Clearing Fee,executed,7e9ec496-30eb-4ccd-8f40-d032e93adafc,USD,,
20260618000000000::456cf9cb-e44e-4491-a59d-628bdacfb452,FEE,,,,,,,,7950ba58-0b57-4d7a-a76f-369249bc5486,,,OCC,2026-06-18,2026-06-19T08:22:34.191177Z,-0.04,OCC Clearing Fee,executed,e2f1614d-e654-4343-9d5b-6ebb665495d0,USD,,
20260618000000000::44192ac6-7114-427b-b506-21e3e42a1bda,FEE,,,,,,,,7e88d986-ad80-4a53-9394-e3bda6c48201,,,OCC,2026-06-18,2026-06-19T08:22:34.191177Z,-0.02,OCC Clearing Fee,executed,00b0039f-80e0-4154-a0ab-9d798a816ecd,USD,,
20260618000000000::4164efb9-8965-4e17-87f0-f35aac69fd8a,FEE,,,,,,,,334963c9-2837-4e35-bded-1eb03c84f367,,,OCC,2026-06-18,2026-06-19T08:22:30.698564Z,-0.02,OCC Clearing Fee,executed,5e9e7148-8d73-4f89-8c80-57cccdfc8eb3,USD,,
20260618000000000::3e00b5a4-9ba4-4614-af14-579e1dee2c12,FEE,,,,,,,,a76d36e9-aa2b-4ac4-9590-d33d93faa0a1,,,OCC,2026-06-18,2026-06-19T08:24:56.741545Z,-0.02,OCC Clearing Fee,executed,761a559f-ea06-42e0-87a2-5afa6fdbff4c,USD,,
20260618000000000::335caf24-99ca-4d11-ba67-8465153658c3,FEE,,,,,,,,e5073196-f126-4695-9267-754bc3109506,,,OCC,2026-06-18,2026-06-19T08:22:26.788488Z,-0.04,OCC Clearing Fee,executed,7b9bad0f-36e1-450f-a7bb-c3d4d8966948,USD,,
20260618000000000::2d67a0c7-5aae-4ba9-b6af-227922bb3684,FEE,,,,,,,,f8a11401-9871-47cf-babe-8d99d87e6123,,,OCC,2026-06-18,2026-06-19T08:24:44.394361Z,-0.04,OCC Clearing Fee,executed,b00bd9e6-d37f-4aa1-aa4b-7eee375de94b,USD,,
20260618000000000::2a0277f1-5d9e-420d-9e73-7cdac6453bb1,FEE,,,,,,,,d825c364-77a7-41d6-b21c-5a949fba3b3b,,,OCC,2026-06-18,2026-06-19T08:23:21.961714Z,-0.02,OCC Clearing Fee,executed,7fc2e4ca-fb90-4d9c-bee7-7f6eaa4c3738,USD,,
20260618000000000::296fcf7e-1b50-476b-b0ed-ce734a1659d8,FEE,,,,,,,,fb8ef3ee-f530-4240-a2d7-5d1c31c47db6,,,OCC,2026-06-18,2026-06-19T08:22:30.698564Z,-0.04,OCC Clearing Fee,executed,32c34d1a-eecc-44e6-9a00-3e85efb1a25a,USD,,
20260618000000000::2646d20b-744f-43f3-a61b-5e55a99ab894,FEE,,,,,,,,46287c70-05f2-4c79-a37c-c9ffc0914de6,,,OCC,2026-06-18,2026-06-19T08:24:44.394361Z,-0.04,OCC Clearing Fee,executed,b6d1c13f-e4ac-44c3-8180-bfe528294e01,USD,,
20260618000000000::254277e1-13d8-454f-b13f-a43f48ed93f3,FEE,,,,,,,,a5e7d346-f79c-4ad1-84fa-9299d6671a80,,,OCC,2026-06-18,2026-06-19T08:23:06.230537Z,-0.02,OCC Clearing Fee,executed,cb3bbed2-f75e-445a-9304-73d6b38663e1,USD,,
20260618000000000::23ebc04d-2577-4819-82e6-b00c7023fbe7,FEE,,,,,,,,a76d36e9-aa2b-4ac4-9590-d33d93faa0a1,,,OCC,2026-06-18,2026-06-19T08:24:56.741545Z,-0.02,OCC Clearing Fee,executed,efa1082b-d9eb-4936-873e-cebcb7cc48c8,USD,,
20260618000000000::229ad009-a96f-4248-b42a-fe2f38ca1558,FEE,,,,,,,,90bd88e3-d9d2-4b71-86d8-cb4a237fba68,,,OCC,2026-06-18,2026-06-19T08:22:30.698564Z,-0.04,OCC Clearing Fee,executed,7ba19698-bffe-4716-9d4b-3dd023ba93f2,USD,,
20260618000000000::16bb7ef6-77fc-4c47-a0cb-ecf686751601,FEE,,,,,,,,e171c36d-1980-4070-9560-b79af9974785,,,OCC,2026-06-18,2026-06-19T08:24:54.984186Z,-0.02,OCC Clearing Fee,executed,c27d4527-708a-4147-b539-e75fada3bdc5,USD,,
20260618000000000::14212c01-47ca-489d-8bb2-a173db2b3a45,FEE,,,,,,,,f2dc849c-3825-4940-a4b8-df8e0fac2202,,,OCC,2026-06-18,2026-06-19T08:25:00.165079Z,-0.06,OCC Clearing Fee,executed,f782ae80-dd22-46ad-8348-5f7dfb4f203c,USD,,
20260618000000000::13824538-3722-475a-8368-f261aa803644,FEE,,,,,,,,4241c6c6-60b0-4dcb-9d15-82453dd1113d,,,OCC,2026-06-18,2026-06-19T08:22:30.698564Z,-0.04,OCC Clearing Fee,executed,1af7660c-acb6-41b3-98ed-331490809d76,USD,,
20260618000000000::0cbd4c5f-0118-4d85-9df6-f7bc494c7973,FEE,,,,,,,,5bddfcf5-03e7-40e0-b511-dd02a081c293,,,OCC,2026-06-18,2026-06-19T08:24:42.69341Z,-0.06,OCC Clearing Fee,executed,f4c97130-eacb-4d1b-8575-fb9eaf92a7db,USD,,
20260618000000000::0636acfa-1543-4a66-9817-8d1ef610bc2c,FEE,,,,,,,,107b1263-2ca6-4d60-98fe-86e902fd791e,,,OCC,2026-06-18,2026-06-19T08:22:26.788488Z,-0.02,OCC Clearing Fee,executed,d9a42481-b315-4b79-9d1c-178ed7d5eb0d,USD,,
20260617154554488::6faba159-7340-481e-8ddc-1078af3c19e9,FILL,2026-06-17T19:45:54.488547Z,fill,2.25,1,sell,NVDA260821C00250000,0,fd33dcbc-5394-43d4-ae0b-0ef789dc3ee1,1,filled,,,,,,,,,,
20260617154551442::065140c3-50be-4628-8b49-41042d927919,FILL,2026-06-17T19:45:51.442344Z,fill,0.72,2,sell,IWM260710C00310000,0,271a3a66-eebd-42bb-9a26-b02e3c1c5a00,2,filled,,,,,,,,,,
20260617152422091::b58b5232-7bdd-4d70-9d2d-f40e705f65b3,FILL,2026-06-17T19:24:22.091974Z,fill,12.2,1,sell,META260717C00600000,0,b1165806-eda3-4405-91ac-2cef98bdf7e3,1,filled,,,,,,,,,,
20260617152409798::f9fb8848-ebe0-4ed5-bbf8-68070cf6092e,FILL,2026-06-17T19:24:09.798351Z,fill,15.52,1,sell,SPY260710C00736000,0,c837df21-129e-492c-9d78-527f4d86ff80,1,filled,,,,,,,,,,
20260617152405845::77dfbec2-6016-4e5c-9d1c-0b8dc7a85467,FILL,2026-06-17T19:24:05.845156Z,fill,3.75,2,sell,SCHW260717C00092500,0,e0a495e6-a182-428f-a41b-4fd1bf746c00,2,filled,,,,,,,,,,
20260617152401217::89676cad-812c-4f2c-80fb-acb6dd394366,FILL,2026-06-17T19:24:01.21725Z,fill,9.89,1,sell,QQQ260710C00745000,0,f24a360b-7dfd-4127-bdb3-674a7fab4395,1,filled,,,,,,,,,,
20260617152400190::2ab89e3a-62ee-4149-be19-f00bbd1da8e2,FILL,2026-06-17T19:24:00.190829Z,fill,2.7,2,sell,BAC260717C00055000,0,9d7a5906-c6a1-4661-b92e-9ba1411e56ac,2,filled,,,,,,,,,,
20260617152359075::39512279-04cd-464e-a53e-f362d654a4f3,FILL,2026-06-17T19:23:59.075428Z,fill,8.25,2,sell,DIA260710C00516000,0,3b290863-cbde-40c7-88d9-bb70c5d2b069,2,filled,,,,,,,,,,
20260617152358072::de9db519-b7ba-4442-8ce4-3cbddb1c7378,FILL,2026-06-17T19:23:58.072638Z,fill,20.35,2,sell,JPM260717C00315000,0,1cd2421a-f642-4eee-b674-460dd52d9b1f,2,filled,,,,,,,,,,
20260617145432494::f53b5400-6923-4118-bc32-32eb3a625931,FILL,2026-06-17T18:54:32.49414Z,fill,7.2,3,buy,PLTR260717C00135000,0,dfdcbd20-356d-49bc-bd25-adf72c5ad0d7,3,filled,,,,,,,,,,
20260617142044996::c16a54e7-35eb-40df-8671-c2007237b252,FILL,2026-06-17T18:20:44.996561Z,fill,6.35,2,sell,TGT260717C00125000,0,88933297-cbad-4065-b26c-270707046b88,2,filled,,,,,,,,,,
20260617135058870::2df3d41f-299a-4fc2-b993-00b86f843970,FILL,2026-06-17T17:50:58.870342Z,fill,7.95,3,buy,JPM260717C00340000,0,5f756328-675b-4577-8bc0-937cf10f83e2,3,filled,,,,,,,,,,
20260617125537772::69ee9848-7d12-4a0e-8305-7d5d9b18a560,FILL,2026-06-17T16:55:37.772469Z,fill,3.25,1,sell,WFC260717C00085000,0,e3bae1a8-6001-4dbb-a2e0-75ff699e8734,1,filled,,,,,,,,,,
20260617103206188::29738ef6-6f96-48fe-9848-6220e1dd2d2a,FILL,2026-06-17T14:32:06.188496Z,fill,2.54,2,buy,NKE260717P00045000,0,20223952-1ce2-4ab4-8487-98f7c68f6e1a,2,filled,,,,,,,,,,
20260617103048036::80065399-b0bf-4e0d-a042-183ca0615448,FILL,2026-06-17T14:30:48.036786Z,fill,12.5,1,buy,ADBE260717P00210000,0,b003cb44-1e38-4357-b322-bb316065f0c0,1,filled,,,,,,,,,,
20260617102945098::418d188d-81eb-44fa-abaf-fbe40f7e2b48,FILL,2026-06-17T14:29:45.098757Z,fill,8.15,3,buy,IONQ260717P00060000,0,2613a52b-b9f4-46df-a08a-59c23542f0a9,3,filled,,,,,,,,,,
20260617102919330::c05eefbd-b644-48c6-841d-3c43a77f30bc,FILL,2026-06-17T14:29:19.330926Z,fill,9.1,2,buy,NVDA260717P00210000,0,49a6c67d-618d-4391-bbdb-84a8733d5bb4,2,filled,,,,,,,,,,
20260617102854476::14225d5f-ccf6-4280-8f8e-391b6c8b2e67,FILL,2026-06-17T14:28:54.476356Z,fill,2.31,1,buy,MO260717P00070000,0,1a2cbcd2-22ef-46b7-9507-6892ddd8da8f,3,filled,,,,,,,,,,
20260617102854355::01142d14-dda1-4766-8830-907d3f31ceba,FILL,2026-06-17T14:28:54.35586Z,partial_fill,2.31,2,buy,MO260717P00070000,1,1a2cbcd2-22ef-46b7-9507-6892ddd8da8f,2,partially_filled,,,,,,,,,,
20260617102829854::7237542d-de4a-4a9b-b532-125cb07c1010,FILL,2026-06-17T14:28:29.85408Z,fill,16.7,1,buy,MSFT260717P00395000,0,7d7d16c5-07d1-4cee-b741-d302aec21774,1,filled,,,,,,,,,,
20260617102718176::30240993-ab71-4164-8179-243c2ee2a204,FILL,2026-06-17T14:27:18.176784Z,fill,3.6,3,buy,COP260717P00110000,0,60d50695-43f2-4732-ab10-704a70c769ba,3,filled,,,,,,,,,,
20260617102654364::4bc3c575-0dfd-4e33-8abd-3d980e8c41dd,FILL,2026-06-17T14:26:54.364481Z,fill,4.25,3,buy,ZM260717P00090000,0,d78a56b5-3e15-4e17-9d59-aae4296ead03,3,filled,,,,,,,,,,
20260617102632219::1b31dcb6-1c06-489e-b9c2-a04ca39c7d2c,FILL,2026-06-17T14:26:32.219981Z,fill,3.6,2,buy,MRK260717P00115000,0,c33bf3e9-e77c-48d5-be55-c723d9a0563f,2,filled,,,,,,,,,,
20260617102520100::f3d44b62-4e1f-477d-bccc-c8cd77e229bb,FILL,2026-06-17T14:25:20.10063Z,fill,1.95,3,buy,KO260717P00080000,0,10932fe9-0160-488b-a53d-37ac97d2f2cc,3,filled,,,,,,,,,,
20260617102433755::c5289ecf-b459-4f53-b58b-ae597f784034,FILL,2026-06-17T14:24:33.755663Z,fill,1.06,3,buy,F260717P00015000,0,f9029544-cb26-43f4-b111-e029f36af14b,3,filled,,,,,,,,,,
20260617102410921::9ceed124-3505-418f-b9f7-b283edd916e3,FILL,2026-06-17T14:24:10.921804Z,fill,5.9,3,buy,CSCO260717P00120000,0,977e283c-1adb-4595-9eac-25a37d3431e5,3,filled,,,,,,,,,,
20260617102347958::4bf6cf61-addd-4bcf-8246-7cc839bf43ab,FILL,2026-06-17T14:23:47.958797Z,fill,16.55,1,buy,SNOW260717P00240000,0,4a0b9b1f-80c3-4cec-820b-2f9ddb13f98b,1,filled,,,,,,,,,,
20260617102303887::209d57d6-ef0e-42b3-8027-53ad302cbea6,FILL,2026-06-17T14:23:03.887973Z,fill,6.95,3,buy,CRM260717P00160000,0,467e8521-9cff-4e63-8652-c7ecdbfbd18c,3,filled,,,,,,,,,,
20260617102158639::d079915b-c4fb-448b-9edd-ed48d3209ccd,FILL,2026-06-17T14:21:58.639865Z,fill,20.8,1,buy,TSLA260717P00405000,0,445aa325-0d64-454e-84ae-82592a085d9e,1,filled,,,,,,,,,,
20260617102115936::ef269552-7f43-47ba-8c38-9ccc01de4bf6,FILL,2026-06-17T14:21:15.936699Z,fill,1.7,3,buy,XLE260717P00055000,0,81cb615b-0ccd-4ed0-be8a-ea2135adff6b,3,filled,,,,,,,,,,
20260617101951123::816927a7-267e-4013-9ded-c54b38c164d0,FILL,2026-06-17T14:19:51.123643Z,fill,5.75,3,buy,CVX260717P00180000,0,1d0f7d86-fa0f-497c-9ad4-7eec5a3607ab,3,filled,,,,,,,,,,
20260617101930051::1ffe90cd-8c5e-4565-8555-63562087a118,FILL,2026-06-17T14:19:30.051922Z,fill,6.5,1,buy,TLT260717C00080000,0,a08dea4b-a9c3-476b-9d0f-bfb829d89ebd,1,filled,,,,,,,,,,
20260617101909331::f754c70e-7dcd-4ddd-82d0-9bce21490fdc,FILL,2026-06-17T14:19:09.331971Z,fill,15.7,1,buy,GE260717C00360000,0,141f8a7d-4993-4f4b-afd5-e49ed6577f28,1,filled,,,,,,,,,,
20260617101848927::28dfb939-ea1e-4126-b3aa-ba0d5b74c95f,FILL,2026-06-17T14:18:48.927853Z,fill,18.9,1,buy,AVGO260717C00400000,0,4138be00-f2e4-4edc-8754-cb275621e6a5,1,filled,,,,,,,,,,
20260617101829281::7a06f6ff-4c4d-466e-988f-c58153579bc6,FILL,2026-06-17T14:18:29.281285Z,fill,10.55,2,buy,PLTR260717C00130000,0,a5567190-6577-4ea1-ab0b-83e30125e10f,2,filled,,,,,,,,,,
20260617093436228::376ef365-1e35-4afd-9994-93135c87cb0b,FILL,2026-06-17T13:34:36.228747Z,fill,9,1,sell,SNOW260717C00250000,0,a9df439c-89c2-46b4-98bc-49c510f4fcff,1,filled,,,,,,,,,,
20260617093426813::affb9a0b-d484-4242-a5bd-155f54cc4894,FILL,2026-06-17T13:34:26.813144Z,fill,6.8,2,sell,NET260717C00250000,0,40ba2bf0-c2ff-4e0e-8715-454aa4372406,2,filled,,,,,,,,,,
20260617000000000::fbe6d75e-0d1d-4e75-837a-bfba18529e9b,FEE,,,,,,,,c837df21-129e-492c-9d78-527f4d86ff80,,,OCC,2026-06-17,2026-06-18T08:25:10.08623Z,-0.02,OCC Clearing Fee,executed,f9fb8848-ebe0-4ed5-bbf8-68070cf6092e,USD,,
20260617000000000::ec264d80-f315-4f5e-8c99-0c0e5687ce66,FEE,,,,,,,,a9df439c-89c2-46b4-98bc-49c510f4fcff,,,OCC,2026-06-17,2026-06-18T08:24:02.911457Z,-0.02,OCC Clearing Fee,executed,376ef365-1e35-4afd-9994-93135c87cb0b,USD,,
20260617000000000::e5b893dc-92d0-44e2-b576-6200ea5656a7,FEE,,,,,,,,141f8a7d-4993-4f4b-afd5-e49ed6577f28,,,OCC,2026-06-17,2026-06-18T08:23:37.881316Z,-0.02,OCC Clearing Fee,executed,f754c70e-7dcd-4ddd-82d0-9bce21490fdc,USD,,
20260617000000000::e4e47cbc-ec72-485a-ad31-532706fd4711,FEE,,,,,,,,,,,ORF,2026-06-17,2026-06-18T08:23:29.670778Z,-1.91,ORF fee for proceed of 71 contracts on 2026-06-17 by PA3NJU1Y90R3,executed,,USD,,
20260617000000000::e4d73cd9-b834-4c61-b963-0a7826d30f3f,FEE,,,,,,,,5f756328-675b-4577-8bc0-937cf10f83e2,,,OCC,2026-06-17,2026-06-18T08:24:21.981942Z,-0.06,OCC Clearing Fee,executed,2df3d41f-299a-4fc2-b993-00b86f843970,USD,,
20260617000000000::d60e4247-6a4d-4945-bc54-541b31bbd516,FEE,,,,,,,,dfdcbd20-356d-49bc-bd25-adf72c5ad0d7,,,OCC,2026-06-17,2026-06-18T08:25:02.091138Z,-0.06,OCC Clearing Fee,executed,f53b5400-6923-4118-bc32-32eb3a625931,USD,,
20260617000000000::d0c84d40-0b29-459a-9446-3ade898b0dff,FEE,,,,,,,,a5567190-6577-4ea1-ab0b-83e30125e10f,,,OCC,2026-06-17,2026-06-18T08:23:33.886999Z,-0.04,OCC Clearing Fee,executed,7a06f6ff-4c4d-466e-988f-c58153579bc6,USD,,
20260617000000000::c9b09682-3d04-407b-ac4a-cf3354d5df13,FEE,,,,,,,,4138be00-f2e4-4edc-8754-cb275621e6a5,,,OCC,2026-06-17,2026-06-18T08:23:33.886999Z,-0.02,OCC Clearing Fee,executed,28dfb939-ea1e-4126-b3aa-ba0d5b74c95f,USD,,
20260617000000000::c5d19ae2-c534-4cf4-a4cb-ef2b3288587b,FEE,,,,,,,,271a3a66-eebd-42bb-9a26-b02e3c1c5a00,,,OCC,2026-06-17,2026-06-18T08:25:14.032616Z,-0.04,OCC Clearing Fee,executed,065140c3-50be-4628-8b49-41042d927919,USD,,
20260617000000000::c5777475-f5aa-44f9-b57c-ed61aad49249,FEE,,,,,,,,467e8521-9cff-4e63-8652-c7ecdbfbd18c,,,OCC,2026-06-17,2026-06-18T08:23:42.259536Z,-0.06,OCC Clearing Fee,executed,209d57d6-ef0e-42b3-8027-53ad302cbea6,USD,,
20260617000000000::c28163ab-4059-4226-a3c2-5b907cd3804e,FEE,,,,,,,,1a2cbcd2-22ef-46b7-9507-6892ddd8da8f,,,OCC,2026-06-17,2026-06-18T08:24:14.161862Z,-0.02,OCC Clearing Fee,executed,14225d5f-ccf6-4280-8f8e-391b6c8b2e67,USD,,
20260617000000000::be029baf-18c9-4ad2-8e4c-fce264caf08a,FEE,,,,,,,,1cd2421a-f642-4eee-b674-460dd52d9b1f,,,OCC,2026-06-17,2026-06-18T08:25:10.08623Z,-0.04,OCC Clearing Fee,executed,de9db519-b7ba-4442-8ce4-3cbddb1c7378,USD,,
20260617000000000::b773bed9-70bb-4afb-b04b-b4059f5b28f0,FEE,,,,,,,,e3bae1a8-6001-4dbb-a2e0-75ff699e8734,,,OCC,2026-06-17,2026-06-18T08:24:58.019843Z,-0.02,OCC Clearing Fee,executed,69ee9848-7d12-4a0e-8305-7d5d9b18a560,USD,,
20260617000000000::b3f507e9-1db8-4348-bcdc-23e54f739633,FEE,,,,,,,,2613a52b-b9f4-46df-a08a-59c23542f0a9,,,OCC,2026-06-17,2026-06-18T08:23:58.614466Z,-0.06,OCC Clearing Fee,executed,418d188d-81eb-44fa-abaf-fbe40f7e2b48,USD,,
20260617000000000::af43e93c-cef4-4f8a-9ec4-a320216374bd,FEE,,,,,,,,20223952-1ce2-4ab4-8487-98f7c68f6e1a,,,OCC,2026-06-17,2026-06-18T08:22:41.98749Z,-0.04,OCC Clearing Fee,executed,29738ef6-6f96-48fe-9848-6220e1dd2d2a,USD,,
20260617000000000::aa880a24-ce38-46f5-81c1-2214670da077,FEE,,,,,,,,b1165806-eda3-4405-91ac-2cef98bdf7e3,,,OCC,2026-06-17,2026-06-18T08:25:10.08623Z,-0.02,OCC Clearing Fee,executed,b58b5232-7bdd-4d70-9d2d-f40e705f65b3,USD,,
20260617000000000::a50cfd61-b2c1-4d89-b436-243b32c6db30,FEE,,,,,,,,1d0f7d86-fa0f-497c-9ad4-7eec5a3607ab,,,OCC,2026-06-17,2026-06-18T08:23:33.886999Z,-0.06,OCC Clearing Fee,executed,816927a7-267e-4013-9ded-c54b38c164d0,USD,,
20260617000000000::9e9953ca-6ae1-4a00-97ae-07e24f5aee97,FEE,,,,,,,,e0a495e6-a182-428f-a41b-4fd1bf746c00,,,OCC,2026-06-17,2026-06-18T08:25:10.08623Z,-0.04,OCC Clearing Fee,executed,77dfbec2-6016-4e5c-9d1c-0b8dc7a85467,USD,,
20260617000000000::97e9f183-5212-4c6e-8143-186557ae791f,FEE,,,,,,,,10932fe9-0160-488b-a53d-37ac97d2f2cc,,,OCC,2026-06-17,2026-06-18T08:23:46.279819Z,-0.06,OCC Clearing Fee,executed,f3d44b62-4e1f-477d-bccc-c8cd77e229bb,USD,,
20260617000000000::911d213c-2be5-4d66-810d-1459471c09ec,FEE,,,,,,,,88933297-cbad-4065-b26c-270707046b88,,,OCC,2026-06-17,2026-06-18T08:23:20.661251Z,-0.04,OCC Clearing Fee,executed,c16a54e7-35eb-40df-8671-c2007237b252,USD,,
20260617000000000::8897c395-7373-400a-80cd-ba7d5de1f95e,FEE,,,,,,,,4a0b9b1f-80c3-4cec-820b-2f9ddb13f98b,,,OCC,2026-06-17,2026-06-18T08:23:42.259536Z,-0.02,OCC Clearing Fee,executed,4bf6cf61-addd-4bcf-8246-7cc839bf43ab,USD,,
20260617000000000::83eb02a3-a73a-4142-9c45-033d484cb65d,FEE,,,,,,,,40ba2bf0-c2ff-4e0e-8715-454aa4372406,,,OCC,2026-06-17,2026-06-18T08:24:07.558095Z,-0.04,OCC Clearing Fee,executed,affb9a0b-d484-4242-a5bd-155f54cc4894,USD,,
20260617000000000::79bf9110-d0c9-459b-949a-6d3ca9926abc,FEE,,,,,,,,b003cb44-1e38-4357-b322-bb316065f0c0,,,OCC,2026-06-17,2026-06-18T08:24:02.911457Z,-0.02,OCC Clearing Fee,executed,80065399-b0bf-4e0d-a042-183ca0615448,USD,,
20260617000000000::776e1d48-0fa9-4427-a98d-4025fd150d55,FEE,,,,,,,,f24a360b-7dfd-4127-bdb3-674a7fab4395,,,OCC,2026-06-17,2026-06-18T08:25:10.08623Z,-0.02,OCC Clearing Fee,executed,89676cad-812c-4f2c-80fb-acb6dd394366,USD,,
20260617000000000::7689e352-623a-48c1-b735-ac68e950d7a5,FEE,,,,,,,,7d7d16c5-07d1-4cee-b741-d302aec21774,,,OCC,2026-06-17,2026-06-18T08:23:54.520923Z,-0.02,OCC Clearing Fee,executed,7237542d-de4a-4a9b-b532-125cb07c1010,USD,,
20260617000000000::60ac0739-bf6e-4439-87ee-308f8d139b72,FEE,,,,,,,,a08dea4b-a9c3-476b-9d0f-bfb829d89ebd,,,OCC,2026-06-17,2026-06-18T08:24:11.628517Z,-0.02,OCC Clearing Fee,executed,1ffe90cd-8c5e-4565-8555-63562087a118,USD,,
20260617000000000::603c00cc-5ab6-40d5-9bb9-693a983d97fd,FEE,,,,,,,,977e283c-1adb-4595-9eac-25a37d3431e5,,,OCC,2026-06-17,2026-06-18T08:23:42.259536Z,-0.06,OCC Clearing Fee,executed,9ceed124-3505-418f-b9f7-b283edd916e3,USD,,
20260617000000000::593b25da-a9fe-4042-8220-3199377298ea,FEE,,,,,,,,81cb615b-0ccd-4ed0-be8a-ea2135adff6b,,,OCC,2026-06-17,2026-06-18T08:23:42.259536Z,-0.06,OCC Clearing Fee,executed,ef269552-7f43-47ba-8c38-9ccc01de4bf6,USD,,
20260617000000000::5784ed3f-1311-42ea-8ad5-3c2fcbcb2c44,FEE,,,,,,,,60d50695-43f2-4732-ab10-704a70c769ba,,,OCC,2026-06-17,2026-06-18T08:23:54.520923Z,-0.06,OCC Clearing Fee,executed,30240993-ab71-4164-8179-243c2ee2a204,USD,,
20260617000000000::51a1cb33-7190-4e0e-ae14-a02ded0cb9b5,FEE,,,,,,,,9d7a5906-c6a1-4661-b92e-9ba1411e56ac,,,OCC,2026-06-17,2026-06-18T08:25:10.08623Z,-0.04,OCC Clearing Fee,executed,2ab89e3a-62ee-4149-be19-f00bbd1da8e2,USD,,
20260617000000000::4269694c-0037-4603-b4f6-4523ef88ccd4,FEE,,,,,,,,,,,TAF,2026-06-17,2026-06-18T08:23:33.886999Z,-0.06,OPT TAF fee for proceed of 20 contracts (13 trades) on 2026-06-17 by PA3NJU1Y90R3,executed,,USD,,
20260617000000000::4249ff50-00bc-4173-863f-f6b5c0992e6b,FEE,,,,,,,,445aa325-0d64-454e-84ae-82592a085d9e,,,OCC,2026-06-17,2026-06-18T08:23:37.881316Z,-0.02,OCC Clearing Fee,executed,d079915b-c4fb-448b-9edd-ed48d3209ccd,USD,,
20260617000000000::286acdc7-c80f-4fb3-b633-b1c43d72be17,FEE,,,,,,,,c33bf3e9-e77c-48d5-be55-c723d9a0563f,,,OCC,2026-06-17,2026-06-18T08:23:54.520923Z,-0.04,OCC Clearing Fee,executed,1b31dcb6-1c06-489e-b9c2-a04ca39c7d2c,USD,,
20260617000000000::2690a876-c22d-4329-adfc-cc5ad4b97763,FEE,,,,,,,,fd33dcbc-5394-43d4-ae0b-0ef789dc3ee1,,,OCC,2026-06-17,2026-06-18T08:25:14.032616Z,-0.02,OCC Clearing Fee,executed,6faba159-7340-481e-8ddc-1078af3c19e9,USD,,
20260617000000000::20004916-1b34-4112-9405-8be365243a72,FEE,,,,,,,,f9029544-cb26-43f4-b111-e029f36af14b,,,OCC,2026-06-17,2026-06-18T08:23:46.279819Z,-0.06,OCC Clearing Fee,executed,c5289ecf-b459-4f53-b58b-ae597f784034,USD,,
20260617000000000::1b175b2a-8ef5-4a0c-b372-f3bebbbe3aba,FEE,,,,,,,,49a6c67d-618d-4391-bbdb-84a8733d5bb4,,,OCC,2026-06-17,2026-06-18T08:23:58.614466Z,-0.04,OCC Clearing Fee,executed,c05eefbd-b644-48c6-841d-3c43a77f30bc,USD,,
20260617000000000::19c17390-2e65-42e0-b940-9c843d8c1249,FEE,,,,,,,,d78a56b5-3e15-4e17-9d59-aae4296ead03,,,OCC,2026-06-17,2026-06-18T08:24:14.161862Z,-0.06,OCC Clearing Fee,executed,4bc3c575-0dfd-4e33-8abd-3d980e8c41dd,USD,,
20260617000000000::196b18b4-4b1c-485f-836f-e4bac4ad92eb,FEE,,,,,,,,3b290863-cbde-40c7-88d9-bb70c5d2b069,,,OCC,2026-06-17,2026-06-18T08:25:10.08623Z,-0.04,OCC Clearing Fee,executed,39512279-04cd-464e-a53e-f362d654a4f3,USD,,
20260617000000000::028a153f-7282-4453-838e-ac3c81ed044b,FEE,,,,,,,,,,,CAT,2026-06-17,2026-06-18T08:25:28.968223Z,-0.03,CAT fee for proceed of 37 trades on 2026-06-17 by PA3NJU1Y90R3,executed,,USD,,
20260617000000000::013655fb-e46f-432f-9d17-c11327a81ff2,FEE,,,,,,,,1a2cbcd2-22ef-46b7-9507-6892ddd8da8f,,,OCC,2026-06-17,2026-06-18T08:24:14.161862Z,-0.04,OCC Clearing Fee,executed,01142d14-dda1-4766-8830-907d3f31ceba,USD,,
20260616130204536::d32088c7-4436-44f4-a94c-0440e6597157,FILL,2026-06-16T17:02:04.536469Z,fill,1.86,1,sell,NEE260717C00087500,0,a49dc1c7-5d80-4d8c-a1b9-4d8e2db32638,1,filled,,,,,,,,,,
20260616115812077::28f28f43-fe57-40f8-936f-1c1fbc662acf,FILL,2026-06-16T15:58:12.077849Z,fill,2.6,2,buy,TLT260717C00084000,0,5c563090-5399-44f1-98a6-b887e6a253c5,2,filled,,,,,,,,,,
20260616111326624::11ccd50e-2fa3-4b4e-84c7-a47ed6bbdc5b,FILL,2026-06-16T15:13:26.624248Z,fill,5.1,1,sell,PEP260717C00145000,0,e2095e66-eecc-4b76-871e-6441a453c8f9,1,filled,,,,,,,,,,
20260616110036247::eb81c838-f3c6-44d7-870c-afa9b51bf60b,FILL,2026-06-16T15:00:36.24798Z,fill,4.2,2,buy,ESTC260717P00060000,0,a671234f-7d9a-4371-8139-ea2c042a330e,2,filled,,,,,,,,,,
20260616105919292::06eb9770-5b64-4d5f-b0e6-b0ff6eacf897,FILL,2026-06-16T14:59:19.292663Z,fill,0.8,1,sell,WBD260717C00027000,0,b7f7277e-737a-4f6d-a140-834101450d3c,1,filled,,,,,,,,,,
20260616103837087::8dc5ba2a-afe8-47e0-85c5-6ea601f5f10a,FILL,2026-06-16T14:38:37.087468Z,fill,23.9,1,buy,SMH260710C00662500,0,c39c6af0-5a47-4780-841e-fad7d2491a77,1,filled,,,,,,,,,,
20260616103818657::c51e0c19-54c5-43bc-a749-f9cd12c0edd9,FILL,2026-06-16T14:38:18.657944Z,fill,4.3,3,buy,XLF260717C00050000,0,2a8e187d-8fc0-4b1d-9034-b0ef435a871f,3,filled,,,,,,,,,,
20260616103759827::46dad05f-4f27-46bb-9995-e327ca4c0fd9,FILL,2026-06-16T14:37:59.827783Z,fill,21.25,1,buy,META260717C00600000,0,17a5b1d2-4c01-44f3-9b06-c99a5efb9949,1,filled,,,,,,,,,,
20260616103609343::066c7061-81b6-4594-91f1-217620b3f026,FILL,2026-06-16T14:36:09.34384Z,fill,2,2,sell,ESTC260717C00065000,0,a9e8d3fa-7c9a-43a4-af85-3fb132b457ea,2,filled,,,,,,,,,,
20260616103542342::2ab3a465-8a50-4db6-9d90-8e29792c0c34,FILL,2026-06-16T14:35:42.342677Z,fill,13.5,1,sell,META260717C00620000,0,f449c9d5-3ab8-4c0f-8020-0b4c7b2c0b04,1,filled,,,,,,,,,,
20260616103537136::9dd1cdc2-3e2d-4d63-b174-db4769a5b2e5,FILL,2026-06-16T14:35:37.136947Z,fill,35.7,1,sell,SMH260717C00640000,0,b1421f07-55b2-411c-ac81-c2f282e83531,1,filled,,,,,,,,,,
20260616095631435::1ae08c93-7ec7-4445-92c7-28d6a5b4b92d,FILL,2026-06-16T13:56:31.43529Z,fill,5.7,2,buy,JNJ260717P00230000,0,8a11e0d8-c41f-4512-b3f3-a56952eabdc8,2,filled,,,,,,,,,,
20260616095613537::75c26c6a-12ea-4808-806d-15823b428447,FILL,2026-06-16T13:56:13.537235Z,fill,15.5,1,buy,SNOW260717C00250000,0,1925ad55-ba7f-4a89-ae3b-da021553014a,1,filled,,,,,,,,,,
20260616095554631::d72096c7-ef25-4d9f-836b-1aca5b26db4f,FILL,2026-06-16T13:55:54.631128Z,fill,2.2,2,buy,NKE260717C00047500,0,89262d4c-de92-4e6b-9e86-580270f2b463,2,filled,,,,,,,,,,
20260616095535239::c5b1a956-98b5-4965-89b0-dc9cf7a4111a,FILL,2026-06-16T13:55:35.239805Z,fill,12.25,1,buy,INTC260717C00130000,0,2b75392c-ce3f-4d20-adc5-0196a5b1b165,1,filled,,,,,,,,,,
20260616095251114::393fb58b-6fb6-4f79-8a2f-1caaf91352de,FILL,2026-06-16T13:52:51.114791Z,fill,0.51,1,sell,PFE260717C00026000,0,fdb3443f-a052-4340-b15c-9b825727c785,1,filled,,,,,,,,,,
20260616093118313::1bd60bf6-bba9-412a-abc0-dfee083558c7,FILL,2026-06-16T13:31:18.313399Z,fill,15.35,1,sell,INTC260717C00120000,0,89392e3c-9cab-4351-9029-8f1d2cfe9532,3,filled,,,,,,,,,,
20260616093118197::83c4aea6-d931-45c7-ab67-2fb15004d4c8,FILL,2026-06-16T13:31:18.197296Z,partial_fill,15.35,2,sell,INTC260717C00120000,1,89392e3c-9cab-4351-9029-8f1d2cfe9532,2,partially_filled,,,,,,,,,,
20260616000000000::ec9ec010-a5be-43d8-992d-305016cb68dd,FEE,,,,,,,,b1421f07-55b2-411c-ac81-c2f282e83531,,,OCC,2026-06-16,2026-06-17T08:23:07.394481Z,-0.02,OCC Clearing Fee,executed,9dd1cdc2-3e2d-4d63-b174-db4769a5b2e5,USD,,
20260616000000000::ea8fa063-e153-408a-b5d3-c988fbf11c6d,FEE,,,,,,,,c39c6af0-5a47-4780-841e-fad7d2491a77,,,OCC,2026-06-16,2026-06-17T08:23:15.549857Z,-0.02,OCC Clearing Fee,executed,8dc5ba2a-afe8-47e0-85c5-6ea601f5f10a,USD,,
20260616000000000::e5d41a78-0ca5-4f16-a0b1-7fc3ff5ba392,FEE,,,,,,,,fdb3443f-a052-4340-b15c-9b825727c785,,,OCC,2026-06-16,2026-06-17T08:23:15.549857Z,-0.02,OCC Clearing Fee,executed,393fb58b-6fb6-4f79-8a2f-1caaf91352de,USD,,
20260616000000000::e4889e64-1cd4-4555-ac23-1aeeae062210,FEE,,,,,,,,2a8e187d-8fc0-4b1d-9034-b0ef435a871f,,,OCC,2026-06-16,2026-06-17T08:23:15.549857Z,-0.06,OCC Clearing Fee,executed,c51e0c19-54c5-43bc-a749-f9cd12c0edd9,USD,,
20260616000000000::dc68dbce-570f-4760-9f01-f98671276ec4,FEE,,,,,,,,,,,TAF,2026-06-16,2026-06-17T08:23:23.141136Z,-0.04,OPT TAF fee for proceed of 11 contracts (9 trades) on 2026-06-16 by PA3NJU1Y90R3,executed,,USD,,
20260616000000000::d4c4bb3c-40ea-4100-b95d-2636160c5163,FEE,,,,,,,,5c563090-5399-44f1-98a6-b887e6a253c5,,,OCC,2026-06-16,2026-06-17T08:24:04.117571Z,-0.04,OCC Clearing Fee,executed,28f28f43-fe57-40f8-936f-1c1fbc662acf,USD,,
20260616000000000::cc201fc4-a78f-4942-9c5d-ee8402282b04,FEE,,,,,,,,a49dc1c7-5d80-4d8c-a1b9-4d8e2db32638,,,OCC,2026-06-16,2026-06-17T08:24:19.01184Z,-0.02,OCC Clearing Fee,executed,d32088c7-4436-44f4-a94c-0440e6597157,USD,,
20260616000000000::b8f37357-4f43-499f-b4bc-9c9425454494,FEE,,,,,,,,2b75392c-ce3f-4d20-adc5-0196a5b1b165,,,OCC,2026-06-16,2026-06-17T08:23:19.303371Z,-0.02,OCC Clearing Fee,executed,c5b1a956-98b5-4965-89b0-dc9cf7a4111a,USD,,
20260616000000000::a0a32bbb-0225-4267-b84b-df701e2faf91,FEE,,,,,,,,1925ad55-ba7f-4a89-ae3b-da021553014a,,,OCC,2026-06-16,2026-06-17T08:23:19.303371Z,-0.02,OCC Clearing Fee,executed,75c26c6a-12ea-4808-806d-15823b428447,USD,,
20260616000000000::8f3043e4-ab6f-4400-afa7-f39614da23f4,FEE,,,,,,,,,,,CAT,2026-06-16,2026-06-17T08:24:40.997084Z,-0.01,CAT fee for proceed of 18 trades on 2026-06-16 by PA3NJU1Y90R3,executed,,USD,,
20260616000000000::8a491fa1-2547-4a27-b5a9-3b6597456904,FEE,,,,,,,,a9e8d3fa-7c9a-43a4-af85-3fb132b457ea,,,OCC,2026-06-16,2026-06-17T08:23:15.549857Z,-0.04,OCC Clearing Fee,executed,066c7061-81b6-4594-91f1-217620b3f026,USD,,
20260616000000000::88911c5b-26c6-4e9c-bddf-127f2baf03ef,FEE,,,,,,,,89392e3c-9cab-4351-9029-8f1d2cfe9532,,,OCC,2026-06-16,2026-06-17T08:22:22.506543Z,-0.04,OCC Clearing Fee,executed,83c4aea6-d931-45c7-ab67-2fb15004d4c8,USD,,
20260616000000000::69e0069f-9664-4d13-b902-d8b1e48b1079,FEE,,,,,,,,89262d4c-de92-4e6b-9e86-580270f2b463,,,OCC,2026-06-16,2026-06-17T08:23:23.141136Z,-0.04,OCC Clearing Fee,executed,d72096c7-ef25-4d9f-836b-1aca5b26db4f,USD,,
20260616000000000::6953f1f4-80f7-42af-a128-7910e1d57c03,FEE,,,,,,,,e2095e66-eecc-4b76-871e-6441a453c8f9,,,OCC,2026-06-16,2026-06-17T08:23:47.709646Z,-0.02,OCC Clearing Fee,executed,11ccd50e-2fa3-4b4e-84c7-a47ed6bbdc5b,USD,,
20260616000000000::6938483f-5af8-43bc-9e7f-f4dc69fd0d9d,FEE,,,,,,,,17a5b1d2-4c01-44f3-9b06-c99a5efb9949,,,OCC,2026-06-16,2026-06-17T08:23:11.641637Z,-0.02,OCC Clearing Fee,executed,46dad05f-4f27-46bb-9995-e327ca4c0fd9,USD,,
20260616000000000::55241626-82e5-4e54-8331-872639a31d20,FEE,,,,,,,,f449c9d5-3ab8-4c0f-8020-0b4c7b2c0b04,,,OCC,2026-06-16,2026-06-17T08:23:07.394481Z,-0.02,OCC Clearing Fee,executed,2ab3a465-8a50-4db6-9d90-8e29792c0c34,USD,,
20260616000000000::4fe42461-903b-404b-8c73-a61d8c3f6927,FEE,,,,,,,,a671234f-7d9a-4371-8139-ea2c042a330e,,,OCC,2026-06-16,2026-06-17T08:23:45.506751Z,-0.04,OCC Clearing Fee,executed,eb81c838-f3c6-44d7-870c-afa9b51bf60b,USD,,
20260616000000000::45c825d7-1948-4df2-ae86-0989e1bba056,FEE,,,,,,,,89392e3c-9cab-4351-9029-8f1d2cfe9532,,,OCC,2026-06-16,2026-06-17T08:22:22.506543Z,-0.02,OCC Clearing Fee,executed,1bd60bf6-bba9-412a-abc0-dfee083558c7,USD,,
20260616000000000::37f76302-0ba2-4231-899a-a9f04a31bcdc,FEE,,,,,,,,8a11e0d8-c41f-4512-b3f3-a56952eabdc8,,,OCC,2026-06-16,2026-06-17T08:23:19.303371Z,-0.04,OCC Clearing Fee,executed,1ae08c93-7ec7-4445-92c7-28d6a5b4b92d,USD,,
20260616000000000::3575e5bc-4a2b-4fa9-9c29-16b4a3471a06,FEE,,,,,,,,,,,ORF,2026-06-16,2026-06-17T08:23:23.141136Z,-0.7,ORF fee for proceed of 26 contracts on 2026-06-16 by PA3NJU1Y90R3,executed,,USD,,
20260616000000000::10d13bc6-bc30-420b-86fc-cc5cb07370dd,FEE,,,,,,,,b7f7277e-737a-4f6d-a140-834101450d3c,,,OCC,2026-06-16,2026-06-17T08:22:33.239306Z,-0.02,OCC Clearing Fee,executed,06eb9770-5b64-4d5f-b0e6-b0ff6eacf897,USD,,
20260615141458544::e7b6b443-1f99-4c77-bba7-8a56eaecbc4d,FILL,2026-06-15T18:14:58.544112Z,fill,0.81,1,sell,XLF260717C00054000,0,8f51896f-b60d-46df-8343-5c9861c938d1,1,filled,,,,,,,,,,
20260615120700453::2309ff41-32ca-4e59-a14a-48c7442e28d5,FILL,2026-06-15T16:07:00.453051Z,fill,3.8,2,buy,ESTC260717C00065000,0,a76f9af5-80e4-420e-bb93-02430088729b,2,filled,,,,,,,,,,
20260615115833064::e0adb059-de0d-4127-a09e-4d380d9539ae,FILL,2026-06-15T15:58:33.064373Z,fill,22.1,1,buy,LLY260717P01080000,0,c137e6f1-2e95-4782-ae27-d189bb4ea380,1,filled,,,,,,,,,,
20260615115813795::88bf3373-eb5b-4345-a4fa-fc6f5b532021,FILL,2026-06-15T15:58:13.795492Z,fill,5.1,2,buy,SAP260717P00160000,0,ae57606d-e72b-4eca-aca8-4eb9952a0d15,2,filled,,,,,,,,,,
20260615115754708::64c889ae-9d8b-4f1d-ab15-43705c9e7547,FILL,2026-06-15T15:57:54.70804Z,fill,2.35,2,buy,UBER260717C00075000,0,695169b5-4c29-44e9-a3a1-5add83b07e95,2,filled,,,,,,,,,,
20260615115735982::471a62a2-3f48-4f3f-86ee-2d908eb0a8f9,FILL,2026-06-15T15:57:35.982703Z,fill,5.5,2,buy,ADBE260717P00200000,0,b8df72d7-a1a2-4ce3-b4c2-9be528465141,2,filled,,,,,,,,,,
20260615115717623::fc048843-c519-48bb-80c7-57077b487ea9,FILL,2026-06-15T15:57:17.623863Z,fill,15.15,1,buy,TXN260717C00320000,0,f94ea609-7e56-4528-994a-ca346a2b3d50,1,filled,,,,,,,,,,
20260615115659607::78871a4b-1620-4c24-89cd-ab3191f6d828,FILL,2026-06-15T15:56:59.607753Z,fill,8.6,2,buy,IBM260717P00260000,0,87345def-f805-4f86-9190-e25ec7e35d79,2,filled,,,,,,,,,,
20260615115641912::3655749a-b958-44a3-a96c-793d1f8cc3dd,FILL,2026-06-15T15:56:41.912722Z,fill,10.35,1,buy,ORCL260717P00190000,0,400d89a2-425e-4dc1-b53f-86d70d2cf5d0,1,filled,,,,,,,,,,
20260615115624037::fc7850ca-59f9-4008-b25b-d045d85263ec,FILL,2026-06-15T15:56:24.037379Z,fill,14.65,1,buy,COIN260710C00170000,0,87f32caa-29a6-41d4-8e80-414a9b1a2347,1,filled,,,,,,,,,,
20260615115607011::b9a6f008-3804-4467-a318-b48a4c5dfeb8,FILL,2026-06-15T15:56:07.01158Z,fill,11.45,2,buy,NET260717C00250000,0,7c9c7d9c-6839-4abd-8ff0-bc1555e412ee,2,filled,,,,,,,,,,
20260615115128414::7d7ca22e-a81b-4f30-9159-ab5e26e36ea4,FILL,2026-06-15T15:51:28.414559Z,fill,15.1,1,sell,ORCL260717P00200000,0,27c65141-f591-4c3f-9530-db003645e049,1,filled,,,,,,,,,,
20260615112248707::48074470-c2bd-41d3-9b07-a7ce12350c31,FILL,2026-06-15T15:22:48.707374Z,fill,1.81,1,buy,NEE260717C00087500,0,6c063403-caa7-41c3-9a9a-a89a070f2a59,1,filled,,,,,,,,,,
20260615110257652::2affb8b3-5045-437f-bf12-9d99b399dd05,FILL,2026-06-15T15:02:57.652837Z,fill,127.6,1,sell,AMD260717C00430000,0,67d42cae-bf31-4736-873e-385acd1dcb5f,1,filled,,,,,,,,,,
20260615110254182::1af4bad6-1f23-4716-b560-c8537474c559,FILL,2026-06-15T15:02:54.182944Z,fill,1133.16,1,sell,LLY,0,568d23a3-c183-476c-88ed-37b0335e6218,4,filled,,,,,,,,,,
20260615110253244::9f276078-e9c8-4e7a-9a1d-19e203dcdf95,FILL,2026-06-15T15:02:53.244939Z,partial_fill,1133.16,1,sell,LLY,1,568d23a3-c183-476c-88ed-37b0335e6218,3,partially_filled,,,,,,,,,,
20260615110252851::7e571cf4-3e83-4bfa-aa11-1e35e6f4e632,FILL,2026-06-15T15:02:52.851628Z,partial_fill,1133.16,2,sell,LLY,2,568d23a3-c183-476c-88ed-37b0335e6218,2,partially_filled,,,,,,,,,,
20260615110114411::33fdbd1a-5522-4c6a-9c0f-5f8aa4c35f52,FILL,2026-06-15T15:01:14.411869Z,fill,11.2,2,buy,CVX260717P00190000,0,8a7b5227-3073-496a-958c-3939f816357e,2,filled,,,,,,,,,,
20260615110058538::e8fd8eb8-b81a-41ec-810a-f94883e2d0a9,FILL,2026-06-15T15:00:58.538977Z,fill,1.37,1,buy,WBD260717C00027000,0,ad4e2e1b-cad3-4a72-89bd-215b8611829c,1,filled,,,,,,,,,,
20260615110042390::c94403fc-7f5c-4748-b029-b3dd82ef9ad6,FILL,2026-06-15T15:00:42.390206Z,fill,2.46,2,buy,XLE260717P00057000,0,4973fb05-9509-4105-804e-e238d43b8d3f,2,filled,,,,,,,,,,
20260615110024402::07cae5e4-8863-4f40-88af-1d569bc7986e,FILL,2026-06-15T15:00:24.40282Z,fill,23.85,1,buy,SPY260710C00736000,0,a7c3c58b-a2ad-406e-ad2d-1c98e11eb48f,1,filled,,,,,,,,,,
20260615110003858::56038c78-9495-43f4-ba6a-ce2c4ae29f3d,FILL,2026-06-15T15:00:03.858999Z,fill,23.15,1,buy,XLK260717C00170000,0,2f4a3333-73f6-41d4-86d1-ff097fe856e4,1,filled,,,,,,,,,,
20260615105946114::0e9e9a67-ccfd-4991-8df7-b4343427e16f,FILL,2026-06-15T14:59:46.114866Z,fill,12.35,1,buy,GOOGL260717C00375000,0,d2e6ecbf-4b9f-4903-a5e4-95873eda134b,1,filled,,,,,,,,,,
20260615105930951::1dfeef91-6b84-4a08-9496-cccd20c67620,FILL,2026-06-15T14:59:30.951398Z,fill,12,2,buy,TGT260717C00125000,0,6258999e-9ad5-4ae6-8efb-6617b1aad5c9,2,filled,,,,,,,,,,
20260615105915772::6fe473a9-3146-4977-8614-dae6547ffd17,FILL,2026-06-15T14:59:15.772611Z,fill,1.49,1,buy,DIS260717C00105000,0,389786f3-8f26-4c53-9beb-c24f8557a395,1,filled,,,,,,,,,,
20260615105901261::bef8712a-868c-40e5-b493-93c568844d15,FILL,2026-06-15T14:59:01.26135Z,fill,3.25,2,buy,SCHW260717C00092500,0,127ddf63-bd4b-4c33-8bf1-5b5433bbfbb1,2,filled,,,,,,,,,,
20260615105846904::72dcd6a9-fc84-4d50-83e2-849f93a7b85b,FILL,2026-06-15T14:58:46.904233Z,fill,8.95,1,buy,BA260717C00230000,0,49bc7bfc-1130-4179-8ac5-262b39e8e1cf,2,filled,,,,,,,,,,
20260615105846792::89545800-9c6e-4e6d-9d6b-502b3694b027,FILL,2026-06-15T14:58:46.792434Z,partial_fill,8.95,1,buy,BA260717C00230000,1,49bc7bfc-1130-4179-8ac5-262b39e8e1cf,1,partially_filled,,,,,,,,,,
20260615105832492::02a93be7-7186-41c5-847f-f28bca509694,FILL,2026-06-15T14:58:32.492111Z,fill,14.9,1,buy,XOM260717P00155000,0,61e794b1-292e-40e4-892d-0913cb91b74c,1,filled,,,,,,,,,,
20260615105818615::e57bb9e8-37c4-44cc-8d6d-50afed024539,FILL,2026-06-15T14:58:18.615032Z,fill,2.39,2,buy,OXY260717P00055000,0,2a758caa-8588-4465-830f-8f34a9b4883b,2,filled,,,,,,,,,,
20260615105805171::c2ddb847-c229-426f-9e3a-fa5f0b232ac2,FILL,2026-06-15T14:58:05.17172Z,fill,2.71,1,buy,WFC260717C00085000,0,34a96d1b-2018-48f9-8786-4f95e025982f,1,filled,,,,,,,,,,
20260615105751822::7870dc36-e905-4284-ab0d-049454f5e646,FILL,2026-06-15T14:57:51.822755Z,fill,19.4,1,buy,GE260717C00340000,0,1156ebce-3cfd-42e6-b115-04a7aebfb35f,1,filled,,,,,,,,,,
20260615105738889::75675299-972e-4250-9a80-e530ff123409,FILL,2026-06-15T14:57:38.889913Z,fill,0.9,1,buy,PFE260717C00026000,0,c7a427c0-8a42-4b64-aec6-a0b17b8b06a4,1,filled,,,,,,,,,,
20260615105726026::119d959b-3bf5-4d46-a455-9cb764e4377c,FILL,2026-06-15T14:57:26.026947Z,fill,1.72,2,buy,IWM260710C00310000,0,cb6d4b91-bcd6-42a8-9a93-00ab9a716c1f,2,filled,,,,,,,,,,
20260615105713664::9fd461a4-f284-40f9-aadd-03f50fa46b2a,FILL,2026-06-15T14:57:13.664847Z,fill,14.1,1,buy,META260717C00620000,0,f5fb9862-03d9-4d3b-890a-08bc2a5af444,1,filled,,,,,,,,,,
20260615105701518::4c0c7a04-b515-41ab-87a3-86d102ed042e,FILL,2026-06-15T14:57:01.518072Z,fill,16.62,1,buy,QQQ260710C00745000,0,8283c381-75ff-4961-9bef-28147a78d505,1,filled,,,,,,,,,,
20260615105649727::8748fe2f-182f-48d5-b315-1b350f5a4dc2,FILL,2026-06-15T14:56:49.727812Z,fill,2.6,2,buy,BAC260717C00055000,0,77e3d247-cdbd-4f10-90ff-fb336a975040,2,filled,,,,,,,,,,
20260615105638210::26d78175-aa6a-4b88-b4b8-1df4030b8fd3,FILL,2026-06-15T14:56:38.210423Z,fill,9.45,2,buy,DIA260710C00516000,0,c1616781-a993-438e-aa0a-ba6b436ce434,2,filled,,,,,,,,,,
20260615095405507::e998cad8-bf54-4feb-a5ee-b0a971cc0e3a,FILL,2026-06-15T13:54:05.507335Z,fill,1.24,1,sell,BAC260717C00057500,0,4a4d1bca-e329-48d5-960f-424b2f7b6712,1,filled,,,,,,,,,,
20260615093348427::5f78ee40-07a1-4f93-90cf-c4014c032bee,FILL,2026-06-15T13:33:48.427714Z,fill,1.2,1,sell,CVX260717C00195000,0,5a245328-aff7-40cc-a350-5b081c96b78c,1,filled,,,,,,,,,,
20260615000000000::f93c818d-d06c-475a-bfbb-896305b0bf35,FEE,,,,,,,,87345def-f805-4f86-9190-e25ec7e35d79,,,OCC,2026-06-15,2026-06-16T08:23:52.084823Z,-0.04,OCC Clearing Fee,executed,78871a4b-1620-4c24-89cd-ab3191f6d828,USD,,
20260615000000000::f02e0208-89a6-4f25-b735-b2c3c94874c1,FEE,,,,,,,,49bc7bfc-1130-4179-8ac5-262b39e8e1cf,,,OCC,2026-06-15,2026-06-16T08:24:06.799081Z,-0.02,OCC Clearing Fee,executed,89545800-9c6e-4e6d-9d6b-502b3694b027,USD,,
20260615000000000::ebee1468-4a4c-4a5e-b648-09333a364de8,FEE,,,,,,,,4a4d1bca-e329-48d5-960f-424b2f7b6712,,,OCC,2026-06-15,2026-06-16T08:23:21.011782Z,-0.02,OCC Clearing Fee,executed,e998cad8-bf54-4feb-a5ee-b0a971cc0e3a,USD,,
20260615000000000::e2fd9746-9b02-49e8-aca9-efe866bba26b,FEE,,,,,,,,c137e6f1-2e95-4782-ae27-d189bb4ea380,,,OCC,2026-06-15,2026-06-16T08:23:59.502538Z,-0.02,OCC Clearing Fee,executed,e0adb059-de0d-4127-a09e-4d380d9539ae,USD,,
20260615000000000::de639519-ce9a-4984-9443-22c4884558fa,FEE,,,,,,,,,,,CAT,2026-06-15,2026-06-16T08:25:23.497424Z,-0.02,CAT fee for proceed of 40 trades on 2026-06-15 by PA3NJU1Y90R3,executed,,USD,,
20260615000000000::dd929344-08bb-486a-b86a-1b3322980fa4,FEE,,,,,,,,2a758caa-8588-4465-830f-8f34a9b4883b,,,OCC,2026-06-15,2026-06-16T08:24:06.799081Z,-0.04,OCC Clearing Fee,executed,e57bb9e8-37c4-44cc-8d6d-50afed024539,USD,,
20260615000000000::da0c5ed9-d1a2-477c-9084-822f5d95765e,FEE,,,,,,,,389786f3-8f26-4c53-9beb-c24f8557a395,,,OCC,2026-06-15,2026-06-16T08:24:06.799081Z,-0.02,OCC Clearing Fee,executed,6fe473a9-3146-4977-8614-dae6547ffd17,USD,,
20260615000000000::cdffe68c-7c7c-48f0-95e1-fc874bac0d24,FEE,,,,,,,,,,,TAF,2026-06-15,2026-06-16T08:24:18.608214Z,-0.02,OPT TAF fee for proceed of 5 contracts (5 trades) on 2026-06-15 by PA3NJU1Y90R3,executed,,USD,,
20260615000000000::c57e887e-3f0a-4cda-9415-4b863054c4ef,FEE,,,,,,,,34a96d1b-2018-48f9-8786-4f95e025982f,,,OCC,2026-06-15,2026-06-16T08:24:06.799081Z,-0.02,OCC Clearing Fee,executed,c2ddb847-c229-426f-9e3a-fa5f0b232ac2,USD,,
20260615000000000::c2ff9f2a-5e50-40e5-bced-77a4435bac61,FEE,,,,,,,,67d42cae-bf31-4736-873e-385acd1dcb5f,,,OCC,2026-06-15,2026-06-16T08:24:11.693229Z,-0.02,OCC Clearing Fee,executed,2affb8b3-5045-437f-bf12-9d99b399dd05,USD,,
20260615000000000::b8151116-835c-4fbd-b12a-7861ee3bff6c,FEE,,,,,,,,c7a427c0-8a42-4b64-aec6-a0b17b8b06a4,,,OCC,2026-06-15,2026-06-16T08:24:06.799081Z,-0.02,OCC Clearing Fee,executed,75675299-972e-4250-9a80-e530ff123409,USD,,
20260615000000000::b74685ff-2c95-4b2f-a122-c7c12e945340,FEE,,,,,,,,1156ebce-3cfd-42e6-b115-04a7aebfb35f,,,OCC,2026-06-15,2026-06-16T08:24:06.799081Z,-0.02,OCC Clearing Fee,executed,7870dc36-e905-4284-ab0d-049454f5e646,USD,,
20260615000000000::b6b23d67-6242-4d9a-ab2a-1dde90d583f9,FEE,,,,,,,,8283c381-75ff-4961-9bef-28147a78d505,,,OCC,2026-06-15,2026-06-16T08:24:06.799081Z,-0.02,OCC Clearing Fee,executed,4c0c7a04-b515-41ab-87a3-86d102ed042e,USD,,
20260615000000000::b23fb6bd-9d0c-46dc-9ee0-b55116f1b06b,FEE,,,,,,,,8a7b5227-3073-496a-958c-3939f816357e,,,OCC,2026-06-15,2026-06-16T08:24:09.239568Z,-0.04,OCC Clearing Fee,executed,33fdbd1a-5522-4c6a-9c0f-5f8aa4c35f52,USD,,
20260615000000000::abeb89fc-a178-4501-ae9a-c49b0732d36f,FEE,,,,,,,,49bc7bfc-1130-4179-8ac5-262b39e8e1cf,,,OCC,2026-06-15,2026-06-16T08:24:06.799081Z,-0.02,OCC Clearing Fee,executed,72dcd6a9-fc84-4d50-83e2-849f93a7b85b,USD,,
20260615000000000::a8c1c0ad-bfcc-4a7f-8b16-3c32b630aeec,FEE,,,,,,,,127ddf63-bd4b-4c33-8bf1-5b5433bbfbb1,,,OCC,2026-06-15,2026-06-16T08:24:06.799081Z,-0.04,OCC Clearing Fee,executed,bef8712a-868c-40e5-b493-93c568844d15,USD,,
20260615000000000::a7902e31-824e-4fc5-8a9c-1b55001b30e4,FEE,,,,,,,,cb6d4b91-bcd6-42a8-9a93-00ab9a716c1f,,,OCC,2026-06-15,2026-06-16T08:24:06.799081Z,-0.04,OCC Clearing Fee,executed,119d959b-3bf5-4d46-a455-9cb764e4377c,USD,,
20260615000000000::a565212b-0514-457a-ab4d-15edf0cc48d9,FEE,,,,,,,,b8df72d7-a1a2-4ce3-b4c2-9be528465141,,,OCC,2026-06-15,2026-06-16T08:23:57.081034Z,-0.04,OCC Clearing Fee,executed,471a62a2-3f48-4f3f-86ee-2d908eb0a8f9,USD,,
20260615000000000::93b75498-72f8-4e28-aa16-1971c8a04484,FEE,,,,,,,,d2e6ecbf-4b9f-4903-a5e4-95873eda134b,,,OCC,2026-06-15,2026-06-16T08:24:06.799081Z,-0.02,OCC Clearing Fee,executed,0e9e9a67-ccfd-4991-8df7-b4343427e16f,USD,,
20260615000000000::93720d43-c2bc-42dc-91d6-622a2a8cc682,FEE,,,,,,,,ae57606d-e72b-4eca-aca8-4eb9952a0d15,,,OCC,2026-06-15,2026-06-16T08:23:59.502538Z,-0.04,OCC Clearing Fee,executed,88bf3373-eb5b-4345-a4fa-fc6f5b532021,USD,,
20260615000000000::7bc935de-4b43-4b01-b7b4-3c8ff7850d13,FEE,,,,,,,,400d89a2-425e-4dc1-b53f-86d70d2cf5d0,,,OCC,2026-06-15,2026-06-16T08:23:49.558461Z,-0.02,OCC Clearing Fee,executed,3655749a-b958-44a3-a96c-793d1f8cc3dd,USD,,
20260615000000000::71d12c9f-6d15-4848-95b6-846b0760b308,FEE,,,,,,,,27c65141-f591-4c3f-9530-db003645e049,,,OCC,2026-06-15,2026-06-16T08:24:25.365676Z,-0.02,OCC Clearing Fee,executed,7d7ca22e-a81b-4f30-9159-ab5e26e36ea4,USD,,
20260615000000000::6e0641b5-3feb-4993-99c9-a992fc5ac381,FEE,,,,,,,,c1616781-a993-438e-aa0a-ba6b436ce434,,,OCC,2026-06-15,2026-06-16T08:24:06.799081Z,-0.04,OCC Clearing Fee,executed,26d78175-aa6a-4b88-b4b8-1df4030b8fd3,USD,,
20260615000000000::671694a5-cfa5-429e-ba36-8a9927bdcee5,FEE,,,,,,,,ad4e2e1b-cad3-4a72-89bd-215b8611829c,,,OCC,2026-06-15,2026-06-16T08:24:09.239568Z,-0.02,OCC Clearing Fee,executed,e8fd8eb8-b81a-41ec-810a-f94883e2d0a9,USD,,
20260615000000000::64a1b52d-17a0-4bba-9552-902f962dd8f0,FEE,,,,,,,,,,,TAF,2026-06-15,2026-06-16T08:25:45.118649Z,-0.01,TAF fee for proceed of 4 shares (3 trades) on 2026-06-15 by PA3NJU1Y90R3,executed,,USD,,
20260615000000000::5be5d252-1c64-406d-8114-5b0aa8474f56,FEE,,,,,,,,77e3d247-cdbd-4f10-90ff-fb336a975040,,,OCC,2026-06-15,2026-06-16T08:24:06.799081Z,-0.04,OCC Clearing Fee,executed,8748fe2f-182f-48d5-b315-1b350f5a4dc2,USD,,
20260615000000000::5a6f5c33-277b-43a4-ae8a-75f9be8be1cc,FEE,,,,,,,,a76f9af5-80e4-420e-bb93-02430088729b,,,OCC,2026-06-15,2026-06-16T08:24:18.608214Z,-0.04,OCC Clearing Fee,executed,2309ff41-32ca-4e59-a14a-48c7442e28d5,USD,,
20260615000000000::54d16b0f-04f8-463b-941e-b2389c7ca104,FEE,,,,,,,,6c063403-caa7-41c3-9a9a-a89a070f2a59,,,OCC,2026-06-15,2026-06-16T08:23:59.502538Z,-0.02,OCC Clearing Fee,executed,48074470-c2bd-41d3-9b07-a7ce12350c31,USD,,
20260615000000000::53a6eafe-f416-4824-be22-a1787f8fcdab,FEE,,,,,,,,5a245328-aff7-40cc-a350-5b081c96b78c,,,OCC,2026-06-15,2026-06-16T08:23:07.374103Z,-0.02,OCC Clearing Fee,executed,5f78ee40-07a1-4f93-90cf-c4014c032bee,USD,,
20260615000000000::51fffbff-59cf-4e5e-8665-803a3ea07b45,FEE,,,,,,,,87f32caa-29a6-41d4-8e80-414a9b1a2347,,,OCC,2026-06-15,2026-06-16T08:23:49.558461Z,-0.02,OCC Clearing Fee,executed,fc7850ca-59f9-4008-b25b-d045d85263ec,USD,,
20260615000000000::46884bcc-5345-41ff-b104-41f0f97f4541,FEE,,,,,,,,6258999e-9ad5-4ae6-8efb-6617b1aad5c9,,,OCC,2026-06-15,2026-06-16T08:24:06.799081Z,-0.04,OCC Clearing Fee,executed,1dfeef91-6b84-4a08-9496-cccd20c67620,USD,,
20260615000000000::39ddd0d4-3346-4d6d-be4a-ad192964806e,FEE,,,,,,,,f5fb9862-03d9-4d3b-890a-08bc2a5af444,,,OCC,2026-06-15,2026-06-16T08:24:06.799081Z,-0.02,OCC Clearing Fee,executed,9fd461a4-f284-40f9-aadd-03f50fa46b2a,USD,,
20260615000000000::337a4800-4b8e-48d5-9635-8412cfb43ca8,FEE,,,,,,,,f94ea609-7e56-4528-994a-ca346a2b3d50,,,OCC,2026-06-15,2026-06-16T08:23:57.081034Z,-0.02,OCC Clearing Fee,executed,fc048843-c519-48bb-80c7-57077b487ea9,USD,,
20260615000000000::2c2684de-d624-4bc7-b4b7-742fd5b5b7cb,FEE,,,,,,,,a7c3c58b-a2ad-406e-ad2d-1c98e11eb48f,,,OCC,2026-06-15,2026-06-16T08:24:09.239568Z,-0.02,OCC Clearing Fee,executed,07cae5e4-8863-4f40-88af-1d569bc7986e,USD,,
20260615000000000::2b6501a3-d911-4292-8302-d8cd33fd1a08,FEE,,,,,,,,61e794b1-292e-40e4-892d-0913cb91b74c,,,OCC,2026-06-15,2026-06-16T08:24:06.799081Z,-0.02,OCC Clearing Fee,executed,02a93be7-7186-41c5-847f-f28bca509694,USD,,
20260615000000000::26fecf3e-7d97-4b76-a457-3e05994a0431,FEE,,,,,,,,4973fb05-9509-4105-804e-e238d43b8d3f,,,OCC,2026-06-15,2026-06-16T08:24:09.239568Z,-0.04,OCC Clearing Fee,executed,c94403fc-7f5c-4748-b029-b3dd82ef9ad6,USD,,
20260615000000000::1f5ea720-0c33-433e-8c47-9c6b5d58b027,FEE,,,,,,,,,,,ORF,2026-06-15,2026-06-16T08:24:16.28735Z,-1.37,ORF fee for proceed of 51 contracts on 2026-06-15 by PA3NJU1Y90R3,executed,,USD,,
20260615000000000::1c6283ad-2f93-4c7f-b5cf-bf588d322779,FEE,,,,,,,,7c9c7d9c-6839-4abd-8ff0-bc1555e412ee,,,OCC,2026-06-15,2026-06-16T08:23:40.134432Z,-0.04,OCC Clearing Fee,executed,b9a6f008-3804-4467-a318-b48a4c5dfeb8,USD,,
20260615000000000::13e51917-f91e-4ddf-9e78-bba8decc8bbe,FEE,,,,,,,,8f51896f-b60d-46df-8343-5c9861c938d1,,,OCC,2026-06-15,2026-06-16T08:24:48.921149Z,-0.02,OCC Clearing Fee,executed,e7b6b443-1f99-4c77-bba7-8a56eaecbc4d,USD,,
20260615000000000::01234c7f-d5ed-4d73-bd49-4c445ab54af0,FEE,,,,,,,,2f4a3333-73f6-41d4-86d1-ff097fe856e4,,,OCC,2026-06-15,2026-06-16T08:24:09.239568Z,-0.02,OCC Clearing Fee,executed,56038c78-9495-43f4-ba6a-ce2c4ae29f3d,USD,,
20260615000000000::006125e1-33f1-47b6-bc9b-e1308bb43394,FEE,,,,,,,,695169b5-4c29-44e9-a3a1-5add83b07e95,,,OCC,2026-06-15,2026-06-16T08:23:59.502538Z,-0.04,OCC Clearing Fee,executed,64c889ae-9d8b-4f1d-ab15-43705c9e7547,USD,,
20260612151238834::a9160f56-40bd-4c7d-9f32-80b150a94434,FILL,2026-06-12T19:12:38.834095Z,fill,3.7,1,buy,CVX260717C00195000,0,8cb106a7-5e56-47b6-bda0-bbd2b2a3c66e,1,filled,,,,,,,,,,
20260612145958275::f91a3fa9-a62f-4de8-b30f-6a914c1cc324,FILL,2026-06-12T18:59:58.275597Z,fill,6.96,1,sell,IWM260717C00296000,0,ced24914-b689-425a-9555-47ffea5bff2c,1,filled,,,,,,,,,,
20260612100121377::fe1e4c1a-a135-48bd-856f-7ffce9c63edb,FILL,2026-06-12T14:01:21.377346Z,fill,4.35,1,buy,PEP260717C00145000,0,c0a0da23-beb6-4198-93fc-1a4a8b061c0f,1,filled,,,,,,,,,,
20260612100109391::d938414b-fdee-4065-9392-19648b6dc179,FILL,2026-06-12T14:01:09.391204Z,fill,30.3,1,buy,SMH260717C00640000,0,aedd5a59-5661-46f7-8611-3c570d5e340c,1,filled,,,,,,,,,,
20260612100055979::c8ba715e-aab7-4a5f-bd04-58d69aa1b740,FILL,2026-06-12T14:00:55.979443Z,fill,0.7,1,buy,XLF260717C00054000,0,58628f46-a904-40fb-91e0-a646c9ed91cf,1,filled,,,,,,,,,,
20260612100043953::31bae20e-e253-432e-b7a0-c20f60db5a08,FILL,2026-06-12T14:00:43.953095Z,fill,12.65,2,buy,JPM260717C00315000,0,567176b6-07ae-43ff-9397-9596f7bf471c,2,filled,,,,,,,,,,
20260612100032024::bab157e1-c7d2-4951-9e51-d34361397d64,FILL,2026-06-12T14:00:32.02498Z,fill,25.35,1,buy,ORCL260717P00200000,0,b04ddc37-d904-4a43-99b4-27b7da8aef45,1,filled,,,,,,,,,,
20260612100018167::d85be646-5806-49c7-9584-05d55135f324,FILL,2026-06-12T14:00:18.167365Z,fill,11.5,2,buy,NFLX260717P00090000,0,17de01f9-62ff-4b1a-b80a-3fe938bc24a4,2,filled,,,,,,,,,,
20260612100005219::1858566f-03de-4d1a-9404-d138ad716188,FILL,2026-06-12T14:00:05.219338Z,fill,41.95,1,buy,TSLA260717C00370000,0,6159526a-1431-49ea-9476-c3d2d6589098,1,filled,,,,,,,,,,
20260612094701759::5266a3e8-c555-48ac-98c5-077869982a3b,FILL,2026-06-12T13:47:01.759925Z,fill,4.55,1,sell,NKE260717C00042500,0,338d4770-7214-4665-9f30-a6316846631a,1,filled,,,,,,,,,,
20260612093153857::2e5ddba2-cad1-41fc-a418-baa3184e14c9,FILL,2026-06-12T13:31:53.857967Z,fill,7.45,1,sell,BA260717C00225000,0,985570ee-c4e0-4593-ae14-7fe9e1521087,2,filled,,,,,,,,,,
20260612093153748::e906b399-f04d-4790-aa1b-172400afdacd,FILL,2026-06-12T13:31:53.748472Z,partial_fill,7.45,1,sell,BA260717C00225000,1,985570ee-c4e0-4593-ae14-7fe9e1521087,1,partially_filled,,,,,,,,,,
20260612000000000::f6fd3f0e-f06f-43ba-943e-6662d0399226,FEE,,,,,,,,985570ee-c4e0-4593-ae14-7fe9e1521087,,,OCC,2026-06-12,2026-06-13T08:23:15.112136Z,-0.02,OCC Clearing Fee,executed,2e5ddba2-cad1-41fc-a418-baa3184e14c9,USD,,
20260612000000000::edabee05-9416-4a8c-b9f8-86b968a49928,FEE,,,,,,,,58628f46-a904-40fb-91e0-a646c9ed91cf,,,OCC,2026-06-12,2026-06-13T08:23:36.924237Z,-0.02,OCC Clearing Fee,executed,c8ba715e-aab7-4a5f-bd04-58d69aa1b740,USD,,
20260612000000000::da37b2be-5b6a-4ae5-9ad4-b8d83bbf83d5,FEE,,,,,,,,6159526a-1431-49ea-9476-c3d2d6589098,,,OCC,2026-06-12,2026-06-13T08:23:34.797352Z,-0.02,OCC Clearing Fee,executed,1858566f-03de-4d1a-9404-d138ad716188,USD,,
20260612000000000::d4918e0c-bc9e-452e-b308-7658f023a544,FEE,,,,,,,,,,,ORF,2026-06-12,2026-06-13T08:22:46.084965Z,-0.38,ORF fee for proceed of 14 contracts on 2026-06-12 by PA3NJU1Y90R3,executed,,USD,,
20260612000000000::c36fcc20-46a4-43c7-9e44-d25a64cdd34c,FEE,,,,,,,,ced24914-b689-425a-9555-47ffea5bff2c,,,OCC,2026-06-12,2026-06-13T08:23:52.966842Z,-0.02,OCC Clearing Fee,executed,f91a3fa9-a62f-4de8-b30f-6a914c1cc324,USD,,
20260612000000000::ae5c8e5b-f281-42b5-b377-b22fceba7bf5,FEE,,,,,,,,aedd5a59-5661-46f7-8611-3c570d5e340c,,,OCC,2026-06-12,2026-06-13T08:23:36.924237Z,-0.02,OCC Clearing Fee,executed,d938414b-fdee-4065-9392-19648b6dc179,USD,,
20260612000000000::a1a9cb8e-3d5e-44c7-b18c-7e1eec09b592,FEE,,,,,,,,,,,CAT,2026-06-12,2026-06-13T08:24:13.766463Z,-0.01,CAT fee for proceed of 12 trades on 2026-06-12 by PA3NJU1Y90R3,executed,,USD,,
20260612000000000::9d1feb28-baa9-4e1b-bfcc-9fa829e8b35f,FEE,,,,,,,,b04ddc37-d904-4a43-99b4-27b7da8aef45,,,OCC,2026-06-12,2026-06-13T08:23:34.797352Z,-0.02,OCC Clearing Fee,executed,bab157e1-c7d2-4951-9e51-d34361397d64,USD,,
20260612000000000::85c603be-99b6-460e-ba38-02764ce0760e,FEE,,,,,,,,985570ee-c4e0-4593-ae14-7fe9e1521087,,,OCC,2026-06-12,2026-06-13T08:23:15.112136Z,-0.02,OCC Clearing Fee,executed,e906b399-f04d-4790-aa1b-172400afdacd,USD,,
20260612000000000::6d5c838c-3ca9-4fa1-baef-e85cdeee72e4,FEE,,,,,,,,,,,TAF,2026-06-12,2026-06-13T08:22:46.084965Z,-0.02,OPT TAF fee for proceed of 4 contracts (4 trades) on 2026-06-12 by PA3NJU1Y90R3,executed,,USD,,
20260612000000000::44534c4c-c29b-4aeb-a51e-2f679c24f52c,FEE,,,,,,,,c0a0da23-beb6-4198-93fc-1a4a8b061c0f,,,OCC,2026-06-12,2026-06-13T08:23:36.924237Z,-0.02,OCC Clearing Fee,executed,fe1e4c1a-a135-48bd-856f-7ffce9c63edb,USD,,
20260612000000000::4052ebe7-d192-4c2e-9735-cf8f9b2b9453,FEE,,,,,,,,17de01f9-62ff-4b1a-b80a-3fe938bc24a4,,,OCC,2026-06-12,2026-06-13T08:23:34.797352Z,-0.04,OCC Clearing Fee,executed,d85be646-5806-49c7-9584-05d55135f324,USD,,
20260612000000000::1f212516-e7a3-49f2-8cfc-ab57437b1f11,FEE,,,,,,,,8cb106a7-5e56-47b6-bda0-bbd2b2a3c66e,,,OCC,2026-06-12,2026-06-13T08:23:52.966842Z,-0.02,OCC Clearing Fee,executed,a9160f56-40bd-4c7d-9f32-80b150a94434,USD,,
20260612000000000::18c5c172-2ff2-472f-9a5b-d28bceff1852,FEE,,,,,,,,338d4770-7214-4665-9f30-a6316846631a,,,OCC,2026-06-12,2026-06-13T08:23:32.714114Z,-0.02,OCC Clearing Fee,executed,5266a3e8-c555-48ac-98c5-077869982a3b,USD,,
20260612000000000::0578aaf3-e000-4464-ae6c-a6745013a228,FEE,,,,,,,,567176b6-07ae-43ff-9397-9596f7bf471c,,,OCC,2026-06-12,2026-06-13T08:23:34.797352Z,-0.04,OCC Clearing Fee,executed,31bae20e-e253-432e-b7a0-c20f60db5a08,USD,,
20260611155230998::10024510-10d1-474b-ae4f-c19220ba9567,FILL,2026-06-11T19:52:30.998759Z,fill,16.9,2,sell,TXN260717C00300000,0,ac777ca2-bbb6-45db-af38-8fbbaae30962,2,filled,,,,,,,,,,
20260611155214243::4561d9e1-551f-4cd7-b20e-2675a8a01a0e,FILL,2026-06-11T19:52:14.243501Z,fill,0.88,1,sell,PFE260717C00026000,0,ad04fb6e-bd8f-4a88-af20-47917cc32369,1,filled,,,,,,,,,,
20260611155155926::868910cb-92a8-4780-8b1f-8dc533012263,FILL,2026-06-11T19:51:55.926088Z,fill,12.55,2,sell,JNJ260717C00230000,0,9c9c10d2-966e-49cb-9d14-ee2e5f443851,2,filled,,,,,,,,,,
20260611153630198::89998ce4-a5ef-4fc4-9c16-7e8a20fd4097,FILL,2026-06-11T19:36:30.198683Z,fill,8.45,2,sell,GOOGL260717P00345000,0,d3a35b1d-b7d1-49b6-a8b0-6e27fd7f5ddd,2,filled,,,,,,,,,,
20260611144713595::01ca9e3c-df40-4e64-beef-3c51e6a76538,FILL,2026-06-11T18:47:13.595463Z,fill,1.05,1,sell,DUK260717C00130000,0,832278f7-b097-483f-82aa-05ec73e825f6,1,filled,,,,,,,,,,
20260611143113688::08647e67-e3f0-4617-aaab-ea5a4312ff59,FILL,2026-06-11T18:31:13.688064Z,fill,7.5,2,buy,BA260717C00225000,0,291a41b7-3945-44a6-ae95-314ed0181942,2,filled,,,,,,,,,,
20260611142811615::781c2570-fbbd-41dc-a6b7-646423f212b3,FILL,2026-06-11T18:28:11.615252Z,fill,30.6,3,sell,SAP260717P00195000,0,cc3080d1-03e3-49a5-831f-3e64bb9483de,3,filled,,,,,,,,,,
20260611141254503::ed7ce78a-ca6e-4262-8915-0d14debc58a2,FILL,2026-06-11T18:12:54.503299Z,fill,1.35,1,buy,DUK260717C00130000,0,ac727f65-ad58-47bf-a3f2-5a818e707ec4,1,filled,,,,,,,,,,
20260611141243784::85ebe572-60f4-427b-a48a-e9ec79759a71,FILL,2026-06-11T18:12:43.78494Z,fill,1.05,2,buy,SOFI260717P00016000,0,ea1033a9-d471-4779-90ad-50bfdf9ad030,2,filled,,,,,,,,,,
20260611140937289::99108048-2953-4d98-9ead-7ff132a6a3b1,FILL,2026-06-11T18:09:37.289832Z,fill,29.6,2,sell,SMH260717C00620000,0,8b27e16f-f193-447e-a6d7-a8333d42a3d7,2,filled,,,,,,,,,,
20260611140934528::d029926c-82b0-4695-af1b-8f9ac1908957,FILL,2026-06-11T18:09:34.528184Z,fill,3.6,2,sell,TGT260717C00135000,0,b8c23ccd-ed71-4487-92b0-d779b2245dc7,2,filled,,,,,,,,,,
20260611135424146::5b9465fb-749e-40e9-a891-0f9b571f8ba9,FILL,2026-06-11T17:54:24.146183Z,fill,15.2,1,buy,SO260717C00080000,0,6f4d1f83-0478-4d65-8e1c-d9606f44fb35,1,filled,,,,,,,,,,
20260611135412558::fad636c1-b31b-423b-8a7d-cf8af229fa5f,FILL,2026-06-11T17:54:12.558037Z,fill,28.3,1,buy,SPG260717C00190000,0,1c759159-8bcd-42ca-921d-66e05b71f0f1,1,filled,,,,,,,,,,
20260611135401250::6c7f2c51-7676-46c5-a995-fe11566cfe3a,FILL,2026-06-11T17:54:01.250283Z,fill,5.6,2,buy,MMM260717C00160000,0,3de53782-f0bf-46a7-90f2-53fd46bd9a5f,2,filled,,,,,,,,,,
20260611135350298::05336085-3e4a-4ca2-a3ff-ff14bddcc9d8,FILL,2026-06-11T17:53:50.298662Z,fill,18.05,2,buy,TXN260717C00300000,0,c7797580-f04f-471e-a001-9094ccac2e07,2,filled,,,,,,,,,,
20260611135339884::368c4f3f-4451-413f-92dd-004955c23141,FILL,2026-06-11T17:53:39.884008Z,fill,13.3,2,buy,MRK260717C00110000,0,bbd658a8-39c6-4af4-94ca-0cd27bd66f3f,2,filled,,,,,,,,,,
20260611135329605::40aa7bc3-5778-4681-b16d-a82e01ea84a0,FILL,2026-06-11T17:53:29.60566Z,fill,1.13,1,buy,BAC260717C00057500,0,927a778e-cab2-4c31-a222-a4ee464753e2,1,filled,,,,,,,,,,
20260611135319834::1074bb0b-4cc4-4ed0-a415-acc3a97fa7c9,FILL,2026-06-11T17:53:19.834841Z,fill,38.7,1,buy,AVGO260717P00410000,0,1ce09772-8201-44d2-96dc-12d60890e169,1,filled,,,,,,,,,,
20260611135310216::2c31d6ce-77d6-47b7-ac33-719d96ff7b0f,FILL,2026-06-11T17:53:10.216255Z,fill,10.8,2,buy,GOOGL260717P00345000,0,1f8760c7-ad19-4d7f-8ced-ab5d85889097,2,filled,,,,,,,,,,
20260611135300966::cef49344-228f-4435-948a-70998854e8ba,FILL,2026-06-11T17:53:00.966367Z,fill,1.03,3,buy,RIVN260717P00015000,0,9d3c5cc6-392f-4c70-bd29-0af9397f319d,3,filled,,,,,,,,,,
20260611135251909::addab01d-7f2e-4d28-b884-5b04b1933b39,FILL,2026-06-11T17:52:51.909485Z,fill,2.43,2,buy,WMT260717C00125000,0,60ba4acb-468f-4f16-843e-86f35683750d,2,filled,,,,,,,,,,
20260611135243093::af3f242d-4c06-465d-9b3a-a4b93cc7e894,FILL,2026-06-11T17:52:43.093334Z,fill,19.5,2,buy,C260717C00120000,0,8b98b9c6-c247-4b57-ae96-7a9271215d0a,2,filled,,,,,,,,,,
20260611135234844::d344c816-1625-4ad8-8390-de7bd2961f94,FILL,2026-06-11T17:52:34.844718Z,fill,5.8,1,buy,IWM260717C00296000,0,ba25b5c3-a4d4-4c20-91a1-ebbc2b586ef4,1,filled,,,,,,,,,,
20260611134530366::641911a5-8b4e-4e86-8158-3d540313d2b7,FILL,2026-06-11T17:45:30.366714Z,fill,18.7,2,sell,ORCL260717P00190000,0,e69653a4-739e-4491-a4c4-f63f555ad7cc,2,filled,,,,,,,,,,
20260611134523461::f28f2914-9ede-4962-af3a-fa89b9d0b238,FILL,2026-06-11T17:45:23.461467Z,fill,11.35,2,sell,GE260717P00320000,0,e58513f0-1ecf-4a3d-bfeb-37251b5a4293,2,filled,,,,,,,,,,
20260611134518171::79554c2c-81aa-4c8a-9f63-480648b1800c,FILL,2026-06-11T17:45:18.171845Z,fill,1.3,1,sell,OXY260717C00060000,0,5a557db3-492c-47ed-8d1b-2d34926eed27,1,filled,,,,,,,,,,
20260611134516008::5c0e1a18-d5b0-4b3b-bb5e-cdb329463b36,FILL,2026-06-11T17:45:16.008077Z,fill,14.55,2,sell,NET260717P00220000,0,a8ef5053-46c2-4a0d-bd00-f306a1b2c25c,2,filled,,,,,,,,,,
20260611134513188::a62fe808-d0e4-4271-8c88-f4add24095af,FILL,2026-06-11T17:45:13.188784Z,fill,49.7,1,sell,IBM260717P00325000,0,31794b1e-f2ef-4b5d-91f0-3caaefe3e4e3,2,filled,,,,,,,,,,
20260611134513062::6cbd6fae-74b9-47be-bfc6-82b86ebc9b30,FILL,2026-06-11T17:45:13.062794Z,partial_fill,49.7,1,sell,IBM260717P00325000,1,31794b1e-f2ef-4b5d-91f0-3caaefe3e4e3,1,partially_filled,,,,,,,,,,
20260611134508264::72060cf3-f39f-4dc2-9171-2912ff434113,FILL,2026-06-11T17:45:08.264843Z,fill,3.75,1,sell,CVX260717C00195000,0,350420a6-07e9-4fa2-aa46-2de423645663,1,filled,,,,,,,,,,
20260611134501211::f74d1636-0755-4012-9491-e827ed8f1792,FILL,2026-06-11T17:45:01.211024Z,fill,5.1,2,sell,XLK260717P00175000,0,a1ea2f67-c901-4e48-94a6-1912c07f8c42,2,filled,,,,,,,,,,
20260611134455856::4444d28e-9bd7-4560-a0e7-3c4fdd3e083e,FILL,2026-06-11T17:44:55.856636Z,fill,14.6,1,sell,ADBE260717P00225000,0,93316072-02eb-4f90-bbf3-44361ad1791c,3,filled,,,,,,,,,,
20260611134455717::5af95631-2370-46d5-88bc-9b9da6ac1f67,FILL,2026-06-11T17:44:55.717334Z,partial_fill,14.6,2,sell,ADBE260717P00225000,1,93316072-02eb-4f90-bbf3-44361ad1791c,2,partially_filled,,,,,,,,,,
20260611134451250::c5d72b29-fa16-46b8-a6dd-a95320a94c59,FILL,2026-06-11T17:44:51.25044Z,fill,16.45,2,sell,TSLA260717P00380000,0,fec52711-4ce6-4b8e-8e0b-8ae42746d110,2,filled,,,,,,,,,,
20260611134450165::350c35ea-ba8b-4149-8779-f1df4bbfc795,FILL,2026-06-11T17:44:50.165701Z,fill,3.35,2,sell,UBER260717P00070000,0,4d22662d-8a2c-4656-98f8-e5ae2486ccb1,2,filled,,,,,,,,,,
20260611134448355::ffd49c82-cf56-4228-bb71-eab5dfd8739c,FILL,2026-06-11T17:44:48.355319Z,fill,0.9,1,sell,XLE260717C00060000,0,e118ecc1-5315-4613-90fa-9fecfbedf5e0,1,filled,,,,,,,,,,
20260611134446416::b14f58d1-01e5-46d9-a22d-46afb624814a,FILL,2026-06-11T17:44:46.416052Z,fill,83.25,1,sell,META260717P00650000,0,91edd215-8f2a-4a2d-81bd-294d5610262a,1,filled,,,,,,,,,,
20260611132838392::c8d5990a-922c-4ba3-82c3-49fc084a2ce7,FILL,2026-06-11T17:28:38.39232Z,fill,6.15,3,buy,PLTR260717P00125000,0,d75b9a8d-b083-46eb-b652-c8edb55fd91f,3,filled,,,,,,,,,,
20260611132030352::4d230ca5-afc3-415b-ba68-34b96affaf4f,FILL,2026-06-11T17:20:30.352253Z,fill,3.05,1,sell,PEP260717C00150000,0,52af9726-e78b-473b-9b7f-0b594883e6e7,1,filled,,,,,,,,,,
20260611123829323::0277c8d1-faa5-41df-896e-d28ef7976511,FILL,2026-06-11T16:38:29.323408Z,fill,19.6,2,buy,ORCL260717P00190000,0,83f7cd5d-abbc-465b-b04b-28f95447ca12,2,filled,,,,,,,,,,
20260611123818026::e3d12783-d7b1-4f9a-9068-a064b5e76caf,FILL,2026-06-11T16:38:18.026997Z,fill,0.93,1,buy,PFE260717C00026000,0,f0472f16-ba2e-47c0-8d1d-f89ac2aea00c,1,filled,,,,,,,,,,
20260611122419090::7402c440-81bf-473e-9cfd-08f0b9fa7568,FILL,2026-06-11T16:24:19.090733Z,fill,7.65,2,buy,OKTA260717P00115000,0,6c71e7b5-0e16-4bb3-866e-5a688c7885cf,3,filled,,,,,,,,,,
20260611122418971::2d72edb9-96a3-4dec-80ed-e6797496dbb4,FILL,2026-06-11T16:24:18.971908Z,partial_fill,7.65,1,buy,OKTA260717P00115000,2,6c71e7b5-0e16-4bb3-866e-5a688c7885cf,1,partially_filled,,,,,,,,,,
20260611122009201::6c7626cc-6348-468f-95c6-0b67222fe9d3,FILL,2026-06-11T16:20:09.201606Z,fill,11.35,2,sell,GOOGL260717P00345000,0,202a439d-0602-4ad2-ada1-add44d04e911,2,filled,,,,,,,,,,
20260611122004396::65acd55c-bfd4-4447-ab56-503ab1cced9a,FILL,2026-06-11T16:20:04.396067Z,fill,56.1,2,sell,AVGO260717P00430000,0,9e8d8c09-42b1-4835-bbee-5700858c10c0,2,filled,,,,,,,,,,
20260611121957728::13cb25cf-4b77-45d4-b933-82157e794de5,FILL,2026-06-11T16:19:57.728471Z,fill,17.4,3,sell,PLTR260717P00145000,0,11a8fcf9-c6bc-4872-80b8-d76e17162590,3,filled,,,,,,,,,,
20260611120422508::4b79d22b-e69e-486b-88f6-b984864de796,FILL,2026-06-11T16:04:22.508003Z,fill,50.3,3,buy,INTU260821P00310000,0,4e565542-9b29-4da9-bade-323f804244d3,3,filled,,,,,,,,,,
20260611115806935::a4348344-f499-4d56-8e24-88aaa1b2ab6f,FILL,2026-06-11T15:58:06.935107Z,fill,1.25,1,sell,DUK260717C00130000,0,5c360f0b-a733-486d-a4e2-bc97771cec19,1,filled,,,,,,,,,,
20260611114134366::addeda3f-21ec-404c-bc8e-f40120f5bdf9,FILL,2026-06-11T15:41:34.366983Z,fill,15.6,2,buy,GE260717P00320000,0,a1714035-73e0-40c0-b413-3e42e700c435,2,filled,,,,,,,,,,
20260611113409447::1374ed4d-a014-451a-b68c-766fea52adb0,FILL,2026-06-11T15:34:09.447027Z,fill,1.16,3,sell,SOFI260717P00016000,0,1b4a3a74-2075-4e4d-8e13-78d72196be65,3,filled,,,,,,,,,,
20260611111748530::22641bb7-17d3-4739-80b9-037aff979fc9,FILL,2026-06-11T15:17:48.530231Z,fill,1.55,1,buy,DUK260717C00130000,0,1ced3aa0-2394-43af-a587-cfea27933ef3,1,filled,,,,,,,,,,
20260611111023136::83b4472c-fa84-40e2-9233-c0c64e237a0e,FILL,2026-06-11T15:10:23.136571Z,fill,1.12,3,sell,RIVN260717P00015000,0,be701136-1ff1-474f-8a8f-7588ba1ef5b5,3,filled,,,,,,,,,,
20260611105341317::07c67dd7-ad47-4e45-a1c4-7651f1b3bb6f,FILL,2026-06-11T14:53:41.317635Z,fill,4.05,3,buy,GM260717P00080000,0,79245d91-4d4a-4fd9-b9c4-2c5731b366fd,3,filled,,,,,,,,,,
20260611105329942::7c535f44-b608-4072-a609-8cc575534576,FILL,2026-06-11T14:53:29.942839Z,fill,21.2,3,buy,ZS260821P00135000,0,be13442c-42ca-4873-bf37-6f6e6cc273c1,3,filled,,,,,,,,,,
20260611105318802::0363b7fc-8a9d-42be-bffd-0ad2a3c1d10e,FILL,2026-06-11T14:53:18.802251Z,fill,1.95,1,buy,OXY260717C00060000,0,ef951871-9198-428c-8af1-ff7e7d105af8,1,filled,,,,,,,,,,
20260611104422917::b65b1993-9a23-410f-abd7-3105f84d0f8f,FILL,2026-06-11T14:44:22.917392Z,fill,2.52,1,sell,WMT260717C00125000,0,430fa818-8ce9-42de-b82f-a09f028d2d82,1,filled,,,,,,,,,,
20260611104411623::511ef046-95b0-48b0-abb7-59b5f9820a66,FILL,2026-06-11T14:44:11.623835Z,fill,17.45,2,sell,ORCL260717P00190000,0,c4f5bdd5-4458-4831-894f-121c32737f96,2,filled,,,,,,,,,,
20260611104359949::e84c5c9c-b315-45b8-aad6-f22e2ee4f40f,FILL,2026-06-11T14:43:59.949322Z,fill,0.45,1,sell,PFE260717C00027000,0,d6a8c725-dbf1-405e-b39a-cd72d85edc16,1,filled,,,,,,,,,,
20260611100956772::59aa85a9-200e-433e-acb7-0638fa6ded32,FILL,2026-06-11T14:09:56.772802Z,fill,16,2,buy,NET260717P00220000,0,f2d15f23-5e6a-416c-a1b7-d81201eee3da,2,filled,,,,,,,,,,
20260611100945567::a87c840b-01f1-4554-a01e-ec58b65958fe,FILL,2026-06-11T14:09:45.567101Z,fill,14.25,1,buy,ZM260717P00105000,0,595bb4dd-4e57-47df-af7b-7bd80449abd4,3,filled,,,,,,,,,,
20260611100945457::2f94705d-c6b1-41a1-92fd-154d72964140,FILL,2026-06-11T14:09:45.457768Z,partial_fill,14.25,1,buy,ZM260717P00105000,1,595bb4dd-4e57-47df-af7b-7bd80449abd4,2,partially_filled,,,,,,,,,,
20260611100945333::a2a5257a-99ef-44e7-92db-1fe574862dbf,FILL,2026-06-11T14:09:45.333373Z,partial_fill,14.25,1,buy,ZM260717P00105000,2,595bb4dd-4e57-47df-af7b-7bd80449abd4,1,partially_filled,,,,,,,,,,
20260611100934272::a3414c9e-55e0-41b0-94fd-e8084e3f4cc1,FILL,2026-06-11T14:09:34.272382Z,fill,54.15,2,buy,IBM260717P00325000,0,800e9aeb-d5bf-4d11-9e59-6d93d6a6fa33,2,filled,,,,,,,,,,
20260611100923429::443212e3-242a-4a31-951b-d57ce3603ede,FILL,2026-06-11T14:09:23.429541Z,fill,32.3,3,buy,SAP260717P00195000,0,ebeca874-9baa-44ff-be33-81abc33e92e6,3,filled,,,,,,,,,,
20260611100912933::be2e8fb7-b249-4e2c-8033-30b23e50b14e,FILL,2026-06-11T14:09:12.933318Z,fill,69.8,1,buy,COST260717C00930000,0,ccb55795-c06f-4583-b7e7-9ad6921d1919,1,filled,,,,,,,,,,
20260611100902824::9b76abbc-d31d-46af-a3a2-66d6b7e08ace,FILL,2026-06-11T14:09:02.824012Z,fill,5.6,1,buy,CVX260717C00195000,0,9c09e51e-b954-4a38-8390-d0847635eeb2,1,filled,,,,,,,,,,
20260611100852856::ac8508ba-15f4-4bc3-8f84-6638076d1e94,FILL,2026-06-11T14:08:52.856452Z,fill,1.2,3,buy,RIVN260717P00015000,0,f07644ac-b406-45e6-a84f-8ece8c80a5a8,3,filled,,,,,,,,,,
20260611100843172::a4746c5d-c0fa-4461-800b-10b9fecbbf05,FILL,2026-06-11T14:08:43.172615Z,fill,1.25,3,buy,LYFT260821P00013000,0,4927e471-27c8-4f07-8ce9-33f96b2d8fbb,3,filled,,,,,,,,,,
20260611100833848::b73adc16-1493-4e9d-8bae-b34f20f4614f,FILL,2026-06-11T14:08:33.848721Z,fill,4.4,1,buy,NKE260717C00042500,0,d6fc43c3-cc90-4d2b-b816-cca04ce57537,1,filled,,,,,,,,,,
20260611100824951::2a80f228-1f6c-4608-829f-8e3f9475df07,FILL,2026-06-11T14:08:24.9516Z,fill,1.21,3,buy,SOFI260717P00016000,0,4bb2ca7e-0c0f-4f83-9b6e-3d64352d1b36,3,filled,,,,,,,,,,
20260611100816152::a0cef21a-a635-4605-bc31-92ba4bb09e8d,FILL,2026-06-11T14:08:16.15202Z,fill,6.65,2,buy,XLK260717P00175000,0,d173af25-cc57-4050-836f-6102af1681d6,2,filled,,,,,,,,,,
20260611100807881::b19e18d7-1bbb-4aea-9f3f-56e70ccfb10f,FILL,2026-06-11T14:08:07.881248Z,fill,31.3,2,buy,SMH260717C00620000,0,e07b3147-c86e-433b-8ce2-dd6c74000041,2,filled,,,,,,,,,,
20260611100759422::9af50e1f-22e4-42ae-a2d4-83f3ef2d7c1b,FILL,2026-06-11T14:07:59.422368Z,fill,134.45,1,buy,CRWD260724C00555000,0,9cd22113-f8c4-4a29-95b5-e67becd8c4f9,1,filled,,,,,,,,,,
20260611100751448::15f49f01-b67c-4a4b-b1d8-6b3e9ea1b79a,FILL,2026-06-11T14:07:51.448277Z,fill,2.44,1,buy,WMT260717C00125000,0,29afe18e-3668-4964-8f3b-fb01f684b6e7,1,filled,,,,,,,,,,
20260611100743769::5d321865-87c5-4201-a957-d36f5b2217d3,FILL,2026-06-11T14:07:43.769826Z,fill,13.9,3,buy,ADBE260717P00225000,0,45b0e7b5-7bc1-46f2-8681-c6f4e31602be,3,filled,,,,,,,,,,
20260611100737010::fbc0e8ba-2da2-4bcf-a4fa-f44f9eac1678,FILL,2026-06-11T14:07:37.010577Z,fill,11.6,2,buy,GOOGL260717P00345000,0,5b2fcf7d-6652-4e3a-94b2-3a1186506472,2,filled,,,,,,,,,,
20260611100730956::ec16373e-6f93-4c17-ae01-bef0d470fa7a,FILL,2026-06-11T14:07:30.956517Z,fill,3.25,1,buy,TGT260717C00135000,0,4f8179d0-6bb8-4647-8466-d58ff48e2585,2,filled,,,,,,,,,,
20260611100730845::c31a9f2d-3cb2-4be1-9a02-a1f3eec92c59,FILL,2026-06-11T14:07:30.845449Z,partial_fill,3.25,1,buy,TGT260717C00135000,1,4f8179d0-6bb8-4647-8466-d58ff48e2585,1,partially_filled,,,,,,,,,,
20260611100724806::78ddc406-a441-42e0-a8aa-a88f4f8dd0c0,FILL,2026-06-11T14:07:24.806105Z,fill,20.35,2,buy,DDOG260717C00230000,0,c3f2b507-f32a-4e96-bdf7-4791b183759d,2,filled,,,,,,,,,,
20260611100719111::ed10b549-cd10-4677-9253-78564fb98350,FILL,2026-06-11T14:07:19.111468Z,fill,57.45,1,buy,AVGO260717P00430000,0,bef1825f-e85a-4241-b95f-30b4dd01ab9a,2,filled,,,,,,,,,,
20260611100719003::2989168d-5f57-4939-8d4f-da2e054325c8,FILL,2026-06-11T14:07:19.003401Z,partial_fill,57.55,1,buy,AVGO260717P00430000,1,bef1825f-e85a-4241-b95f-30b4dd01ab9a,1,partially_filled,,,,,,,,,,
20260611100712895::ea9e0725-4d9f-4d83-9109-1a6c73c06603,FILL,2026-06-11T14:07:12.895504Z,fill,19,1,buy,TSLA260717P00380000,0,55982954-250d-453d-8d49-285785b013c6,2,filled,,,,,,,,,,
20260611100712753::82c34a32-18e4-46d1-8070-12a3d23428ce,FILL,2026-06-11T14:07:12.753663Z,partial_fill,19,1,buy,TSLA260717P00380000,1,55982954-250d-453d-8d49-285785b013c6,1,partially_filled,,,,,,,,,,
20260611100707269::a7e5ae6f-43a5-412b-ad6e-76fb6f99590e,FILL,2026-06-11T14:07:07.269856Z,fill,18.05,2,buy,ORCL260717P00190000,0,2c71011e-604d-4270-931b-2bccf29061b4,2,filled,,,,,,,,,,
20260611100701395::c8244ed0-3ccf-443b-8825-3ee61062a49a,FILL,2026-06-11T14:07:01.395441Z,fill,3.1,1,buy,PEP260717C00150000,0,9013efd5-8eca-479c-a68a-7d4f1836fd19,1,filled,,,,,,,,,,
20260611100656256::b37b85ae-8512-47a7-aacc-ad233b6ab479,FILL,2026-06-11T14:06:56.256038Z,fill,4.2,2,buy,UBER260717P00070000,0,e790df49-4626-4319-a9a8-58fd6689252e,2,filled,,,,,,,,,,
20260611100651475::cd89da8a-de9a-4b04-a695-bf46ce8f7c65,FILL,2026-06-11T14:06:51.475076Z,fill,17.9,3,buy,PLTR260717P00145000,0,f5c4e57c-97b4-4bab-86df-9dec72f4e47e,3,filled,,,,,,,,,,
20260611100647025::149413bc-875a-41bf-a0e2-40ba77f17dc6,FILL,2026-06-11T14:06:47.02509Z,fill,1.32,1,buy,XLE260717C00060000,0,26eadf76-95d8-405e-a7b7-7da7459b54e7,1,filled,,,,,,,,,,
20260611100642735::721be21d-28f5-4b9d-8e53-1e33b3c8b421,FILL,2026-06-11T14:06:42.735667Z,fill,89.95,1,buy,META260717P00650000,0,18e94426-4393-4405-a91c-7723340e89a6,1,filled,,,,,,,,,,
20260611100638543::775a506c-315f-4d9c-9aaf-d1d2747cdd72,FILL,2026-06-11T14:06:38.543685Z,fill,15.25,2,buy,JNJ260717C00230000,0,4b7da293-d5e1-4c52-9eb9-72d1d117a8ad,2,filled,,,,,,,,,,
20260611100634830::66ceeeb2-8d80-468c-89be-d8e5f6e2d72b,FILL,2026-06-11T14:06:34.830044Z,fill,0.45,1,buy,PFE260717C00027000,0,321e9d53-7129-4888-9bd2-8a9d1060ed8c,1,filled,,,,,,,,,,
20260611100631251::edf65979-6246-477d-929f-7d41f3804dd5,FILL,2026-06-11T14:06:31.251219Z,fill,71.6,1,buy,AMD260717C00430000,0,ffac6a6d-28c1-4fe9-a90d-ec3603cc9782,1,filled,,,,,,,,,,
20260611100627671::ec834f0f-c263-4043-9dfc-6084d9bbcad2,FILL,2026-06-11T14:06:27.671012Z,fill,0.6,3,buy,F260717P00014000,0,d233a6cd-2688-4dc9-828d-064015bbf4b6,3,filled,,,,,,,,,,
20260611100624511::3581c219-d190-4488-a14b-d95f0e477bed,FILL,2026-06-11T14:06:24.511175Z,fill,12.75,3,buy,INTC260717C00120000,0,5baf60f4-76bd-44b7-99b0-939316a23aef,3,filled,,,,,,,,,,
20260611000000000::ffd00064-0133-41e1-83a1-21c7ceaf8e2a,FEE,,,,,,,,ccb55795-c06f-4583-b7e7-9ad6921d1919,,,OCC,2026-06-11,2026-06-12T08:23:44.797868Z,-0.02,OCC Clearing Fee,executed,be2e8fb7-b249-4e2c-8033-30b23e50b14e,USD,,
20260611000000000::fc4d2700-4458-484b-b49f-54211e2d8d68,FEE,,,,,,,,bef1825f-e85a-4241-b95f-30b4dd01ab9a,,,OCC,2026-06-11,2026-06-12T08:23:42.660007Z,-0.02,OCC Clearing Fee,executed,ed10b549-cd10-4677-9253-78564fb98350,USD,,
20260611000000000::fbb943f0-d6c4-4e98-85c2-5a000532cf46,FEE,,,,,,,,79245d91-4d4a-4fd9-b9c4-2c5731b366fd,,,OCC,2026-06-11,2026-06-12T08:24:05.231547Z,-0.06,OCC Clearing Fee,executed,07c67dd7-ad47-4e45-a1c4-7651f1b3bb6f,USD,,
20260611000000000::fbaad672-23e5-40f5-a6e2-5bec5c477891,FEE,,,,,,,,be701136-1ff1-474f-8a8f-7588ba1ef5b5,,,OCC,2026-06-11,2026-06-12T08:24:13.265989Z,-0.06,OCC Clearing Fee,executed,83b4472c-fa84-40e2-9233-c0c64e237a0e,USD,,
20260611000000000::fb346a54-8a12-44d9-8c04-125cf4cc54bb,FEE,,,,,,,,4f8179d0-6bb8-4647-8466-d58ff48e2585,,,OCC,2026-06-11,2026-06-12T08:23:42.660007Z,-0.02,OCC Clearing Fee,executed,c31a9f2d-3cb2-4be1-9a02-a1f3eec92c59,USD,,
20260611000000000::f821900a-9b56-47fb-8958-7792a70f3fea,FEE,,,,,,,,ffac6a6d-28c1-4fe9-a90d-ec3603cc9782,,,OCC,2026-06-11,2026-06-12T08:23:42.660007Z,-0.02,OCC Clearing Fee,executed,edf65979-6246-477d-929f-7d41f3804dd5,USD,,
20260611000000000::f485aa51-c957-45af-8afb-50a44c1e4954,FEE,,,,,,,,ea1033a9-d471-4779-90ad-50bfdf9ad030,,,OCC,2026-06-11,2026-06-12T08:24:22.786988Z,-0.04,OCC Clearing Fee,executed,85ebe572-60f4-427b-a48a-e9ec79759a71,USD,,
20260611000000000::ee15de54-1e1a-4d8e-b2e2-25993d6b710c,FEE,,,,,,,,1ce09772-8201-44d2-96dc-12d60890e169,,,OCC,2026-06-11,2026-06-12T08:23:59.316331Z,-0.02,OCC Clearing Fee,executed,1074bb0b-4cc4-4ed0-a415-acc3a97fa7c9,USD,,
20260611000000000::edb50ab5-bfc0-4907-b1ca-bc135c64b33f,FEE,,,,,,,,93316072-02eb-4f90-bbf3-44361ad1791c,,,OCC,2026-06-11,2026-06-12T08:23:24.187748Z,-0.02,OCC Clearing Fee,executed,4444d28e-9bd7-4560-a0e7-3c4fdd3e083e,USD,,
20260611000000000::ecb85f88-baaa-4e70-994d-e85f7cd576c4,FEE,,,,,,,,bef1825f-e85a-4241-b95f-30b4dd01ab9a,,,OCC,2026-06-11,2026-06-12T08:23:42.660007Z,-0.02,OCC Clearing Fee,executed,2989168d-5f57-4939-8d4f-da2e054325c8,USD,,
20260611000000000::e7bd5df2-4bd5-499c-9676-873f2d42ecf8,FEE,,,,,,,,350420a6-07e9-4fa2-aa46-2de423645663,,,OCC,2026-06-11,2026-06-12T08:23:24.187748Z,-0.02,OCC Clearing Fee,executed,72060cf3-f39f-4dc2-9171-2912ff434113,USD,,
20260611000000000::e763445a-fe02-4ce9-8f06-dc61f45d9625,FEE,,,,,,,,83f7cd5d-abbc-465b-b04b-28f95447ca12,,,OCC,2026-06-11,2026-06-12T08:23:26.822949Z,-0.04,OCC Clearing Fee,executed,0277c8d1-faa5-41df-896e-d28ef7976511,USD,,
20260611000000000::e56489e8-a7aa-41ef-b3de-dbd0b2b389e7,FEE,,,,,,,,91edd215-8f2a-4a2d-81bd-294d5610262a,,,OCC,2026-06-11,2026-06-12T08:23:21.451752Z,-0.02,OCC Clearing Fee,executed,b14f58d1-01e5-46d9-a22d-46afb624814a,USD,,
20260611000000000::e4ec0d15-3b59-4be4-8f0e-eabb11f19840,FEE,,,,,,,,,,,TAF,2026-06-11,2026-06-12T08:23:55.166331Z,-0.16,OPT TAF fee for proceed of 55 contracts (32 trades) on 2026-06-11 by PA3NJU1Y90R3,executed,,USD,,
20260611000000000::e4127f69-a7b3-4c8a-b29f-20d83154b4db,FEE,,,,,,,,4f8179d0-6bb8-4647-8466-d58ff48e2585,,,OCC,2026-06-11,2026-06-12T08:23:42.660007Z,-0.02,OCC Clearing Fee,executed,ec16373e-6f93-4c17-ae01-bef0d470fa7a,USD,,
20260611000000000::dfc4a00a-ea98-4f3d-8e02-ed6d2796244b,FEE,,,,,,,,55982954-250d-453d-8d49-285785b013c6,,,OCC,2026-06-11,2026-06-12T08:23:42.660007Z,-0.02,OCC Clearing Fee,executed,82c34a32-18e4-46d1-8070-12a3d23428ce,USD,,
20260611000000000::debff2b7-c73b-4c2a-be8d-aaca8120365b,FEE,,,,,,,,55982954-250d-453d-8d49-285785b013c6,,,OCC,2026-06-11,2026-06-12T08:23:42.660007Z,-0.02,OCC Clearing Fee,executed,ea9e0725-4d9f-4d83-9109-1a6c73c06603,USD,,
20260611000000000::dd58eaba-2826-4f87-baea-eb7ab50a6269,FEE,,,,,,,,be13442c-42ca-4873-bf37-6f6e6cc273c1,,,OCC,2026-06-11,2026-06-12T08:24:05.231547Z,-0.06,OCC Clearing Fee,executed,7c535f44-b608-4072-a609-8cc575534576,USD,,
20260611000000000::dad5f7ca-55fa-4846-be18-166b08148f43,FEE,,,,,,,,d75b9a8d-b083-46eb-b652-c8edb55fd91f,,,OCC,2026-06-11,2026-06-12T08:24:18.989397Z,-0.06,OCC Clearing Fee,executed,c8d5990a-922c-4ba3-82c3-49fc084a2ce7,USD,,
20260611000000000::d54d2ecb-d378-4664-8bb9-814009d2601a,FEE,,,,,,,,800e9aeb-d5bf-4d11-9e59-6d93d6a6fa33,,,OCC,2026-06-11,2026-06-12T08:23:42.660007Z,-0.04,OCC Clearing Fee,executed,a3414c9e-55e0-41b0-94fd-e8084e3f4cc1,USD,,
20260611000000000::cf779bd5-82f3-466a-8871-71b774198e5b,FEE,,,,,,,,ac777ca2-bbb6-45db-af38-8fbbaae30962,,,OCC,2026-06-11,2026-06-12T08:24:35.74345Z,-0.04,OCC Clearing Fee,executed,10024510-10d1-474b-ae4f-c19220ba9567,USD,,
20260611000000000::c89a3d94-3504-4ec5-9b89-d451da6a6071,FEE,,,,,,,,93316072-02eb-4f90-bbf3-44361ad1791c,,,OCC,2026-06-11,2026-06-12T08:23:21.451752Z,-0.04,OCC Clearing Fee,executed,5af95631-2370-46d5-88bc-9b9da6ac1f67,USD,,
20260611000000000::c35b80a1-9d21-4b3d-826e-41331ab2b510,FEE,,,,,,,,d6a8c725-dbf1-405e-b39a-cd72d85edc16,,,OCC,2026-06-11,2026-06-12T08:24:03.256213Z,-0.02,OCC Clearing Fee,executed,e84c5c9c-b315-45b8-aad6-f22e2ee4f40f,USD,,
20260611000000000::c0beb5a1-9d15-4774-8586-10fcc8af5dd9,FEE,,,,,,,,31794b1e-f2ef-4b5d-91f0-3caaefe3e4e3,,,OCC,2026-06-11,2026-06-12T08:23:24.187748Z,-0.02,OCC Clearing Fee,executed,a62fe808-d0e4-4271-8c88-f4add24095af,USD,,
20260611000000000::c07ac44e-a7e6-44e9-a8e6-b862433b6385,FEE,,,,,,,,,,,CAT,2026-06-11,2026-06-12T08:24:50.82961Z,-0.05,CAT fee for proceed of 94 trades on 2026-06-11 by PA3NJU1Y90R3,executed,,USD,,
20260611000000000::bb34bb19-cc49-4f74-9971-36455912fce2,FEE,,,,,,,,e07b3147-c86e-433b-8ce2-dd6c74000041,,,OCC,2026-06-11,2026-06-12T08:23:42.660007Z,-0.04,OCC Clearing Fee,executed,b19e18d7-1bbb-4aea-9f3f-56e70ccfb10f,USD,,
20260611000000000::bac35e69-f126-41d5-a828-a5ef3d77c761,FEE,,,,,,,,6c71e7b5-0e16-4bb3-866e-5a688c7885cf,,,OCC,2026-06-11,2026-06-12T08:23:13.157148Z,-0.02,OCC Clearing Fee,executed,2d72edb9-96a3-4dec-80ed-e6797496dbb4,USD,,
20260611000000000::ba10b9aa-5836-4a41-a0f9-b8177c2ba0b2,FEE,,,,,,,,4d22662d-8a2c-4656-98f8-e5ae2486ccb1,,,OCC,2026-06-11,2026-06-12T08:23:21.451752Z,-0.04,OCC Clearing Fee,executed,350c35ea-ba8b-4149-8779-f1df4bbfc795,USD,,
20260611000000000::b84ce399-3065-4cb7-8f2d-52803c29717c,FEE,,,,,,,,31794b1e-f2ef-4b5d-91f0-3caaefe3e4e3,,,OCC,2026-06-11,2026-06-12T08:23:24.187748Z,-0.02,OCC Clearing Fee,executed,6cbd6fae-74b9-47be-bfc6-82b86ebc9b30,USD,,
20260611000000000::b82c25c8-c7ea-4c8e-bfa3-382a20cac044,FEE,,,,,,,,ebeca874-9baa-44ff-be33-81abc33e92e6,,,OCC,2026-06-11,2026-06-12T08:23:44.797868Z,-0.06,OCC Clearing Fee,executed,443212e3-242a-4a31-951b-d57ce3603ede,USD,,
20260611000000000::b5a3d674-7ed6-4f87-b3da-8929a7606f6c,FEE,,,,,,,,ad04fb6e-bd8f-4a88-af20-47917cc32369,,,OCC,2026-06-11,2026-06-12T08:24:35.74345Z,-0.02,OCC Clearing Fee,executed,4561d9e1-551f-4cd7-b20e-2675a8a01a0e,USD,,
20260611000000000::b2751de8-7bc2-44ea-8ec9-97df92ebc55f,FEE,,,,,,,,1ced3aa0-2394-43af-a587-cfea27933ef3,,,OCC,2026-06-11,2026-06-12T08:24:17.083359Z,-0.02,OCC Clearing Fee,executed,22641bb7-17d3-4739-80b9-037aff979fc9,USD,,
20260611000000000::aeebdf59-b88b-4c3f-b0f2-5feb2982fb23,FEE,,,,,,,,4b7da293-d5e1-4c52-9eb9-72d1d117a8ad,,,OCC,2026-06-11,2026-06-12T08:23:42.660007Z,-0.04,OCC Clearing Fee,executed,775a506c-315f-4d9c-9aaf-d1d2747cdd72,USD,,
20260611000000000::ad213356-374a-46a3-9dbd-6a6c8d23d1ed,FEE,,,,,,,,832278f7-b097-483f-82aa-05ec73e825f6,,,OCC,2026-06-11,2026-06-12T08:24:26.526557Z,-0.02,OCC Clearing Fee,executed,01ca9e3c-df40-4e64-beef-3c51e6a76538,USD,,
20260611000000000::a638b7eb-158e-4b31-a2b4-6753d3b2abd2,FEE,,,,,,,,e790df49-4626-4319-a9a8-58fd6689252e,,,OCC,2026-06-11,2026-06-12T08:23:42.660007Z,-0.04,OCC Clearing Fee,executed,b37b85ae-8512-47a7-aacc-ad233b6ab479,USD,,
20260611000000000::a53030af-780a-416a-8214-c97df502c92a,FEE,,,,,,,,4bb2ca7e-0c0f-4f83-9b6e-3d64352d1b36,,,OCC,2026-06-11,2026-06-12T08:23:42.660007Z,-0.06,OCC Clearing Fee,executed,2a80f228-1f6c-4608-829f-8e3f9475df07,USD,,
20260611000000000::9a2b87c9-4242-4181-964e-26f29ce87c02,FEE,,,,,,,,e118ecc1-5315-4613-90fa-9fecfbedf5e0,,,OCC,2026-06-11,2026-06-12T08:23:21.451752Z,-0.02,OCC Clearing Fee,executed,ffd49c82-cf56-4228-bb71-eab5dfd8739c,USD,,
20260611000000000::977582a4-d04b-4f92-87e9-11af83ef69cf,FEE,,,,,,,,1f8760c7-ad19-4d7f-8ced-ab5d85889097,,,OCC,2026-06-11,2026-06-12T08:23:59.316331Z,-0.04,OCC Clearing Fee,executed,2c31d6ce-77d6-47b7-ac33-719d96ff7b0f,USD,,
20260611000000000::96439dea-b25b-413e-a3de-7cb30365a844,FEE,,,,,,,,927a778e-cab2-4c31-a222-a4ee464753e2,,,OCC,2026-06-11,2026-06-12T08:23:59.316331Z,-0.02,OCC Clearing Fee,executed,40aa7bc3-5778-4681-b16d-a82e01ea84a0,USD,,
20260611000000000::9536af9c-31b5-49ae-b25c-0ec123939ea9,FEE,,,,,,,,3de53782-f0bf-46a7-90f2-53fd46bd9a5f,,,OCC,2026-06-11,2026-06-12T08:24:01.307395Z,-0.04,OCC Clearing Fee,executed,6c7f2c51-7676-46c5-a995-fe11566cfe3a,USD,,
20260611000000000::91c5d812-d73f-4ae3-97ea-cb49e25991d5,FEE,,,,,,,,e58513f0-1ecf-4a3d-bfeb-37251b5a4293,,,OCC,2026-06-11,2026-06-12T08:23:26.822949Z,-0.04,OCC Clearing Fee,executed,f28f2914-9ede-4962-af3a-fa89b9d0b238,USD,,
20260611000000000::8e2d177a-a1eb-4cab-9138-18e70b56583d,FEE,,,,,,,,ba25b5c3-a4d4-4c20-91a1-ebbc2b586ef4,,,OCC,2026-06-11,2026-06-12T08:24:20.866287Z,-0.02,OCC Clearing Fee,executed,d344c816-1625-4ad8-8390-de7bd2961f94,USD,,
20260611000000000::8d53cd9a-4d9e-4d1a-b9b2-b39cb84950b6,FEE,,,,,,,,cc3080d1-03e3-49a5-831f-3e64bb9483de,,,OCC,2026-06-11,2026-06-12T08:24:24.666374Z,-0.06,OCC Clearing Fee,executed,781c2570-fbbd-41dc-a6b7-646423f212b3,USD,,
20260611000000000::888b37f8-2559-4648-8840-bdad5714b202,FEE,,,,,,,,1b4a3a74-2075-4e4d-8e13-78d72196be65,,,OCC,2026-06-11,2026-06-12T08:22:31.310495Z,-0.06,OCC Clearing Fee,executed,1374ed4d-a014-451a-b68c-766fea52adb0,USD,,
20260611000000000::869f84ec-4671-4146-bbe6-d56a1ccc2769,FEE,,,,,,,,bbd658a8-39c6-4af4-94ca-0cd27bd66f3f,,,OCC,2026-06-11,2026-06-12T08:24:01.307395Z,-0.04,OCC Clearing Fee,executed,368c4f3f-4451-413f-92dd-004955c23141,USD,,
20260611000000000::845370eb-7f2c-4b46-8673-16c24ac1160c,FEE,,,,,,,,1c759159-8bcd-42ca-921d-66e05b71f0f1,,,OCC,2026-06-11,2026-06-12T08:24:01.307395Z,-0.02,OCC Clearing Fee,executed,fad636c1-b31b-423b-8a7d-cf8af229fa5f,USD,,
20260611000000000::81bbbdef-762c-4946-931d-4ec69505648b,FEE,,,,,,,,ef951871-9198-428c-8af1-ff7e7d105af8,,,OCC,2026-06-11,2026-06-12T08:24:05.231547Z,-0.02,OCC Clearing Fee,executed,0363b7fc-8a9d-42be-bffd-0ad2a3c1d10e,USD,,
20260611000000000::803a23ae-ab6d-48ab-a26f-c683b4e5f669,FEE,,,,,,,,f0472f16-ba2e-47c0-8d1d-f89ac2aea00c,,,OCC,2026-06-11,2026-06-12T08:23:26.822949Z,-0.02,OCC Clearing Fee,executed,e3d12783-d7b1-4f9a-9068-a064b5e76caf,USD,,
20260611000000000::8028e66f-8c9d-4d97-831e-89ec84a8112e,FEE,,,,,,,,202a439d-0602-4ad2-ada1-add44d04e911,,,OCC,2026-06-11,2026-06-12T08:23:05.333531Z,-0.04,OCC Clearing Fee,executed,6c7626cc-6348-468f-95c6-0b67222fe9d3,USD,,
20260611000000000::7a8f747f-77b7-4204-8890-a8eb3db4cb31,FEE,,,,,,,,c4f5bdd5-4458-4831-894f-121c32737f96,,,OCC,2026-06-11,2026-06-12T08:24:03.256213Z,-0.04,OCC Clearing Fee,executed,511ef046-95b0-48b0-abb7-59b5f9820a66,USD,,
20260611000000000::7a115610-6668-468a-8ba9-ae0fe2c64b9b,FEE,,,,,,,,6c71e7b5-0e16-4bb3-866e-5a688c7885cf,,,OCC,2026-06-11,2026-06-12T08:23:13.157148Z,-0.04,OCC Clearing Fee,executed,7402c440-81bf-473e-9cfd-08f0b9fa7568,USD,,
20260611000000000::769b28c9-8453-4a26-bd07-76aed262e5af,FEE,,,,,,,,c7797580-f04f-471e-a001-9094ccac2e07,,,OCC,2026-06-11,2026-06-12T08:24:01.307395Z,-0.04,OCC Clearing Fee,executed,05336085-3e4a-4ca2-a3ff-ff14bddcc9d8,USD,,
20260611000000000::7656deb3-6319-4465-a0c1-3b51718d190a,FEE,,,,,,,,11a8fcf9-c6bc-4872-80b8-d76e17162590,,,OCC,2026-06-11,2026-06-12T08:23:05.333531Z,-0.06,OCC Clearing Fee,executed,13cb25cf-4b77-45d4-b933-82157e794de5,USD,,
20260611000000000::75ccaf6b-eec7-4500-90a2-2e168a534696,FEE,,,,,,,,6f4d1f83-0478-4d65-8e1c-d9606f44fb35,,,OCC,2026-06-11,2026-06-12T08:24:03.256213Z,-0.02,OCC Clearing Fee,executed,5b9465fb-749e-40e9-a891-0f9b571f8ba9,USD,,
20260611000000000::732e5fa3-cbf7-4865-b26a-712d649e0337,FEE,,,,,,,,321e9d53-7129-4888-9bd2-8a9d1060ed8c,,,OCC,2026-06-11,2026-06-12T08:23:42.660007Z,-0.02,OCC Clearing Fee,executed,66ceeeb2-8d80-468c-89be-d8e5f6e2d72b,USD,,
20260611000000000::6f85a31a-74d7-4cb2-9ef9-d61fd5520d28,FEE,,,,,,,,9d3c5cc6-392f-4c70-bd29-0af9397f319d,,,OCC,2026-06-11,2026-06-12T08:23:59.316331Z,-0.06,OCC Clearing Fee,executed,cef49344-228f-4435-948a-70998854e8ba,USD,,
20260611000000000::6e40069d-422a-4181-be59-08ee5e27e7ce,FEE,,,,,,,,595bb4dd-4e57-47df-af7b-7bd80449abd4,,,OCC,2026-06-11,2026-06-12T08:23:42.660007Z,-0.02,OCC Clearing Fee,executed,a87c840b-01f1-4554-a01e-ec58b65958fe,USD,,
20260611000000000::6b9618a9-5d16-45a5-aac9-04b5e2e9e709,FEE,,,,,,,,ac727f65-ad58-47bf-a3f2-5a818e707ec4,,,OCC,2026-06-11,2026-06-12T08:24:22.786988Z,-0.02,OCC Clearing Fee,executed,ed7ce78a-ca6e-4262-8915-0d14debc58a2,USD,,
20260611000000000::67cf6f33-79ef-4a59-b489-b3890f135bf3,FEE,,,,,,,,,,,ORF,2026-06-11,2026-06-12T08:23:57.295724Z,-4.38,ORF fee for proceed of 163 contracts on 2026-06-11 by PA3NJU1Y90R3,executed,,USD,,
20260611000000000::673850bb-49b4-4f06-b238-145d1d4a6304,FEE,,,,,,,,fec52711-4ce6-4b8e-8e0b-8ae42746d110,,,OCC,2026-06-11,2026-06-12T08:23:21.451752Z,-0.04,OCC Clearing Fee,executed,c5d72b29-fa16-46b8-a6dd-a95320a94c59,USD,,
20260611000000000::63f91858-b233-4375-bf5b-fc64d73ceeea,FEE,,,,,,,,9e8d8c09-42b1-4835-bbee-5700858c10c0,,,OCC,2026-06-11,2026-06-12T08:23:09.848811Z,-0.04,OCC Clearing Fee,executed,65acd55c-bfd4-4447-ab56-503ab1cced9a,USD,,
20260611000000000::62fd79e2-a879-498a-84b6-2dfbba4ef77a,FEE,,,,,,,,60ba4acb-468f-4f16-843e-86f35683750d,,,OCC,2026-06-11,2026-06-12T08:23:57.295724Z,-0.04,OCC Clearing Fee,executed,addab01d-7f2e-4d28-b884-5b04b1933b39,USD,,
20260611000000000::611f7e20-c74d-4d3b-9362-1a17fbe6dbcd,FEE,,,,,,,,a8ef5053-46c2-4a0d-bd00-f306a1b2c25c,,,OCC,2026-06-11,2026-06-12T08:23:26.822949Z,-0.04,OCC Clearing Fee,executed,5c0e1a18-d5b0-4b3b-bb5e-cdb329463b36,USD,,
20260611000000000::60e73325-9c36-4390-93c8-efbd7d2b40f8,FEE,,,,,,,,c3f2b507-f32a-4e96-bdf7-4791b183759d,,,OCC,2026-06-11,2026-06-12T08:23:42.660007Z,-0.04,OCC Clearing Fee,executed,78ddc406-a441-42e0-a8aa-a88f4f8dd0c0,USD,,
20260611000000000::5c69426a-9eb8-45de-a496-b9f6ee422ec2,FEE,,,,,,,,f5c4e57c-97b4-4bab-86df-9dec72f4e47e,,,OCC,2026-06-11,2026-06-12T08:23:42.660007Z,-0.06,OCC Clearing Fee,executed,cd89da8a-de9a-4b04-a695-bf46ce8f7c65,USD,,
20260611000000000::56681b3d-80d8-48f4-8289-6558cb090880,FEE,,,,,,,,9013efd5-8eca-479c-a68a-7d4f1836fd19,,,OCC,2026-06-11,2026-06-12T08:23:42.660007Z,-0.02,OCC Clearing Fee,executed,c8244ed0-3ccf-443b-8825-3ee61062a49a,USD,,
20260611000000000::52238c5a-c4b4-4c96-8bfb-6603062f5f0f,FEE,,,,,,,,595bb4dd-4e57-47df-af7b-7bd80449abd4,,,OCC,2026-06-11,2026-06-12T08:23:44.797868Z,-0.02,OCC Clearing Fee,executed,2f94705d-c6b1-41a1-92fd-154d72964140,USD,,
20260611000000000::51b9f983-1f25-4dea-a321-8d992eae86f1,FEE,,,,,,,,4927e471-27c8-4f07-8ce9-33f96b2d8fbb,,,OCC,2026-06-11,2026-06-12T08:23:42.660007Z,-0.06,OCC Clearing Fee,executed,a4746c5d-c0fa-4461-800b-10b9fecbbf05,USD,,
20260611000000000::50ca557b-aa9f-44a3-87ac-f7e0a2d2d5e7,FEE,,,,,,,,d173af25-cc57-4050-836f-6102af1681d6,,,OCC,2026-06-11,2026-06-12T08:23:42.660007Z,-0.04,OCC Clearing Fee,executed,a0cef21a-a635-4605-bc31-92ba4bb09e8d,USD,,
20260611000000000::5076c03c-cce8-445e-9264-4a7cecfb1657,FEE,,,,,,,,d3a35b1d-b7d1-49b6-a8b0-6e27fd7f5ddd,,,OCC,2026-06-11,2026-06-12T08:24:33.924134Z,-0.04,OCC Clearing Fee,executed,89998ce4-a5ef-4fc4-9c16-7e8a20fd4097,USD,,
20260611000000000::4fa988ce-2b6d-47f4-81b6-6e4637a533f2,FEE,,,,,,,,9c09e51e-b954-4a38-8390-d0847635eeb2,,,OCC,2026-06-11,2026-06-12T08:23:42.660007Z,-0.02,OCC Clearing Fee,executed,9b76abbc-d31d-46af-a3a2-66d6b7e08ace,USD,,
20260611000000000::4df0a175-0013-4615-973a-330e9c3199f0,FEE,,,,,,,,9c9c10d2-966e-49cb-9d14-ee2e5f443851,,,OCC,2026-06-11,2026-06-12T08:24:35.74345Z,-0.04,OCC Clearing Fee,executed,868910cb-92a8-4780-8b1f-8dc533012263,USD,,
20260611000000000::4ccceae1-87f9-468f-9173-1735f6134002,FEE,,,,,,,,5b2fcf7d-6652-4e3a-94b2-3a1186506472,,,OCC,2026-06-11,2026-06-12T08:23:42.660007Z,-0.04,OCC Clearing Fee,executed,fbc0e8ba-2da2-4bcf-a4fa-f44f9eac1678,USD,,
20260611000000000::4c72d1d0-6711-421e-ad75-4905798b691a,FEE,,,,,,,,5baf60f4-76bd-44b7-99b0-939316a23aef,,,OCC,2026-06-11,2026-06-12T08:23:42.660007Z,-0.06,OCC Clearing Fee,executed,3581c219-d190-4488-a14b-d95f0e477bed,USD,,
20260611000000000::4bcb6ded-6a72-4c8d-a911-99b1655c7310,FEE,,,,,,,,5c360f0b-a733-486d-a4e2-bc97771cec19,,,OCC,2026-06-11,2026-06-12T08:22:43.92682Z,-0.02,OCC Clearing Fee,executed,a4348344-f499-4d56-8e24-88aaa1b2ab6f,USD,,
20260611000000000::48ca9052-77e0-4548-9c28-8b835e819df2,FEE,,,,,,,,430fa818-8ce9-42de-b82f-a09f028d2d82,,,OCC,2026-06-11,2026-06-12T08:24:03.256213Z,-0.02,OCC Clearing Fee,executed,b65b1993-9a23-410f-abd7-3105f84d0f8f,USD,,
20260611000000000::305c0524-59e0-47e0-b014-7bfe30a2bb39,FEE,,,,,,,,9cd22113-f8c4-4a29-95b5-e67becd8c4f9,,,OCC,2026-06-11,2026-06-12T08:23:42.660007Z,-0.02,OCC Clearing Fee,executed,9af50e1f-22e4-42ae-a2d4-83f3ef2d7c1b,USD,,
20260611000000000::2edadb67-cebf-4a3a-959d-d8d6c5f6f8cd,FEE,,,,,,,,45b0e7b5-7bc1-46f2-8681-c6f4e31602be,,,OCC,2026-06-11,2026-06-12T08:23:42.660007Z,-0.06,OCC Clearing Fee,executed,5d321865-87c5-4201-a957-d36f5b2217d3,USD,,
20260611000000000::2a437dfb-b0a9-4148-ace1-45f1723a3b58,FEE,,,,,,,,8b98b9c6-c247-4b57-ae96-7a9271215d0a,,,OCC,2026-06-11,2026-06-12T08:23:57.295724Z,-0.04,OCC Clearing Fee,executed,af3f242d-4c06-465d-9b3a-a4b93cc7e894,USD,,
20260611000000000::29cb29b6-8e04-40a7-af9c-9763ca4c283f,FEE,,,,,,,,e69653a4-739e-4491-a4c4-f63f555ad7cc,,,OCC,2026-06-11,2026-06-12T08:23:26.822949Z,-0.04,OCC Clearing Fee,executed,641911a5-8b4e-4e86-8158-3d540313d2b7,USD,,
20260611000000000::25f1eb4c-3c87-4c75-8306-0e60fa1db5eb,FEE,,,,,,,,d6fc43c3-cc90-4d2b-b816-cca04ce57537,,,OCC,2026-06-11,2026-06-12T08:23:44.797868Z,-0.02,OCC Clearing Fee,executed,b73adc16-1493-4e9d-8bae-b34f20f4614f,USD,,
20260611000000000::217f23f6-65c2-40a6-802a-393002770f7b,FEE,,,,,,,,595bb4dd-4e57-47df-af7b-7bd80449abd4,,,OCC,2026-06-11,2026-06-12T08:23:42.660007Z,-0.02,OCC Clearing Fee,executed,a2a5257a-99ef-44e7-92db-1fe574862dbf,USD,,
20260611000000000::214ba868-402d-4a38-9f54-076255b28e77,FEE,,,,,,,,f07644ac-b406-45e6-a84f-8ece8c80a5a8,,,OCC,2026-06-11,2026-06-12T08:23:42.660007Z,-0.06,OCC Clearing Fee,executed,ac8508ba-15f4-4bc3-8f84-6638076d1e94,USD,,
20260611000000000::210e1082-d13a-4cc9-921f-67d4016aae62,FEE,,,,,,,,a1714035-73e0-40c0-b413-3e42e700c435,,,OCC,2026-06-11,2026-06-12T08:22:36.458009Z,-0.04,OCC Clearing Fee,executed,addeda3f-21ec-404c-bc8e-f40120f5bdf9,USD,,
20260611000000000::2034c176-7321-4eaf-b2e5-f3a2fdbeb4e7,FEE,,,,,,,,b8c23ccd-ed71-4487-92b0-d779b2245dc7,,,OCC,2026-06-11,2026-06-12T08:24:20.866287Z,-0.04,OCC Clearing Fee,executed,d029926c-82b0-4695-af1b-8f9ac1908957,USD,,
20260611000000000::1ff5aad4-dc6b-4393-ae38-348589b3bba4,FEE,,,,,,,,18e94426-4393-4405-a91c-7723340e89a6,,,OCC,2026-06-11,2026-06-12T08:23:42.660007Z,-0.02,OCC Clearing Fee,executed,721be21d-28f5-4b9d-8e53-1e33b3c8b421,USD,,
20260611000000000::16e93f3c-25b0-442e-a1e7-2b58e694597a,FEE,,,,,,,,8b27e16f-f193-447e-a6d7-a8333d42a3d7,,,OCC,2026-06-11,2026-06-12T08:24:20.866287Z,-0.04,OCC Clearing Fee,executed,99108048-2953-4d98-9ead-7ff132a6a3b1,USD,,
20260611000000000::1351ced9-0c92-4888-a49c-1f56ae55ae73,FEE,,,,,,,,29afe18e-3668-4964-8f3b-fb01f684b6e7,,,OCC,2026-06-11,2026-06-12T08:23:42.660007Z,-0.02,OCC Clearing Fee,executed,15f49f01-b67c-4a4b-b1d8-6b3e9ea1b79a,USD,,
20260611000000000::10454d71-047f-43aa-b610-aaea6cb4d7ca,FEE,,,,,,,,2c71011e-604d-4270-931b-2bccf29061b4,,,OCC,2026-06-11,2026-06-12T08:23:42.660007Z,-0.04,OCC Clearing Fee,executed,a7e5ae6f-43a5-412b-ad6e-76fb6f99590e,USD,,
20260611000000000::0da54498-ba2f-4cb3-8139-5bd7c60b0740,FEE,,,,,,,,d233a6cd-2688-4dc9-828d-064015bbf4b6,,,OCC,2026-06-11,2026-06-12T08:23:42.660007Z,-0.06,OCC Clearing Fee,executed,ec834f0f-c263-4043-9dfc-6084d9bbcad2,USD,,
20260611000000000::0d18439e-40e7-4a88-9a39-a70dc8c14db5,FEE,,,,,,,,52af9726-e78b-473b-9b7f-0b594883e6e7,,,OCC,2026-06-11,2026-06-12T08:24:11.284926Z,-0.02,OCC Clearing Fee,executed,4d230ca5-afc3-415b-ba68-34b96affaf4f,USD,,
20260611000000000::0ac20167-b96a-4f5d-a814-51829a7033ea,FEE,,,,,,,,5a557db3-492c-47ed-8d1b-2d34926eed27,,,OCC,2026-06-11,2026-06-12T08:23:26.822949Z,-0.02,OCC Clearing Fee,executed,79554c2c-81aa-4c8a-9f63-480648b1800c,USD,,
20260611000000000::0a8ec759-693a-47ae-a7f8-2337493d8a6c,FEE,,,,,,,,4e565542-9b29-4da9-bade-323f804244d3,,,OCC,2026-06-11,2026-06-12T08:22:47.073593Z,-0.06,OCC Clearing Fee,executed,4b79d22b-e69e-486b-88f6-b984864de796,USD,,
20260611000000000::03904880-792c-4e1b-999b-5c51ae70b00d,FEE,,,,,,,,a1ea2f67-c901-4e48-94a6-1912c07f8c42,,,OCC,2026-06-11,2026-06-12T08:23:24.187748Z,-0.04,OCC Clearing Fee,executed,f74d1636-0755-4012-9491-e827ed8f1792,USD,,
20260611000000000::033adf13-8fc1-4613-9018-2a7395dc8e16,FEE,,,,,,,,f2d15f23-5e6a-416c-a1b7-d81201eee3da,,,OCC,2026-06-11,2026-06-12T08:23:44.797868Z,-0.04,OCC Clearing Fee,executed,59aa85a9-200e-433e-acb7-0638fa6ded32,USD,,
20260611000000000::010e9925-ccbb-4de7-9b33-54494790c2bf,FEE,,,,,,,,26eadf76-95d8-405e-a7b7-7da7459b54e7,,,OCC,2026-06-11,2026-06-12T08:23:42.660007Z,-0.02,OCC Clearing Fee,executed,149413bc-875a-41bf-a0e2-40ba77f17dc6,USD,,
20260611000000000::000579f4-9015-4504-82fc-2a64fb2c128a,FEE,,,,,,,,291a41b7-3945-44a6-ae95-314ed0181942,,,OCC,2026-06-11,2026-06-12T08:24:24.666374Z,-0.04,OCC Clearing Fee,executed,08647e67-e3f0-4617-aaab-ea5a4312ff59,USD,,
20260610154636040::81eb4908-ede1-4d63-87b8-8b0570379a3a,FILL,2026-06-10T19:46:36.040764Z,fill,2.66,2,sell,CVS260717C00100000,0,40968aa3-d0d9-441c-9557-76d0c44d4074,2,filled,,,,,,,,,,
20260610154635813::95a8d15c-193b-41e8-83c7-f53dae19549e,FILL,2026-06-10T19:46:35.813567Z,fill,5.45,1,sell,V260717C00335000,0,63dc7a5d-68b9-4696-985f-6cc6ef49ec58,1,filled,,,,,,,,,,
20260610154635587::4c18cda2-0a0c-44f0-896c-9c77bb4cc31a,FILL,2026-06-10T19:46:35.587795Z,fill,0.43,1,sell,RR260710P00002500,0,8dea2c8b-9ab4-4ec7-a1a6-148a7043d4d4,3,filled,,,,,,,,,,
20260610154635457::88fd861e-cf01-4149-9b5b-75196d52315e,FILL,2026-06-10T19:46:35.457226Z,partial_fill,0.43,2,sell,RR260710P00002500,1,8dea2c8b-9ab4-4ec7-a1a6-148a7043d4d4,2,partially_filled,,,,,,,,,,
20260610154635335::57888b52-9fe8-4bec-bdf2-0969daa762a9,FILL,2026-06-10T19:46:35.335872Z,fill,3.8,1,sell,CVX260717C00200000,0,f7d0fe33-b919-4908-8387-62cb6f013355,1,filled,,,,,,,,,,
20260610154635229::30db0abf-2d32-499d-be11-19afff3057e2,FILL,2026-06-10T19:46:35.229458Z,fill,7.7,1,sell,HD260717C00330000,0,40037358-adc8-4191-a704-112d9f49becc,3,filled,,,,,,,,,,
20260610154635105::ed484492-980c-4a99-9f07-059bc54d9a97,FILL,2026-06-10T19:46:35.105378Z,partial_fill,7.7,2,sell,HD260717C00330000,1,40037358-adc8-4191-a704-112d9f49becc,2,partially_filled,,,,,,,,,,
20260610154634870::2bbcbcf0-3034-4b71-81df-165cba298c0c,FILL,2026-06-10T19:46:34.870762Z,fill,1.5,2,sell,SO260710C00096000,0,13479e17-1752-4a89-9eb3-ecfa1f5e6143,2,filled,,,,,,,,,,
20260610154634405::4e481ef1-b133-44ed-b343-1586a4a89d5d,FILL,2026-06-10T19:46:34.405473Z,fill,4.7,2,sell,PEP260717C00145000,0,e65c881d-d9d6-4bfb-920a-24a3ae8fbf22,2,filled,,,,,,,,,,
20260610154633953::dede6fcb-b122-4591-91da-86a949bb2d60,FILL,2026-06-10T19:46:33.953622Z,fill,2.75,2,sell,MRK260717P00115000,0,4d79e7c0-94eb-4d0b-a7c9-0dd0630e27c1,2,filled,,,,,,,,,,
20260610154633838::5c53ec2a-dab2-40ac-9a0a-d24836f2ae0f,FILL,2026-06-10T19:46:33.838629Z,fill,3.7,1,sell,JNJ260717C00250000,0,7c7c75f8-c2f0-4baa-8d05-58588cb0a23e,2,filled,,,,,,,,,,
20260610154633719::9384af19-4f55-46c6-bab1-8a452a82fb0d,FILL,2026-06-10T19:46:33.719428Z,partial_fill,3.7,1,sell,JNJ260717C00250000,1,7c7c75f8-c2f0-4baa-8d05-58588cb0a23e,1,partially_filled,,,,,,,,,,
20260610154633603::e74f541a-ae0b-41d9-ba32-398ddd58ea56,FILL,2026-06-10T19:46:33.603493Z,fill,12.2,1,sell,MO260717C00060000,0,210a9c1d-15df-4fe8-8893-5af4ac5f5e26,2,filled,,,,,,,,,,
20260610154633482::b62c734c-12d5-4346-a777-e3469af01c21,FILL,2026-06-10T19:46:33.482829Z,partial_fill,12.2,1,sell,MO260717C00060000,1,210a9c1d-15df-4fe8-8893-5af4ac5f5e26,1,partially_filled,,,,,,,,,,
20260610154633251::9a2077e8-3f38-4530-b01d-b102bc2f12dc,FILL,2026-06-10T19:46:33.251563Z,fill,10.4,3,sell,KO260717C00072500,0,28e2f82d-d0cd-4fed-bf80-f2b49e1f754f,3,filled,,,,,,,,,,
20260610154633002::6a35f373-7dd2-4e65-b2f7-9487b490cc61,FILL,2026-06-10T19:46:33.002154Z,fill,11.35,2,sell,ADBE260717P00225000,0,a187f696-07f8-440f-912d-c96beadcdc61,2,filled,,,,,,,,,,
20260610154632771::26c2f652-27b2-4f38-bb6e-f1d37be50d96,FILL,2026-06-10T19:46:32.771892Z,fill,30.75,1,sell,ABBV260717C00195000,0,d5cba659-0000-4104-868b-06abce4d8609,1,filled,,,,,,,,,,
20260610154632538::3b9a9185-3170-43c6-98c7-d4929210dbd4,FILL,2026-06-10T19:46:32.538951Z,fill,74.65,1,sell,UNH260717C00330000,0,7d675d79-67a7-4631-8224-61b8cc9e55a5,1,filled,,,,,,,,,,
20260610154632295::3f6cc530-0329-4d12-b987-e03a1239f078,FILL,2026-06-10T19:46:32.295355Z,fill,11.05,3,sell,CRM260717P00175000,0,8b4242ed-799f-4a1b-b31d-8c10b78788ed,3,filled,,,,,,,,,,
20260610154632179::a803ac68-4cb0-4902-b53e-1e819065de86,FILL,2026-06-10T19:46:32.1797Z,fill,23.25,3,sell,ORCL260717P00210000,0,8adea66a-74cd-48c9-b737-9007d0c4bb14,3,filled,,,,,,,,,,
20260610154618279::ccbe55b3-86a0-4e74-82ee-a614e0d285c6,FILL,2026-06-10T19:46:18.279697Z,fill,22.45,2,sell,META260717P00570000,0,3ae26fc4-a62c-487d-88ba-4ee54c5f3fd5,2,filled,,,,,,,,,,
20260610153044285::7bfe88d2-4180-4766-9297-73276e22937b,FILL,2026-06-10T19:30:44.285235Z,fill,2.28,1,sell,SCHW260717C00092500,0,58ff2fc6-984e-4629-8c12-66eb1ddb5e71,1,filled,,,,,,,,,,
20260610144252338::3964b6c4-75df-4424-a080-0ea5e8b5743b,FILL,2026-06-10T18:42:52.338981Z,fill,3.1,2,buy,CVS260717C00100000,0,830f5500-cb29-4b39-9aef-cb4ce55d76e8,2,filled,,,,,,,,,,
20260610144244537::c0b05258-268b-4f6f-aba8-1f16a29d6718,FILL,2026-06-10T18:42:44.537812Z,fill,6.35,1,buy,V260717C00335000,0,f6a4eb7b-7d18-45e9-b402-2d88a342dc48,1,filled,,,,,,,,,,
20260610142441999::daf1c6ce-e3f4-49e5-920b-83b19a12159b,FILL,2026-06-10T18:24:41.999941Z,fill,0.52,3,buy,RR260710P00002500,0,b0bb8ae9-25e7-462e-8323-455b5a383c4f,3,filled,,,,,,,,,,
20260610140616974::7cddc49b-a501-4fa0-8c26-8156a29b7e85,FILL,2026-06-10T18:06:16.974327Z,fill,47.05,2,sell,AMD260717P00470000,0,702a6875-7fd8-4a3e-a328-926bcab5b0fb,2,filled,,,,,,,,,,
20260610140615919::cd74fb9b-1b61-4083-802d-e8085631b030,FILL,2026-06-10T18:06:15.919341Z,fill,25.05,3,sell,TSLA260717P00390000,0,a26fff34-b912-4a37-b566-6cf28c925ff8,3,filled,,,,,,,,,,
20260610135006435::cf83b5a6-b6d6-4cb1-a666-742ffc6bc692,FILL,2026-06-10T17:50:06.435275Z,fill,18.67,2,sell,QQQ260710P00691000,0,f458feb2-e9f4-413c-b6a7-8077266733af,2,filled,,,,,,,,,,
20260610135005356::d2320d74-0e10-4245-9da5-da3d34ff01dd,FILL,2026-06-10T17:50:05.356441Z,fill,15.85,2,sell,INTC260717P00115000,0,4bf4be30-f960-4afd-9955-564bbb3c9565,2,filled,,,,,,,,,,
20260610135004293::755859df-a629-4136-b35f-adcd48fdef36,FILL,2026-06-10T17:50:04.293757Z,fill,10.72,2,sell,SPY260710P00720000,0,11bde624-3565-4507-93ac-7e31c11a3ec8,2,filled,,,,,,,,,,
20260610135001438::f942a9ff-bfb7-42e3-90fe-4afcc305acac,FILL,2026-06-10T17:50:01.438352Z,fill,3.65,2,sell,PG260717C00150000,0,6082701a-7155-4108-b4ba-3c17f4099e96,2,filled,,,,,,,,,,
20260610134953297::f127234c-3d46-4ef6-aee7-25211821c6a7,FILL,2026-06-10T17:49:53.297787Z,fill,12.5,2,sell,GOOGL260717P00355000,0,29a9ad4c-8a70-4a7f-8db3-75518295333a,2,filled,,,,,,,,,,
20260610134939389::8ac07244-90b3-4256-99da-a3296c9aeff9,FILL,2026-06-10T17:49:39.389306Z,fill,19.35,2,sell,AVGO260717P00370000,0,14298131-da5e-4f39-82ca-e96551acc29e,2,filled,,,,,,,,,,
20260610133246704::36611229-ec51-426b-8e5d-63eaacf1e0bf,FILL,2026-06-10T17:32:46.704264Z,fill,3.6,2,sell,BAC260717C00052500,0,62067b95-b0a0-443c-b4e1-99b999f95fa5,2,filled,,,,,,,,,,
20260610131745003::b91b62f8-60f0-4cca-b8ee-1b7d3bba952f,FILL,2026-06-10T17:17:45.003498Z,fill,4.55,1,buy,CVX260717C00200000,0,4b99c30c-ccdc-4420-a45d-8c69a031b994,1,filled,,,,,,,,,,
20260610122610277::e9345c66-686e-405e-ad4d-8811a4732728,FILL,2026-06-10T16:26:10.277232Z,fill,1,1,sell,ENB260717C00057500,0,80de571c-c26c-4587-a697-2a747da0b0a4,1,filled,,,,,,,,,,
20260610121046785::6001e201-f23f-4f23-828f-f821db880948,FILL,2026-06-10T16:10:46.78578Z,fill,8.95,3,buy,HD260717C00330000,0,a8b430e5-2bc3-485e-a97d-065e588860dd,3,filled,,,,,,,,,,
20260610121036974::a9368290-b130-4d96-b5a7-38cec5816219,FILL,2026-06-10T16:10:36.974088Z,fill,1.45,2,buy,SO260710C00096000,0,e6be75a5-ab5d-484b-a1cc-1daa36ec9d76,2,filled,,,,,,,,,,
20260610121027135::d0aa8777-539d-4e60-966f-1dd876de6f0a,FILL,2026-06-10T16:10:27.135018Z,fill,19.13,2,buy,QQQ260710P00691000,0,d04bc4b0-65b8-46b5-ad26-1ae45d8f44c8,2,filled,,,,,,,,,,
20260610121017463::914cbc35-e679-4e01-845a-f257e6a6e706,FILL,2026-06-10T16:10:17.463423Z,fill,16.45,2,buy,INTC260717P00115000,0,dcd0ae91-f725-431e-9860-bf9cc0ee0de4,2,filled,,,,,,,,,,
20260610121008748::11049405-8fa7-4963-833e-2750eddef353,FILL,2026-06-10T16:10:08.748Z,fill,11.07,1,buy,SPY260710P00720000,0,a36f2369-1573-4a74-a405-b46a67eac9a2,2,filled,,,,,,,,,,
20260610121008639::27198c0c-4eda-4325-9a00-e7f33e570c01,FILL,2026-06-10T16:10:08.639739Z,partial_fill,11.07,1,buy,SPY260710P00720000,1,a36f2369-1573-4a74-a405-b46a67eac9a2,1,partially_filled,,,,,,,,,,
20260610120959261::ad3f0870-4158-4168-8668-16a16f37cdf9,FILL,2026-06-10T16:09:59.261414Z,fill,20.65,2,buy,META260717P00570000,0,d292d917-ad11-4c29-8deb-d9f1056f610f,2,filled,,,,,,,,,,
20260610120951417::6f6a59be-f152-47b8-aed2-f831212af2ae,FILL,2026-06-10T16:09:51.417961Z,fill,4.5,2,buy,PG260717C00150000,0,4c0cb26f-ffd6-464a-b50c-e6b2d2181901,2,filled,,,,,,,,,,
20260610120943533::720ba0c9-019b-4951-9f72-1f02a05f4dfb,FILL,2026-06-10T16:09:43.533034Z,fill,2.2,1,buy,SCHW260717C00092500,0,43a0315e-cba6-42f1-be39-3005f1df8a8a,1,filled,,,,,,,,,,
20260610120936117::b9e9b545-3ba6-4347-a15c-b38ac5b9e825,FILL,2026-06-10T16:09:36.117744Z,fill,5.2,2,buy,PEP260717C00145000,0,5953835a-396d-45cb-9a98-0418a822a236,2,filled,,,,,,,,,,
20260610120928932::366ee12c-a70b-49e5-83ef-7814fef20f0b,FILL,2026-06-10T16:09:28.932779Z,fill,3.4,2,buy,MRK260717P00115000,0,2740fbc8-add1-45c7-ae28-a2eaf792c78b,2,filled,,,,,,,,,,
20260610120921975::3ace4ddc-e2cf-4e8e-9a6d-5256cb845fd3,FILL,2026-06-10T16:09:21.975658Z,fill,12.4,2,buy,GOOGL260717P00355000,0,967c3fe2-0d2b-449e-9eac-32e6c722ff58,2,filled,,,,,,,,,,
20260610120915098::c2ac2f5a-dac0-46fe-a89b-6035234b6d17,FILL,2026-06-10T16:09:15.0987Z,fill,4.15,2,buy,JNJ260717C00250000,0,8c690bd8-d68a-435b-803b-6283bcca4a46,2,filled,,,,,,,,,,
20260610120235782::45f2ec36-521e-453a-b2bd-6ff88fc5e506,FILL,2026-06-10T16:02:35.782402Z,fill,10.75,2,sell,SPY260710P00720000,0,e5c87825-efd8-4085-b566-6756ce137db4,2,filled,,,,,,,,,,
20260610120234750::3af1bae5-9d61-4bed-b48a-7ca6dc0afd1c,FILL,2026-06-10T16:02:34.750266Z,fill,9.85,2,sell,INTC260717P00105000,0,47d3f359-13c8-43a1-af3e-d676ec14c504,2,filled,,,,,,,,,,
20260610120230327::2eaa26bf-84af-4361-a3dc-d2f3119434fb,FILL,2026-06-10T16:02:30.32708Z,fill,4,2,sell,PG260821C00155000,0,18335c9f-4652-4425-94ac-fef12c38edd0,2,filled,,,,,,,,,,
20260610120225785::eb3b64e6-7dd9-4bff-bd85-ffde1d3b117f,FILL,2026-06-10T16:02:25.785848Z,fill,21.81,2,sell,QQQ260710P00700000,0,184a2647-1b0a-464a-83ff-8939c833ead2,2,filled,,,,,,,,,,
20260610120224645::41d3346b-2953-4710-a29f-318c1750acb8,FILL,2026-06-10T16:02:24.645235Z,fill,22.1,2,sell,META260717P00575000,0,be2172d4-359a-495b-bf66-d7c1b9cce389,2,filled,,,,,,,,,,
20260610115611617::7b98d480-56b4-48ca-8c42-ca0470660565,FILL,2026-06-10T15:56:11.617348Z,fill,1.2,1,buy,ENB260717C00057500,0,62021738-21ed-407c-a6eb-032a84c5e39b,1,filled,,,,,,,,,,
20260610115603938::9b2be5e3-b35a-4553-85f6-53f4365e1c92,FILL,2026-06-10T15:56:03.938957Z,fill,13.6,2,buy,MO260717C00060000,0,6fa8ae7b-9271-4777-aac9-b95656924aea,2,filled,,,,,,,,,,
20260610115556848::70779dcb-a804-4442-ba3c-d7675a71c912,FILL,2026-06-10T15:55:56.848959Z,fill,11.4,3,buy,KO260717C00072500,0,2b222486-88e1-4168-b92d-aea70338fa56,3,filled,,,,,,,,,,
20260610115148166::0d9ab24a-54f3-46aa-8bdc-e021f036d365,FILL,2026-06-10T15:51:48.166716Z,fill,1.96,1,sell,SCHW260717C00092500,0,deed662f-838c-4934-ae8f-7e3c3852a4e4,1,filled,,,,,,,,,,
20260610115134290::a00819d4-8bf4-4e2b-b107-afe662ac24be,FILL,2026-06-10T15:51:34.290735Z,fill,3,2,sell,PEP260717C00150000,0,fa8c9071-47e6-42ce-967c-1ac3414b4be7,2,filled,,,,,,,,,,
20260610114800024::74221ec7-49c2-4f89-872b-efe69092dc4f,FILL,2026-06-10T15:48:00.024647Z,fill,16.4,1,sell,SPY260710C00729000,0,3359b7a7-0952-40e4-9674-055d465c75cb,1,filled,,,,,,,,,,
20260610113543382::9325babd-7c6e-40f6-8b48-1829f1bc6f4f,FILL,2026-06-10T15:35:43.382078Z,fill,11,2,buy,ADBE260717P00225000,0,aab0e6ef-9704-4f6a-8f8b-a720b25fca26,2,filled,,,,,,,,,,
20260610113429003::ea7fd699-8716-40d8-82d5-354fe117a4e2,FILL,2026-06-10T15:34:29.00385Z,fill,16.74,1,buy,SPY260710C00729000,0,3b2705b4-3d94-4bf8-a118-c259ab591df3,1,filled,,,,,,,,,,
20260610113104496::706f350d-0ae2-4930-a114-520e888cb486,FILL,2026-06-10T15:31:04.496088Z,fill,14.3,3,sell,ADBE260717P00235000,0,28b18ca8-e93a-4fc1-9316-b5c919c980fd,3,filled,,,,,,,,,,
20260610113043816::179115bc-6954-4fa1-a1f6-34a9cc0f611f,FILL,2026-06-10T15:30:43.816645Z,fill,10.85,3,sell,KO260717C00072500,0,e5bd1b47-4dc7-4c40-9c20-ff066f588a4d,3,filled,,,,,,,,,,
20260610111726009::2f9a4cce-25b0-4206-959a-a55bff1347c7,FILL,2026-06-10T15:17:26.009224Z,fill,2.42,1,buy,SCHW260717C00092500,0,51b14a6c-da7d-418f-a617-03a8f930f177,1,filled,,,,,,,,,,
20260610111719158::87920547-a7f1-4b1b-9f12-e00f7c1cbe1f,FILL,2026-06-10T15:17:19.15877Z,fill,11.16,2,buy,SPY260710P00720000,0,2c0ef295-50d0-4867-bd9f-de221e35d20f,2,filled,,,,,,,,,,
20260610111351173::cda11ead-465c-4b3e-bd63-29ee7889e85e,FILL,2026-06-10T15:13:51.173972Z,fill,8.3,2,sell,HD260717C00330000,0,e2b3afa8-4ed7-4967-8925-a539b43728e5,2,filled,,,,,,,,,,
20260610100447123::2158d9c1-4b36-47c4-b657-9bae1573d67b,FILL,2026-06-10T14:04:47.12313Z,fill,9.7,2,buy,INTC260717P00105000,0,490dd6cd-c5b2-4bdf-91a9-627c97a30f57,2,filled,,,,,,,,,,
20260610100440383::bd013449-f742-4441-b8e4-fab41c02abe9,FILL,2026-06-10T14:04:40.383054Z,fill,33.55,1,buy,ABBV260717C00195000,0,ccdb9c49-7259-4343-ad87-c8b0fd7b06c4,1,filled,,,,,,,,,,
20260610100433743::4aea34b9-c9ad-4ffe-8c08-feecc0c4e4c7,FILL,2026-06-10T14:04:33.743129Z,fill,84,1,buy,UNH260717C00330000,0,74e04d62-0934-41c7-8422-9fe0fa3079da,1,filled,,,,,,,,,,
20260610095633966::f303f2ee-1f1a-4bb5-9224-5688a6b23076,FILL,2026-06-10T13:56:33.966243Z,fill,4.2,1,buy,PG260821C00155000,0,6caa886a-2ed6-4c84-8a81-c49c062309fa,2,filled,,,,,,,,,,
20260610095633853::2b9a1db6-642e-4932-8ad6-8a4a8a91a672,FILL,2026-06-10T13:56:33.853012Z,partial_fill,4.2,1,buy,PG260821C00155000,1,6caa886a-2ed6-4c84-8a81-c49c062309fa,1,partially_filled,,,,,,,,,,
20260610095626483::ea77273a-a8cd-4026-b564-0106dfe0fcc5,FILL,2026-06-10T13:56:26.483958Z,fill,8.8,2,buy,HD260717C00330000,0,940b0ea0-57bd-415b-885f-804ef9c61ade,2,filled,,,,,,,,,,
20260610095620928::254fb722-c86f-4450-9654-2caf7ade055e,FILL,2026-06-10T13:56:20.928873Z,fill,15.2,3,buy,ADBE260717P00235000,0,d3ff04d2-cbd7-48e9-9d8d-c1968c2bc276,3,filled,,,,,,,,,,
20260610095615298::077cdbb4-f58d-45f5-93b1-07dcac67d2c1,FILL,2026-06-10T13:56:15.298566Z,fill,42.85,2,buy,AMD260717P00470000,0,1934e26b-061e-46b0-8460-61126110aec4,2,filled,,,,,,,,,,
20260610095609954::599ef721-5abe-4d26-84b4-f4a64284ce68,FILL,2026-06-10T13:56:09.954757Z,fill,21.3,2,buy,AVGO260717P00370000,0,d3446c96-2a83-4836-bcac-65230e95ca72,2,filled,,,,,,,,,,
20260610095604714::89f6d860-238c-41bd-aa6e-047f87b2af2d,FILL,2026-06-10T13:56:04.714376Z,fill,3.1,2,buy,PEP260717C00150000,0,4dcc9c4d-fed1-40e4-87f5-544f84057951,2,filled,,,,,,,,,,
20260610095559567::7e9af9d2-a3ca-4a13-b35b-d1e2a4a76895,FILL,2026-06-10T13:55:59.567056Z,fill,18.7,2,buy,QQQ260710P00700000,0,a801cd02-0f1b-4b31-b7ca-69c0ef0e632b,2,filled,,,,,,,,,,
20260610095554952::67cc2d72-68b2-467d-8aad-70434b5e478a,FILL,2026-06-10T13:55:54.952062Z,fill,18.6,2,buy,META260717P00575000,0,77a0a6fd-d948-4f5d-8032-f1521de4d044,2,filled,,,,,,,,,,
20260610095550876::a38554e8-9dc3-426b-899f-ee657ef94d16,FILL,2026-06-10T13:55:50.876495Z,fill,21.75,2,buy,TSLA260717P00390000,0,2a4b700c-4a4a-422a-bece-eeb923f69c67,3,filled,,,,,,,,,,
20260610095550760::c9e1c545-528d-460d-b84f-8488b2431107,FILL,2026-06-10T13:55:50.760219Z,partial_fill,21.75,1,buy,TSLA260717P00390000,2,2a4b700c-4a4a-422a-bece-eeb923f69c67,1,partially_filled,,,,,,,,,,
20260610095546747::7077d9cb-d7c0-4308-92ad-dd35f2ab8788,FILL,2026-06-10T13:55:46.747725Z,fill,10.05,3,buy,CRM260717P00175000,0,28962c16-326a-4205-8bfa-54aef8f44632,3,filled,,,,,,,,,,
20260610095542438::bbf88b77-1e1d-4ab4-bea7-850c614827fc,FILL,2026-06-10T13:55:42.438439Z,fill,20.4,3,buy,ORCL260717P00210000,0,1675433e-d844-49d2-b864-6abae3743724,3,filled,,,,,,,,,,
20260610095538705::3dafefe6-6cdc-4e01-8a7d-58c7aef2a7fa,FILL,2026-06-10T13:55:38.705842Z,fill,3.75,2,buy,BAC260717C00052500,0,7d6f65c9-6028-4629-99b0-b61b91858063,2,filled,,,,,,,,,,
20260610095535324::1c899752-7041-4931-a008-42bb24bae069,FILL,2026-06-10T13:55:35.324936Z,fill,10.7,3,buy,KO260717C00072500,0,defe74fc-b2f4-4b70-bd32-39e433467af4,3,filled,,,,,,,,,,
20260610000000000::f7e288a8-2244-434d-b936-17fa884d94bc,FEE,,,,,,,,7d6f65c9-6028-4629-99b0-b61b91858063,,,OCC,2026-06-10,2026-06-11T08:22:46.544413Z,-0.04,OCC Clearing Fee,executed,3dafefe6-6cdc-4e01-8a7d-58c7aef2a7fa,USD,,
20260610000000000::f0cae825-950a-4093-a30a-abb50a28aae2,FEE,,,,,,,,,,,TAF,2026-06-10,2026-06-11T08:24:30.332457Z,-0.22,OPT TAF fee for proceed of 78 contracts (43 trades) on 2026-06-10 by PA3NJU1Y90R3,executed,,USD,,
20260610000000000::eb9abb3e-e612-4a48-b8e4-77d473f2bc4d,FEE,,,,,,,,a26fff34-b912-4a37-b566-6cf28c925ff8,,,OCC,2026-06-10,2026-06-11T08:24:30.332457Z,-0.06,OCC Clearing Fee,executed,cd74fb9b-1b61-4083-802d-e8085631b030,USD,,
20260610000000000::e5ae3b3e-35d5-411a-935f-01d9b7cbd3d8,FEE,,,,,,,,28b18ca8-e93a-4fc1-9316-b5c919c980fd,,,OCC,2026-06-10,2026-06-11T08:23:51.008839Z,-0.06,OCC Clearing Fee,executed,706f350d-0ae2-4930-a114-520e888cb486,USD,,
20260610000000000::e31c45fc-63ab-43b5-818b-fc1429f30c85,FEE,,,,,,,,47d3f359-13c8-43a1-af3e-d676ec14c504,,,OCC,2026-06-10,2026-06-11T08:24:00.050617Z,-0.04,OCC Clearing Fee,executed,3af1bae5-9d61-4bed-b48a-7ca6dc0afd1c,USD,,
20260610000000000::deb6fd81-d267-483f-b46d-0444adfbf11c,FEE,,,,,,,,dcd0ae91-f725-431e-9860-bf9cc0ee0de4,,,OCC,2026-06-10,2026-06-11T08:24:00.050617Z,-0.04,OCC Clearing Fee,executed,914cbc35-e679-4e01-845a-f257e6a6e706,USD,,
20260610000000000::dc005bbd-7885-4def-af8b-08e14c8a8403,FEE,,,,,,,,e5c87825-efd8-4085-b566-6756ce137db4,,,OCC,2026-06-10,2026-06-11T08:24:00.050617Z,-0.04,OCC Clearing Fee,executed,45f2ec36-521e-453a-b2bd-6ff88fc5e506,USD,,
20260610000000000::d6384fe9-9257-44c3-9f9a-787e1cb66bb2,FEE,,,,,,,,a187f696-07f8-440f-912d-c96beadcdc61,,,OCC,2026-06-10,2026-06-11T08:24:26.609623Z,-0.04,OCC Clearing Fee,executed,6a35f373-7dd2-4e65-b2f7-9487b490cc61,USD,,
20260610000000000::d3822abf-fee9-45f4-9afd-cd623fac7465,FEE,,,,,,,,b0bb8ae9-25e7-462e-8323-455b5a383c4f,,,OCC,2026-06-10,2026-06-11T08:23:04.458055Z,-0.06,OCC Clearing Fee,executed,daf1c6ce-e3f4-49e5-920b-83b19a12159b,USD,,
20260610000000000::cf1af8e1-f691-4b58-842a-3fcb4906e26f,FEE,,,,,,,,e6be75a5-ab5d-484b-a1cc-1daa36ec9d76,,,OCC,2026-06-10,2026-06-11T08:24:00.050617Z,-0.04,OCC Clearing Fee,executed,a9368290-b130-4d96-b5a7-38cec5816219,USD,,
20260610000000000::cc963278-8057-49dd-a11a-cac9c788ecbf,FEE,,,,,,,,5953835a-396d-45cb-9a98-0418a822a236,,,OCC,2026-06-10,2026-06-11T08:24:00.050617Z,-0.04,OCC Clearing Fee,executed,b9e9b545-3ba6-4347-a15c-b38ac5b9e825,USD,,
20260610000000000::ca6f4f8e-cbbf-4357-b678-90a022b03915,FEE,,,,,,,,40037358-adc8-4191-a704-112d9f49becc,,,OCC,2026-06-10,2026-06-11T08:24:26.609623Z,-0.04,OCC Clearing Fee,executed,ed484492-980c-4a99-9f07-059bc54d9a97,USD,,
20260610000000000::c8afe12c-2e92-4bab-8b48-7d8d0b191572,FEE,,,,,,,,8dea2c8b-9ab4-4ec7-a1a6-148a7043d4d4,,,OCC,2026-06-10,2026-06-11T08:24:26.609623Z,-0.04,OCC Clearing Fee,executed,88fd861e-cf01-4149-9b5b-75196d52315e,USD,,
20260610000000000::c8a3f9fb-e6c3-4576-90d8-3894f3e35756,FEE,,,,,,,,a36f2369-1573-4a74-a405-b46a67eac9a2,,,OCC,2026-06-10,2026-06-11T08:24:00.050617Z,-0.02,OCC Clearing Fee,executed,27198c0c-4eda-4325-9a00-e7f33e570c01,USD,,
20260610000000000::c72c1a20-e6a9-4e68-982b-269be3b9208f,FEE,,,,,,,,ccdb9c49-7259-4343-ad87-c8b0fd7b06c4,,,OCC,2026-06-10,2026-06-11T08:22:55.714075Z,-0.02,OCC Clearing Fee,executed,bd013449-f742-4441-b8e4-fab41c02abe9,USD,,
20260610000000000::bc868ec0-ea5b-477e-9970-5c6042c7f2ed,FEE,,,,,,,,210a9c1d-15df-4fe8-8893-5af4ac5f5e26,,,OCC,2026-06-10,2026-06-11T08:24:26.609623Z,-0.02,OCC Clearing Fee,executed,b62c734c-12d5-4346-a777-e3469af01c21,USD,,
20260610000000000::bbd65d09-673a-4c82-89eb-53cb4482c486,FEE,,,,,,,,,,,ORF,2026-06-10,2026-06-11T08:24:28.507577Z,-4.19,ORF fee for proceed of 156 contracts on 2026-06-10 by PA3NJU1Y90R3,executed,,USD,,
20260610000000000::bafb5e79-c2f1-4a36-aabe-a14fc63f3715,FEE,,,,,,,,e2b3afa8-4ed7-4967-8925-a539b43728e5,,,OCC,2026-06-10,2026-06-11T08:23:48.704955Z,-0.04,OCC Clearing Fee,executed,cda11ead-465c-4b3e-bd63-29ee7889e85e,USD,,
20260610000000000::b9fc2832-e814-4dfb-a7b2-d546e0ca2ad7,FEE,,,,,,,,1934e26b-061e-46b0-8460-61126110aec4,,,OCC,2026-06-10,2026-06-11T08:22:46.544413Z,-0.04,OCC Clearing Fee,executed,077cdbb4-f58d-45f5-93b1-07dcac67d2c1,USD,,
20260610000000000::b6580abf-affc-43c6-b44f-a5a2f23ac670,FEE,,,,,,,,d5cba659-0000-4104-868b-06abce4d8609,,,OCC,2026-06-10,2026-06-11T08:24:26.609623Z,-0.02,OCC Clearing Fee,executed,26c2f652-27b2-4f38-bb6e-f1d37be50d96,USD,,
20260610000000000::b2766cf6-d029-4e1c-901b-1fc051303c5b,FEE,,,,,,,,aab0e6ef-9704-4f6a-8f8b-a720b25fca26,,,OCC,2026-06-10,2026-06-11T08:23:48.704955Z,-0.04,OCC Clearing Fee,executed,9325babd-7c6e-40f6-8b48-1829f1bc6f4f,USD,,
20260610000000000::ae860293-a143-49ba-9f61-24859f4082c8,FEE,,,,,,,,4dcc9c4d-fed1-40e4-87f5-544f84057951,,,OCC,2026-06-10,2026-06-11T08:22:46.544413Z,-0.04,OCC Clearing Fee,executed,89f6d860-238c-41bd-aa6e-047f87b2af2d,USD,,
20260610000000000::ac8433b3-a3e2-4660-9752-74be1e5915f6,FEE,,,,,,,,f7d0fe33-b919-4908-8387-62cb6f013355,,,OCC,2026-06-10,2026-06-11T08:24:26.609623Z,-0.02,OCC Clearing Fee,executed,57888b52-9fe8-4bec-bdf2-0969daa762a9,USD,,
20260610000000000::ab33e52d-46ba-4832-b655-c6feac7df03e,FEE,,,,,,,,6caa886a-2ed6-4c84-8a81-c49c062309fa,,,OCC,2026-06-10,2026-06-11T08:22:46.544413Z,-0.02,OCC Clearing Fee,executed,2b9a1db6-642e-4932-8ad6-8a4a8a91a672,USD,,
20260610000000000::a9ac77d9-4e5c-4a45-a0c0-a244ab57e173,FEE,,,,,,,,f458feb2-e9f4-413c-b6a7-8077266733af,,,OCC,2026-06-10,2026-06-11T08:24:26.609623Z,-0.04,OCC Clearing Fee,executed,cf83b5a6-b6d6-4cb1-a666-742ffc6bc692,USD,,
20260610000000000::a7948157-45fc-4e9e-a1dc-ef01dfb0715d,FEE,,,,,,,,e65c881d-d9d6-4bfb-920a-24a3ae8fbf22,,,OCC,2026-06-10,2026-06-11T08:24:26.609623Z,-0.04,OCC Clearing Fee,executed,4e481ef1-b133-44ed-b343-1586a4a89d5d,USD,,
20260610000000000::a57c4001-f495-455c-b276-61d873bfe349,FEE,,,,,,,,2740fbc8-add1-45c7-ae28-a2eaf792c78b,,,OCC,2026-06-10,2026-06-11T08:24:00.050617Z,-0.04,OCC Clearing Fee,executed,366ee12c-a70b-49e5-83ef-7814fef20f0b,USD,,
20260610000000000::a47a9907-8715-4557-84cd-946318a38683,FEE,,,,,,,,184a2647-1b0a-464a-83ff-8939c833ead2,,,OCC,2026-06-10,2026-06-11T08:24:00.050617Z,-0.04,OCC Clearing Fee,executed,eb3b64e6-7dd9-4bff-bd85-ffde1d3b117f,USD,,
20260610000000000::a238330b-02a8-4761-9a32-846b2c281b30,FEE,,,,,,,,51b14a6c-da7d-418f-a617-03a8f930f177,,,OCC,2026-06-10,2026-06-11T08:23:48.704955Z,-0.02,OCC Clearing Fee,executed,2f9a4cce-25b0-4206-959a-a55bff1347c7,USD,,
20260610000000000::a1c2e743-5daa-4892-9591-468a1c5f6fd0,FEE,,,,,,,,3b2705b4-3d94-4bf8-a118-c259ab591df3,,,OCC,2026-06-10,2026-06-11T08:23:51.008839Z,-0.02,OCC Clearing Fee,executed,ea7fd699-8716-40d8-82d5-354fe117a4e2,USD,,
20260610000000000::a18c4a47-88b3-449b-a83d-c49dfb036ce1,FEE,,,,,,,,40968aa3-d0d9-441c-9557-76d0c44d4074,,,OCC,2026-06-10,2026-06-11T08:24:26.609623Z,-0.04,OCC Clearing Fee,executed,81eb4908-ede1-4d63-87b8-8b0570379a3a,USD,,
20260610000000000::9f98e607-85ee-49f2-9201-7217ae1cca7b,FEE,,,,,,,,58ff2fc6-984e-4629-8c12-66eb1ddb5e71,,,OCC,2026-06-10,2026-06-11T08:24:13.358849Z,-0.02,OCC Clearing Fee,executed,7bfe88d2-4180-4766-9297-73276e22937b,USD,,
20260610000000000::9c5a0274-d333-48bd-9b45-4d4808efdcea,FEE,,,,,,,,11bde624-3565-4507-93ac-7e31c11a3ec8,,,OCC,2026-06-10,2026-06-11T08:24:26.609623Z,-0.04,OCC Clearing Fee,executed,755859df-a629-4136-b35f-adcd48fdef36,USD,,
20260610000000000::98f67137-6341-49ff-aa27-fd1d34e7e884,FEE,,,,,,,,d3ff04d2-cbd7-48e9-9d8d-c1968c2bc276,,,OCC,2026-06-10,2026-06-11T08:22:46.544413Z,-0.06,OCC Clearing Fee,executed,254fb722-c86f-4450-9654-2caf7ade055e,USD,,
20260610000000000::911981c9-65f0-4f6c-968c-0c2181d0049d,FEE,,,,,,,,830f5500-cb29-4b39-9aef-cb4ce55d76e8,,,OCC,2026-06-10,2026-06-11T08:23:33.38843Z,-0.04,OCC Clearing Fee,executed,3964b6c4-75df-4424-a080-0ea5e8b5743b,USD,,
20260610000000000::8f574c04-d308-43b2-951e-3acac135b82e,FEE,,,,,,,,4c0cb26f-ffd6-464a-b50c-e6b2d2181901,,,OCC,2026-06-10,2026-06-11T08:24:00.050617Z,-0.04,OCC Clearing Fee,executed,6f6a59be-f152-47b8-aed2-f831212af2ae,USD,,
20260610000000000::85f21569-41e1-4d13-a989-8b9679bd5abe,FEE,,,,,,,,d3446c96-2a83-4836-bcac-65230e95ca72,,,OCC,2026-06-10,2026-06-11T08:22:46.544413Z,-0.04,OCC Clearing Fee,executed,599ef721-5abe-4d26-84b4-f4a64284ce68,USD,,
20260610000000000::84072946-1be3-4ece-94ec-f718a6120406,FEE,,,,,,,,8b4242ed-799f-4a1b-b31d-8c10b78788ed,,,OCC,2026-06-10,2026-06-11T08:24:26.609623Z,-0.06,OCC Clearing Fee,executed,3f6cc530-0329-4d12-b987-e03a1239f078,USD,,
20260610000000000::820041f1-21cc-4720-bfd1-99d0c36262d4,FEE,,,,,,,,deed662f-838c-4934-ae8f-7e3c3852a4e4,,,OCC,2026-06-10,2026-06-11T08:24:00.050617Z,-0.02,OCC Clearing Fee,executed,0d9ab24a-54f3-46aa-8bdc-e021f036d365,USD,,
20260610000000000::8009e7db-12bc-44fb-b2e9-12b2fff341dc,FEE,,,,,,,,d292d917-ad11-4c29-8deb-d9f1056f610f,,,OCC,2026-06-10,2026-06-11T08:24:00.050617Z,-0.04,OCC Clearing Fee,executed,ad3f0870-4158-4168-8668-16a16f37cdf9,USD,,
20260610000000000::7e127cc9-898d-4c75-87fd-5df77b07afc5,FEE,,,,,,,,be2172d4-359a-495b-bf66-d7c1b9cce389,,,OCC,2026-06-10,2026-06-11T08:24:00.050617Z,-0.04,OCC Clearing Fee,executed,41d3346b-2953-4710-a29f-318c1750acb8,USD,,
20260610000000000::7b4e0ebb-fe41-4715-8d96-bee81afc7438,FEE,,,,,,,,6fa8ae7b-9271-4777-aac9-b95656924aea,,,OCC,2026-06-10,2026-06-11T08:24:00.050617Z,-0.04,OCC Clearing Fee,executed,9b2be5e3-b35a-4553-85f6-53f4365e1c92,USD,,
20260610000000000::7af747a3-2338-4174-810c-60f39bba99e7,FEE,,,,,,,,210a9c1d-15df-4fe8-8893-5af4ac5f5e26,,,OCC,2026-06-10,2026-06-11T08:24:26.609623Z,-0.02,OCC Clearing Fee,executed,e74f541a-ae0b-41d9-ba32-398ddd58ea56,USD,,
20260610000000000::7476f19b-715a-4c6a-8f90-e68f484b2401,FEE,,,,,,,,77a0a6fd-d948-4f5d-8032-f1521de4d044,,,OCC,2026-06-10,2026-06-11T08:22:46.544413Z,-0.04,OCC Clearing Fee,executed,67cc2d72-68b2-467d-8aad-70434b5e478a,USD,,
20260610000000000::7368cba0-0897-4a4e-9189-2cfa56e4b858,FEE,,,,,,,,3ae26fc4-a62c-487d-88ba-4ee54c5f3fd5,,,OCC,2026-06-10,2026-06-11T08:24:26.609623Z,-0.04,OCC Clearing Fee,executed,ccbe55b3-86a0-4e74-82ee-a614e0d285c6,USD,,
20260610000000000::69782752-a557-4d60-9235-fb8d0719fd34,FEE,,,,,,,,13479e17-1752-4a89-9eb3-ecfa1f5e6143,,,OCC,2026-06-10,2026-06-11T08:24:26.609623Z,-0.04,OCC Clearing Fee,executed,2bbcbcf0-3034-4b71-81df-165cba298c0c,USD,,
20260610000000000::680ad6ed-beb0-4a0c-b47c-c4479be4c84c,FEE,,,,,,,,fa8c9071-47e6-42ce-967c-1ac3414b4be7,,,OCC,2026-06-10,2026-06-11T08:24:00.050617Z,-0.04,OCC Clearing Fee,executed,a00819d4-8bf4-4e2b-b107-afe662ac24be,USD,,
20260610000000000::6778abdd-7b04-4089-89d7-20bf21ae9e0d,FEE,,,,,,,,6082701a-7155-4108-b4ba-3c17f4099e96,,,OCC,2026-06-10,2026-06-11T08:24:26.609623Z,-0.04,OCC Clearing Fee,executed,f942a9ff-bfb7-42e3-90fe-4afcc305acac,USD,,
20260610000000000::67690ade-7ec3-4271-b07d-3cba0e1468be,FEE,,,,,,,,18335c9f-4652-4425-94ac-fef12c38edd0,,,OCC,2026-06-10,2026-06-11T08:24:00.050617Z,-0.04,OCC Clearing Fee,executed,2eaa26bf-84af-4361-a3dc-d2f3119434fb,USD,,
20260610000000000::63a8aff2-35ec-4db1-a1b9-5d7322f39631,FEE,,,,,,,,43a0315e-cba6-42f1-be39-3005f1df8a8a,,,OCC,2026-06-10,2026-06-11T08:24:00.050617Z,-0.02,OCC Clearing Fee,executed,720ba0c9-019b-4951-9f72-1f02a05f4dfb,USD,,
20260610000000000::6364dfab-2d0e-4a1e-856e-71692081c3b1,FEE,,,,,,,,7d675d79-67a7-4631-8224-61b8cc9e55a5,,,OCC,2026-06-10,2026-06-11T08:24:26.609623Z,-0.02,OCC Clearing Fee,executed,3b9a9185-3170-43c6-98c7-d4929210dbd4,USD,,
20260610000000000::5a4e49fd-9860-4200-83d8-bb4583d112d8,FEE,,,,,,,,2a4b700c-4a4a-422a-bece-eeb923f69c67,,,OCC,2026-06-10,2026-06-11T08:22:46.544413Z,-0.04,OCC Clearing Fee,executed,a38554e8-9dc3-426b-899f-ee657ef94d16,USD,,
20260610000000000::591c9fbb-d110-47b8-a359-c13a2f70cb84,FEE,,,,,,,,a36f2369-1573-4a74-a405-b46a67eac9a2,,,OCC,2026-06-10,2026-06-11T08:24:00.050617Z,-0.02,OCC Clearing Fee,executed,11049405-8fa7-4963-833e-2750eddef353,USD,,
20260610000000000::56b89354-f961-46c4-89ec-276f914fa528,FEE,,,,,,,,940b0ea0-57bd-415b-885f-804ef9c61ade,,,OCC,2026-06-10,2026-06-11T08:22:46.544413Z,-0.04,OCC Clearing Fee,executed,ea77273a-a8cd-4026-b564-0106dfe0fcc5,USD,,
20260610000000000::53ba1e0f-5d9f-459b-b3d7-62b4c3907ca7,FEE,,,,,,,,d04bc4b0-65b8-46b5-ad26-1ae45d8f44c8,,,OCC,2026-06-10,2026-06-11T08:24:00.050617Z,-0.04,OCC Clearing Fee,executed,d0aa8777-539d-4e60-966f-1dd876de6f0a,USD,,
20260610000000000::5384aea1-60ba-41df-b95d-490de9792803,FEE,,,,,,,,f6a4eb7b-7d18-45e9-b402-2d88a342dc48,,,OCC,2026-06-10,2026-06-11T08:23:33.38843Z,-0.02,OCC Clearing Fee,executed,c0b05258-268b-4f6f-aba8-1f16a29d6718,USD,,
20260610000000000::516b825a-4f96-4dc9-954c-4a0880cddad0,FEE,,,,,,,,4d79e7c0-94eb-4d0b-a7c9-0dd0630e27c1,,,OCC,2026-06-10,2026-06-11T08:24:26.609623Z,-0.04,OCC Clearing Fee,executed,dede6fcb-b122-4591-91da-86a949bb2d60,USD,,
20260610000000000::50ef7fd4-fd2e-4172-9c82-5f2ca7fc932c,FEE,,,,,,,,40037358-adc8-4191-a704-112d9f49becc,,,OCC,2026-06-10,2026-06-11T08:24:26.609623Z,-0.02,OCC Clearing Fee,executed,30db0abf-2d32-499d-be11-19afff3057e2,USD,,
20260610000000000::5009ff1e-6290-4420-a7d9-b38a921e0df6,FEE,,,,,,,,2b222486-88e1-4168-b92d-aea70338fa56,,,OCC,2026-06-10,2026-06-11T08:24:00.050617Z,-0.06,OCC Clearing Fee,executed,70779dcb-a804-4442-ba3c-d7675a71c912,USD,,
20260610000000000::4e52ca7b-0923-490f-9245-2c4ee423cdbf,FEE,,,,,,,,7c7c75f8-c2f0-4baa-8d05-58588cb0a23e,,,OCC,2026-06-10,2026-06-11T08:24:26.609623Z,-0.02,OCC Clearing Fee,executed,5c53ec2a-dab2-40ac-9a0a-d24836f2ae0f,USD,,
20260610000000000::4a43bd27-9bc6-42d1-b978-86031c0235dc,FEE,,,,,,,,8c690bd8-d68a-435b-803b-6283bcca4a46,,,OCC,2026-06-10,2026-06-11T08:24:00.050617Z,-0.04,OCC Clearing Fee,executed,c2ac2f5a-dac0-46fe-a89b-6035234b6d17,USD,,
20260610000000000::48f6ce68-666c-49d1-83b9-38e1e7578a5e,FEE,,,,,,,,8adea66a-74cd-48c9-b737-9007d0c4bb14,,,OCC,2026-06-10,2026-06-11T08:24:26.609623Z,-0.06,OCC Clearing Fee,executed,a803ac68-4cb0-4902-b53e-1e819065de86,USD,,
20260610000000000::489e3768-6863-4346-b3d7-b4204a9588f8,FEE,,,,,,,,4b99c30c-ccdc-4420-a45d-8c69a031b994,,,OCC,2026-06-10,2026-06-11T08:24:21.205085Z,-0.02,OCC Clearing Fee,executed,b91b62f8-60f0-4cca-b8ee-1b7d3bba952f,USD,,
20260610000000000::462788df-aa4a-4fad-8aa5-d0d5102e64b1,FEE,,,,,,,,2a4b700c-4a4a-422a-bece-eeb923f69c67,,,OCC,2026-06-10,2026-06-11T08:22:46.544413Z,-0.02,OCC Clearing Fee,executed,c9e1c545-528d-460d-b84f-8488b2431107,USD,,
20260610000000000::461ca974-80f5-4df5-84d3-678e451f3823,FEE,,,,,,,,3359b7a7-0952-40e4-9674-055d465c75cb,,,OCC,2026-06-10,2026-06-11T08:24:00.050617Z,-0.02,OCC Clearing Fee,executed,74221ec7-49c2-4f89-872b-efe69092dc4f,USD,,
20260610000000000::43a9e4ba-8bbb-402f-8e4f-9db83f10c6fc,FEE,,,,,,,,1675433e-d844-49d2-b864-6abae3743724,,,OCC,2026-06-10,2026-06-11T08:22:46.544413Z,-0.06,OCC Clearing Fee,executed,bbf88b77-1e1d-4ab4-bea7-850c614827fc,USD,,
20260610000000000::42981b4c-6c31-465b-b18b-4bafe1ff07e2,FEE,,,,,,,,29a9ad4c-8a70-4a7f-8db3-75518295333a,,,OCC,2026-06-10,2026-06-11T08:24:26.609623Z,-0.04,OCC Clearing Fee,executed,f127234c-3d46-4ef6-aee7-25211821c6a7,USD,,
20260610000000000::408175f9-2441-46be-9273-5616d8b6dc2d,FEE,,,,,,,,6caa886a-2ed6-4c84-8a81-c49c062309fa,,,OCC,2026-06-10,2026-06-11T08:22:46.544413Z,-0.02,OCC Clearing Fee,executed,f303f2ee-1f1a-4bb5-9224-5688a6b23076,USD,,
20260610000000000::3e17d604-13f3-4526-8833-b9c6498a27d5,FEE,,,,,,,,28e2f82d-d0cd-4fed-bf80-f2b49e1f754f,,,OCC,2026-06-10,2026-06-11T08:24:26.609623Z,-0.06,OCC Clearing Fee,executed,9a2077e8-3f38-4530-b01d-b102bc2f12dc,USD,,
20260610000000000::3cb7d63b-d7c0-4512-905b-3253be98d4d8,FEE,,,,,,,,a8b430e5-2bc3-485e-a97d-065e588860dd,,,OCC,2026-06-10,2026-06-11T08:24:00.050617Z,-0.06,OCC Clearing Fee,executed,6001e201-f23f-4f23-828f-f821db880948,USD,,
20260610000000000::35cf84e3-97c4-4fbf-aebd-d84a683301ea,FEE,,,,,,,,63dc7a5d-68b9-4696-985f-6cc6ef49ec58,,,OCC,2026-06-10,2026-06-11T08:24:26.609623Z,-0.02,OCC Clearing Fee,executed,95a8d15c-193b-41e8-83c7-f53dae19549e,USD,,
20260610000000000::34b18e28-940d-4cfd-b66d-5fd0e633ca9a,FEE,,,,,,,,702a6875-7fd8-4a3e-a328-926bcab5b0fb,,,OCC,2026-06-10,2026-06-11T08:24:30.332457Z,-0.04,OCC Clearing Fee,executed,7cddc49b-a501-4fa0-8c26-8156a29b7e85,USD,,
20260610000000000::31a1765b-ca15-4808-84da-4692a7902c1a,FEE,,,,,,,,4bf4be30-f960-4afd-9955-564bbb3c9565,,,OCC,2026-06-10,2026-06-11T08:24:26.609623Z,-0.04,OCC Clearing Fee,executed,d2320d74-0e10-4245-9da5-da3d34ff01dd,USD,,
20260610000000000::2f4e8274-da7f-4a08-a225-3fc464afbc05,FEE,,,,,,,,62067b95-b0a0-443c-b4e1-99b999f95fa5,,,OCC,2026-06-10,2026-06-11T08:24:23.08929Z,-0.04,OCC Clearing Fee,executed,36611229-ec51-426b-8e5d-63eaacf1e0bf,USD,,
20260610000000000::296915ac-f2bd-4c1e-ac92-4e017c1d7f18,FEE,,,,,,,,62021738-21ed-407c-a6eb-032a84c5e39b,,,OCC,2026-06-10,2026-06-11T08:24:00.050617Z,-0.02,OCC Clearing Fee,executed,7b98d480-56b4-48ca-8c42-ca0470660565,USD,,
20260610000000000::2414a6e1-0270-4cea-8ef6-93fbaa2877a8,FEE,,,,,,,,,,,CAT,2026-06-10,2026-06-11T08:24:58.046003Z,-0.05,CAT fee for proceed of 85 trades on 2026-06-10 by PA3NJU1Y90R3,executed,,USD,,
20260610000000000::23936933-f935-43b8-a045-967f882514d9,FEE,,,,,,,,a801cd02-0f1b-4b31-b7ca-69c0ef0e632b,,,OCC,2026-06-10,2026-06-11T08:22:46.544413Z,-0.04,OCC Clearing Fee,executed,7e9af9d2-a3ca-4a13-b35b-d1e2a4a76895,USD,,
20260610000000000::20d306ab-6f8a-4d17-aad1-d68cbea71532,FEE,,,,,,,,e5bd1b47-4dc7-4c40-9c20-ff066f588a4d,,,OCC,2026-06-10,2026-06-11T08:23:48.704955Z,-0.06,OCC Clearing Fee,executed,179115bc-6954-4fa1-a1f6-34a9cc0f611f,USD,,
20260610000000000::209b415d-d071-4072-b8b8-1c483745e624,FEE,,,,,,,,2c0ef295-50d0-4867-bd9f-de221e35d20f,,,OCC,2026-06-10,2026-06-11T08:23:48.704955Z,-0.04,OCC Clearing Fee,executed,87920547-a7f1-4b1b-9f12-e00f7c1cbe1f,USD,,
20260610000000000::2077900f-9a2e-444f-bf24-64a60fb98f87,FEE,,,,,,,,8dea2c8b-9ab4-4ec7-a1a6-148a7043d4d4,,,OCC,2026-06-10,2026-06-11T08:24:26.609623Z,-0.02,OCC Clearing Fee,executed,4c18cda2-0a0c-44f0-896c-9c77bb4cc31a,USD,,
20260610000000000::1a9bb16c-25c0-4348-93b7-7a47ad89ff61,FEE,,,,,,,,14298131-da5e-4f39-82ca-e96551acc29e,,,OCC,2026-06-10,2026-06-11T08:24:26.609623Z,-0.04,OCC Clearing Fee,executed,8ac07244-90b3-4256-99da-a3296c9aeff9,USD,,
20260610000000000::1a905f62-bb3f-438a-97ce-d5f0675e2457,FEE,,,,,,,,74e04d62-0934-41c7-8422-9fe0fa3079da,,,OCC,2026-06-10,2026-06-11T08:22:55.714075Z,-0.02,OCC Clearing Fee,executed,4aea34b9-c9ad-4ffe-8c08-feecc0c4e4c7,USD,,
20260610000000000::185157d4-f91c-47a4-a1d7-9822bc135d0d,FEE,,,,,,,,967c3fe2-0d2b-449e-9eac-32e6c722ff58,,,OCC,2026-06-10,2026-06-11T08:24:00.050617Z,-0.04,OCC Clearing Fee,executed,3ace4ddc-e2cf-4e8e-9a6d-5256cb845fd3,USD,,
20260610000000000::1180d868-9913-4b4d-a23b-762f215fa06b,FEE,,,,,,,,80de571c-c26c-4587-a697-2a747da0b0a4,,,OCC,2026-06-10,2026-06-11T08:24:11.359048Z,-0.02,OCC Clearing Fee,executed,e9345c66-686e-405e-ad4d-8811a4732728,USD,,
20260610000000000::0b9538f6-ca05-44f6-b1bd-16aec864bfea,FEE,,,,,,,,490dd6cd-c5b2-4bdf-91a9-627c97a30f57,,,OCC,2026-06-10,2026-06-11T08:22:55.714075Z,-0.04,OCC Clearing Fee,executed,2158d9c1-4b36-47c4-b657-9bae1573d67b,USD,,
20260610000000000::0858bce4-f37b-46e2-a644-a9ae65ed6f64,FEE,,,,,,,,defe74fc-b2f4-4b70-bd32-39e433467af4,,,OCC,2026-06-10,2026-06-11T08:22:46.544413Z,-0.06,OCC Clearing Fee,executed,1c899752-7041-4931-a008-42bb24bae069,USD,,
20260610000000000::07dfec86-c418-4d07-a6c0-db1e98706f64,FEE,,,,,,,,28962c16-326a-4205-8bfa-54aef8f44632,,,OCC,2026-06-10,2026-06-11T08:22:46.544413Z,-0.06,OCC Clearing Fee,executed,7077d9cb-d7c0-4308-92ad-dd35f2ab8788,USD,,
20260610000000000::04b74657-fc6a-4f44-a749-6ec32e78b1de,FEE,,,,,,,,7c7c75f8-c2f0-4baa-8d05-58588cb0a23e,,,OCC,2026-06-10,2026-06-11T08:24:26.609623Z,-0.02,OCC Clearing Fee,executed,9384af19-4f55-46c6-bab1-8a452a82fb0d,USD,,
20260609154524293::a4b31370-8099-4983-99e4-d107238d1991,FILL,2026-06-09T19:45:24.293063Z,fill,6.05,2,sell,KO260717C00075000,0,675e9672-4914-4de0-b631-265ff41d0d37,2,filled,,,,,,,,,,
20260609154524182::efa99235-b87a-4543-be37-d0fc85f49027,FILL,2026-06-09T19:45:24.182303Z,fill,4.05,2,sell,XOM260717P00145000,0,57e84e3a-1fc9-4be7-8456-f23452a8a999,2,filled,,,,,,,,,,
20260609154524069::98ab0492-660a-457d-9173-b14b9538834e,FILL,2026-06-09T19:45:24.0691Z,fill,18.2,1,sell,HD260717C00310000,0,b6e8c494-ad35-4b79-b821-d198327322c3,2,filled,,,,,,,,,,
20260609154523938::795cc9a4-abf5-4358-baad-4c3f86681825,FILL,2026-06-09T19:45:23.938309Z,partial_fill,18.2,1,sell,HD260717C00310000,1,b6e8c494-ad35-4b79-b821-d198327322c3,1,partially_filled,,,,,,,,,,
20260609154523712::ae543a97-0311-49f1-8b94-3aa4fccb15cd,FILL,2026-06-09T19:45:23.712783Z,fill,22.15,3,sell,UNH260717C00400000,0,f2be80d3-56e5-4baa-b25a-8033cc36327d,3,filled,,,,,,,,,,
20260609154519143::8f7913aa-f34e-4459-a058-f6890c617b27,FILL,2026-06-09T19:45:19.143384Z,fill,1.95,2,sell,ABT260717C00095000,0,b30d8524-9fdb-4a34-9564-297f490bf139,2,filled,,,,,,,,,,
20260609153009347::a8d8a8a5-0e1d-4ced-ac1e-dc8741be19b1,FILL,2026-06-09T19:30:09.347472Z,fill,2.5,2,sell,CVS260717C00100000,0,3b91a5e2-161d-40d2-a944-4923f4a07847,2,filled,,,,,,,,,,
20260609140655250::624ac86e-3706-49a0-905f-a8de31ce229e,FILL,2026-06-09T18:06:55.250669Z,fill,17.6,3,sell,ADBE260717P00240000,0,33f66998-74a9-45c9-806d-e45a2d31f725,3,filled,,,,,,,,,,
20260609134958158::1d4ff5af-0826-457f-a1cf-2472d4bb2bf2,FILL,2026-06-09T17:49:58.158916Z,fill,92.9,1,sell,META260717P00680000,0,c1ae5326-a58a-46fd-a76c-2b1a7a217f9b,1,filled,,,,,,,,,,
20260609133336848::84f137df-c501-46ab-8def-3f08be77ecba,FILL,2026-06-09T17:33:36.848152Z,fill,14.24,2,sell,QQQ260710P00680000,0,e1cf5b79-970f-4771-8fb6-62c8174e9817,2,filled,,,,,,,,,,
20260609133325917::abf8398c-b0e2-4953-b0dc-88761a94eb7a,FILL,2026-06-09T17:33:25.91748Z,fill,22,2,sell,ORCL260717P00210000,0,a96aa91c-e024-4150-958b-f6da1e5c3451,2,filled,,,,,,,,,,
20260609133323226::6aa3ae57-b89a-4d90-ab23-7b6e5a50a317,FILL,2026-06-09T17:33:23.226276Z,fill,7.75,3,sell,CRM260717P00170000,0,8e45e458-7d8b-46d4-94bd-b92de53bca65,3,filled,,,,,,,,,,
20260609131717642::793b1049-c097-407b-8734-384773dbc142,FILL,2026-06-09T17:17:17.642956Z,fill,13.25,2,sell,GOOGL260717P00360000,0,569eae47-1336-4bfb-93ba-5b3b6df0ad93,2,filled,,,,,,,,,,
20260609131711246::2d7c90a8-ff28-4dcc-80b4-bc29af5e10e4,FILL,2026-06-09T17:17:11.2461Z,fill,28.85,2,sell,AVGO260717P00390000,0,d9446b1f-77c3-4a89-a92f-9b432801b76a,2,filled,,,,,,,,,,
20260609131708289::7ccc68bd-a4c3-4480-bba5-0dff3dd88643,FILL,2026-06-09T17:17:08.289735Z,fill,3.75,2,sell,PG260717C00150000,0,59b56d72-ebbb-4a23-bb0b-b3e7e097f123,2,filled,,,,,,,,,,
20260609131707281::7772b2d5-d202-4f9f-aa84-4c6e6ed117c5,FILL,2026-06-09T17:17:07.281877Z,fill,6.15,2,sell,JNJ260717C00240000,0,6b00ee68-1a53-4593-a8c0-379ae65d561c,2,filled,,,,,,,,,,
20260609131700606::54e69ce1-d7eb-4c20-aa52-37b5d0532376,FILL,2026-06-09T17:17:00.606358Z,fill,83.65,1,sell,AMD260717P00520000,0,79630b42-d068-4613-a828-bcb974d23ee9,1,filled,,,,,,,,,,
20260609130157032::6e6ab373-dabe-4198-8a27-561c7f9dadb1,FILL,2026-06-09T17:01:57.032383Z,fill,17.78,2,buy,QQQ260710P00680000,0,ab3f3744-3e53-45f0-84f8-33752bc96a0a,2,filled,,,,,,,,,,
20260609125931572::1800fe84-afc0-4d01-b66f-0f01f27fb54e,FILL,2026-06-09T16:59:31.572006Z,fill,12.58,2,sell,SPY260710P00720000,0,802ad461-1398-49a1-914d-b7034d8797cc,2,filled,,,,,,,,,,
20260609125909859::ee2449cc-702d-4586-98e1-5490e711b086,FILL,2026-06-09T16:59:09.859742Z,fill,33.85,1,sell,TSLA260717P00405000,0,c5b2bd86-281d-4b9a-912a-07c01aa13b91,1,filled,,,,,,,,,,
20260609120804650::096f1b22-5e35-4dc8-8a9e-b34b9167218e,FILL,2026-06-09T16:08:04.650959Z,fill,6.75,2,buy,KO260717C00075000,0,d36ef55d-de2a-4ece-ba1f-43c2278f469a,2,filled,,,,,,,,,,
20260609120757360::f76ea1d3-3ac6-4511-a16e-e4b93542fa66,FILL,2026-06-09T16:07:57.36043Z,fill,4.4,2,buy,XOM260717P00145000,0,6b02b18b-9d22-4d7e-a469-6e5412a1b7a3,2,filled,,,,,,,,,,
20260609120750454::a53ccc14-ef8a-48a4-be4e-f6adee842cd2,FILL,2026-06-09T16:07:50.454839Z,fill,11.25,2,buy,SPY260710P00720000,0,2147c127-0aa6-4e23-8350-85e5befc0b97,2,filled,,,,,,,,,,
20260609120744019::0b216afe-e7d7-42d5-866a-9caf3b126490,FILL,2026-06-09T16:07:44.019004Z,fill,14.4,2,buy,GOOGL260717P00360000,0,663f17b4-a4b8-46de-922d-f3b5fc966fa6,2,filled,,,,,,,,,,
20260609120738333::9b89f538-e9f6-449f-8dae-47fd22bb46b7,FILL,2026-06-09T16:07:38.333062Z,fill,2.71,2,buy,CVS260717C00100000,0,55543ad0-81d4-4274-872a-7f3de4efd66c,2,filled,,,,,,,,,,
20260609120313565::90d8527e-72e3-432c-bc4e-6c27dce63b40,FILL,2026-06-09T16:03:13.565037Z,fill,2.35,2,sell,CVS260717C00100000,0,b0e9f54b-d2b7-4909-aeab-acf45799c8ce,2,filled,,,,,,,,,,
20260609112444514::d167592f-540d-4240-a505-71d689cccc08,FILL,2026-06-09T15:24:44.514659Z,fill,2.6,2,buy,ABT260717C00095000,0,3dd49930-bc64-48d1-841e-45f60720eb6c,2,filled,,,,,,,,,,
20260609111558929::b9b37ebd-8743-459b-a89a-0ddebf38098f,FILL,2026-06-09T15:15:58.92951Z,fill,20.6,2,buy,HD260717C00310000,0,3f6389e5-8bd6-45a5-8430-17479edf3b19,2,filled,,,,,,,,,,
20260609111553539::77edfbf2-c514-4e3e-8df8-79db667bc540,FILL,2026-06-09T15:15:53.539422Z,fill,25.25,2,buy,AVGO260717P00390000,0,9d259d02-aaf3-4f27-8cac-07f0f11635e7,2,filled,,,,,,,,,,
20260609111548277::4836f6ff-b9f0-4aa2-87cf-345976233208,FILL,2026-06-09T15:15:48.277788Z,fill,19.8,2,buy,ORCL260717P00210000,0,302c2dc3-f2b5-48ea-abff-1d661d041808,2,filled,,,,,,,,,,
20260609111543296::4bcb338b-d3d4-4842-9505-9bb49e2e8231,FILL,2026-06-09T15:15:43.296555Z,fill,3.45,2,buy,PG260717C00150000,0,9be9b06c-cc51-4b12-8182-8597e371308e,2,filled,,,,,,,,,,
20260609111538554::0da9c705-6122-4f7f-81a2-af5f88819a50,FILL,2026-06-09T15:15:38.554643Z,fill,5.45,2,buy,JNJ260717C00240000,0,68d0b6ac-0fba-49e8-895e-d700b788b1fb,2,filled,,,,,,,,,,
20260609111533599::2f576d86-e5dc-48e9-898d-d5489dea7e68,FILL,2026-06-09T15:15:33.599536Z,fill,91.15,1,buy,META260717P00680000,0,d414f36f-2272-455f-af4d-c5f6e368b0b2,1,filled,,,,,,,,,,
20260609111527837::de3b365e-3a26-4220-9791-22bba4af483f,FILL,2026-06-09T15:15:27.837167Z,fill,6.95,3,buy,CRM260717P00170000,0,45a10d4b-7b2d-451e-8151-f256385894ab,3,filled,,,,,,,,,,
20260609111522897::50d97ea6-1f9c-4bb5-9fe8-77824ce1532e,FILL,2026-06-09T15:15:22.89799Z,fill,16.8,3,buy,ADBE260717P00240000,0,49a2eb59-3d08-4bf6-9235-32b84b1914c0,3,filled,,,,,,,,,,
20260609111519078::cac15fa8-da69-4c87-83d1-b5dca910c125,FILL,2026-06-09T15:15:19.078968Z,fill,67.8,1,buy,AMD260717P00520000,0,56889377-c66f-42f5-a76a-5c39a67420c7,1,filled,,,,,,,,,,
20260609111515262::38dabef5-c3a0-4984-86e2-e4f9fc46321a,FILL,2026-06-09T15:15:15.262665Z,fill,25.85,1,buy,TSLA260717P00405000,0,9f05865e-3bd3-4670-a208-031b42ab8962,1,filled,,,,,,,,,,
20260609111508217::d9b5dcf3-c3fb-4f1c-8695-4125af7240ae,FILL,2026-06-09T15:15:08.217629Z,fill,3,2,buy,CVS260717C00100000,0,57e10b07-82e1-434d-a28e-75f962d5b643,2,filled,,,,,,,,,,
20260609111504395::9054e909-b238-4f03-b462-bc1ea790ad23,FILL,2026-06-09T15:15:04.395279Z,fill,24.9,3,buy,UNH260717C00400000,0,1ac8fcdd-adc9-4944-be07-3c529d3635b3,3,filled,,,,,,,,,,
20260609093313827::655af1ee-58b5-4bfd-841f-9b52fca5d584,FILL,2026-06-09T13:33:13.827485Z,fill,107,1,sell,MU260717P00950000,0,41b43761-b250-4da0-b9af-adcc0e2acf66,1,filled,,,,,,,,,,
20260609000000000::fb342a11-b8f2-4710-8bae-3fce4446e19f,FEE,,,,,,,,57e84e3a-1fc9-4be7-8456-f23452a8a999,,,OCC,2026-06-09,2026-06-10T08:25:17.440448Z,-0.04,OCC Clearing Fee,executed,efa99235-b87a-4543-be37-d0fc85f49027,USD,,
20260609000000000::fac0d1cc-5481-493d-abf6-c4c9d7b48d92,FEE,,,,,,,,56889377-c66f-42f5-a76a-5c39a67420c7,,,OCC,2026-06-09,2026-06-10T08:24:30.973431Z,-0.02,OCC Clearing Fee,executed,cac15fa8-da69-4c87-83d1-b5dca910c125,USD,,
20260609000000000::f4d717f6-060d-4993-b449-0f1c68defd55,FEE,,,,,,,,2147c127-0aa6-4e23-8350-85e5befc0b97,,,OCC,2026-06-09,2026-06-10T08:24:40.340422Z,-0.04,OCC Clearing Fee,executed,a53ccc14-ef8a-48a4-be4e-f6adee842cd2,USD,,
20260609000000000::f2933397-1a92-48a3-86d7-5906f3d0f7dd,FEE,,,,,,,,c5b2bd86-281d-4b9a-912a-07c01aa13b91,,,OCC,2026-06-09,2026-06-10T08:25:04.406071Z,-0.02,OCC Clearing Fee,executed,ee2449cc-702d-4586-98e1-5490e711b086,USD,,
20260609000000000::eba11826-cf72-4278-9af0-076c080b3acf,FEE,,,,,,,,3b91a5e2-161d-40d2-a944-4923f4a07847,,,OCC,2026-06-09,2026-06-10T08:25:00.067131Z,-0.04,OCC Clearing Fee,executed,a8d8a8a5-0e1d-4ced-ac1e-dc8741be19b1,USD,,
20260609000000000::e1cbc2c4-758e-483d-b745-d73c2027c2e0,FEE,,,,,,,,9d259d02-aaf3-4f27-8cac-07f0f11635e7,,,OCC,2026-06-09,2026-06-10T08:24:30.973431Z,-0.04,OCC Clearing Fee,executed,77edfbf2-c514-4e3e-8df8-79db667bc540,USD,,
20260609000000000::e17b4e17-5aa1-43bd-8d2b-7a4c22e408df,FEE,,,,,,,,79630b42-d068-4613-a828-bcb974d23ee9,,,OCC,2026-06-09,2026-06-10T08:25:04.406071Z,-0.02,OCC Clearing Fee,executed,54e69ce1-d7eb-4c20-aa52-37b5d0532376,USD,,
20260609000000000::d881d495-ca11-471e-9e3d-dce644b8dca4,FEE,,,,,,,,9f05865e-3bd3-4670-a208-031b42ab8962,,,OCC,2026-06-09,2026-06-10T08:24:30.973431Z,-0.02,OCC Clearing Fee,executed,38dabef5-c3a0-4984-86e2-e4f9fc46321a,USD,,
20260609000000000::d364951e-5e6a-4e56-b6c8-d28c34da2cec,FEE,,,,,,,,8e45e458-7d8b-46d4-94bd-b92de53bca65,,,OCC,2026-06-09,2026-06-10T08:25:04.406071Z,-0.06,OCC Clearing Fee,executed,6aa3ae57-b89a-4d90-ab23-7b6e5a50a317,USD,,
20260609000000000::d29def1e-ba96-48e2-aeb3-5253b4928acc,FEE,,,,,,,,1ac8fcdd-adc9-4944-be07-3c529d3635b3,,,OCC,2026-06-09,2026-06-10T08:24:30.973431Z,-0.06,OCC Clearing Fee,executed,9054e909-b238-4f03-b462-bc1ea790ad23,USD,,
20260609000000000::d0dd06c5-e679-4fd9-b965-836cc1f386ca,FEE,,,,,,,,49a2eb59-3d08-4bf6-9235-32b84b1914c0,,,OCC,2026-06-09,2026-06-10T08:24:30.973431Z,-0.06,OCC Clearing Fee,executed,50d97ea6-1f9c-4bb5-9fe8-77824ce1532e,USD,,
20260609000000000::d0c45227-fee2-491f-8b71-3b0b60d38df9,FEE,,,,,,,,57e10b07-82e1-434d-a28e-75f962d5b643,,,OCC,2026-06-09,2026-06-10T08:24:30.973431Z,-0.04,OCC Clearing Fee,executed,d9b5dcf3-c3fb-4f1c-8695-4125af7240ae,USD,,
20260609000000000::d09714ac-4b11-4305-9760-1e7d4eeff284,FEE,,,,,,,,6b00ee68-1a53-4593-a8c0-379ae65d561c,,,OCC,2026-06-09,2026-06-10T08:25:04.406071Z,-0.04,OCC Clearing Fee,executed,7772b2d5-d202-4f9f-aa84-4c6e6ed117c5,USD,,
20260609000000000::cb87b1c6-57eb-4813-bc05-b9670265b4e5,FEE,,,,,,,,55543ad0-81d4-4274-872a-7f3de4efd66c,,,OCC,2026-06-09,2026-06-10T08:24:40.340422Z,-0.04,OCC Clearing Fee,executed,9b89f538-e9f6-449f-8dae-47fd22bb46b7,USD,,
20260609000000000::ca1843a5-c76d-4526-84dc-4a715bed9255,FEE,,,,,,,,b30d8524-9fdb-4a34-9564-297f490bf139,,,OCC,2026-06-09,2026-06-10T08:25:17.440448Z,-0.04,OCC Clearing Fee,executed,8f7913aa-f34e-4459-a058-f6890c617b27,USD,,
20260609000000000::bc364c5b-fc51-4e47-a947-9a8e57cd5e81,FEE,,,,,,,,802ad461-1398-49a1-914d-b7034d8797cc,,,OCC,2026-06-09,2026-06-10T08:25:02.249107Z,-0.04,OCC Clearing Fee,executed,1800fe84-afc0-4d01-b66f-0f01f27fb54e,USD,,
20260609000000000::b97cae4d-db08-49ad-ab02-3347ef225af6,FEE,,,,,,,,f2be80d3-56e5-4baa-b25a-8033cc36327d,,,OCC,2026-06-09,2026-06-10T08:25:17.440448Z,-0.06,OCC Clearing Fee,executed,ae543a97-0311-49f1-8b94-3aa4fccb15cd,USD,,
20260609000000000::b3befb4d-b05e-4231-a0f3-2dbfbdb32246,FEE,,,,,,,,6b02b18b-9d22-4d7e-a469-6e5412a1b7a3,,,OCC,2026-06-09,2026-06-10T08:24:40.340422Z,-0.04,OCC Clearing Fee,executed,f76ea1d3-3ac6-4511-a16e-e4b93542fa66,USD,,
20260609000000000::b092443a-e03f-448d-a3cb-bc7ed6d1c4ec,FEE,,,,,,,,59b56d72-ebbb-4a23-bb0b-b3e7e097f123,,,OCC,2026-06-09,2026-06-10T08:25:04.406071Z,-0.04,OCC Clearing Fee,executed,7ccc68bd-a4c3-4480-bba5-0dff3dd88643,USD,,
20260609000000000::a43f692c-4450-46e6-9b72-976878a669e3,FEE,,,,,,,,d9446b1f-77c3-4a89-a92f-9b432801b76a,,,OCC,2026-06-09,2026-06-10T08:25:04.406071Z,-0.04,OCC Clearing Fee,executed,2d7c90a8-ff28-4dcc-80b4-bc29af5e10e4,USD,,
20260609000000000::9de890c4-3f59-4bdb-9a5a-4f91552f83c6,FEE,,,,,,,,3dd49930-bc64-48d1-841e-45f60720eb6c,,,OCC,2026-06-09,2026-06-10T08:24:30.973431Z,-0.04,OCC Clearing Fee,executed,d167592f-540d-4240-a505-71d689cccc08,USD,,
20260609000000000::9db9714f-edaf-4f9f-85d5-728dc3ddcb9a,FEE,,,,,,,,a96aa91c-e024-4150-958b-f6da1e5c3451,,,OCC,2026-06-09,2026-06-10T08:25:04.406071Z,-0.04,OCC Clearing Fee,executed,abf8398c-b0e2-4953-b0dc-88761a94eb7a,USD,,
20260609000000000::99302315-db68-4d07-94ea-a55b8c9b6721,FEE,,,,,,,,569eae47-1336-4bfb-93ba-5b3b6df0ad93,,,OCC,2026-06-09,2026-06-10T08:25:04.406071Z,-0.04,OCC Clearing Fee,executed,793b1049-c097-407b-8734-384773dbc142,USD,,
20260609000000000::85ab2c8f-33b5-46c7-aa77-eb84fce86361,FEE,,,,,,,,e1cf5b79-970f-4771-8fb6-62c8174e9817,,,OCC,2026-06-09,2026-06-10T08:25:04.406071Z,-0.04,OCC Clearing Fee,executed,84f137df-c501-46ab-8def-3f08be77ecba,USD,,
20260609000000000::82f26000-69c6-429e-95e7-9672517bfa51,FEE,,,,,,,,675e9672-4914-4de0-b631-265ff41d0d37,,,OCC,2026-06-09,2026-06-10T08:25:17.440448Z,-0.04,OCC Clearing Fee,executed,a4b31370-8099-4983-99e4-d107238d1991,USD,,
20260609000000000::7cb88347-54af-4b1a-852b-91d71de95157,FEE,,,,,,,,c1ae5326-a58a-46fd-a76c-2b1a7a217f9b,,,OCC,2026-06-09,2026-06-10T08:25:12.07341Z,-0.02,OCC Clearing Fee,executed,1d4ff5af-0826-457f-a1cf-2472d4bb2bf2,USD,,
20260609000000000::77ff009f-ca33-4363-82f7-ff03501d3d84,FEE,,,,,,,,68d0b6ac-0fba-49e8-895e-d700b788b1fb,,,OCC,2026-06-09,2026-06-10T08:24:30.973431Z,-0.04,OCC Clearing Fee,executed,0da9c705-6122-4f7f-81a2-af5f88819a50,USD,,
20260609000000000::6edf0ea1-afc4-4de8-98b5-7018985dc583,FEE,,,,,,,,33f66998-74a9-45c9-806d-e45a2d31f725,,,OCC,2026-06-09,2026-06-10T08:24:24.276515Z,-0.06,OCC Clearing Fee,executed,624ac86e-3706-49a0-905f-a8de31ce229e,USD,,
20260609000000000::6c07ea1a-4387-4b56-939a-219272ed27c7,FEE,,,,,,,,b6e8c494-ad35-4b79-b821-d198327322c3,,,OCC,2026-06-09,2026-06-10T08:25:17.440448Z,-0.02,OCC Clearing Fee,executed,98ab0492-660a-457d-9173-b14b9538834e,USD,,
20260609000000000::69447870-efda-4fae-aa53-de5a8f4700ff,FEE,,,,,,,,,,,TAF,2026-06-09,2026-06-10T08:24:05.820022Z,-0.11,OPT TAF fee for proceed of 39 contracts (21 trades) on 2026-06-09 by PA3NJU1Y90R3,executed,,USD,,
20260609000000000::6228328f-987f-4fa3-9404-4f6f6487615c,FEE,,,,,,,,b0e9f54b-d2b7-4909-aeab-acf45799c8ce,,,OCC,2026-06-09,2026-06-10T08:24:37.992032Z,-0.04,OCC Clearing Fee,executed,90d8527e-72e3-432c-bc4e-6c27dce63b40,USD,,
20260609000000000::611daa7d-b5e1-4caf-ac39-38d0f6e06e85,FEE,,,,,,,,d36ef55d-de2a-4ece-ba1f-43c2278f469a,,,OCC,2026-06-09,2026-06-10T08:24:40.340422Z,-0.04,OCC Clearing Fee,executed,096f1b22-5e35-4dc8-8a9e-b34b9167218e,USD,,
20260609000000000::5c9a8628-7f99-473f-b403-69bb3ce94d7a,FEE,,,,,,,,41b43761-b250-4da0-b9af-adcc0e2acf66,,,OCC,2026-06-09,2026-06-10T08:23:17.869599Z,-0.02,OCC Clearing Fee,executed,655af1ee-58b5-4bfd-841f-9b52fca5d584,USD,,
20260609000000000::58e87036-44ed-425c-bfc2-661f6f49b7ee,FEE,,,,,,,,302c2dc3-f2b5-48ea-abff-1d661d041808,,,OCC,2026-06-09,2026-06-10T08:24:30.973431Z,-0.04,OCC Clearing Fee,executed,4836f6ff-b9f0-4aa2-87cf-345976233208,USD,,
20260609000000000::57099d70-b3e1-4659-9b94-d61efcc52c5f,FEE,,,,,,,,3f6389e5-8bd6-45a5-8430-17479edf3b19,,,OCC,2026-06-09,2026-06-10T08:24:30.973431Z,-0.04,OCC Clearing Fee,executed,b9b37ebd-8743-459b-a89a-0ddebf38098f,USD,,
20260609000000000::491ae9de-a374-4b46-bc44-a26a3bf113bb,FEE,,,,,,,,b6e8c494-ad35-4b79-b821-d198327322c3,,,OCC,2026-06-09,2026-06-10T08:25:17.440448Z,-0.02,OCC Clearing Fee,executed,795cc9a4-abf5-4358-baad-4c3f86681825,USD,,
20260609000000000::472d7c20-0807-42a6-8aec-b79808020a01,FEE,,,,,,,,45a10d4b-7b2d-451e-8151-f256385894ab,,,OCC,2026-06-09,2026-06-10T08:24:30.973431Z,-0.06,OCC Clearing Fee,executed,de3b365e-3a26-4220-9791-22bba4af483f,USD,,
20260609000000000::453aa884-58c2-4c26-a1e4-62571fda19ff,FEE,,,,,,,,663f17b4-a4b8-46de-922d-f3b5fc966fa6,,,OCC,2026-06-09,2026-06-10T08:24:40.340422Z,-0.04,OCC Clearing Fee,executed,0b216afe-e7d7-42d5-866a-9caf3b126490,USD,,
20260609000000000::38f304c9-6090-4727-9b9a-17a3700176a5,FEE,,,,,,,,,,,CAT,2026-06-09,2026-06-10T08:25:39.80482Z,-0.03,CAT fee for proceed of 40 trades on 2026-06-09 by PA3NJU1Y90R3,executed,,USD,,
20260609000000000::3588f012-5563-4f66-938c-b804501eaeaa,FEE,,,,,,,,9be9b06c-cc51-4b12-8182-8597e371308e,,,OCC,2026-06-09,2026-06-10T08:24:30.973431Z,-0.04,OCC Clearing Fee,executed,4bcb338b-d3d4-4842-9505-9bb49e2e8231,USD,,
20260609000000000::2e113a96-f82a-48ce-9e5c-78999a636b77,FEE,,,,,,,,d414f36f-2272-455f-af4d-c5f6e368b0b2,,,OCC,2026-06-09,2026-06-10T08:24:30.973431Z,-0.02,OCC Clearing Fee,executed,2f576d86-e5dc-48e9-898d-d5489dea7e68,USD,,
20260609000000000::2a1203fe-a655-4e66-a315-7db9dca98133,FEE,,,,,,,,,,,ORF,2026-06-09,2026-06-10T08:24:03.323973Z,-2.07,ORF fee for proceed of 77 contracts on 2026-06-09 by PA3NJU1Y90R3,executed,,USD,,
20260609000000000::0d866503-2eae-45fe-844e-de9816762a9c,FEE,,,,,,,,ab3f3744-3e53-45f0-84f8-33752bc96a0a,,,OCC,2026-06-09,2026-06-10T08:25:04.406071Z,-0.04,OCC Clearing Fee,executed,6e6ab373-dabe-4198-8a27-561c7f9dadb1,USD,,
20260608155339358::4eb8457a-fa76-4c7e-be46-07599e0ffc09,FILL,2026-06-08T19:53:39.35833Z,fill,6.25,2,sell,MO260717C00065000,0,f31b67c2-c9df-47a2-b459-52716ee7fbf6,2,filled,,,,,,,,,,
20260608155339127::043a51db-6fc4-451c-a9e7-82e49600f6c1,FILL,2026-06-08T19:53:39.127539Z,fill,3.4,1,sell,ABT260821C00095000,0,5254be60-6330-473d-a5b1-4e2c63fa87ff,1,filled,,,,,,,,,,
20260608155338895::8ea4e5d7-90d3-405d-8074-b358aa95d3d4,FILL,2026-06-08T19:53:38.895188Z,fill,6.5,1,sell,GSK260821C00045000,0,d17c06af-fc79-4719-99f0-9b36c49d478c,1,filled,,,,,,,,,,
20260608155338672::008fe032-a332-4491-bc4b-ed751ebcab28,FILL,2026-06-08T19:53:38.672863Z,fill,20.36,1,sell,QQQ260710P00719000,0,ebda564d-1c33-4cad-8e7f-acc5b549fe6e,1,filled,,,,,,,,,,
20260608155338451::22fdc44c-433f-40dc-9adb-752b5b79c228,FILL,2026-06-08T19:53:38.451009Z,fill,2.73,1,sell,SCHW260717C00090000,0,2c08a107-f57a-467f-a0ce-e59dc8f51708,1,filled,,,,,,,,,,
20260608155338219::d4cbb084-1af3-4d47-9274-88b37863cc3a,FILL,2026-06-08T19:53:38.219287Z,fill,2.76,1,sell,MDT260717C00080000,0,ee1fe026-fdca-4f17-8a43-be78a6b96db7,1,filled,,,,,,,,,,
20260608155338106::f4dcc87b-5d5a-4bb4-82b6-160aede47bf3,FILL,2026-06-08T19:53:38.106506Z,fill,4.75,1,sell,CVS260821C00100000,0,79126914-555e-499f-baf7-8a3a88abb285,1,filled,,,,,,,,,,
20260608152308112::4f1ca1de-21c9-482b-a1a8-4abe77711007,FILL,2026-06-08T19:23:08.112107Z,fill,10.69,1,sell,SPY260710C00745000,0,c0fb8aa3-2284-4aa3-b713-76b949f06280,1,filled,,,,,,,,,,
20260608132030267::08cf9be5-6855-482f-b3e5-e66f44f1756b,FILL,2026-06-08T17:20:30.267316Z,fill,1.8,1,sell,SO260821C00095000,0,64c3c179-dcde-43ed-aa52-2b9a706712f6,1,filled,,,,,,,,,,
20260608130458999::449c6490-d8fe-40f9-b99d-e5a67511e5b3,FILL,2026-06-08T17:04:58.999366Z,fill,7.96,1,sell,SPY260710C00752000,0,64b2a9a3-08ba-4189-b3e5-976a164c93da,1,filled,,,,,,,,,,
20260608124933293::462077d0-ffae-4644-848e-baa8c9281b52,FILL,2026-06-08T16:49:33.293696Z,fill,1.7,1,sell,ENB260717C00055000,0,64528575-30a5-49be-ab53-a3d427dcd285,1,filled,,,,,,,,,,
20260608124858307::91100a8b-26c1-41a3-ba37-aabf97e47045,FILL,2026-06-08T16:48:58.307451Z,fill,12.39,1,buy,SPY260710C00745000,0,8f9569e4-d084-464b-9151-ccce16410fe2,1,filled,,,,,,,,,,
20260608123425292::7e1233cf-6d96-43c2-941f-fc033d9ac1e5,FILL,2026-06-08T16:34:25.292731Z,fill,2.2,1,buy,SO260821C00095000,0,7f8022e1-9ad4-47dc-a3d8-78bb05c719e1,1,filled,,,,,,,,,,
20260608123347654::db11ac82-4b63-4341-a6df-e667c06c11f5,FILL,2026-06-08T16:33:47.654659Z,fill,1,1,sell,SNY260717C00045000,0,816470e9-eaaf-42f6-947b-ffe895b70dae,1,filled,,,,,,,,,,
20260608121417206::96e13dfd-f2a1-48f6-8e59-a2982a348afb,FILL,2026-06-08T16:14:17.206517Z,fill,1.95,1,sell,SO260821C00095000,0,f370b293-3659-4568-a7d9-b0de75575172,1,filled,,,,,,,,,,
20260608115902193::204944f6-c5ff-4e97-97ab-0de9babb5fab,FILL,2026-06-08T15:59:02.193166Z,fill,6.8,1,buy,MO260717C00065000,0,285ee40c-38ac-4a91-b991-fc35ed687afd,2,filled,,,,,,,,,,
20260608115902074::cc551f9d-9b84-41b9-8b53-73e78bffd3e8,FILL,2026-06-08T15:59:02.074948Z,partial_fill,6.8,1,buy,MO260717C00065000,1,285ee40c-38ac-4a91-b991-fc35ed687afd,1,partially_filled,,,,,,,,,,
20260608114523602::aa2f0279-f19d-4663-afb9-e754b4bd86a8,FILL,2026-06-08T15:45:23.602174Z,fill,122.3,1,buy,MU260717P00950000,0,ffcda10c-1ab4-41ee-b016-aa52e2134a0c,1,filled,,,,,,,,,,
20260608114039939::08cdfca9-1a22-40c9-8dc4-9de8a458b9fa,FILL,2026-06-08T15:40:39.939006Z,fill,1.31,1,sell,MO260717C00072500,0,5288ea54-9694-455f-810c-eda37a2cdae4,1,filled,,,,,,,,,,
20260608112707046::0da57942-8ea4-4e06-8a32-25f95ca24396,FILL,2026-06-08T15:27:07.046973Z,fill,3.8,1,buy,ABT260821C00095000,0,aec635b3-2d31-43c6-8f6c-0959246f661a,1,filled,,,,,,,,,,
20260608112524481::a1a6453f-bd14-4cef-896e-4d1c1a151c39,FILL,2026-06-08T15:25:24.481644Z,fill,7.2,1,buy,GSK260821C00045000,0,11f3b64d-84d2-4c39-aa8b-6b44f8cfcfbc,1,filled,,,,,,,,,,
20260608112521911::b1edce2b-31c2-41d0-b381-4d0110e74212,FILL,2026-06-08T15:25:21.911691Z,fill,2.45,1,buy,SO260821C00095000,0,808d5c92-374e-43af-b15f-e4952a691ddf,1,filled,,,,,,,,,,
20260608112519572::a16dc397-d5ae-46c9-a1e0-7c1f06efd68e,FILL,2026-06-08T15:25:19.572323Z,fill,1.67,1,buy,MO260717C00072500,0,6e531ff4-60a9-4ba9-a5da-86d207e9abb6,1,filled,,,,,,,,,,
20260608112517124::75bd5750-2c19-4b46-9996-e4bab9bca2d7,FILL,2026-06-08T15:25:17.124612Z,fill,9.69,1,buy,SPY260710C00752000,0,8c047b2d-4a6a-4468-9e08-5281497f56d9,1,filled,,,,,,,,,,
20260608112514793::10479df3-10f9-418d-87a6-e4caf7f57698,FILL,2026-06-08T15:25:14.793976Z,fill,17.79,1,buy,QQQ260710P00719000,0,11fd9507-713f-43e8-b187-401b03a6c721,1,filled,,,,,,,,,,
20260608112512464::14766d00-f6fe-4f0e-b311-1218939a5dcd,FILL,2026-06-08T15:25:12.464274Z,fill,2.3,1,buy,ENB260717C00055000,0,e4266496-5727-41df-a72b-dfd1b244da18,1,filled,,,,,,,,,,
20260608112509911::57785328-c9ef-4963-969f-ac86268e36a6,FILL,2026-06-08T15:25:09.911635Z,fill,2.94,1,buy,SCHW260717C00090000,0,c82299ed-f6d0-4467-b9c2-33974144dff5,1,filled,,,,,,,,,,
20260608112213678::727de3a1-682e-43f7-ada4-80a2d59a364c,FILL,2026-06-08T15:22:13.678206Z,fill,2.9,1,buy,MDT260717C00080000,0,405a0be0-e25c-4bd1-bd45-c9c5939c23ed,1,filled,,,,,,,,,,
20260608111242608::ac831ba4-2514-4996-bf78-a74a5b7d1342,FILL,2026-06-08T15:12:42.608644Z,fill,106.45,1,sell,AMD260821C00420000,0,a1e9238f-72ab-4eee-a8ff-e259150e9e36,1,filled,,,,,,,,,,
20260608105141475::3080a8d4-497d-4ec2-abc3-0ec5798ac3a3,FILL,2026-06-08T14:51:41.475366Z,fill,4.3,1,buy,CVS260821C00100000,0,538bccb4-46db-4e8d-952e-2f2c5246681e,1,filled,,,,,,,,,,
20260608105139046::2ee6e80d-1391-4925-b6d2-a883878179e6,FILL,2026-06-08T14:51:39.046924Z,fill,1.1,1,buy,SNY260717C00045000,0,e695392a-72d8-40fb-aa72-2fa5edce124c,1,filled,,,,,,,,,,
20260608000000000::fa996cb3-529d-4c3b-90c5-ba34c235d542,FEE,,,,,,,,7f8022e1-9ad4-47dc-a3d8-78bb05c719e1,,,OCC,2026-06-08,2026-06-09T08:24:30.298215Z,-0.02,OCC Clearing Fee,executed,7e1233cf-6d96-43c2-941f-fc033d9ac1e5,USD,,
20260608000000000::f95a7f58-d922-41cf-824c-6cfbb479e0ac,FEE,,,,,,,,ebda564d-1c33-4cad-8e7f-acc5b549fe6e,,,OCC,2026-06-08,2026-06-09T08:24:42.725619Z,-0.02,OCC Clearing Fee,executed,008fe032-a332-4491-bc4b-ed751ebcab28,USD,,
20260608000000000::f9576893-c40b-44e9-b346-7b5eb80dbbcf,FEE,,,,,,,,64b2a9a3-08ba-4189-b3e5-976a164c93da,,,OCC,2026-06-08,2026-06-09T08:24:12.263052Z,-0.02,OCC Clearing Fee,executed,449c6490-d8fe-40f9-b99d-e5a67511e5b3,USD,,
20260608000000000::f5807d64-f66c-44ab-a6b3-3f7ce79da37c,FEE,,,,,,,,6e531ff4-60a9-4ba9-a5da-86d207e9abb6,,,OCC,2026-06-08,2026-06-09T08:24:12.263052Z,-0.02,OCC Clearing Fee,executed,a16dc397-d5ae-46c9-a1e0-7c1f06efd68e,USD,,
20260608000000000::f41e4a65-6076-4167-b5a3-425db5de1222,FEE,,,,,,,,2c08a107-f57a-467f-a0ce-e59dc8f51708,,,OCC,2026-06-08,2026-06-09T08:24:42.725619Z,-0.02,OCC Clearing Fee,executed,22fdc44c-433f-40dc-9adb-752b5b79c228,USD,,
20260608000000000::efb5f79d-2415-4b31-8970-cd88c5764780,FEE,,,,,,,,d17c06af-fc79-4719-99f0-9b36c49d478c,,,OCC,2026-06-08,2026-06-09T08:24:42.725619Z,-0.02,OCC Clearing Fee,executed,8ea4e5d7-90d3-405d-8074-b358aa95d3d4,USD,,
20260608000000000::e74e563d-18bd-48a8-a047-c6bffb91e07d,FEE,,,,,,,,,,,CAT,2026-06-08,2026-06-09T08:25:23.395036Z,-0.01,CAT fee for proceed of 31 trades on 2026-06-08 by PA3NJU1Y90R3,executed,,USD,,
20260608000000000::e615e287-2f19-47f6-89a8-4df30bd052c9,FEE,,,,,,,,808d5c92-374e-43af-b15f-e4952a691ddf,,,OCC,2026-06-08,2026-06-09T08:24:12.263052Z,-0.02,OCC Clearing Fee,executed,b1edce2b-31c2-41d0-b381-4d0110e74212,USD,,
20260608000000000::e0a5c549-8bb5-411a-9861-55350d2c3500,FEE,,,,,,,,5254be60-6330-473d-a5b1-4e2c63fa87ff,,,OCC,2026-06-08,2026-06-09T08:24:42.725619Z,-0.02,OCC Clearing Fee,executed,043a51db-6fc4-451c-a9e7-82e49600f6c1,USD,,
20260608000000000::d69cd199-bcf1-4124-81e1-24376a138ad6,FEE,,,,,,,,,,,ORF,2026-06-08,2026-06-09T08:25:08.064646Z,-0.86,ORF fee for proceed of 32 contracts on 2026-06-08 by PA3NJU1Y90R3,executed,,USD,,
20260608000000000::d6385281-a8f3-4229-ab18-30114acf74c2,FEE,,,,,,,,405a0be0-e25c-4bd1-bd45-c9c5939c23ed,,,OCC,2026-06-08,2026-06-09T08:24:12.263052Z,-0.02,OCC Clearing Fee,executed,727de3a1-682e-43f7-ada4-80a2d59a364c,USD,,
20260608000000000::cdac0072-2d03-422d-9f54-51c4698fb685,FEE,,,,,,,,a1e9238f-72ab-4eee-a8ff-e259150e9e36,,,OCC,2026-06-08,2026-06-09T08:24:07.620491Z,-0.02,OCC Clearing Fee,executed,ac831ba4-2514-4996-bf78-a74a5b7d1342,USD,,
20260608000000000::cb37d9be-fae8-498f-8776-3b570aec49d7,FEE,,,,,,,,c82299ed-f6d0-4467-b9c2-33974144dff5,,,OCC,2026-06-08,2026-06-09T08:24:12.263052Z,-0.02,OCC Clearing Fee,executed,57785328-c9ef-4963-969f-ac86268e36a6,USD,,
20260608000000000::b56d8d57-3627-4f46-8fd5-54d7d39be4aa,FEE,,,,,,,,8f9569e4-d084-464b-9151-ccce16410fe2,,,OCC,2026-06-08,2026-06-09T08:24:12.263052Z,-0.02,OCC Clearing Fee,executed,91100a8b-26c1-41a3-ba37-aabf97e47045,USD,,
20260608000000000::b32c1133-494b-45b7-8c40-b83c3da6595e,FEE,,,,,,,,538bccb4-46db-4e8d-952e-2f2c5246681e,,,OCC,2026-06-08,2026-06-09T08:23:51.977484Z,-0.02,OCC Clearing Fee,executed,3080a8d4-497d-4ec2-abc3-0ec5798ac3a3,USD,,
20260608000000000::a4bb05af-294b-4021-9e6b-5361035902bb,FEE,,,,,,,,5288ea54-9694-455f-810c-eda37a2cdae4,,,OCC,2026-06-08,2026-06-09T08:24:12.263052Z,-0.02,OCC Clearing Fee,executed,08cdfca9-1a22-40c9-8dc4-9de8a458b9fa,USD,,
20260608000000000::9745c270-5a8e-40c1-928f-2c974b67e682,FEE,,,,,,,,e4266496-5727-41df-a72b-dfd1b244da18,,,OCC,2026-06-08,2026-06-09T08:24:12.263052Z,-0.02,OCC Clearing Fee,executed,14766d00-f6fe-4f0e-b311-1218939a5dcd,USD,,
20260608000000000::910208d2-890c-44b3-9ce7-6fac04ee7b92,FEE,,,,,,,,64528575-30a5-49be-ab53-a3d427dcd285,,,OCC,2026-06-08,2026-06-09T08:24:12.263052Z,-0.02,OCC Clearing Fee,executed,462077d0-ffae-4644-848e-baa8c9281b52,USD,,
20260608000000000::8e2c2098-9dd6-47ac-8a51-26fef62f308c,FEE,,,,,,,,8c047b2d-4a6a-4468-9e08-5281497f56d9,,,OCC,2026-06-08,2026-06-09T08:24:12.263052Z,-0.02,OCC Clearing Fee,executed,75bd5750-2c19-4b46-9996-e4bab9bca2d7,USD,,
20260608000000000::87f4373f-abc0-406f-9922-be3faacc6b6c,FEE,,,,,,,,816470e9-eaaf-42f6-947b-ffe895b70dae,,,OCC,2026-06-08,2026-06-09T08:24:30.298215Z,-0.02,OCC Clearing Fee,executed,db11ac82-4b63-4341-a6df-e667c06c11f5,USD,,
20260608000000000::78fea66c-fbd7-4cf4-a165-0a4eebdfd889,FEE,,,,,,,,79126914-555e-499f-baf7-8a3a88abb285,,,OCC,2026-06-08,2026-06-09T08:24:42.725619Z,-0.02,OCC Clearing Fee,executed,f4dcc87b-5d5a-4bb4-82b6-160aede47bf3,USD,,
20260608000000000::6c546590-dce4-49ee-8fea-4685a942daf9,FEE,,,,,,,,,,,TAF,2026-06-08,2026-06-09T08:25:08.064646Z,-0.05,OPT TAF fee for proceed of 16 contracts (15 trades) on 2026-06-08 by PA3NJU1Y90R3,executed,,USD,,
20260608000000000::6a831c1a-e73b-4fbe-9948-8193cb2b795f,FEE,,,,,,,,11fd9507-713f-43e8-b187-401b03a6c721,,,OCC,2026-06-08,2026-06-09T08:24:12.263052Z,-0.02,OCC Clearing Fee,executed,10479df3-10f9-418d-87a6-e4caf7f57698,USD,,
20260608000000000::6630ab75-6823-4794-863b-68c2e659034b,FEE,,,,,,,,e695392a-72d8-40fb-aa72-2fa5edce124c,,,OCC,2026-06-08,2026-06-09T08:23:51.977484Z,-0.02,OCC Clearing Fee,executed,2ee6e80d-1391-4925-b6d2-a883878179e6,USD,,
20260608000000000::65874a02-20a5-4fdb-808b-3d8ce44d38ee,FEE,,,,,,,,c0fb8aa3-2284-4aa3-b713-76b949f06280,,,OCC,2026-06-08,2026-06-09T08:25:01.927731Z,-0.02,OCC Clearing Fee,executed,4f1ca1de-21c9-482b-a1a8-4abe77711007,USD,,
20260608000000000::570b5830-5e32-4cd7-8178-24ad1e94b77c,FEE,,,,,,,,11f3b64d-84d2-4c39-aa8b-6b44f8cfcfbc,,,OCC,2026-06-08,2026-06-09T08:24:12.263052Z,-0.02,OCC Clearing Fee,executed,a1a6453f-bd14-4cef-896e-4d1c1a151c39,USD,,
20260608000000000::36870435-f027-4f7f-8c7e-39caf4050fb3,FEE,,,,,,,,64c3c179-dcde-43ed-aa52-2b9a706712f6,,,OCC,2026-06-08,2026-06-09T08:24:40.201267Z,-0.02,OCC Clearing Fee,executed,08cf9be5-6855-482f-b3e5-e66f44f1756b,USD,,
20260608000000000::353c8156-7ab0-48c1-9a0b-2f66c7ce85b5,FEE,,,,,,,,f370b293-3659-4568-a7d9-b0de75575172,,,OCC,2026-06-08,2026-06-09T08:24:30.298215Z,-0.02,OCC Clearing Fee,executed,96e13dfd-f2a1-48f6-8e59-a2982a348afb,USD,,
20260608000000000::33a384fc-c93d-4e7a-b989-539e1716b316,FEE,,,,,,,,285ee40c-38ac-4a91-b991-fc35ed687afd,,,OCC,2026-06-08,2026-06-09T08:24:19.309161Z,-0.02,OCC Clearing Fee,executed,204944f6-c5ff-4e97-97ab-0de9babb5fab,USD,,
20260608000000000::1a134938-fef4-4dcb-bac4-df9587104eba,FEE,,,,,,,,285ee40c-38ac-4a91-b991-fc35ed687afd,,,OCC,2026-06-08,2026-06-09T08:24:19.309161Z,-0.02,OCC Clearing Fee,executed,cc551f9d-9b84-41b9-8b53-73e78bffd3e8,USD,,
20260608000000000::14b8e189-4802-4f6d-8035-6a6e761abc15,FEE,,,,,,,,ee1fe026-fdca-4f17-8a43-be78a6b96db7,,,OCC,2026-06-08,2026-06-09T08:24:42.725619Z,-0.02,OCC Clearing Fee,executed,d4cbb084-1af3-4d47-9274-88b37863cc3a,USD,,
20260608000000000::0b16396d-4b16-4fed-9438-3dffb5111999,FEE,,,,,,,,aec635b3-2d31-43c6-8f6c-0959246f661a,,,OCC,2026-06-08,2026-06-09T08:24:12.263052Z,-0.02,OCC Clearing Fee,executed,0da57942-8ea4-4e06-8a32-25f95ca24396,USD,,
20260608000000000::079d7078-0110-456e-970a-b1ac1a34ea71,FEE,,,,,,,,f31b67c2-c9df-47a2-b459-52716ee7fbf6,,,OCC,2026-06-08,2026-06-09T08:24:42.725619Z,-0.04,OCC Clearing Fee,executed,4eb8457a-fa76-4c7e-be46-07599e0ffc09,USD,,
20260608000000000::00bc409e-ad74-4658-be50-292aaf0e000a,FEE,,,,,,,,ffcda10c-1ab4-41ee-b016-aa52e2134a0c,,,OCC,2026-06-08,2026-06-09T08:24:12.263052Z,-0.02,OCC Clearing Fee,executed,aa2f0279-f19d-4663-afb9-e754b4bd86a8,USD,,
20260505093130674::5c7edc0e-a6a6-4def-b02c-e54499079127,FILL,2026-05-05T13:31:30.674459Z,fill,965.93,1,buy,LLY,0,4ba147d7-64de-4a2f-8f7d-b9c7b77dc525,1,filled,,,,,,,,,,
20260505093043693::3b28b6d1-97b6-4b2d-9741-06c67b68352e,FILL,2026-05-05T13:30:43.693717Z,fill,46.09,1,buy,IONQ,0,7a4e9f37-6717-4f71-8046-9916bc7d5467,1,filled,,,,,,,,,,
20260505093043560::4a73b0ec-4cfc-43c5-adae-8aeb14aea9f6,FILL,2026-05-05T13:30:43.560714Z,fill,173.97,1,buy,RTX,0,4657a715-84f7-4efb-b2c5-36f951ec77f2,1,filled,,,,,,,,,,
20260505093025435::dfe42315-a4ed-48b8-afca-d4d5ddda3bf9,FILL,2026-05-05T13:30:25.435816Z,fill,66.41,1,buy,CARR,0,ca5b79df-10b3-4bea-80b7-0b3fc8c1cf01,1,filled,,,,,,,,,,
20260505093005937::8d70d2d2-99bf-4f21-9346-370c23665de7,FILL,2026-05-05T13:30:05.93768Z,fill,174,1,buy,RTX,0,3e94c7b3-a50c-4d3b-81e8-cdab1c6f9c1a,1,filled,,,,,,,,,,
20260505093004955::712f9255-2edf-4793-95bc-ea7438e68bdc,FILL,2026-05-05T13:30:04.955978Z,fill,3.6,2,buy,RTX260821C00200000,0,82f9acfa-a7e8-4c59-a90e-f66eacda08a7,2,filled,,,,,,,,,,
20260505000000000::e0578c1d-8626-4fd9-b6f2-9ee2dbb793bb,FEE,,,,,,,,82f9acfa-a7e8-4c59-a90e-f66eacda08a7,,,OCC,2026-05-05,2026-05-06T08:23:47.834488Z,-0.04,OCC Clearing Fee,executed,712f9255-2edf-4793-95bc-ea7438e68bdc,USD,,
20260505000000000::123f7390-a72a-4084-a55b-676e1cff5a5e,FEE,,,,,,,,,,,ORF,2026-05-05,2026-05-06T08:22:43.955665Z,-0.06,ORF fee for proceed of 2 contracts on 2026-05-05 by PA3NJU1Y90R3,executed,,USD,,
20260501093202167::8a1192f3-ab9b-40a6-9e0c-6805aa921075,FILL,2026-05-01T13:32:02.167772Z,fill,414.22,1,buy,MSFT,0,44fc66b2-2b2f-4e4e-b5d0-18828c6b7012,1,filled,,,,,,,,,,
20260501093201221::16cb6b44-54e1-4072-a213-edb34f7a7630,FILL,2026-05-01T13:32:01.221637Z,fill,414.22,1,buy,MSFT,0,76bc43eb-51ad-479f-918d-19f1e43a8500,1,filled,,,,,,,,,,
20260501093130938::40ff3b5b-f197-454c-8374-97a1ddf2ee7f,FILL,2026-05-01T13:31:30.938165Z,fill,263.4,1,buy,AMZN,0,394abe32-f69d-4f80-9804-f16c9e6a096a,1,filled,,,,,,,,,,
20260501093126469::e3a70f06-cc97-45ff-b9c3-69a46c203f19,FILL,2026-05-01T13:31:26.469424Z,fill,263.54,1,buy,AMZN,0,da2590e8-07fc-446e-97e3-5e4b14328cff,1,filled,,,,,,,,,,
20260501093108233::fec40596-351d-4b9b-a5ab-74778296d67b,FILL,2026-05-01T13:31:08.233275Z,fill,176.41,1,buy,RTX,0,f730a1c3-3833-49d4-bd12-eeeb1d5ddaf1,1,filled,,,,,,,,,,
20260501093107165::3ea89f75-24b3-44d0-88ff-b272a9085e99,FILL,2026-05-01T13:31:07.165109Z,fill,263.76,1,buy,AMZN,0,eb73b85b-4534-40cb-87cf-523dbf1da777,1,filled,,,,,,,,,,
20260501093041854::f6eee505-ad18-4858-8013-844b553a4773,FILL,2026-05-01T13:30:41.854094Z,fill,952.94,1,buy,LLY,0,2af340d4-1f54-4b58-9bd7-8708abe8586f,1,filled,,,,,,,,,,
20260501093021608::ef0ea11a-a581-4c63-a042-154afcc27e02,FILL,2026-05-01T13:30:21.608344Z,fill,948.46,1,buy,LLY,0,3ac5f076-d14d-4462-b6a7-8c3c1b5599f5,1,filled,,,,,,,,,,
20260501093017660::c599c4d0-528a-45f1-aa68-7bdab8e60edb,FILL,2026-05-01T13:30:17.660382Z,fill,948.46,1,buy,LLY,0,c9b5d35d-2143-444a-a09d-488db8590686,1,filled,,,,,,,,,,
20260501093004645::b602478c-4386-433e-888d-181f9d9f68d2,FILL,2026-05-01T13:30:04.645255Z,fill,4.2,1,buy,AAPL260821C00325000,0,2baf724c-e280-4151-8e64-ccc71c6bf1a8,1,filled,,,,,,,,,,
20260501093004632::e32d5ff8-2a91-43c9-95a2-beab059dfdb0,FILL,2026-05-01T13:30:04.63217Z,fill,4.9,1,buy,NVDA260821C00250000,0,bbb49e78-42d8-43d8-988d-3198bc283f2c,1,filled,,,,,,,,,,
20260501093004611::c0bf3388-0c64-4fa4-a117-b6c4e82c216b,FILL,2026-05-01T13:30:04.611466Z,fill,31.6,1,buy,AMD260821C00420000,0,c99ab043-ab91-4822-a529-d36ae4a75e9a,1,filled,,,,,,,,,,
20260501093004465::a0bff7b2-f5b7-4cd2-b330-8749a0fd975e,FILL,2026-05-01T13:30:04.465399Z,fill,4.2,1,buy,AAPL260821C00325000,0,7d07c82f-b985-4ac6-b7d8-a87e619c976c,1,filled,,,,,,,,,,
20260501000000000::fa5308a7-c58d-4eef-9d6b-430676c73cd4,FEE,,,,,,,,,,,ORF,2026-05-01,2026-05-02T08:22:29.862491Z,-0.11,ORF fee for proceed of 4 contracts on 2026-05-01 by PA3NJU1Y90R3,executed,,USD,,
20260501000000000::cee33417-d5fd-445e-85d6-032fc1cf44f5,FEE,,,,,,,,c99ab043-ab91-4822-a529-d36ae4a75e9a,,,OCC,2026-05-01,2026-05-02T08:21:53.470324Z,-0.02,OCC Clearing Fee,executed,c0bf3388-0c64-4fa4-a117-b6c4e82c216b,USD,,
20260501000000000::9fd0e754-aa8b-4c34-8c1d-0dd6dc5c0d5a,FEE,,,,,,,,7d07c82f-b985-4ac6-b7d8-a87e619c976c,,,OCC,2026-05-01,2026-05-02T08:21:53.470324Z,-0.02,OCC Clearing Fee,executed,a0bff7b2-f5b7-4cd2-b330-8749a0fd975e,USD,,
20260501000000000::4d2cbc6f-e864-4a7e-bcc4-20557c3fc828,FEE,,,,,,,,2baf724c-e280-4151-8e64-ccc71c6bf1a8,,,OCC,2026-05-01,2026-05-02T08:21:53.470324Z,-0.02,OCC Clearing Fee,executed,b602478c-4386-433e-888d-181f9d9f68d2,USD,,
20260501000000000::46a665f9-b015-4137-9748-afae71038d4b,FEE,,,,,,,,bbb49e78-42d8-43d8-988d-3198bc283f2c,,,OCC,2026-05-01,2026-05-02T08:21:53.470324Z,-0.02,OCC Clearing Fee,executed,e32d5ff8-2a91-43c9-95a2-beab059dfdb0,USD,,
20251219000000000::d071f8e7-acf3-41b9-bc11-2f192532d670,OPEXP,,,,-81,,IREN251219C00060000,,,,,,2025-12-19,2025-12-20T09:20:21.202859Z,0,Options Expiry,executed,,USD,IREN251219C00060000,088bfa38-18a6-43a1-b4b3-ae92ed102021
20251013143419100::6b149647-b516-4ff6-bcd6-9c00b3abbf93,FILL,2025-10-13T18:34:19.100497Z,fill,17.3,80,buy,IREN251219C00060000,0,ec51130c-7c08-4a2d-9cd6-74b8a692a22f,80,filled,,,,,,,,,,
20251013000000000::c41b13e0-666c-426e-bb81-e169b105fa52,FEE,,,,,,,,,,,OCC,2025-10-13,2025-10-14T08:20:52.0623Z,-1.6,OCC Clearing Fee,executed,6b149647-b516-4ff6-bcd6-9c00b3abbf93,USD,,
20251013000000000::a9d1931f-fa2a-416f-919c-1abb684b2119,FEE,,,,,,,,,,,CAT,2025-10-13,2025-10-14T08:20:58.393161Z,-0.22,CAT fee for proceed of 1 trades on 2025-10-13 by PA3NJU1Y90R3,executed,,USD,,
20251013000000000::77bf5de4-dacd-4e5f-ad6f-4cf3905a76e6,FEE,,,,,,,,,,,ORF,2025-10-13,2025-10-14T08:20:54.198128Z,-2.15,ORF fee for proceed of 80 contracts on 2025-10-13 by PA3NJU1Y90R3,executed,,USD,,
20251007154815113::fb85d086-6753-4d16-9062-289757b36ae8,FILL,2025-10-07T19:48:15.113466Z,fill,15.45,1,buy,IREN251219C00060000,0,d57254f8-403a-4bc6-93e1-ee0205c528dd,1,filled,,,,,,,,,,
20251007000000000::bd6804e7-b71d-43ea-afb0-08423ca589c9,FEE,,,,,,,,,,,ORF,2025-10-07,2025-10-08T08:20:49.682274Z,-0.03,ORF fee for proceed of 1 contracts on 2025-10-07 by PA3NJU1Y90R3,executed,,USD,,
20251007000000000::b53dffbd-7154-4286-86b2-1c6b47b15419,FEE,,,,,,,,,,,OCC,2025-10-07,2025-10-08T08:21:51.446168Z,-0.02,OCC Clearing Fee,executed,fb85d086-6753-4d16-9062-289757b36ae8,USD,,
20251007000000000::5db42b2b-5e90-4ec6-a3d7-2ec631b24069,FEE,,,,,,,,,,,CAT,2025-10-07,2025-10-08T08:20:30.576234Z,-0.01,CAT fee for proceed of 1 trades on 2025-10-07 by PA3NJU1Y90R3,executed,,USD,,
20250924113808244::e6f5e498-8b07-452e-ae5e-cbc3d92edafd,FILL,2025-09-24T15:38:08.244445Z,fill,24.12,66,buy,PFE,0,a33ca503-9c52-41e9-908d-2bd8a4b60946,100,filled,,,,,,,,,,
20250924113807781::554979e1-b17c-4284-b012-c22d40f9ea67,FILL,2025-09-24T15:38:07.781927Z,partial_fill,24.12,34,buy,PFE,66,a33ca503-9c52-41e9-908d-2bd8a4b60946,34,partially_filled,,,,,,,,,,
20250924000000000::8991231d-ed05-442b-be8a-f5b96731b21c,FEE,,,,,,,,,,,CAT,2025-09-24,2025-09-25T08:21:04.687597Z,-0.01,CAT fee for proceed of 2 trades on 2025-09-24 by PA3NJU1Y90R3,executed,,USD,,
20250902113628046::ea5f30b9-c4c3-48db-8ea3-db0317007027,FILL,2025-09-02T15:36:28.046213Z,fill,227.4,43,sell,AAPL,0,877f9e17-b747-48fa-ad5c-a1d8e7ef0f49,43,filled,,,,,,,,,,
20250902093233624::816ef60b-1662-482f-80f5-18b6ee6a8e10,FILL,2025-09-02T13:32:33.624964Z,fill,223.71,12,buy,AMZN,0,eda849d9-069b-4560-b443-781edce8eb70,43,filled,,,,,,,,,,
20250902093142654::ceb1c477-3ceb-4aaa-bb08-6b25c614cd55,FILL,2025-09-02T13:31:42.654693Z,partial_fill,223.89,17,buy,AMZN,12,eda849d9-069b-4560-b443-781edce8eb70,31,partially_filled,,,,,,,,,,
20250902093104957::9863955a-b0ac-4b24-a238-de26ba3ba65f,FILL,2025-09-02T13:31:04.957157Z,partial_fill,224.06,14,buy,AMZN,29,eda849d9-069b-4560-b443-781edce8eb70,14,partially_filled,,,,,,,,,,
20250902093046036::4da20390-b4e9-4fc7-8af5-24ba3cbc7465,FILL,2025-09-02T13:30:46.036709Z,fill,208.69,47,sell,GOOGL,0,b2bb9306-8769-496f-b51c-2d8a01d030d6,47,filled,,,,,,,,,,
20250902000000000::d0d767b6-b306-459a-8fc6-34e7e6f991fd,FEE,,,,,,,,,,,TAF,2025-09-02,2025-09-03T08:20:09.178534Z,-0.02,TAF fee for proceed of 90 shares (2 trades) on 2025-09-02 by PA3NJU1Y90R3,executed,,USD,,
20250902000000000::50f9d34a-122a-47ac-9ee6-52b1c424bce4,FEE,,,,,,,,,,,CAT,2025-09-02,2025-09-03T08:19:58.997277Z,-0.01,CAT fee for proceed of 5 trades on 2025-09-02 by PA3NJU1Y90R3,executed,,USD,,
20250829155934614::2cf37dca-028a-4eb5-8069-ab02890c8177,FILL,2025-08-29T19:59:34.614033Z,fill,212.84,20,buy,GOOGL,0,88424cd8-8ab6-4f73-990e-0b396808377a,47,filled,,,,,,,,,,
20250829155934254::33c0dc4a-0d3a-4b9c-b121-b189efdab712,FILL,2025-08-29T19:59:34.254102Z,partial_fill,212.83,27,buy,GOOGL,20,88424cd8-8ab6-4f73-990e-0b396808377a,27,partially_filled,,,,,,,,,,
20250829155924125::f64cdae6-ffd9-4808-a6fe-9e0fbec9c63d,FILL,2025-08-29T19:59:24.125114Z,fill,24.74,100,sell_short,PFE,0,b01d8610-b6f0-455f-9fe8-90c0f8ace495,100,filled,,,,,,,,,,
20250829155911180::4fde74a1-c79a-4143-88cc-3366de159a3d,FILL,2025-08-29T19:59:11.180025Z,fill,228.77,43,sell_short,AMZN,0,637ec1e0-3052-489e-90ff-9e4e16cd3412,43,filled,,,,,,,,,,
20250829155909007::7a5daad0-9054-44b6-b083-6d203b7e9d65,FILL,2025-08-29T19:59:09.007931Z,fill,232.08,15,buy,AAPL,0,c52981a1-01c0-4688-9ca8-e0e5665d3dd4,43,filled,,,,,,,,,,
20250829155908791::d01c5d63-f394-4c3f-81dd-59f6aab3d5fa,FILL,2025-08-29T19:59:08.791182Z,partial_fill,232.08,28,buy,AAPL,15,c52981a1-01c0-4688-9ca8-e0e5665d3dd4,28,partially_filled,,,,,,,,,,
20250829000000000::f0139274-3699-442e-b07f-cf4a95c012bc,FEE,,,,,,,,,,,TAF,2025-08-29,2025-08-30T08:21:03.320135Z,-0.03,TAF fee for proceed of 143 shares (2 trades) on 2025-08-29 by PA3NJU1Y90R3,executed,,USD,,
20250829000000000::19916471-d3db-4f06-a575-e4c1caa216a8,FEE,,,,,,,,,,,CAT,2025-08-29,2025-08-30T08:20:59.881125Z,-0.01,CAT fee for proceed of 6 trades on 2025-08-29 by PA3NJU1Y90R3,executed,,USD,,
20250829000000000::05aa80b1-9bf0-4586-89ed-7bf8dfe05119,JNLC,,,,,,,,,,,,2025-08-29,2025-08-30T08:20:43.552481Z,1000000,,executed,,USD,,
