id,client_order_id,created_at,updated_at,submitted_at,filled_at,expired_at,canceled_at,failed_at,replaced_at,replaced_by,replaces,asset_id,symbol,asset_class,notional,qty,filled_qty,filled_avg_price,order_class,order_type,type,side,position_intent,time_in_force,limit_price,stop_price,status,extended_hours,legs,trail_percent,trail_price,hwm,subtag,source,expires_at
e7a57604-c316-400b-a1da-989a110d5dd7,36627c08-573b-4127-99ab-d665dba98796,2026-06-26T19:49:29.334467351Z,2026-06-26T19:49:29.504480677Z,2026-06-26T19:49:29.34046459Z,2026-06-26T19:49:29.502293827Z,,,,,,,4bafb5b8-c32d-4738-b8ed-b303cfb7c1da,KO260717C00081000,us_option,,2,2,2.07,simple,market,market,sell,sell_to_close,day,,,filled,False,,,,,,,2026-06-26T20:00:00Z
a6c634b9-7887-448d-83db-438538252395,18d6f6e9-a736-4699-9935-393ecf41f665,2026-06-26T19:42:40.906133Z,2026-06-26T19:42:41.017895Z,2026-06-26T19:42:40.912339Z,2026-06-26T19:42:41.01533Z,,,,,,,c2338c42-59ea-458a-a057-ce54b71b2754,KO260717C00082500,us_option,,2,2,1.5,simple,market,market,sell,sell_to_close,day,,,filled,False,,,,,,access_key,2026-06-26T20:00:00Z
b0ef69f0-26a3-4c91-ab76-fe5c458af816,90c9f938-16ab-4a4d-bdec-f5c8d46cb0d6,2026-06-26T19:28:47.922788Z,2026-06-26T19:28:47.953709Z,2026-06-26T19:28:47.928232Z,2026-06-26T19:28:47.951589Z,,,,,,,73fe2f66-a6b5-4746-8451-92b48946441d,MMM260710C00167500,us_option,,1,1,1.75,simple,market,market,sell,sell_to_close,day,,,filled,False,,,,,,access_key,2026-06-26T20:00:00Z
4e643d17-075e-4e70-84ab-4fa7ffe0b953,43fa6cec-85f9-4d79-a573-4feb5e157f7a,2026-06-26T19:28:13.294282Z,2026-06-26T19:28:13.455487Z,2026-06-26T19:28:13.302258Z,2026-06-26T19:28:13.453213Z,,,,,,,3808609f-84cf-48da-9ae2-c52fbc22c996,COP260717P00105000,us_option,,1,1,2.77,simple,market,market,sell,sell_to_close,day,,,filled,False,,,,,,access_key,2026-06-26T20:00:00Z
e53fa8a6-ce47-46c9-a9e9-f6dd0cdabcb9,ad8cfbfd-5ef1-465c-bd0f-fce1bdf077d4,2026-06-26T19:02:32.802258Z,2026-06-26T19:02:32.904872Z,2026-06-26T19:02:32.811366Z,2026-06-26T19:02:32.902519Z,,,,,,,b06ba8c5-80bb-486d-ad5e-58efc9665e60,V260710C00340000,us_option,,1,1,4.9,simple,market,market,buy,buy_to_open,day,,,filled,False,,,,,,access_key,2026-06-26T20:00:00Z
fef4dfd8-d8a2-4f23-b4b9-6a346be7410e,7cf4933f-2b2b-459f-9804-c16b696a92ec,2026-06-26T18:52:12.44248Z,2026-06-26T18:52:12.508108Z,2026-06-26T18:52:12.451314Z,2026-06-26T18:52:12.506181Z,,,,,,,df06a4ed-a1b1-438c-bd72-03a63e144767,C260717C00150000,us_option,,1,1,1.3,simple,market,market,sell,sell_to_close,day,,,filled,False,,,,,,access_key,2026-06-26T20:00:00Z
4ad3266a-d3f1-4403-91df-8770e8094196,d63af3d2-b368-456e-8362-375ae89299d7,2026-06-26T18:31:36.973121Z,2026-06-26T18:31:37.056388Z,2026-06-26T18:31:36.981574Z,2026-06-26T18:31:37.053878Z,,,,,,,df0bc0f3-0478-403f-ad27-83c87112cb10,F260717C00014000,us_option,,2,2,0.62,simple,market,market,buy,buy_to_open,day,,,filled,False,,,,,,access_key,2026-06-26T20:00:00Z
5917aa18-eb27-4372-95b5-dd1a61bb0c5b,a252aed7-2f5c-42c8-8cfe-48f9fcf227bd,2026-06-26T18:14:55.991581Z,2026-06-26T18:14:56.047447Z,2026-06-26T18:14:56.003012Z,2026-06-26T18:14:56.045204Z,,,,,,,223b5121-af9d-46cd-9438-bed8bc288f06,RIVN260717C00015500,us_option,,3,3,0.96,simple,market,market,buy,buy_to_open,day,,,filled,False,,,,,,access_key,2026-06-26T20:00:00Z
1e4d699a-8919-49d5-ac7b-65483e579541,5eefda6f-6a7c-49c4-9442-0af5c1e4de3a,2026-06-26T18:04:35.003986Z,2026-06-26T18:04:35.060358Z,2026-06-26T18:04:35.009968Z,2026-06-26T18:04:35.058315Z,,,,,,,223b5121-af9d-46cd-9438-bed8bc288f06,RIVN260717C00015500,us_option,,1,1,0.95,simple,market,market,sell,sell_to_close,day,,,filled,False,,,,,,access_key,2026-06-26T20:00:00Z
197b33d3-8a4f-401b-93c4-5e009250eeb6,829207f8-7dda-4b7a-808b-89663fe8598a,2026-06-26T17:43:34.153775Z,2026-06-26T17:43:34.281955Z,2026-06-26T17:43:34.159405Z,2026-06-26T17:43:34.279632Z,,,,,,,ea22acd0-1254-4f17-a1b9-62f5cecf3cb8,HD260710C00355000,us_option,,1,1,4.8,simple,market,market,buy,buy_to_open,day,,,filled,False,,,,,,access_key,2026-06-26T20:00:00Z
6c4a6665-258f-463c-8790-77a9abd3cd91,aff561ae-0b3a-49a0-9dfb-096ccee588dd,2026-06-26T17:43:04.16591Z,2026-06-26T17:43:04.255903Z,2026-06-26T17:43:04.171434Z,2026-06-26T17:43:04.25381Z,,,,,,,9c086ca9-bd99-434b-a26b-94104ff8ee95,UBER260717C00075000,us_option,,1,1,3.1,simple,market,market,buy,buy_to_open,day,,,filled,False,,,,,,access_key,2026-06-26T20:00:00Z
fe7e4876-1308-4366-8b4c-1a4733a4a21c,ec18d3bf-bf77-4de2-a436-ca48c183c00e,2026-06-26T17:32:08.723708Z,2026-06-26T17:32:08.847881Z,2026-06-26T17:32:08.730188Z,2026-06-26T17:32:08.845556Z,,,,,,,af7007f0-2c65-4a8e-93d2-433be88036ad,OKTA260710C00123000,us_option,,1,1,5.25,simple,market,market,sell,sell_to_close,day,,,filled,False,,,,,,access_key,2026-06-26T20:00:00Z
7036d594-963c-49bd-b962-053ba3a47405,c839ee91-5732-445e-b7de-7de279d3ef6c,2026-06-26T17:31:05.829582Z,2026-06-26T17:31:05.897386Z,2026-06-26T17:31:05.838051Z,2026-06-26T17:31:05.895054Z,,,,,,,e3dbf8bd-0ed0-491c-9ac2-974539ba6afa,UBER260717C00072500,us_option,,1,1,4.65,simple,market,market,sell,sell_to_close,day,,,filled,False,,,,,,access_key,2026-06-26T20:00:00Z
b4677372-fd64-4790-b381-2a5054a23a1a,541810bd-bb4c-474b-8dbc-6e5f8302f9a1,2026-06-26T17:17:54.048764Z,2026-06-26T17:17:54.119419Z,2026-06-26T17:17:54.055285Z,2026-06-26T17:17:54.117176Z,,,,,,,cde3b4be-c6f2-4470-9a89-ff27c2953b0c,HD260710C00350000,us_option,,1,1,6.75,simple,market,market,sell,sell_to_close,day,,,filled,False,,,,,,access_key,2026-06-26T20:00:00Z
2b91f310-182d-45a0-9f97-dbaa00cee3da,2489ba44-260a-4c0d-9dcc-8b478381777d,2026-06-26T17:11:38.539417Z,2026-06-26T17:11:38.584254Z,2026-06-26T17:11:38.5474Z,2026-06-26T17:11:38.581872Z,,,,,,,6bab2cc8-bfb1-4b40-ab52-df2e3f0092e5,UBER260717C00077500,us_option,,2,2,2.25,simple,market,market,buy,buy_to_open,day,,,filled,False,,,,,,access_key,2026-06-26T20:00:00Z
123f944c-1ac6-4bb9-bcde-4872cfeceea7,dd28250e-0129-4a3a-9826-b89d46082863,2026-06-26T17:02:12.534701Z,2026-06-26T17:02:12.569756Z,2026-06-26T17:02:12.539158Z,2026-06-26T17:02:12.567461Z,,,,,,,a64b40ac-6d34-48f2-8dc5-545c723c01a3,HD260710C00352500,us_option,,1,1,5.7,simple,market,market,sell,sell_to_close,day,,,filled,False,,,,,,access_key,2026-06-26T20:00:00Z
443ee2d6-0731-4f28-b1e0-dc52e15ca98b,3a1b9bed-5b28-43f2-a28f-c8b52efc7b45,2026-06-26T17:01:09.150593Z,2026-06-26T17:01:09.225041Z,2026-06-26T17:01:09.157857Z,2026-06-26T17:01:09.22287Z,,,,,,,9c086ca9-bd99-434b-a26b-94104ff8ee95,UBER260717C00075000,us_option,,1,1,3.4,simple,market,market,sell,sell_to_close,day,,,filled,False,,,,,,access_key,2026-06-26T20:00:00Z
430ee6f5-d3ce-46ea-b27c-edb8bb9b6a0f,76fd271a-6610-4d45-b9e6-5be76e259fad,2026-06-26T16:55:44.629802Z,2026-06-26T16:55:44.752233Z,2026-06-26T16:55:44.638097Z,2026-06-26T16:55:44.749932Z,,,,,,,fc496a4e-9d45-4e00-89b7-cc91401425fa,OKTA260710C00127000,us_option,,1,1,4.25,simple,market,market,buy,buy_to_open,day,,,filled,False,,,,,,access_key,2026-06-26T20:00:00Z
5b01d586-cddd-44bf-b2ae-6e234c96886f,4e0fe12c-9c58-4764-b790-cefc047c6ab3,2026-06-26T16:40:21.678511Z,2026-06-26T16:40:21.78867Z,2026-06-26T16:40:21.685667Z,2026-06-26T16:40:21.786057Z,,,,,,,e318219b-4d93-4d62-94a1-29bf45d239d5,LYFT260717C00014500,us_option,,2,2,0.72,simple,market,market,buy,buy_to_open,day,,,filled,False,,,,,,access_key,2026-06-26T20:00:00Z
2661ccb9-1f65-4a21-83b4-b2845a7aba68,b9634411-576d-4748-887a-86657f711e3a,2026-06-26T16:39:51.062595Z,2026-06-26T16:39:51.112774Z,2026-06-26T16:39:51.071198Z,2026-06-26T16:39:51.110346Z,,,,,,,b38e2b8c-a646-4244-b58a-cfe50966359a,SO260717C00097500,us_option,,2,2,1.5,simple,market,market,buy,buy_to_open,day,,,filled,False,,,,,,access_key,2026-06-26T20:00:00Z
aee8d1cc-ed86-4fa7-ba8c-219f314ef4ae,f94db4c0-9731-4d22-aedb-c3df763a3ea0,2026-06-26T16:29:47.875515Z,2026-06-26T16:29:47.986615Z,2026-06-26T16:29:47.88342Z,2026-06-26T16:29:47.984467Z,,,,,,,34f80d75-d28f-41a9-9153-6c973059153c,SO260710C00096000,us_option,,2,2,1.85,simple,market,market,sell,sell_to_close,day,,,filled,False,,,,,,access_key,2026-06-26T20:00:00Z
5060f854-5f80-4fe7-907f-27b8fdf584b3,cb82f740-ba1f-4ed1-a62b-ca504c14b198,2026-06-26T16:29:35.943341Z,2026-06-26T16:29:36.017861Z,2026-06-26T16:29:35.949124Z,2026-06-26T16:29:36.015683Z,,,,,,,1ba363de-01fd-466e-8234-fbc19551e19d,V260717C00342500,us_option,,1,1,4.95,simple,market,market,sell,sell_to_close,day,,,filled,False,,,,,,access_key,2026-06-26T20:00:00Z
f57879d9-9240-44f8-811d-68517ba559dc,cf25dc65-7c65-4605-9d21-07e6c46e0482,2026-06-26T16:14:15.212973Z,2026-06-26T16:14:15.242678Z,2026-06-26T16:14:15.218084Z,2026-06-26T16:14:15.240567Z,,,,,,,df0bc0f3-0478-403f-ad27-83c87112cb10,F260717C00014000,us_option,,1,1,0.71,simple,market,market,sell,sell_to_close,day,,,filled,False,,,,,,access_key,2026-06-26T20:00:00Z
fe513f9d-adbd-42c0-8219-e85236096464,f9ba269f-26a4-4d34-9c33-3aef9565dd8f,2026-06-26T16:08:26.759201Z,2026-06-26T16:08:26.788392Z,2026-06-26T16:08:26.764224Z,2026-06-26T16:08:26.786317Z,,,,,,,428a550b-f474-4419-8824-edc4188597c5,CSCO260717P00116000,us_option,,1,1,4.45,simple,market,market,buy,buy_to_open,day,,,filled,False,,,,,,access_key,2026-06-26T20:00:00Z
dcc7cccd-65d7-4d44-b519-44d47d3a8669,9fb89763-1702-4f1d-8e64-9087037ba682,2026-06-26T15:58:12.037302Z,2026-06-26T15:58:12.18404Z,2026-06-26T15:58:12.049289Z,2026-06-26T15:58:12.181866Z,,,,,,,76777315-38e3-41e6-a1e9-ed1931964576,OXY260717P00052500,us_option,,2,2,2.52,simple,market,market,sell,sell_to_close,day,,,filled,False,,,,,,access_key,2026-06-26T20:00:00Z
fb52de7b-6d24-4df7-9e37-1fd8cfea7a85,1b2e8ac4-02b0-4fa9-b3a5-4022cf703c66,2026-06-26T15:51:52.973876Z,2026-06-26T15:51:53.041007Z,2026-06-26T15:51:52.981859Z,2026-06-26T15:51:53.038762Z,,,,,,,4bafb5b8-c32d-4738-b8ed-b303cfb7c1da,KO260717C00081000,us_option,,2,2,1.85,simple,market,market,buy,buy_to_open,day,,,filled,False,,,,,,access_key,2026-06-26T20:00:00Z
da3754bc-b03d-4465-811b-59afb9b7f0b4,750fd25c-d6c8-4c0c-8c35-d2ea458a0d32,2026-06-26T15:51:20.591811Z,2026-06-26T15:51:20.724526Z,2026-06-26T15:51:20.597142Z,2026-06-26T15:51:20.722276Z,,,,,,,9f112084-2b15-4644-a86c-24fb54810812,ENB260717C00052500,us_option,,1,1,4,simple,market,market,buy,buy_to_open,day,,,filled,False,,,,,,access_key,2026-06-26T20:00:00Z
2910966c-6448-4189-a0dd-09c93279a12f,e733fba2-26c6-4e6d-a581-32c0f65ae53e,2026-06-26T15:34:18.569215Z,2026-06-26T15:34:18.695861Z,2026-06-26T15:34:18.575295Z,2026-06-26T15:34:18.693735Z,,,,,,,bc13e732-ab57-4b7b-b382-977a450c327e,SO260717C00096000,us_option,,2,2,2.45,simple,market,market,buy,buy_to_open,day,,,filled,False,,,,,,access_key,2026-06-26T20:00:00Z
7109da92-99a4-41bb-9609-5d455345b391,54fe42f7-bd5b-4ec4-9729-6137507d7c7d,2026-06-26T15:18:14.459718Z,2026-06-26T15:18:14.584813Z,2026-06-26T15:18:14.468393Z,2026-06-26T15:18:14.582466Z,,,,,,,84a27274-4d57-48f2-be7b-ed4e9d1e5fe3,DIA260710C00522000,us_option,,1,1,4.95,simple,market,market,buy,buy_to_open,day,,,filled,False,,,,,,access_key,2026-06-26T20:15:00Z
2f13d770-8cb0-4557-9528-c1715bfcfc08,a84f8482-295a-41d3-bb0a-935cee419f78,2026-06-26T15:17:44.086265Z,2026-06-26T15:17:44.149763Z,2026-06-26T15:17:44.091928Z,2026-06-26T15:17:44.14766Z,,,,,,,a9993d3c-1f80-4000-9536-dd0dabb8cc8b,CVS260717C00105000,us_option,,1,1,3.2,simple,market,market,buy,buy_to_open,day,,,filled,False,,,,,,access_key,2026-06-26T20:00:00Z
bdfd7e34-506d-4933-9f47-2981970cbaf9,42d70d60-8941-4ba6-a694-11b25543c968,2026-06-26T15:16:47.044572Z,2026-06-26T15:16:47.144737Z,2026-06-26T15:16:47.052438Z,2026-06-26T15:16:47.142676Z,,,,,,,cf8116a5-4be5-4378-bb70-a694453cef40,XLE260717C00054000,us_option,,1,1,1.27,simple,market,market,buy,buy_to_open,day,,,filled,False,,,,,,access_key,2026-06-26T20:15:00Z
2e4556b3-a18e-4024-9a6d-d0b35fa99eeb,4571e2bf-b929-4740-bf3a-827b0f2a52ca,2026-06-26T15:16:17.572225Z,2026-06-26T15:16:17.639247Z,2026-06-26T15:16:17.577762Z,2026-06-26T15:16:17.636844Z,,,,,,,35dc66bf-cbba-459e-bd09-53afba4ba84b,PFE260717P00027500,us_option,,1,1,3.35,simple,market,market,buy,buy_to_open,day,,,filled,False,,,,,,access_key,2026-06-26T20:00:00Z
64ff48e9-aa59-4f54-841b-70e4c8e0afb0,6846a5e1-4614-41dc-bb38-c0c56c116c2a,2026-06-26T15:05:43.833701Z,2026-06-26T15:05:43.903501Z,2026-06-26T15:05:43.839654Z,2026-06-26T15:05:43.901332Z,,,,,,,f6d3f75e-f7f5-4ca6-b350-ce02ff7c0c67,OKTA260710C00122000,us_option,,1,1,4.9,simple,market,market,sell,sell_to_close,day,,,filled,False,,,,,,access_key,2026-06-26T20:00:00Z
1f3cedfd-019a-4e13-b6de-e44497f20b66,8107d0f3-a7b7-4e1d-a074-0e8a8ed823ef,2026-06-26T15:05:23.639772Z,2026-06-26T15:05:23.772611Z,2026-06-26T15:05:23.648124Z,2026-06-26T15:05:23.77054Z,,,,,,,fdac9fdc-d595-4dec-9df1-8490131bda9a,OXY260717P00051000,us_option,,2,2,1.73,simple,market,market,sell,sell_to_close,day,,,filled,False,,,,,,access_key,2026-06-26T20:00:00Z
63b5f8c1-a88b-4699-87be-46c3baa02602,d97c84ed-169d-4c22-a4f9-cad8af231f1e,2026-06-26T15:04:41.072162Z,2026-06-26T15:04:41.170001Z,2026-06-26T15:04:41.07937Z,2026-06-26T15:04:41.167749Z,,,,,,,a9993d3c-1f80-4000-9536-dd0dabb8cc8b,CVS260717C00105000,us_option,,1,1,3.05,simple,market,market,sell,sell_to_close,day,,,filled,False,,,,,,access_key,2026-06-26T20:00:00Z
6c91be1f-f382-48d1-95bd-466074468ced,0716912d-27fa-4272-9f9b-b83e9dc60b89,2026-06-26T14:59:24.557988Z,2026-06-26T14:59:24.607044Z,2026-06-26T14:59:24.567176Z,2026-06-26T14:59:24.604491Z,,,,,,,4480c96a-e4fa-472d-abfd-b70c3abdbdf0,IONQ260710P00053000,us_option,,1,1,4.55,simple,market,market,buy,buy_to_open,day,,,filled,False,,,,,,access_key,2026-06-26T20:00:00Z
a58d2ee3-4ec2-4898-aecd-1e145e15bbc3,e7aa57bc-367f-4380-92ff-ec4f4e18b746,2026-06-26T14:58:54.836679Z,2026-06-26T14:58:54.939514Z,2026-06-26T14:58:54.843335Z,2026-06-26T14:58:54.937418Z,,,,,,,4f75e487-d09d-49f8-a791-1b9ddbd33740,RTX260717C00190000,us_option,,1,1,4.65,simple,market,market,buy,buy_to_open,day,,,filled,False,,,,,,access_key,2026-06-26T20:00:00Z
78052c85-caa4-4018-a285-95489d3bbf26,6e35b9bd-df06-48ea-ae08-79f560d6232b,2026-06-26T14:58:26.543727Z,2026-06-26T14:58:26.651361Z,2026-06-26T14:58:26.5517Z,2026-06-26T14:58:26.647558Z,,,,,,,c2338c42-59ea-458a-a057-ce54b71b2754,KO260717C00082500,us_option,,2,2,1.06,simple,market,market,buy,buy_to_open,day,,,filled,False,,,,,,access_key,2026-06-26T20:00:00Z
b3c3e8c0-6fe8-477a-afeb-356eddfa7249,587f8b91-eb4d-4ec9-bf9d-284b553a8804,2026-06-26T14:45:43.494777Z,2026-06-26T14:45:43.518555Z,2026-06-26T14:45:43.500424Z,2026-06-26T14:45:43.516562Z,,,,,,,cfab1e42-d61a-40c4-9316-a1d647cff58f,SCHW260717P00090000,us_option,,2,2,2.75,simple,market,market,sell,sell_to_close,day,,,filled,False,,,,,,access_key,2026-06-26T20:00:00Z
241a7698-5b78-4cc3-bb08-40553d760d5b,fbe75843-b34c-4ef3-af5a-4dc2ee99598e,2026-06-26T14:45:12.136478Z,2026-06-26T14:45:12.262584Z,2026-06-26T14:45:12.1425Z,2026-06-26T14:45:12.260411Z,,,,,,,4bafb5b8-c32d-4738-b8ed-b303cfb7c1da,KO260717C00081000,us_option,,2,2,1.72,simple,market,market,sell,sell_to_close,day,,,filled,False,,,,,,access_key,2026-06-26T20:00:00Z
f69c8ca8-6cd6-48b7-8334-7c7eaa2458ae,37bc57ef-82c2-4908-8a03-16b9772f932f,2026-06-26T14:39:30.876471Z,2026-06-26T14:39:30.895373Z,2026-06-26T14:39:30.882026Z,2026-06-26T14:39:30.893405Z,,,,,,,262f9a20-a32b-4af1-9e3b-c44a988d2e81,SNY260717C00042500,us_option,,2,2,1,simple,market,market,buy,buy_to_open,day,,,filled,False,,,,,,access_key,2026-06-26T20:00:00Z
cd8f69ec-84e2-46bf-9bfc-b04a80dcf8bd,6203899b-6dad-4a55-bba5-e5c90890096e,2026-06-26T14:39:00.749067Z,2026-06-26T14:39:00.871673Z,2026-06-26T14:39:00.757685Z,2026-06-26T14:39:00.869587Z,,,,,,,5ed141a4-2fdd-43d7-a935-dee800a48f75,GSK260717C00053000,us_option,,2,2,1.25,simple,market,market,buy,buy_to_open,day,,,filled,False,,,,,,access_key,2026-06-26T20:00:00Z
47ae70c0-e084-48fe-8080-5466f069eb42,a4dc4df9-0fd4-4a84-9c1a-9cc9a6b91916,2026-06-26T14:38:02.515539Z,2026-06-26T14:38:02.754054Z,2026-06-26T14:38:02.522309Z,2026-06-26T14:38:02.751794Z,,,,,,,c31ae862-e09f-4e28-8946-3697674aea8f,PFE260717P00024500,us_option,,2,2,0.63,simple,market,market,buy,buy_to_open,day,,,filled,False,,,,,,access_key,2026-06-26T20:00:00Z
3a894264-1f36-40d1-90c6-70ebd511b67f,32ab32c6-7213-44a0-b0c1-222da3f9226d,2026-06-26T14:37:33.280168Z,2026-06-26T14:37:33.367345Z,2026-06-26T14:37:33.285673Z,2026-06-26T14:37:33.36518Z,,,,,,,8d7cfd51-117f-4222-8f56-7b7bdb3dbe96,JNJ260717C00260000,us_option,,1,1,4.25,simple,market,market,buy,buy_to_open,day,,,filled,False,,,,,,access_key,2026-06-26T20:00:00Z
4a23594a-550a-4115-b93b-2da177e46b56,69b3bd51-2d8e-43f5-9a64-faf75881cabe,2026-06-26T14:37:02.770643Z,2026-06-26T14:37:02.892607Z,2026-06-26T14:37:02.780841Z,2026-06-26T14:37:02.890608Z,,,,,,,ba680b83-2f68-4bbc-bb74-700c3e60a736,ABT260717C00095000,us_option,,1,1,2.95,simple,market,market,buy,buy_to_open,day,,,filled,False,,,,,,access_key,2026-06-26T20:00:00Z
fd437b8c-ff07-425e-8721-e9006a3fb9b2,abc6b881-1668-4e5b-902f-1ac1020fef29,2026-06-26T14:36:34.835604Z,2026-06-26T14:36:34.862347Z,2026-06-26T14:36:34.841973Z,2026-06-26T14:36:34.860402Z,,,,,,,b280e9bc-32af-4975-be3f-569160a1bec1,CSCO260717P00115000,us_option,,1,1,3.75,simple,market,market,buy,buy_to_open,day,,,filled,False,,,,,,access_key,2026-06-26T20:00:00Z
47a47cd8-9194-490c-afd7-a086a400d9fc,0af02f62-2e5e-45be-bccb-f50a87cdff09,2026-06-26T14:24:51.203638Z,2026-06-26T14:24:51.250125Z,2026-06-26T14:24:51.211311Z,2026-06-26T14:24:51.248022Z,,,,,,,aef3224a-e177-425b-8fe1-cb9b8f867ac8,ABT260717C00092500,us_option,,1,1,4.2,simple,market,market,sell,sell_to_close,day,,,filled,False,,,,,,access_key,2026-06-26T20:00:00Z
a02e101d-5392-43f5-bd64-9790b45d6708,198056d2-b908-4baf-b8bc-82759953368f,2026-06-26T14:24:38.662918Z,2026-06-26T14:24:38.802553Z,2026-06-26T14:24:38.679107Z,2026-06-26T14:24:38.800028Z,,,,,,,ba680b83-2f68-4bbc-bb74-700c3e60a736,ABT260717C00095000,us_option,,1,1,2.8,simple,market,market,sell,sell_to_close,day,,,filled,False,,,,,,access_key,2026-06-26T20:00:00Z
62e85704-f340-4da9-96fe-dba8d4a353bb,e05cec78-32a3-4e34-9e85-051073b30075,2026-06-26T14:24:16.408435Z,2026-06-26T14:24:16.529802Z,2026-06-26T14:24:16.413666Z,2026-06-26T14:24:16.527559Z,,,,,,,368e6abf-e97a-4d67-9d77-8313d3021040,CSCO260717P00120000,us_option,,1,1,6.1,simple,market,market,sell,sell_to_close,day,,,filled,False,,,,,,access_key,2026-06-26T20:00:00Z
41b0d6da-794d-441c-bce9-c08bdbfa9b5b,cec8ef4f-ca6f-43cc-aaf9-99ca056c3248,2026-06-26T14:24:03.625162Z,2026-06-26T14:24:03.648048Z,2026-06-26T14:24:03.631411Z,2026-06-26T14:24:03.645729Z,,,,,,,cb57f2ab-4c9c-4fea-8d05-63f33e4344f9,CSCO260710P00119000,us_option,,1,1,4.55,simple,market,market,sell,sell_to_close,day,,,filled,False,,,,,,access_key,2026-06-26T20:00:00Z
5f4c32b7-b333-4cea-8520-29a1e6c8e0fa,77c574f0-826d-45e8-b855-346f0244fe01,2026-06-26T14:18:37.346771Z,2026-06-26T14:18:37.439795Z,2026-06-26T14:18:37.35232Z,2026-06-26T14:18:37.437227Z,,,,,,,b48c9b53-8907-4492-81b7-b0434cfd5ac3,NVDA260717P00190000,us_option,,1,1,5,simple,market,market,buy,buy_to_open,day,,,filled,False,,,,,,access_key,2026-06-26T20:00:00Z
5786a914-2eb8-4b85-98c2-d8b16f3a2f2f,cdf9efd0-b488-4828-ad37-9f3dded789b8,2026-06-26T14:18:08.958409Z,2026-06-26T14:18:09.014611Z,2026-06-26T14:18:08.963589Z,2026-06-26T14:18:09.009998Z,,,,,,,574a0572-437e-4097-a8e3-62b932f088aa,SCHW260717P00087500,us_option,,2,2,2,simple,market,market,buy,buy_to_open,day,,,filled,False,,,,,,access_key,2026-06-26T20:00:00Z
5db55b4b-2ae5-4c6b-9365-4db097bdae84,be1935d3-028c-4923-8030-66cdd3a3ee5e,2026-06-26T14:17:38.467713Z,2026-06-26T14:17:38.492219Z,2026-06-26T14:17:38.472484Z,2026-06-26T14:17:38.490396Z,,,,,,,408b401c-e9a4-4f70-a372-93499db20e26,DIS260717P00100000,us_option,,1,1,3.55,simple,market,market,buy,buy_to_open,day,,,filled,False,,,,,,access_key,2026-06-26T20:00:00Z
9b7d2b56-845d-46ca-9d2d-a9b187746fd8,38623c35-a639-4d67-943f-7d8df29b900c,2026-06-26T14:17:10.267543Z,2026-06-26T14:17:10.359457Z,2026-06-26T14:17:10.272572Z,2026-06-26T14:17:10.357098Z,,,,,,,bb19d17b-2d0e-4a85-bacf-9aa2effb85d3,NKE260717P00040500,us_option,,2,2,2.04,simple,market,market,buy,buy_to_open,day,,,filled,False,,,,,,access_key,2026-06-26T20:00:00Z
7c273d94-6afd-4aee-aa23-c66b9f56fad8,20abeed4-5736-406b-96a6-43fbc2aceeef,2026-06-26T14:16:39.734462Z,2026-06-26T14:16:39.847078Z,2026-06-26T14:16:39.739602Z,2026-06-26T14:16:39.845032Z,,,,,,,a5cd5d5f-b8a4-4367-a7c9-0861d6f60c7a,IONQ260717P00050000,us_option,,1,1,4.1,simple,market,market,buy,buy_to_open,day,,,filled,False,,,,,,access_key,2026-06-26T20:00:00Z
92e41620-e6fa-4d02-90c8-49fbac53d88a,b534874f-0d50-46a8-8308-4b281136dcde,2026-06-26T14:05:22.710879Z,2026-06-26T14:05:22.743397Z,2026-06-26T14:05:22.717976Z,2026-06-26T14:05:22.741413Z,,,,,,,6173a620-fe10-4591-b70f-67fb7ea064c1,IONQ260710P00052000,us_option,,1,1,4.3,simple,market,market,sell,sell_to_close,day,,,filled,False,,,,,,access_key,2026-06-26T20:00:00Z
77769fa3-f650-4a98-887b-fdd67a789edc,15ffaee8-5406-4ab8-8777-949d8b18ee07,2026-06-26T14:04:57.8904Z,2026-06-26T14:04:57.98533Z,2026-06-26T14:04:57.899446Z,2026-06-26T14:04:57.983377Z,,,,,,,a5cd5d5f-b8a4-4367-a7c9-0861d6f60c7a,IONQ260717P00050000,us_option,,1,1,4.15,simple,market,market,sell,sell_to_close,day,,,filled,False,,,,,,access_key,2026-06-26T20:00:00Z
7daf6ce8-5f10-44c8-acf3-8b096df0704d,08dd04e3-4e08-41c7-b2c6-7ddf02a50bfa,2026-06-26T14:04:44.516607Z,2026-06-26T14:04:44.569156Z,2026-06-26T14:04:44.521871Z,2026-06-26T14:04:44.567166Z,,,,,,,f0d7195e-1973-4755-baf8-a51e27b1e4f4,NKE260717P00042500,us_option,,1,1,3.05,simple,market,market,sell,sell_to_close,day,,,filled,False,,,,,,access_key,2026-06-26T20:00:00Z
5725670a-efaa-4bb1-a70c-2255ce688c27,2594f93d-5478-4f12-9783-4f23bc5d2039,2026-06-26T13:59:28.402329Z,2026-06-26T13:59:28.440934Z,2026-06-26T13:59:28.407029Z,2026-06-26T13:59:28.438898Z,,,,,,,c33f0ece-d952-42c5-a6e8-c4e66cf296c2,NVDA260710P00190000,us_option,,1,1,3.8,simple,market,market,buy,buy_to_open,day,,,filled,False,,,,,,access_key,2026-06-26T20:00:00Z
947684c0-f37d-4aea-b86b-e1cc5f9d0106,12cbdec9-8c2e-4d3e-bd4e-c2865a15575c,2026-06-26T13:59:00.408738Z,2026-06-26T13:59:00.476922Z,2026-06-26T13:59:00.414949Z,2026-06-26T13:59:00.475013Z,,,,,,,64415bbb-8adc-405a-927a-8881b809c1fa,AAPL260710P00275000,us_option,,1,1,5.15,simple,market,market,buy,buy_to_open,day,,,filled,False,,,,,,access_key,2026-06-26T20:00:00Z
9b0609c8-7e28-4420-a194-b7da5ab15509,6d04d888-c380-42c1-b8a2-4a14f08e1620,2026-06-26T13:58:27.733549Z,2026-06-26T13:58:27.811195Z,2026-06-26T13:58:27.739072Z,2026-06-26T13:58:27.808597Z,,,,,,,e15d68f8-4f71-4186-90fc-e4ce1c24c3cd,MRK260717C00130000,us_option,,1,1,2.78,simple,market,market,buy,buy_to_open,day,,,filled,False,,,,,,access_key,2026-06-26T20:00:00Z
154c675c-9353-4ac6-a065-844d431346fb,e087f7cc-4da8-4da0-81c0-f2f9bec88e0e,2026-06-26T13:58:00.415378Z,2026-06-26T13:58:00.556724Z,2026-06-26T13:58:00.420035Z,2026-06-26T13:58:00.554302Z,,,,,,,f475369d-1cda-4dc5-8147-3e07a4af8004,PLTR260710P00110000,us_option,,1,1,4.05,simple,market,market,buy,buy_to_open,day,,,filled,False,,,,,,access_key,2026-06-26T20:00:00Z
3091d919-6da2-4322-a1f6-e413fa25815f,373a9be3-c90d-420d-9ffe-4f23fdd7bb2d,2026-06-26T13:57:34.031617Z,2026-06-26T13:57:34.064004Z,2026-06-26T13:57:34.037735Z,2026-06-26T13:57:34.061937Z,,,,,,,c3da84d2-a38f-4413-95d6-0d7b3a65dcf0,LYFT260717P00014000,us_option,,2,2,0.62,simple,market,market,buy,buy_to_open,day,,,filled,False,,,,,,access_key,2026-06-26T20:00:00Z
7efdc35f-91e1-4b25-9e18-8fec16f079a7,f2bb22b6-f126-4299-bad9-a004d7ead15b,2026-06-26T13:57:07.435832Z,2026-06-26T13:57:07.494082Z,2026-06-26T13:57:07.440845Z,2026-06-26T13:57:07.492089Z,,,,,,,223b5121-af9d-46cd-9438-bed8bc288f06,RIVN260717C00015500,us_option,,1,1,0.82,simple,market,market,buy,buy_to_open,day,,,filled,False,,,,,,access_key,2026-06-26T20:00:00Z
ac1e4fe0-085e-40ab-8fff-7021f80dd61d,6c0f2053-ee2c-4663-a235-dffa2fcc04e3,2026-06-26T13:47:17.384663Z,2026-06-26T13:47:17.450839Z,2026-06-26T13:47:17.389761Z,2026-06-26T13:47:17.447563Z,,,,,,,dac3f8f7-0088-423d-aac7-65fc640fcd64,JNJ260710C00245000,us_option,,1,1,8,simple,market,market,sell,sell_to_close,day,,,filled,False,,,,,,access_key,2026-06-26T20:00:00Z
52ea874c-0b79-4649-9acc-4c14fd03e9d9,b99f5a62-940f-42c3-9167-f97fb44b33cc,2026-06-26T13:46:31.235462Z,2026-06-26T13:46:31.329804Z,2026-06-26T13:46:31.240785Z,2026-06-26T13:46:31.327489Z,,,,,,,b48c9b53-8907-4492-81b7-b0434cfd5ac3,NVDA260717P00190000,us_option,,1,1,5.6,simple,market,market,sell,sell_to_close,day,,,filled,False,,,,,,access_key,2026-06-26T20:00:00Z
16e95e05-a85c-4d89-a3de-028991e5e503,6a4251ac-1c5b-4472-9c89-c2098e8d31e9,2026-06-26T13:46:03.766211Z,2026-06-26T13:46:03.833164Z,2026-06-26T13:46:03.771142Z,2026-06-26T13:46:03.83133Z,,,,,,,c33f0ece-d952-42c5-a6e8-c4e66cf296c2,NVDA260710P00190000,us_option,,1,1,4.3,simple,market,market,sell,sell_to_close,day,,,filled,False,,,,,,access_key,2026-06-26T20:00:00Z
652d0b13-9ec4-44ea-9a20-a3ca2adcad1b,5288c0e7-4836-4aec-88ec-1bdb63c8ff31,2026-06-26T13:40:19.632852Z,2026-06-26T13:40:19.75703Z,2026-06-26T13:40:19.638731Z,2026-06-26T13:40:19.754956Z,,,,,,,64415bbb-8adc-405a-927a-8881b809c1fa,AAPL260710P00275000,us_option,,1,1,4.8,simple,market,market,sell,sell_to_close,day,,,filled,False,,,,,,access_key,2026-06-26T20:00:00Z
7f8ceffb-4cb8-434b-ad17-9b7f1a41b881,f8eb9a72-ce6d-4283-a845-f589a9f642ff,2026-06-26T13:40:13.712534Z,2026-06-26T13:40:13.836233Z,2026-06-26T13:40:13.717135Z,2026-06-26T13:40:13.834309Z,,,,,,,49c9dfa6-0353-4613-b287-301ea9cb78bf,PFE260717P00024000,us_option,,2,2,0.41,simple,market,market,sell,sell_to_close,day,,,filled,False,,,,,,access_key,2026-06-26T20:00:00Z
1a2a94ec-ce0a-4601-8c07-c874002d9bba,bfc4dc8c-f210-4e7c-a0ee-be407d24a584,2026-06-26T13:40:00.165447Z,2026-06-26T13:40:00.274043Z,2026-06-26T13:40:00.170623Z,2026-06-26T13:40:00.271864Z,,,,,,,82fd2a77-8693-409a-bd9a-fe1c7ffbc71a,JPM260710C00342500,us_option,,1,1,1.36,simple,market,market,sell,sell_to_close,day,,,filled,False,,,,,,access_key,2026-06-26T20:00:00Z
665d18a4-12a3-4552-a744-35955cbf2f2b,280e8b27-0021-4b80-84f1-47251b539383,2026-06-26T13:39:36.244075Z,2026-06-26T13:39:36.325396Z,2026-06-26T13:39:36.249611Z,2026-06-26T13:39:36.323295Z,,,,,,,408b401c-e9a4-4f70-a372-93499db20e26,DIS260717P00100000,us_option,,2,2,3.2,simple,market,market,sell,sell_to_close,day,,,filled,False,,,,,,access_key,2026-06-26T20:00:00Z
7db16525-f654-42b6-b677-1e909e0d6b73,f0cbe923-6e7a-4fdf-a975-7b046f5c106f,2026-06-26T13:32:55.737079Z,2026-06-26T13:32:55.768328Z,2026-06-26T13:32:55.745385Z,2026-06-26T13:32:55.766276Z,,,,,,,896e5e73-caae-4b83-b169-2b219e4763d0,DIA260710C00528000,us_option,,1,1,2.25,simple,market,market,sell,sell_to_close,day,,,filled,False,,,,,,access_key,2026-06-26T20:15:00Z
8eacf6fa-5a16-45c6-bc3e-103c1b021508,50b5901d-cc01-4430-9cfd-c8552a6190e2,2026-06-26T13:32:53.87996Z,2026-06-26T13:32:53.926389Z,2026-06-26T13:32:53.885385Z,2026-06-26T13:32:53.924443Z,,,,,,,bc13e732-ab57-4b7b-b382-977a450c327e,SO260717C00096000,us_option,,2,2,1.15,simple,market,market,sell,sell_to_close,day,,,filled,False,,,,,,access_key,2026-06-26T20:00:00Z
9851ac7f-a01c-4503-8e2a-76d3fc6cf896,b3e5d621-1faa-4a9f-9b25-e037d17c05a2,2026-06-26T13:32:51.941586Z,2026-06-26T13:32:52.04568Z,2026-06-26T13:32:51.946619Z,2026-06-26T13:32:52.043547Z,,,,,,,6d8494e4-fbf0-4b24-b841-de57b08ebf75,LYFT260717C00014000,us_option,,2,2,0.19,simple,market,market,sell,sell_to_close,day,,,filled,False,,,,,,access_key,2026-06-26T20:00:00Z
d1e328fb-c3d5-4771-888f-a2f684436a78,a5b84eaa-a250-42dc-9458-f43ddcbc0e0c,2026-06-26T13:32:47.140558Z,2026-06-26T13:32:47.193841Z,2026-06-26T13:32:47.145985Z,2026-06-26T13:32:47.191794Z,,,,,,,5e66f0e0-5772-4bc8-8351-7d5bc5bfbb4d,JPM260710C00345000,us_option,,1,1,1.4,simple,market,market,sell,sell_to_close,day,,,filled,False,,,,,,access_key,2026-06-26T20:00:00Z
8e260438-d71e-48ce-923e-03f2bfeaf150,3f079014-3464-4a70-920d-2293990e63af,2026-06-26T13:32:40.277715Z,2026-06-26T13:32:40.367227Z,2026-06-26T13:32:40.284385Z,2026-06-26T13:32:40.365289Z,,,,,,,e318219b-4d93-4d62-94a1-29bf45d239d5,LYFT260717C00014500,us_option,,2,2,0.18,simple,market,market,sell,sell_to_close,day,,,filled,False,,,,,,access_key,2026-06-26T20:00:00Z
6a8e65cf-f6c7-4ced-998e-1551c3305429,a9a01adc-c86b-4527-844d-a01070071abc,2026-06-25T19:46:26.818963Z,2026-06-25T19:46:26.84575Z,2026-06-25T19:46:26.824178Z,2026-06-25T19:46:26.843859Z,,,,,,,97f60590-433b-40f4-8d31-05f10585e1c2,MRK260717C00125000,us_option,,1,1,3.8,simple,market,market,sell,sell_to_close,day,,,filled,False,,,,,,access_key,2026-06-25T20:00:00Z
46becc64-f459-4933-9579-9852aeab64bc,95d41c1b-1458-4ff6-a9c7-4cb3baec5b75,2026-06-25T19:39:29.639421Z,2026-06-25T19:39:29.698719Z,2026-06-25T19:39:29.64516Z,2026-06-25T19:39:29.690899Z,,,,,,,7b56b77b-9d6c-43a7-a8a9-a5f214a5548a,XLF260717C00055000,us_option,,2,2,0.31,simple,market,market,sell,sell_to_close,day,,,filled,False,,,,,,access_key,2026-06-25T20:15:00Z
374d6ccb-46b6-41b0-a5f9-66f3f1122705,02665a2a-74c0-42d2-b36c-5e508e61d148,2026-06-25T19:13:34.147332Z,2026-06-25T19:13:34.291877Z,2026-06-25T19:13:34.152877Z,2026-06-25T19:13:34.289661Z,,,,,,,09e1a2a7-f8ee-4c7b-aced-8f22467a215e,BA260710P00215000,us_option,,1,1,4.35,simple,market,market,buy,buy_to_open,day,,,filled,False,,,,,,access_key,2026-06-25T20:00:00Z
3e1c092f-25c3-481e-b0e7-e36181df1c36,b87709af-0aee-4afb-b29b-1708b73a922c,2026-06-25T19:13:04.976322Z,2026-06-25T19:13:05.071831Z,2026-06-25T19:13:04.981688Z,2026-06-25T19:13:05.069839Z,,,,,,,6aff7ecf-6a62-42c6-8ce3-628092e9f257,MO260717C00074000,us_option,,3,3,1.46,simple,market,market,buy,buy_to_open,day,,,filled,False,,,,,,access_key,2026-06-25T20:00:00Z
3684bee2-6f46-4b14-abee-fc70124e3c78,a1071782-022d-40cc-8ef6-d42c40d068e8,2026-06-25T19:12:36.514695Z,2026-06-25T19:12:36.56536Z,2026-06-25T19:12:36.520264Z,2026-06-25T19:12:36.56315Z,,,,,,,34f80d75-d28f-41a9-9153-6c973059153c,SO260710C00096000,us_option,,2,2,1.55,simple,market,market,buy,buy_to_open,day,,,filled,False,,,,,,access_key,2026-06-25T20:00:00Z
221e1788-f11f-4feb-816e-428ca8e463b1,2dcdfd1e-edfc-42cd-a2b2-bd7f6e664f07,2026-06-25T19:01:43.420816Z,2026-06-25T19:01:43.513651Z,2026-06-25T19:01:43.425968Z,2026-06-25T19:01:43.511453Z,,,,,,,49c9dfa6-0353-4613-b287-301ea9cb78bf,PFE260717P00024000,us_option,,1,1,0.54,simple,market,market,sell,sell_to_close,day,,,filled,False,,,,,,access_key,2026-06-25T20:00:00Z
699a68a8-02cc-47fa-b943-f92353dcdc71,1b3b5fd1-ac78-4d54-af54-9fe6b48edc89,2026-06-25T19:00:40.840005Z,2026-06-25T19:00:40.87663Z,2026-06-25T19:00:40.844929Z,2026-06-25T19:00:40.874534Z,,,,,,,8e04c2c3-e0a0-4fb2-bceb-5dc163e92254,DIS260724P00100000,us_option,,1,1,3.45,simple,market,market,sell,sell_to_close,day,,,filled,False,,,,,,access_key,2026-06-25T20:00:00Z
d00a6281-65bb-4080-8581-a8663e5b4ef6,f70e2538-c647-444a-bd2a-768a53f501ed,2026-06-25T18:54:54.927812Z,2026-06-25T18:54:54.970891Z,2026-06-25T18:54:54.933513Z,2026-06-25T18:54:54.968799Z,,,,,,,cde3b4be-c6f2-4470-9a89-ff27c2953b0c,HD260710C00350000,us_option,,1,1,5,simple,market,market,buy,buy_to_open,day,,,filled,False,,,,,,access_key,2026-06-25T20:00:00Z
535509b6-3148-4a74-9a10-5f2282fcc802,1032e405-e743-4b21-92b0-22dea837c642,2026-06-25T18:54:26.922678Z,2026-06-25T18:54:26.99461Z,2026-06-25T18:54:26.935662Z,2026-06-25T18:54:26.992343Z,,,,,,,cb60c8b6-0fca-46e2-a48b-42b769679901,ADBE260710P00192500,us_option,,1,1,4.95,simple,market,market,buy,buy_to_open,day,,,filled,False,,,,,,access_key,2026-06-25T20:00:00Z
f2c2e90c-755f-4d54-b985-80d220acdbb7,6eb53434-7d10-4c13-a537-0bc12ef5c66d,2026-06-25T18:53:52.961453Z,2026-06-25T18:53:53.043504Z,2026-06-25T18:53:52.969729Z,2026-06-25T18:53:53.041342Z,,,,,,,34529bd2-fe44-48ee-95f5-6c305b6766d3,GM260717P00080000,us_option,,1,1,3.55,simple,market,market,buy,buy_to_open,day,,,filled,False,,,,,,access_key,2026-06-25T20:00:00Z
77440b02-98b3-4f96-9f58-abf0cf6f2460,eaff80d0-988e-4654-be09-4ea9ea2cda6e,2026-06-25T18:35:31.706208Z,2026-06-25T18:35:31.749627Z,2026-06-25T18:35:31.711943Z,2026-06-25T18:35:31.747676Z,,,,,,,f22f16da-cc19-4627-882d-95c75d2aa8f3,WMT260717P00115000,us_option,,2,2,2.06,simple,market,market,buy,buy_to_open,day,,,filled,False,,,,,,access_key,2026-06-25T20:00:00Z
9c563257-3f21-43bd-a878-754479c0b3f5,e26cb030-28e6-45e0-9335-8219265a3ae6,2026-06-25T18:24:20.006811Z,2026-06-25T18:24:20.07804Z,2026-06-25T18:24:20.012661Z,2026-06-25T18:24:20.075691Z,,,,,,,3bb7b13f-985d-4e6f-9f49-02e9412b3331,WMT260717P00117000,us_option,,1,1,2.92,simple,market,market,sell,sell_to_close,day,,,filled,False,,,,,,access_key,2026-06-25T20:00:00Z
b7c0773a-6d84-417b-9e51-a223022b80ad,e0685f48-09bd-4d53-ab23-0bec1db69d8b,2026-06-25T18:02:04.908586Z,2026-06-25T18:02:04.989721Z,2026-06-25T18:02:04.913874Z,2026-06-25T18:02:04.987473Z,,,,,,,a64b40ac-6d34-48f2-8dc5-545c723c01a3,HD260710C00352500,us_option,,1,1,4.75,simple,market,market,buy,buy_to_open,day,,,filled,False,,,,,,access_key,2026-06-25T20:00:00Z
ceca82c4-aafc-4133-bac1-ed684f49909f,f1fb05a5-02f1-444e-ad63-2648c0b0fd22,2026-06-25T17:50:29.079453Z,2026-06-25T17:50:29.148027Z,2026-06-25T17:50:29.085088Z,2026-06-25T17:50:29.145829Z,,,,,,,a5dc43c4-348b-4e13-b3ab-d352ef2c780a,SCHW260717P00092500,us_option,,1,1,3.45,simple,market,market,sell,sell_to_close,day,,,filled,False,,,,,,access_key,2026-06-25T20:00:00Z
390ea4be-ee46-49aa-a860-690bc68a3b38,c2338415-37b7-4bb9-8621-894fe9794fd5,2026-06-25T17:44:41.612948Z,2026-06-25T17:44:41.753454Z,2026-06-25T17:44:41.620916Z,2026-06-25T17:44:41.751306Z,,,,,,,64415bbb-8adc-405a-927a-8881b809c1fa,AAPL260710P00275000,us_option,,1,1,4.95,simple,market,market,buy,buy_to_open,day,,,filled,False,,,,,,access_key,2026-06-25T20:00:00Z
5735e670-c58c-4e42-a737-c0a27e2904b7,e6eca700-d083-43ce-9667-ae469a9225c2,2026-06-25T17:44:10.421383Z,2026-06-25T17:44:10.486477Z,2026-06-25T17:44:10.426073Z,2026-06-25T17:44:10.484457Z,,,,,,,f150f339-da8d-4315-94a2-761c0e8e5db8,DIA260710C00524000,us_option,,1,1,4.8,simple,market,market,buy,buy_to_open,day,,,filled,False,,,,,,access_key,2026-06-25T20:15:00Z
a9d74bed-6c15-40e5-bee4-bb81fde26f3e,b1e0e2ca-1f77-4a60-ad75-27f333b8565b,2026-06-25T17:43:39.875377Z,2026-06-25T17:43:39.992002Z,2026-06-25T17:43:39.883738Z,2026-06-25T17:43:39.989879Z,,,,,,,1d5cc589-6c43-42a5-9737-d1695b28700b,PG260717P00150000,us_option,,1,1,4.05,simple,market,market,buy,buy_to_open,day,,,filled,False,,,,,,access_key,2026-06-25T20:00:00Z
e06abdab-2f87-4120-a1a8-53d2bc3b722b,a5cb9f8a-e491-4076-9beb-4559e8f5ab19,2026-06-25T17:43:09.053835Z,2026-06-25T17:43:09.189228Z,2026-06-25T17:43:09.058664Z,2026-06-25T17:43:09.186681Z,,,,,,,b6e0feec-3b43-4869-a941-8446b8bdde57,BAC260710C00058000,us_option,,2,2,1.09,simple,market,market,buy,buy_to_open,day,,,filled,False,,,,,,access_key,2026-06-25T20:00:00Z
8e0f21b9-48f5-4aa2-8daf-203e18944848,76b00d3b-4918-4f13-9792-83647302fbd3,2026-06-25T17:28:38.741768Z,2026-06-25T17:28:38.834447Z,2026-06-25T17:28:38.749318Z,2026-06-25T17:28:38.832296Z,,,,,,,ba61e13c-2761-402b-b460-2eba79165d55,DIA260710C00530000,us_option,,1,1,2.28,simple,market,market,sell,sell_to_close,day,,,filled,False,,,,,,access_key,2026-06-25T20:15:00Z
91e46418-1c59-4790-ad14-30d3704a13b4,83466119-506c-4d6f-9677-5f58b8279990,2026-06-25T17:15:52.854836Z,2026-06-25T17:15:52.879597Z,2026-06-25T17:15:52.859974Z,2026-06-25T17:15:52.877533Z,,,,,,,64415bbb-8adc-405a-927a-8881b809c1fa,AAPL260710P00275000,us_option,,1,1,4.55,simple,market,market,sell,sell_to_close,day,,,filled,False,,,,,,access_key,2026-06-25T20:00:00Z
d47fbfb5-a798-4f2d-99f5-91ce42b832f1,b95653b9-a70f-443d-a9c9-f1473d5f8e4b,2026-06-25T17:10:34.631617Z,2026-06-25T17:10:34.710946Z,2026-06-25T17:10:34.637258Z,2026-06-25T17:10:34.708804Z,,,,,,,dac3f8f7-0088-423d-aac7-65fc640fcd64,JNJ260710C00245000,us_option,,1,1,4.5,simple,market,market,buy,buy_to_open,day,,,filled,False,,,,,,access_key,2026-06-25T20:00:00Z
8e8b7ed3-137e-414c-8756-429ae169e878,05dab94e-58f5-4e40-94f2-a543dfb131c0,2026-06-25T16:52:36.25036Z,2026-06-25T16:52:36.2939Z,2026-06-25T16:52:36.258301Z,2026-06-25T16:52:36.291723Z,,,,,,,49c9dfa6-0353-4613-b287-301ea9cb78bf,PFE260717P00024000,us_option,,3,3,0.45,simple,market,market,buy,buy_to_open,day,,,filled,False,,,,,,access_key,2026-06-25T20:00:00Z
8253a9e3-0e1a-4a11-979e-99c9e70bede5,7caa05a1-4736-4649-918b-b90506d482e2,2026-06-25T16:35:05.449746Z,2026-06-25T16:35:05.582465Z,2026-06-25T16:35:05.454324Z,2026-06-25T16:35:05.58039Z,,,,,,,4772dec6-f20b-4c96-94df-f0088ead7ecd,AAPL260710P00270000,us_option,,1,1,4.3,simple,market,market,buy,buy_to_open,day,,,filled,False,,,,,,access_key,2026-06-25T20:00:00Z
8fe8cef2-9d2e-4a58-9ac4-a941c72a3216,92c98ec9-8e9b-4568-867d-f6935d25b692,2026-06-25T16:34:35.433687Z,2026-06-25T16:34:35.498126Z,2026-06-25T16:34:35.439039Z,2026-06-25T16:34:35.49627Z,,,,,,,d1309536-7d29-4b24-a6f7-cd899eec24ea,CRM260710P00150000,us_option,,1,1,4.95,simple,market,market,buy,buy_to_open,day,,,filled,False,,,,,,access_key,2026-06-25T20:00:00Z
aaf9a20b-c0e2-4f5c-8c7d-36d93aa85d42,9a02544c-5db7-45dc-ae1b-904a956f3f6d,2026-06-25T16:34:07.700491Z,2026-06-25T16:34:07.845343Z,2026-06-25T16:34:07.708458Z,2026-06-25T16:34:07.843216Z,,,,,,,f6d3f75e-f7f5-4ca6-b350-ce02ff7c0c67,OKTA260710C00122000,us_option,,1,1,4.8,simple,market,market,buy,buy_to_open,day,,,filled,False,,,,,,access_key,2026-06-25T20:00:00Z
64704044-2703-4279-a92a-081bb2f6d4ec,0350be16-5203-4c73-ae78-172b5567823b,2026-06-25T16:33:40.071179Z,2026-06-25T16:33:40.101695Z,2026-06-25T16:33:40.076558Z,2026-06-25T16:33:40.099755Z,,,,,,,aef3224a-e177-425b-8fe1-cb9b8f867ac8,ABT260717C00092500,us_option,,1,1,3.7,simple,market,market,buy,buy_to_open,day,,,filled,False,,,,,,access_key,2026-06-25T20:00:00Z
3b92df04-1783-4472-a3d2-1fbf0211d279,43503d53-abd2-47ed-943e-fd14f8acc54f,2026-06-25T16:14:56.393374Z,2026-06-25T16:14:56.487824Z,2026-06-25T16:14:56.398928Z,2026-06-25T16:14:56.485762Z,,,,,,,1ba363de-01fd-466e-8234-fbc19551e19d,V260717C00342500,us_option,,1,1,4.5,simple,market,market,buy,buy_to_open,day,,,filled,False,,,,,,access_key,2026-06-25T20:00:00Z
b54e6b20-709c-485a-8373-a8b958f5c566,9d41d4f4-cf68-4087-aa10-fafac4877fa3,2026-06-25T16:14:30.201159Z,2026-06-25T16:14:30.285208Z,2026-06-25T16:14:30.210016Z,2026-06-25T16:14:30.283064Z,,,,,,,73fe2f66-a6b5-4746-8451-92b48946441d,MMM260710C00167500,us_option,,1,1,4.4,simple,market,market,buy,buy_to_open,day,,,filled,False,,,,,,access_key,2026-06-25T20:00:00Z
b9140ed7-9503-489b-b1e3-63d9cfe7d250,b99d3de7-1433-41af-89f2-6b432e32ed3d,2026-06-25T16:14:00.834687Z,2026-06-25T16:14:00.932694Z,2026-06-25T16:14:00.842209Z,2026-06-25T16:14:00.93053Z,,,,,,,70a8aaed-6519-4cee-843e-d78034ea9e1f,ESTC260717P00055000,us_option,,1,1,4,simple,market,market,buy,buy_to_open,day,,,filled,False,,,,,,access_key,2026-06-25T20:00:00Z
431c3d1f-222d-4cdc-8fd6-fe16ac7333f1,b32491d9-b182-490f-835a-d099498293a0,2026-06-25T16:13:28.928477Z,2026-06-25T16:13:29.000136Z,2026-06-25T16:13:28.93683Z,2026-06-25T16:13:28.998054Z,,,,,,,cfab1e42-d61a-40c4-9316-a1d647cff58f,SCHW260717P00090000,us_option,,2,2,2.28,simple,market,market,buy,buy_to_open,day,,,filled,False,,,,,,access_key,2026-06-25T20:00:00Z
667bd841-e85c-4081-8e96-09a8da828dc6,0f17993a-b0ae-4fbd-acc3-050200be0ce4,2026-06-25T15:53:13.898656Z,2026-06-25T15:53:13.953093Z,2026-06-25T15:53:13.90479Z,2026-06-25T15:53:13.951213Z,,,,,,,905eabe3-9e0e-4406-a848-e4d02ba34559,ORCL260710P00147000,us_option,,1,1,4.7,simple,market,market,buy,buy_to_open,day,,,filled,False,,,,,,access_key,2026-06-25T20:00:00Z
4a9a851e-2ebf-4915-a39c-31f788affd81,b22e6a1b-04e0-4f83-a1fe-d365eb4aa317,2026-06-25T15:52:45.897844Z,2026-06-25T15:52:45.975913Z,2026-06-25T15:52:45.906256Z,2026-06-25T15:52:45.973653Z,,,,,,,af7007f0-2c65-4a8e-93d2-433be88036ad,OKTA260710C00123000,us_option,,1,1,4.8,simple,market,market,buy,buy_to_open,day,,,filled,False,,,,,,access_key,2026-06-25T20:00:00Z
4a864f08-3e7a-46f9-a27f-4d57cb40bde2,3cb515c9-e3f2-4877-8241-8576e4423f84,2026-06-25T15:52:20.991196Z,2026-06-25T15:52:21.120455Z,2026-06-25T15:52:20.995965Z,2026-06-25T15:52:21.118553Z,,,,,,,82fd2a77-8693-409a-bd9a-fe1c7ffbc71a,JPM260710C00342500,us_option,,1,1,4.3,simple,market,market,buy,buy_to_open,day,,,filled,False,,,,,,access_key,2026-06-25T20:00:00Z
1f8eeb2d-4bf8-453f-b85a-9a07c2a5a1fd,bd0f63d7-ccbf-484a-a654-f4bd85dd8cb8,2026-06-25T15:51:55.844748Z,2026-06-25T15:51:55.949066Z,2026-06-25T15:51:55.850881Z,2026-06-25T15:51:55.946767Z,,,,,,,727aefb1-bc5d-4e0f-962d-58be8b752551,CRM260717P00149000,us_option,,1,1,4.9,simple,market,market,buy,buy_to_open,day,,,filled,False,,,,,,access_key,2026-06-25T20:00:00Z
7ca6f273-c51f-4665-bea5-16562a138a4a,ec0d2415-e065-429c-a8d2-eef9dcca5471,2026-06-25T15:51:31.863695Z,2026-06-25T15:51:31.955062Z,2026-06-25T15:51:31.868389Z,2026-06-25T15:51:31.953036Z,,,,,,,2a12d886-fb67-43af-9350-7f967c7434fc,CVX260710P00172500,us_option,,1,1,3.8,simple,market,market,buy,buy_to_open,day,,,filled,False,,,,,,access_key,2026-06-25T20:00:00Z
94e79c22-b382-4d0b-a9c1-f2f673f5c870,e15f9cba-cc75-45b7-a062-2487f984f147,2026-06-25T15:51:05.981621Z,2026-06-25T15:51:06.068754Z,2026-06-25T15:51:05.98736Z,2026-06-25T15:51:06.066237Z,,,,,,,83ad2569-47ed-4f8c-9ceb-cab6c285e56a,IWM260710C00300000,us_option,,1,1,4.83,simple,market,market,buy,buy_to_open,day,,,filled,False,,,,,,access_key,2026-06-25T20:15:00Z
274df6bd-9f86-4972-b3ea-073fd5c38319,e7f49f48-9d19-449a-8d61-5e3c42e59b4b,2026-06-25T15:50:41.286963Z,2026-06-25T15:50:41.350986Z,2026-06-25T15:50:41.294359Z,2026-06-25T15:50:41.348903Z,,,,,,,374783b3-d909-4512-9c5c-d27e109750fe,MDT260717C00082000,us_option,,2,2,1.79,simple,market,market,buy,buy_to_open,day,,,filled,False,,,,,,access_key,2026-06-25T20:00:00Z
2053e31c-23f2-4c36-8e5d-6d5732b80dfb,b7762106-5a98-47ed-bfa1-e8789588959a,2026-06-25T15:50:14.009418Z,2026-06-25T15:50:14.069479Z,2026-06-25T15:50:14.015847Z,2026-06-25T15:50:14.0673Z,,,,,,,497be55f-32b1-4b80-818d-2e3ccd2f701f,COP260710P00107000,us_option,,1,1,3.05,simple,market,market,buy,buy_to_open,day,,,filled,False,,,,,,access_key,2026-06-25T20:00:00Z
5b90b5d6-44b6-4eee-b38a-bd9b71ab711a,041b0217-c586-49cc-b9b5-3e32f77620c2,2026-06-25T15:49:49.05613Z,2026-06-25T15:49:49.15763Z,2026-06-25T15:49:49.062482Z,2026-06-25T15:49:49.155354Z,,,,,,,ba680b83-2f68-4bbc-bb74-700c3e60a736,ABT260717C00095000,us_option,,1,1,2.45,simple,market,market,buy,buy_to_open,day,,,filled,False,,,,,,access_key,2026-06-25T20:00:00Z
5a47c9fd-9114-405b-a627-78dee55a10ac,fa7476e9-538a-4845-b635-97f3aa18c5e2,2026-06-25T15:49:24.701162Z,2026-06-25T15:49:24.822855Z,2026-06-25T15:49:24.710123Z,2026-06-25T15:49:24.820594Z,,,,,,,953f6eb0-30c8-4e44-ab74-26e72541bda4,C260717C00147000,us_option,,1,1,4.8,simple,market,market,buy,buy_to_open,day,,,filled,False,,,,,,access_key,2026-06-25T20:00:00Z
94978331-acef-4485-84ef-646bc85de529,69477dbe-4871-4cdd-a18c-a614f0987646,2026-06-25T15:33:48.832977Z,2026-06-25T15:33:48.906321Z,2026-06-25T15:33:48.840394Z,2026-06-25T15:33:48.904243Z,,,,,,,ba680b83-2f68-4bbc-bb74-700c3e60a736,ABT260717C00095000,us_option,,2,2,2.6,simple,market,market,sell,sell_to_close,day,,,filled,False,,,,,,access_key,2026-06-25T20:00:00Z
7d3c8f0d-1b82-4816-8db3-90398cd5be71,7ab8796d-1198-456a-ba4d-4b379bdfd12b,2026-06-25T15:28:34.893858Z,2026-06-25T15:28:34.961202Z,2026-06-25T15:28:34.902535Z,2026-06-25T15:28:34.95897Z,,,,,,,e50201ab-f2be-42a9-b8c0-256e1ec15643,ADBE260710P00190000,us_option,,1,1,4.15,simple,market,market,buy,buy_to_open,day,,,filled,False,,,,,,access_key,2026-06-25T20:00:00Z
4747f240-a9e8-4c3f-bdaf-6c17fce24b78,905d739a-0dee-43a2-9788-3660d2022292,2026-06-25T15:28:12.294261Z,2026-06-25T15:28:12.397518Z,2026-06-25T15:28:12.299692Z,2026-06-25T15:28:12.395172Z,,,,,,,2f6a91da-475e-4f6d-86f5-51bb79c4cf61,ZS260710P00120000,us_option,,1,1,4.25,simple,market,market,buy,buy_to_open,day,,,filled,False,,,,,,access_key,2026-06-25T20:00:00Z
a036387e-0a7e-4274-bfa4-681559d55610,a5c542e7-bf26-4e0e-bd7c-2889b0096c50,2026-06-25T15:27:41.53792Z,2026-06-25T15:27:41.634973Z,2026-06-25T15:27:41.545632Z,2026-06-25T15:27:41.632857Z,,,,,,,896e5e73-caae-4b83-b169-2b219e4763d0,DIA260710C00528000,us_option,,1,1,4.8,simple,market,market,buy,buy_to_open,day,,,filled,False,,,,,,access_key,2026-06-25T20:15:00Z
e65445b9-15d1-4b12-9e0f-2da2fe4c7658,49c8eabe-c444-4346-9e81-d3a0aead53e0,2026-06-25T15:27:15.33723Z,2026-06-25T15:27:15.537656Z,2026-06-25T15:27:15.34524Z,2026-06-25T15:27:15.535254Z,,,,,,,bc13e732-ab57-4b7b-b382-977a450c327e,SO260717C00096000,us_option,,2,2,1.95,simple,market,market,buy,buy_to_open,day,,,filled,False,,,,,,access_key,2026-06-25T20:00:00Z
a48bbde8-0f3a-40ae-ae2d-2f3508ef889c,5f4e3abc-3e66-4f57-aa7b-a47ee96f0ff9,2026-06-25T15:26:50.210912Z,2026-06-25T15:26:50.293764Z,2026-06-25T15:26:50.216082Z,2026-06-25T15:26:50.291677Z,,,,,,,6d8494e4-fbf0-4b24-b841-de57b08ebf75,LYFT260717C00014000,us_option,,2,2,0.85,simple,market,market,buy,buy_to_open,day,,,filled,False,,,,,,access_key,2026-06-25T20:00:00Z
f7cc1fe9-4b9d-44b9-9ba0-35a6dfb3f71e,5ed613d6-ed5a-4d21-9a81-b31641f81acf,2026-06-25T15:26:26.394056Z,2026-06-25T15:26:26.517622Z,2026-06-25T15:26:26.398874Z,2026-06-25T15:26:26.515752Z,,,,,,,3bb7b13f-985d-4e6f-9f49-02e9412b3331,WMT260717P00117000,us_option,,1,1,2.54,simple,market,market,buy,buy_to_open,day,,,filled,False,,,,,,access_key,2026-06-25T20:00:00Z
c6eca4a5-3f80-4757-9e4d-4e32ddd00be0,f66e4c39-a6ab-48f8-a934-637ec624aef0,2026-06-25T15:26:02.159746Z,2026-06-25T15:26:02.295897Z,2026-06-25T15:26:02.164954Z,2026-06-25T15:26:02.293934Z,,,,,,,76777315-38e3-41e6-a1e9-ed1931964576,OXY260717P00052500,us_option,,2,2,2.26,simple,market,market,buy,buy_to_open,day,,,filled,False,,,,,,access_key,2026-06-25T20:00:00Z
16f8b1a5-e007-4a61-82a0-b764b01667d8,f07ace41-4f8a-4453-adf0-a534972a1026,2026-06-25T15:09:22.212812Z,2026-06-25T15:09:22.324251Z,2026-06-25T15:09:22.218437Z,2026-06-25T15:09:22.321991Z,,,,,,,450109a7-d86d-4f8e-89da-711bcf66566c,JPM260710C00340000,us_option,,1,1,5.95,simple,market,market,sell,sell_to_close,day,,,filled,False,,,,,,access_key,2026-06-25T20:00:00Z
7f360efc-d5ae-4b72-85b1-f31dcb61666f,d3fdd3a9-8487-4fcd-b143-9bfdfb17f564,2026-06-25T15:04:05.989907Z,2026-06-25T15:04:06.052839Z,2026-06-25T15:04:05.995064Z,2026-06-25T15:04:06.05056Z,,,,,,,f4a4e992-e629-4885-a7e4-2a00bc047cb8,SPG260717C00230000,us_option,,1,1,3,simple,market,market,buy,buy_to_open,day,,,filled,False,,,,,,access_key,2026-06-25T20:00:00Z
3e35e9ab-47fd-48a4-9a44-c31a2834e770,259c4d15-6917-4bbc-85e1-ebbec4b28ea1,2026-06-25T15:03:44.410826Z,2026-06-25T15:03:44.456255Z,2026-06-25T15:03:44.415708Z,2026-06-25T15:03:44.454169Z,,,,,,,5e66f0e0-5772-4bc8-8351-7d5bc5bfbb4d,JPM260710C00345000,us_option,,1,1,4.4,simple,market,market,buy,buy_to_open,day,,,filled,False,,,,,,access_key,2026-06-25T20:00:00Z
d0ebb7ac-c14b-4a97-a973-10096eb3af83,43b72b6b-e787-41c5-8d14-1bf71ba373e9,2026-06-25T15:03:23.19723Z,2026-06-25T15:03:23.282356Z,2026-06-25T15:03:23.203142Z,2026-06-25T15:03:23.280049Z,,,,,,,6bdcc7e8-4c82-4c78-a936-529eec39d7ce,BA260717C00230000,us_option,,1,1,4.45,simple,market,market,buy,buy_to_open,day,,,filled,False,,,,,,access_key,2026-06-25T20:00:00Z
3d104d44-6141-48a3-abe1-a85aa3435b1b,d376110e-79c1-4361-b8d1-a21cf1683e71,2026-06-25T15:03:02.186094Z,2026-06-25T15:03:02.320129Z,2026-06-25T15:03:02.191798Z,2026-06-25T15:03:02.318125Z,,,,,,,fdac9fdc-d595-4dec-9df1-8490131bda9a,OXY260717P00051000,us_option,,2,2,1.6,simple,market,market,buy,buy_to_open,day,,,filled,False,,,,,,access_key,2026-06-25T20:00:00Z
2320f90c-74f9-46b3-9a08-d1ac018cb8c4,0fee11a8-5393-4a33-a708-c5303027618b,2026-06-25T15:02:38.574106Z,2026-06-25T15:02:38.633573Z,2026-06-25T15:02:38.581483Z,2026-06-25T15:02:38.631331Z,,,,,,,2dc57bd8-9285-4899-a325-fa4829878ece,WMT260717P00120000,us_option,,1,1,4.6,simple,market,market,buy,buy_to_open,day,,,filled,False,,,,,,access_key,2026-06-25T20:00:00Z
cf71c39f-e08c-4f14-8b9d-11d8db79a251,781023ee-d177-4e0a-a249-233e77be3465,2026-06-25T15:02:11.044934Z,2026-06-25T15:02:11.149159Z,2026-06-25T15:02:11.051065Z,2026-06-25T15:02:11.146995Z,,,,,,,18d01e71-549c-4d30-ad5a-cc70c66dca1b,NKE260717P00042000,us_option,,1,1,2.78,simple,market,market,buy,buy_to_open,day,,,filled,False,,,,,,access_key,2026-06-25T20:00:00Z
a00bfdc9-78dd-4f61-b91a-10de9afa5843,5e7f88ea-946a-4639-ae3c-15d221af2710,2026-06-25T15:01:47.739638Z,2026-06-25T15:01:47.808976Z,2026-06-25T15:01:47.744677Z,2026-06-25T15:01:47.806833Z,,,,,,,e318219b-4d93-4d62-94a1-29bf45d239d5,LYFT260717C00014500,us_option,,2,2,0.68,simple,market,market,buy,buy_to_open,day,,,filled,False,,,,,,access_key,2026-06-25T20:00:00Z
8a1692ee-c913-43c9-8b5f-d2a86684fc79,90b80696-0b33-4138-8fe8-df92964d4d93,2026-06-25T15:01:27.806423Z,2026-06-25T15:01:27.907211Z,2026-06-25T15:01:27.814547Z,2026-06-25T15:01:27.905186Z,,,,,,,708a38a6-e979-46ac-ab5c-a564d0eb187c,CARR260717C00077500,us_option,,1,1,2.65,simple,market,market,buy,buy_to_open,day,,,filled,False,,,,,,access_key,2026-06-25T20:00:00Z
15b56d0f-7e0f-4b70-a6e8-2e73b7badb86,941fb6c1-34bd-47d9-a22a-c39aa76fee31,2026-06-25T15:01:01.757117Z,2026-06-25T15:01:01.898243Z,2026-06-25T15:01:01.762761Z,2026-06-25T15:01:01.896198Z,,,,,,,97f60590-433b-40f4-8d31-05f10585e1c2,MRK260717C00125000,us_option,,1,1,2.95,simple,market,market,buy,buy_to_open,day,,,filled,False,,,,,,access_key,2026-06-25T20:00:00Z
1eb53b0c-8b68-41d3-9cdf-d1088bc1fdcf,fca3517d-970e-48e2-b532-fd73e104471a,2026-06-25T15:00:38.821456Z,2026-06-25T15:00:38.952672Z,2026-06-25T15:00:38.828188Z,2026-06-25T15:00:38.950483Z,,,,,,,79f17375-8025-42c4-bfda-3bf36738d30d,F260717C00014500,us_option,,2,2,0.46,simple,market,market,buy,buy_to_open,day,,,filled,False,,,,,,access_key,2026-06-25T20:00:00Z
37173ef4-9ec5-4b5d-8286-53f77b7257db,de33ec2d-ac5c-4340-8e8a-723209f47898,2026-06-25T15:00:12.260714Z,2026-06-25T15:00:12.334366Z,2026-06-25T15:00:12.267971Z,2026-06-25T15:00:12.33219Z,,,,,,,2f03127d-94ef-4611-ba8d-a574448264ba,GM260717C00080000,us_option,,1,1,3.25,simple,market,market,buy,buy_to_open,day,,,filled,False,,,,,,access_key,2026-06-25T20:00:00Z
e719d379-b43a-46bd-ac5a-94dd0bc3455b,e3cf14d1-d902-4fa3-9b79-52902da6f95a,2026-06-25T14:44:40.854977Z,2026-06-25T14:44:40.99658Z,2026-06-25T14:44:40.860971Z,2026-06-25T14:44:40.994401Z,,,,,,,97f60590-433b-40f4-8d31-05f10585e1c2,MRK260717C00125000,us_option,,1,1,2.78,simple,market,market,sell,sell_to_close,day,,,filled,False,,,,,,access_key,2026-06-25T20:00:00Z
fc05171c-8d99-4465-9635-f5abb34fbb64,72bb7725-f66d-43b4-be6d-9d8ecdf70571,2026-06-25T14:39:34.224175Z,2026-06-25T14:39:34.255646Z,2026-06-25T14:39:34.230769Z,2026-06-25T14:39:34.253349Z,,,,,,,1b22ed30-b93b-4cf0-a62d-48463e7f5bc8,ORCL260710P00148000,us_option,,1,1,4.95,simple,market,market,buy,buy_to_open,day,,,filled,False,,,,,,access_key,2026-06-25T20:00:00Z
45ea6ab0-9380-49c7-ab17-81c7723f24ad,c48480b4-be91-46cd-9d18-f89a4ed0b52d,2026-06-25T14:39:14.35953Z,2026-06-25T14:39:14.45866Z,2026-06-25T14:39:14.365005Z,2026-06-25T14:39:14.456728Z,,,,,,,3a85b28f-818c-4f76-b0cf-310848cf2f65,ZM260724P00083000,us_option,,1,1,3.7,simple,market,market,buy,buy_to_open,day,,,filled,False,,,,,,access_key,2026-06-25T20:00:00Z
43ae5da8-348e-4fa1-af14-5e8c1f6d2c67,023f779d-f0df-4e33-b5a1-d5c8bbf03496,2026-06-25T14:38:54.941265Z,2026-06-25T14:38:54.969384Z,2026-06-25T14:38:54.949934Z,2026-06-25T14:38:54.967312Z,,,,,,,ba61e13c-2761-402b-b460-2eba79165d55,DIA260710C00530000,us_option,,1,1,4.95,simple,market,market,buy,buy_to_open,day,,,filled,False,,,,,,access_key,2026-06-25T20:15:00Z
c3a6d1d0-013e-4ca8-9fa1-63ee92bfb92d,6848b838-fc5b-48da-9f9c-7e9749328ba6,2026-06-25T14:38:33.053509Z,2026-06-25T14:38:33.159221Z,2026-06-25T14:38:33.061619Z,2026-06-25T14:38:33.157089Z,,,,,,,4166b81b-ce5f-4b1b-85a0-5019167db779,CVX260717P00170000,us_option,,1,1,3.6,simple,market,market,buy,buy_to_open,day,,,filled,False,,,,,,access_key,2026-06-25T20:00:00Z
b6a53d80-f707-41bf-9ce4-cffac56c3598,970f60d5-13fc-4339-9aae-339c411e3dd0,2026-06-25T14:38:15.165194Z,2026-06-25T14:38:15.246539Z,2026-06-25T14:38:15.173112Z,2026-06-25T14:38:15.243973Z,,,,,,,6173a620-fe10-4591-b70f-67fb7ea064c1,IONQ260710P00052000,us_option,,1,1,4.2,simple,market,market,buy,buy_to_open,day,,,filled,False,,,,,,access_key,2026-06-25T20:00:00Z
10c3e494-bb3d-4bf5-a921-7f0a4d252d61,064834e1-39fc-46a3-ac16-54b2ff88a1ea,2026-06-25T14:37:57.027095Z,2026-06-25T14:37:57.122156Z,2026-06-25T14:37:57.031839Z,2026-06-25T14:37:57.119871Z,,,,,,,408b401c-e9a4-4f70-a372-93499db20e26,DIS260717P00100000,us_option,,2,2,2.16,simple,market,market,buy,buy_to_open,day,,,filled,False,,,,,,access_key,2026-06-25T20:00:00Z
db059faf-015c-428e-a1b6-b7fbb2d0ddd4,80c7a611-9671-4ba6-a10f-54002fbcbe50,2026-06-25T14:37:40.236099Z,2026-06-25T14:37:40.27396Z,2026-06-25T14:37:40.24156Z,2026-06-25T14:37:40.271772Z,,,,,,,b48c9b53-8907-4492-81b7-b0434cfd5ac3,NVDA260717P00190000,us_option,,1,1,5,simple,market,market,buy,buy_to_open,day,,,filled,False,,,,,,access_key,2026-06-25T20:00:00Z
1084d21a-fa18-42cd-ac07-73b9571d122d,0eeb06c8-d2b1-4760-84da-fef56c2e1040,2026-06-25T14:37:23.09217Z,2026-06-25T14:37:23.122652Z,2026-06-25T14:37:23.097175Z,2026-06-25T14:37:23.120546Z,,,,,,,ca648ba9-ced3-4c36-9eb3-b05c50145bca,GSK260717C00052000,us_option,,2,2,1.65,simple,market,market,buy,buy_to_open,day,,,filled,False,,,,,,access_key,2026-06-25T20:00:00Z
f1ec5dc2-53d5-4b1c-a85e-66bff4d912e3,8eaff5bc-cf1e-428c-a688-122109eba3e2,2026-06-25T14:37:01.00129Z,2026-06-25T14:37:01.048556Z,2026-06-25T14:37:01.006689Z,2026-06-25T14:37:01.04643Z,,,,,,,deace7b9-f1d6-4394-b2bb-4298b6172a9b,XOM260717P00138000,us_option,,1,1,4.05,simple,market,market,buy,buy_to_open,day,,,filled,False,,,,,,access_key,2026-06-25T20:00:00Z
f1e45a6e-fdae-4c8b-9d2e-d68978121b6f,c21f97c9-f28b-4370-b8e3-8e6d5d9515e4,2026-06-25T14:36:43.537841Z,2026-06-25T14:36:43.662624Z,2026-06-25T14:36:43.542757Z,2026-06-25T14:36:43.660543Z,,,,,,,28353ee0-5f79-4838-8c86-266c24aae11e,TGT260717C00141000,us_option,,1,1,4.7,simple,market,market,buy,buy_to_open,day,,,filled,False,,,,,,access_key,2026-06-25T20:00:00Z
95264cd8-2dea-41b9-9a93-46dd5ad59829,457f433c-8b28-487a-834a-dd0d96360703,2026-06-25T14:36:27.208376Z,2026-06-25T14:36:27.249865Z,2026-06-25T14:36:27.213592Z,2026-06-25T14:36:27.247868Z,,,,,,,4002e0b5-e9f8-443e-9ecd-eab6e921460b,WFC260717C00087500,us_option,,2,2,2.37,simple,market,market,buy,buy_to_open,day,,,filled,False,,,,,,access_key,2026-06-25T20:00:00Z
ea8e453c-a159-44cc-a22f-5fc8296e4f92,cfff647d-54cd-452d-8caa-e13c44f9c7c0,2026-06-25T14:36:10.922462Z,2026-06-25T14:36:10.975659Z,2026-06-25T14:36:10.927614Z,2026-06-25T14:36:10.973417Z,,,,,,,7b56b77b-9d6c-43a7-a8a9-a5f214a5548a,XLF260717C00055000,us_option,,2,2,0.69,simple,market,market,buy,buy_to_open,day,,,filled,False,,,,,,access_key,2026-06-25T20:15:00Z
5a5a35c8-f628-4d58-bbac-fddbcb3bcbf4,6a95994a-fa69-4bbc-9abb-f09f7163e6d8,2026-06-25T14:35:53.864224Z,2026-06-25T14:35:53.910144Z,2026-06-25T14:35:53.86913Z,2026-06-25T14:35:53.908028Z,,,,,,,9d490d2b-9db4-438b-80d6-d3965e842a36,MMM260717C00170000,us_option,,1,1,4.8,simple,market,market,buy,buy_to_open,day,,,filled,False,,,,,,access_key,2026-06-25T20:00:00Z
55b9e3b4-0ef2-4e79-bb02-5cb07a70e1fa,a829efe4-5659-4200-b6d5-5f8d1d07f449,2026-06-25T14:35:37.669396Z,2026-06-25T14:35:37.720182Z,2026-06-25T14:35:37.674153Z,2026-06-25T14:35:37.718231Z,,,,,,,4bafb5b8-c32d-4738-b8ed-b303cfb7c1da,KO260717C00081000,us_option,,2,2,1.41,simple,market,market,buy,buy_to_open,day,,,filled,False,,,,,,access_key,2026-06-25T20:00:00Z
fa2cecce-b456-4c78-9b98-adfeadae52ca,7ebab000-743d-40dc-88c5-c6c9d1d500c8,2026-06-25T14:35:21.540824Z,2026-06-25T14:35:21.613954Z,2026-06-25T14:35:21.545005Z,2026-06-25T14:35:21.611821Z,,,,,,,368e6abf-e97a-4d67-9d77-8313d3021040,CSCO260717P00120000,us_option,,1,1,4.7,simple,market,market,buy,buy_to_open,day,,,filled,False,,,,,,access_key,2026-06-25T20:00:00Z
d93f6163-a118-4ff4-ace4-613d1bad2d2f,8c556d2b-c948-4a6d-b866-7aa330f686c1,2026-06-25T14:35:05.72047Z,2026-06-25T14:35:05.827131Z,2026-06-25T14:35:05.727866Z,2026-06-25T14:35:05.825306Z,,,,,,,df06a4ed-a1b1-438c-bd72-03a63e144767,C260717C00150000,us_option,,1,1,3.9,simple,market,market,buy,buy_to_open,day,,,filled,False,,,,,,access_key,2026-06-25T20:00:00Z
b464312c-2eca-4aff-9607-a80de54d1c14,7a960956-bd34-4125-b0ef-5f3a69ebf41e,2026-06-25T14:34:50.31713Z,2026-06-25T14:34:50.406251Z,2026-06-25T14:34:50.325869Z,2026-06-25T14:34:50.403978Z,,,,,,,63522234-5a0d-4fd2-8d65-54315a7783da,SOFI260717P00018000,us_option,,2,2,1.32,simple,market,market,buy,buy_to_open,day,,,filled,False,,,,,,access_key,2026-06-25T20:00:00Z
9ffab2eb-f2ad-4982-986a-a2f66c745515,3295c9ab-239c-4200-a644-f7f6dcff5de5,2026-06-25T14:34:36.202287Z,2026-06-25T14:34:36.292107Z,2026-06-25T14:34:36.207476Z,2026-06-25T14:34:36.289005Z,,,,,,,a5dc43c4-348b-4e13-b3ab-d352ef2c780a,SCHW260717P00092500,us_option,,1,1,2.65,simple,market,market,buy,buy_to_open,day,,,filled,False,,,,,,access_key,2026-06-25T20:00:00Z
ccfd34fe-c398-46f7-a58e-14ad2c1afb82,48f7db97-5b68-4d99-bdd3-bf853709500e,2026-06-25T14:34:20.212611Z,2026-06-25T14:34:20.293381Z,2026-06-25T14:34:20.217897Z,2026-06-25T14:34:20.291212Z,,,,,,,0f5af04a-9243-4401-a296-a1b9f82f33bb,NFLX260717P00073000,us_option,,1,1,3.95,simple,market,market,buy,buy_to_open,day,,,filled,False,,,,,,access_key,2026-06-25T20:00:00Z
55c37ca7-0439-4943-8e65-b7661ee8ec80,c99f7c36-d4a8-4dff-a8c3-9b69e9804623,2026-06-25T14:14:35.791487Z,2026-06-25T14:14:35.905679Z,2026-06-25T14:14:35.79713Z,2026-06-25T14:14:35.903477Z,,,,,,,5cd215c3-82a4-4860-a239-30e5d65fe25f,SAP260710P00150000,us_option,,1,1,4.9,simple,market,market,buy,buy_to_open,day,,,filled,False,,,,,,access_key,2026-06-25T20:00:00Z
fa6be1ac-df84-4fea-86f6-46c31bf778e2,7e79c17d-4cc6-4c62-96db-8cabaa42194e,2026-06-25T14:14:21.926144Z,2026-06-25T14:14:22.024432Z,2026-06-25T14:14:21.932474Z,2026-06-25T14:14:22.022597Z,,,,,,,8e04c2c3-e0a0-4fb2-bceb-5dc163e92254,DIS260724P00100000,us_option,,1,1,2.55,simple,market,market,buy,buy_to_open,day,,,filled,False,,,,,,access_key,2026-06-25T20:00:00Z
5074b173-3126-4580-ad3e-2c4108bddcdf,9d308fd9-9082-482a-bbfe-946ab2f9f543,2026-06-25T14:14:08.406003Z,2026-06-25T14:14:08.542253Z,2026-06-25T14:14:08.414017Z,2026-06-25T14:14:08.54018Z,,,,,,,2264f617-f67b-4061-a22b-af4bf4023078,ZS260717P00120000,us_option,,1,1,4.85,simple,market,market,buy,buy_to_open,day,,,filled,False,,,,,,access_key,2026-06-25T20:00:00Z
3eaabec9-7b17-4800-a368-4035d37c9192,6ab860e4-2475-4553-a009-697370309964,2026-06-25T14:13:52.422843Z,2026-06-25T14:13:52.51418Z,2026-06-25T14:13:52.427976Z,2026-06-25T14:13:52.512256Z,,,,,,,a1e96fe2-e28c-41b4-80ad-81ebf449d5e4,ZM260724P00084000,us_option,,1,1,4.55,simple,market,market,buy,buy_to_open,day,,,filled,False,,,,,,access_key,2026-06-25T20:00:00Z
db0bba57-9159-468b-9b88-89b39a05a737,54b75101-6770-41ac-ad5c-18745e600a5c,2026-06-25T14:13:39.274033Z,2026-06-25T14:13:39.348081Z,2026-06-25T14:13:39.280806Z,2026-06-25T14:13:39.34591Z,,,,,,,cab1cdb5-66f4-48ec-af43-47296a11dbfb,V260717C00345000,us_option,,1,1,4.45,simple,market,market,buy,buy_to_open,day,,,filled,False,,,,,,access_key,2026-06-25T20:00:00Z
6320cb7c-0b12-4c57-b5bd-2ca80eddf96e,bded8818-954b-44b2-837a-0002022fb800,2026-06-25T14:13:26.268844Z,2026-06-25T14:13:26.366165Z,2026-06-25T14:13:26.274715Z,2026-06-25T14:13:26.364094Z,,,,,,,7e67d2f7-7e25-445e-9d93-a93879458b81,SNY260717P00042500,us_option,,1,1,1.5,simple,market,market,buy,buy_to_open,day,,,filled,False,,,,,,access_key,2026-06-25T20:00:00Z
73fec1fe-6d9e-417d-9da8-489fe0796ce2,2117e80e-1183-43a5-b666-30afc8ba9927,2026-06-25T14:13:11.924452Z,2026-06-25T14:13:11.990658Z,2026-06-25T14:13:11.931058Z,2026-06-25T14:13:11.988714Z,,,,,,,fdd42ab1-ce3e-4402-9d40-5c0e4392d0bb,AMZN260710P00225000,us_option,,1,1,4.75,simple,market,market,buy,buy_to_open,day,,,filled,False,,,,,,access_key,2026-06-25T20:00:00Z
7c10d70c-af25-4cf3-8fad-93c674258667,c5f79464-7964-4e33-b2b4-fcb5aa413d14,2026-06-25T14:12:59.389596Z,2026-06-25T14:12:59.432459Z,2026-06-25T14:12:59.395006Z,2026-06-25T14:12:59.430273Z,,,,,,,3808609f-84cf-48da-9ae2-c52fbc22c996,COP260717P00105000,us_option,,1,1,2.51,simple,market,market,buy,buy_to_open,day,,,filled,False,,,,,,access_key,2026-06-25T20:00:00Z
68bed658-97f7-41ff-9bc1-0c8c7e1a1bbc,6fa1be7b-882b-40b9-9f01-5e5cb56b6ebd,2026-06-25T14:12:43.789681Z,2026-06-25T14:12:43.912868Z,2026-06-25T14:12:43.794585Z,2026-06-25T14:12:43.910715Z,,,,,,,d5084311-dd14-46e8-bb55-a6a1d916ecd3,RTX260710C00190000,us_option,,1,1,4.05,simple,market,market,buy,buy_to_open,day,,,filled,False,,,,,,access_key,2026-06-25T20:00:00Z
757cec5a-f302-4213-9368-9b5970bb2de8,53247aa0-d2d9-4002-aaac-f44f99c3ea16,2026-06-25T14:12:32.156873Z,2026-06-25T14:12:32.222285Z,2026-06-25T14:12:32.16307Z,2026-06-25T14:12:32.22019Z,,,,,,,c33f0ece-d952-42c5-a6e8-c4e66cf296c2,NVDA260710P00190000,us_option,,1,1,3.6,simple,market,market,buy,buy_to_open,day,,,filled,False,,,,,,access_key,2026-06-25T20:00:00Z
87e4283e-83cd-42ea-95ea-963245cf917a,a58f912a-2e3c-458b-b0bf-acb2fc6e9c07,2026-06-25T14:12:20.574195Z,2026-06-25T14:12:20.682978Z,2026-06-25T14:12:20.581519Z,2026-06-25T14:12:20.680877Z,,,,,,,cb57f2ab-4c9c-4fea-8d05-63f33e4344f9,CSCO260710P00119000,us_option,,1,1,3.95,simple,market,market,buy,buy_to_open,day,,,filled,False,,,,,,access_key,2026-06-25T20:00:00Z
f20a3e61-84e0-49f2-815f-8e43b0eef811,61914461-05b4-443f-8e3a-40005d0061fe,2026-06-25T14:12:09.237767Z,2026-06-25T14:12:09.317007Z,2026-06-25T14:12:09.246897Z,2026-06-25T14:12:09.314751Z,,,,,,,a5cd5d5f-b8a4-4367-a7c9-0861d6f60c7a,IONQ260717P00050000,us_option,,1,1,3.9,simple,market,market,buy,buy_to_open,day,,,filled,False,,,,,,access_key,2026-06-25T20:00:00Z
1b1bfb99-dce1-4e32-b131-46eef40a8092,8b2915c0-7eee-4d3d-a75f-1eb051cecd1f,2026-06-25T14:11:57.15847Z,2026-06-25T14:11:57.211967Z,2026-06-25T14:11:57.16641Z,2026-06-25T14:11:57.209745Z,,,,,,,995e375a-1542-4620-a73a-50dfb8cbd02c,TGT260717C00143000,us_option,,1,1,4.3,simple,market,market,buy,buy_to_open,day,,,filled,False,,,,,,access_key,2026-06-25T20:00:00Z
cb777c7f-314a-4c24-b01d-239fc16a77fc,bc761e9a-8571-47f1-b4b1-96e59a5980c0,2026-06-25T14:11:44.854802Z,2026-06-25T14:11:44.952962Z,2026-06-25T14:11:44.862075Z,2026-06-25T14:11:44.950796Z,,,,,,,d5a05818-3aac-4d1f-a7ac-cd5caa002868,IWM260710C00303000,us_option,,1,1,4.49,simple,market,market,buy,buy_to_open,day,,,filled,False,,,,,,access_key,2026-06-25T20:15:00Z
6aa40ab8-cc58-4e7c-a25a-8393af324b4f,1b32fd60-f57a-45f1-b08f-38523440a630,2026-06-25T14:11:30.499961Z,2026-06-25T14:11:30.557687Z,2026-06-25T14:11:30.505251Z,2026-06-25T14:11:30.555621Z,,,,,,,acbeca53-a478-40b1-b875-1382962f3387,MDT260717C00082500,us_option,,2,2,1.6,simple,market,market,buy,buy_to_open,day,,,filled,False,,,,,,access_key,2026-06-25T20:00:00Z
fa51cde8-58ce-4524-8aa3-86a0d2b09b7a,fc4f1f6b-38b2-4f7d-b857-c37f72496aa3,2026-06-25T14:11:17.998336Z,2026-06-25T14:11:18.019939Z,2026-06-25T14:11:18.003881Z,2026-06-25T14:11:18.017928Z,,,,,,,9c086ca9-bd99-434b-a26b-94104ff8ee95,UBER260717C00075000,us_option,,1,1,1.94,simple,market,market,buy,buy_to_open,day,,,filled,False,,,,,,access_key,2026-06-25T20:00:00Z
81c085f3-65b9-4c12-ba54-87ef6a58d612,df324cd3-b9ed-4550-a983-0500d167ae5f,2026-06-25T14:11:04.902029Z,2026-06-25T14:11:04.977022Z,2026-06-25T14:11:04.913387Z,2026-06-25T14:11:04.974999Z,,,,,,,ea2ea43a-cf0c-4586-9345-5889b65ba512,TLT260717C00085000,us_option,,1,1,2.86,simple,market,market,buy,buy_to_open,day,,,filled,False,,,,,,access_key,2026-06-25T20:15:00Z
4cec1269-dfc3-4c81-991d-90a9d65ff17c,d0ad84c1-7889-4308-a246-03e4b7f1a3ad,2026-06-25T14:10:54.62661Z,2026-06-25T14:10:54.755483Z,2026-06-25T14:10:54.632209Z,2026-06-25T14:10:54.753455Z,,,,,,,df0bc0f3-0478-403f-ad27-83c87112cb10,F260717C00014000,us_option,,1,1,0.66,simple,market,market,buy,buy_to_open,day,,,filled,False,,,,,,access_key,2026-06-25T20:00:00Z
84ffb9b6-05ec-4e36-9ad7-e7b3f8567f5c,62ff32c8-ede5-41c4-a00d-58c81a97743c,2026-06-25T13:54:31.934768Z,2026-06-25T13:54:31.952057Z,2026-06-25T13:54:31.939461Z,2026-06-25T13:54:31.950065Z,,,,,,,2124554c-8f7a-42c8-9e96-e9b1eca686dd,AMZN260710P00222500,us_option,,1,1,4.05,simple,market,market,buy,buy_to_open,day,,,filled,False,,,,,,access_key,2026-06-25T20:00:00Z
87567cd6-a706-4f91-9e52-75c211c18dc9,eff05cab-3dd2-4043-b3b5-efbe093a8c4a,2026-06-25T13:54:19.418207Z,2026-06-25T13:54:19.523444Z,2026-06-25T13:54:19.423237Z,2026-06-25T13:54:19.52101Z,,,,,,,1b242d10-b6dd-4fcf-a7f4-3949e9666121,SAP260717P00146000,us_option,,1,1,4.4,simple,market,market,buy,buy_to_open,day,,,filled,False,,,,,,access_key,2026-06-25T20:00:00Z
93c52293-5447-435e-9f56-69797169df75,dd1c2ad3-7aa4-41dc-8ff9-8109a6466bdf,2026-06-25T13:54:10.752573Z,2026-06-25T13:54:10.865594Z,2026-06-25T13:54:10.762822Z,2026-06-25T13:54:10.863429Z,,,,,,,410682eb-639a-4b0c-8b6d-e3362015a962,RIVN260717P00015000,us_option,,2,2,1.25,simple,market,market,buy,buy_to_open,day,,,filled,False,,,,,,access_key,2026-06-25T20:00:00Z
d7bf52de-757b-4c3a-a0f3-963bb8aa8c41,b4b26c91-5ae4-4aab-a56e-202b99659e16,2026-06-25T13:54:02.145829Z,2026-06-25T13:54:02.288375Z,2026-06-25T13:54:02.178837Z,2026-06-25T13:54:02.286471Z,,,,,,,d0da06c1-8b85-4103-8f35-27a68bd04d84,CARR260717C00075000,us_option,,1,1,3.9,simple,market,market,buy,buy_to_open,day,,,filled,False,,,,,,access_key,2026-06-25T20:00:00Z
eca90e7e-8fc4-4a9e-bab9-b43c99902ae5,fbe0359e-8ca9-4a46-8bc9-f503180ac92f,2026-06-25T13:53:46.921648Z,2026-06-25T13:53:47.003033Z,2026-06-25T13:53:46.929006Z,2026-06-25T13:53:47.001102Z,,,,,,,f0d7195e-1973-4755-baf8-a51e27b1e4f4,NKE260717P00042500,us_option,,1,1,2.91,simple,market,market,buy,buy_to_open,day,,,filled,False,,,,,,access_key,2026-06-25T20:00:00Z
3adacb1c-1827-4d22-97ea-9e4330c06829,eba300c1-4ff0-413a-b2c4-d8604d30b977,2026-06-25T13:53:35.339686Z,2026-06-25T13:53:35.445204Z,2026-06-25T13:53:35.345131Z,2026-06-25T13:53:35.443008Z,,,,,,,64415bbb-8adc-405a-927a-8881b809c1fa,AAPL260710P00275000,us_option,,1,1,4.15,simple,market,market,buy,buy_to_open,day,,,filled,False,,,,,,access_key,2026-06-25T20:00:00Z
e86a22bd-7127-4d19-a64c-851622cfb26c,e217b7d1-e3f8-4de2-bcbc-00ce52d717fd,2026-06-25T13:53:24.307991Z,2026-06-25T13:53:24.433494Z,2026-06-25T13:53:24.312926Z,2026-06-25T13:53:24.431338Z,,,,,,,5858992a-d50d-483f-93ed-f895398fa73d,XOM260717P00135000,us_option,,1,1,3,simple,market,market,buy,buy_to_open,day,,,filled,False,,,,,,access_key,2026-06-25T20:00:00Z
54bc3f76-0869-4158-9a4a-e9d27ef0a99a,2a7fe749-4c6b-42cf-bf04-280b731e932e,2026-06-25T13:53:15.199618Z,2026-06-25T13:53:15.285126Z,2026-06-25T13:53:15.203949Z,2026-06-25T13:53:15.282841Z,,,,,,,ba680b83-2f68-4bbc-bb74-700c3e60a736,ABT260717C00095000,us_option,,2,2,2.2,simple,market,market,buy,buy_to_open,day,,,filled,False,,,,,,access_key,2026-06-25T20:00:00Z
eeb3d140-2805-4549-b079-3f0122596dc8,7885ce9b-b3cb-4b78-bf43-4792dd2be171,2026-06-25T13:53:07.774427Z,2026-06-25T13:53:07.815576Z,2026-06-25T13:53:07.78254Z,2026-06-25T13:53:07.813569Z,,,,,,,95832cd9-72f3-4e76-853b-7368efba3931,PLTR260717P00105000,us_option,,1,1,4.25,simple,market,market,buy,buy_to_open,day,,,filled,False,,,,,,access_key,2026-06-25T20:00:00Z
e777fc06-d37c-4f9d-970e-daecc52e860c,e42ec393-5741-49f6-9587-df547915e3ae,2026-06-25T13:53:00.52843Z,2026-06-25T13:53:00.619288Z,2026-06-25T13:53:00.533616Z,2026-06-25T13:53:00.617247Z,,,,,,,450109a7-d86d-4f8e-89da-711bcf66566c,JPM260710C00340000,us_option,,1,1,4.75,simple,market,market,buy,buy_to_open,day,,,filled,False,,,,,,access_key,2026-06-25T20:00:00Z
da333a46-b8b2-4d46-a3e8-7b06a98b441f,217a971c-233b-4358-8cf2-a4c9a33f3921,2026-06-25T13:52:54.032104Z,2026-06-25T13:52:54.063355Z,2026-06-25T13:52:54.038714Z,2026-06-25T13:52:54.061299Z,,,,,,,08c4a0b3-b9f6-4905-8b1e-b03d4702a23c,BAC260717C00059000,us_option,,2,2,1.37,simple,market,market,buy,buy_to_open,day,,,filled,False,,,,,,access_key,2026-06-25T20:00:00Z
d1de90c2-b0fe-4aa7-b273-99f58b33fb0c,2bb487b2-2f0f-4383-b15d-6633ad3a8316,2026-06-25T13:52:47.664342Z,2026-06-25T13:52:47.69704Z,2026-06-25T13:52:47.669335Z,2026-06-25T13:52:47.694931Z,,,,,,,a9993d3c-1f80-4000-9536-dd0dabb8cc8b,CVS260717C00105000,us_option,,1,1,2.69,simple,market,market,buy,buy_to_open,day,,,filled,False,,,,,,access_key,2026-06-25T20:00:00Z
e2e291fe-606b-4c73-b378-d3cfad23b0c1,1bf5e7e5-a14e-428a-a2aa-fdac5228b725,2026-06-25T13:52:41.198817Z,2026-06-25T13:52:41.268843Z,2026-06-25T13:52:41.208067Z,2026-06-25T13:52:41.26665Z,,,,,,,ec65cbc3-b464-4245-aabe-72a3fad2b850,NFLX260717P00072000,us_option,,1,1,3.4,simple,market,market,buy,buy_to_open,day,,,filled,False,,,,,,access_key,2026-06-25T20:00:00Z
fdeb505f-4e31-433b-9373-5777456727ee,51a15317-92ca-474c-a0fb-9732db6c9076,2026-06-25T13:52:35.461024Z,2026-06-25T13:52:35.540657Z,2026-06-25T13:52:35.466203Z,2026-06-25T13:52:35.538405Z,,,,,,,94df1905-83d4-42f5-9e4d-2d8d6e0c7134,WFC260717C00085000,us_option,,1,1,3.1,simple,market,market,buy,buy_to_open,day,,,filled,False,,,,,,access_key,2026-06-25T20:00:00Z
f9c60a6b-1ec6-44f4-b402-50ec06f000fd,28a9237b-d921-4887-8a79-5f6d52428c07,2026-06-25T13:52:29.962389Z,2026-06-25T13:52:30.085795Z,2026-06-25T13:52:29.972117Z,2026-06-25T13:52:30.083747Z,,,,,,,607fd26c-7712-4e46-a2a2-a733ed5c932c,XLE260717P00054000,us_option,,2,2,1.44,simple,market,market,buy,buy_to_open,day,,,filled,False,,,,,,access_key,2026-06-25T20:15:00Z
60e56ebe-51d1-4c17-8373-c411f7e82626,1d6cc014-3929-4232-9719-6ca312a91258,2026-06-25T13:52:24.398183Z,2026-06-25T13:52:24.469167Z,2026-06-25T13:52:24.403192Z,2026-06-25T13:52:24.467243Z,,,,,,,e3dbf8bd-0ed0-491c-9ac2-974539ba6afa,UBER260717C00072500,us_option,,1,1,2.95,simple,market,market,buy,buy_to_open,day,,,filled,False,,,,,,access_key,2026-06-25T20:00:00Z
ebf1f2d1-a1c1-4ba1-9b99-5eff72b15d43,1e38e4f3-ca3b-49a2-9235-0e14bd08ec48,2026-06-25T13:52:19.178854Z,2026-06-25T13:52:19.407397Z,2026-06-25T13:52:19.184406Z,2026-06-25T13:52:19.405146Z,,,,,,,15ce2f1d-1afd-4cea-af78-352d89a80124,SOFI260717P00017000,us_option,,3,3,1.006667,simple,market,market,buy,buy_to_open,day,,,filled,False,,,,,,access_key,2026-06-25T20:00:00Z
a864e2e8-e8ad-474b-b4cd-06cca598d138,3af5647a-f944-49d1-a46b-e77372c3d052,2026-06-25T13:52:14.311353Z,2026-06-25T13:52:14.363995Z,2026-06-25T13:52:14.316482Z,2026-06-25T13:52:14.361735Z,,,,,,,2361bf29-28c9-4689-9304-079eb0191513,MO260717C00072500,us_option,,2,2,2,simple,market,market,buy,buy_to_open,day,,,filled,False,,,,,,access_key,2026-06-25T20:00:00Z
fdb1232d-7a59-41a8-84f6-a55e1baaf2ff,1fe6b544-ae8d-4fdd-8fa3-ef955893e628,2026-06-25T13:52:09.676864Z,2026-06-25T13:52:09.791837Z,2026-06-25T13:52:09.681895Z,2026-06-25T13:52:09.789843Z,,,,,,,97f60590-433b-40f4-8d31-05f10585e1c2,MRK260717C00125000,us_option,,1,1,2.52,simple,market,market,buy,buy_to_open,day,,,filled,False,,,,,,access_key,2026-06-25T20:00:00Z
2d28181d-c08d-41c3-81ae-2d0d867657be,58e8f86a-fd27-401b-9532-aa6c5c3ca2eb,2026-06-25T13:52:05.332284Z,2026-06-25T13:52:05.406607Z,2026-06-25T13:52:05.338499Z,2026-06-25T13:52:05.404618Z,,,,,,,26847719-550a-46fc-8b23-89eba0e0928a,TLT260717C00083000,us_option,,1,1,4.9,simple,market,market,buy,buy_to_open,day,,,filled,False,,,,,,access_key,2026-06-25T20:15:00Z
c913d9e7-955e-4d2f-9dec-bc98317dc815,cd129472-3499-46a8-9726-3cd00304f222,2026-06-24T19:49:27.157383Z,2026-06-24T19:49:27.192003Z,2026-06-24T19:49:27.16361Z,2026-06-24T19:49:27.189855Z,,,,,,,afceaf9a-a05b-41a5-8dc1-23ec27c6ff4d,XLK260710P00179000,us_option,,1,1,4.25,simple,market,market,sell,sell_to_close,day,,,filled,False,,,,,,access_key,2026-06-24T20:15:00Z
1e135996-3424-4c50-a311-00621ccbea57,e845fd16-f9fa-497a-b294-bfa87ef5486c,2026-06-24T19:49:26.597267Z,2026-06-24T19:49:26.694747Z,2026-06-24T19:49:26.602961Z,2026-06-24T19:49:26.692436Z,,,,,,,0d261761-bddc-4ac9-bbeb-b00d7a215e05,PLTR260717P00110000,us_option,,1,1,3.8,simple,market,market,sell,sell_to_close,day,,,filled,False,,,,,,access_key,2026-06-24T20:00:00Z
aa65a953-401d-4553-88c5-82e7bedc3f1f,19e79847-2a48-4f31-828c-8439f6a624f3,2026-06-24T19:49:26.049707Z,2026-06-24T19:49:26.201851Z,2026-06-24T19:49:26.058139Z,2026-06-24T19:49:26.199454Z,,,,,,,73ae16c3-c730-4427-a369-4261b0fab91c,PLTR260710P00114000,us_option,,1,1,4.65,simple,market,market,sell,sell_to_close,day,,,filled,False,,,,,,access_key,2026-06-24T20:00:00Z
407ef585-400e-4729-be3b-db852ce77f1a,1b995cb7-ecb3-415d-a6a2-7cf6762dc5c1,2026-06-24T19:49:25.493742Z,2026-06-24T19:49:25.550466Z,2026-06-24T19:49:25.499584Z,2026-06-24T19:49:25.548226Z,,,,,,,54fe3108-ceb5-4ec5-b131-fd170864673b,CVX260717P00172500,us_option,,1,1,4.3,simple,market,market,sell,sell_to_close,day,,,filled,False,,,,,,access_key,2026-06-24T20:00:00Z
51ed802f-14c8-4bdb-b9a7-83f51f5bae5c,e74127f1-077d-42ad-995f-4dcd13cd5f53,2026-06-24T19:49:24.955333Z,2026-06-24T19:49:25.073894Z,2026-06-24T19:49:24.964147Z,2026-06-24T19:49:25.07147Z,,,,,,,0f5af04a-9243-4401-a296-a1b9f82f33bb,NFLX260717P00073000,us_option,,1,1,3.75,simple,market,market,sell,sell_to_close,day,,,filled,False,,,,,,access_key,2026-06-24T20:00:00Z
871e5112-1c04-4030-ad42-0b5808b8bb24,a2eaad23-23d9-4902-b5d6-f2296240cfba,2026-06-24T19:49:24.406905Z,2026-06-24T19:49:24.46864Z,2026-06-24T19:49:24.412054Z,2026-06-24T19:49:24.466444Z,,,,,,,60685c56-1289-4ee8-aa00-d9765a0f2413,XLK260717P00177000,us_option,,1,1,4.15,simple,market,market,sell,sell_to_close,day,,,filled,False,,,,,,access_key,2026-06-24T20:15:00Z
211ad9b9-5c07-4e5f-bb4b-1fc3a2217290,5ca2cce1-e5c7-4549-ad75-077e197b5351,2026-06-24T19:49:23.843018Z,2026-06-24T19:49:23.977438Z,2026-06-24T19:49:23.852902Z,2026-06-24T19:49:23.975103Z,,,,,,,9442cb3e-2f3c-4369-b13e-f5680f107bbd,ORCL260710P00150000,us_option,,1,1,4.15,simple,market,market,sell,sell_to_close,day,,,filled,False,,,,,,access_key,2026-06-24T20:00:00Z
2894799d-93a1-490d-97ab-ab6afa637248,cfa97a98-13b9-4ed3-8d40-357fb4989641,2026-06-24T19:49:23.288607Z,2026-06-24T19:49:23.409136Z,2026-06-24T19:49:23.303823Z,2026-06-24T19:49:23.406411Z,,,,,,,d4dcb2a5-3978-4193-b7f0-de6b02aeb28a,PG260717C00152500,us_option,,1,1,3.35,simple,market,market,sell,sell_to_close,day,,,filled,False,,,,,,access_key,2026-06-24T20:00:00Z
1fe3dad7-eeb2-4431-b958-7d5dfd1c886b,e40bdd57-a33f-44be-b89a-9a581982d4b6,2026-06-24T19:49:22.642522Z,2026-06-24T19:49:22.776422Z,2026-06-24T19:49:22.648555Z,2026-06-24T19:49:22.77433Z,,,,,,,e318219b-4d93-4d62-94a1-29bf45d239d5,LYFT260717C00014500,us_option,,3,3,0.67,simple,market,market,sell,sell_to_close,day,,,filled,False,,,,,,access_key,2026-06-24T20:00:00Z
89d52103-809b-4fd0-bae0-68f90afbeb0a,44c665de-386d-43b0-88b4-565a87a91b8e,2026-06-24T19:49:22.031508Z,2026-06-24T19:49:22.065562Z,2026-06-24T19:49:22.036365Z,2026-06-24T19:49:22.063273Z,,,,,,,76777315-38e3-41e6-a1e9-ed1931964576,OXY260717P00052500,us_option,,1,1,2.43,simple,market,market,sell,sell_to_close,day,,,filled,False,,,,,,access_key,2026-06-24T20:00:00Z
3cf1a2f1-70b8-43dc-9f57-2c3e23e5a737,fa819932-97ec-4253-9511-cee37a9cf19e,2026-06-24T19:49:21.46559Z,2026-06-24T19:49:21.598727Z,2026-06-24T19:49:21.470988Z,2026-06-24T19:49:21.596588Z,,,,,,,e08f730f-bf16-466a-8a54-06f7e00bdb76,OKTA260717C00123000,us_option,,1,1,4.15,simple,market,market,sell,sell_to_close,day,,,filled,False,,,,,,access_key,2026-06-24T20:00:00Z
d69838b5-438e-4604-8b1f-06fe1a6a7bb2,2b53c60d-8c4f-43ff-bc81-e400b8525aba,2026-06-24T19:49:20.909664Z,2026-06-24T19:49:21.007675Z,2026-06-24T19:49:20.91584Z,2026-06-24T19:49:21.005215Z,,,,,,,b1ebf16c-f6ed-4bbf-96ee-eec3452c66f2,ENB260717C00055000,us_option,,1,1,1.1,simple,market,market,sell,sell_to_close,day,,,filled,False,,,,,,access_key,2026-06-24T20:00:00Z
3641d3d7-3cc1-4593-a208-45f5a40d8bb2,9fdd663a-e5aa-415e-81e2-39fa789d2d66,2026-06-24T19:49:20.350149Z,2026-06-24T19:49:20.399294Z,2026-06-24T19:49:20.358189Z,2026-06-24T19:49:20.396968Z,,,,,,,ba6f5ed6-13f1-46bd-9295-7b176c6158ad,SAP260717P00149000,us_option,,1,1,4.4,simple,market,market,sell,sell_to_close,day,,,filled,False,,,,,,access_key,2026-06-24T20:00:00Z
b6bae016-cbb8-4039-a098-ac046d7b23d2,77918391-727c-4109-bc0d-60d666bdaad0,2026-06-24T19:49:19.765702Z,2026-06-24T19:49:19.869181Z,2026-06-24T19:49:19.77424Z,2026-06-24T19:49:19.86695Z,,,,,,,0ccb4e0f-9166-4a05-bf59-a609b9fd5f73,CARR260717C00074000,us_option,,1,1,2.6,simple,market,market,sell,sell_to_close,day,,,filled,False,,,,,,access_key,2026-06-24T20:00:00Z
4a8d323b-5cbc-4af1-bc0c-7267921d8bb5,ecde80b8-c419-482d-a54d-7b88f2dee914,2026-06-24T19:49:19.217672Z,2026-06-24T19:49:19.371286Z,2026-06-24T19:49:19.225621Z,2026-06-24T19:49:19.369001Z,,,,,,,83ad2569-47ed-4f8c-9ceb-cab6c285e56a,IWM260710C00300000,us_option,,1,1,3.99,simple,market,market,sell,sell_to_close,day,,,filled,False,,,,,,access_key,2026-06-24T20:15:00Z
6cb6a82d-cc22-4c8e-ae4d-8825db2754fd,a0207cc4-7d65-47de-81ef-2dd44670727f,2026-06-24T19:49:18.681603Z,2026-06-24T19:49:18.744842Z,2026-06-24T19:49:18.696341Z,2026-06-24T19:49:18.742791Z,,,,,,,9d490d2b-9db4-438b-80d6-d3965e842a36,MMM260717C00170000,us_option,,1,1,3.2,simple,market,market,sell,sell_to_close,day,,,filled,False,,,,,,access_key,2026-06-24T20:00:00Z
29100442-5b87-4453-9721-fcf07b35fc77,381ebfd7-4758-4617-969c-b102fd834192,2026-06-24T19:49:18.114259Z,2026-06-24T19:49:18.244055Z,2026-06-24T19:49:18.119875Z,2026-06-24T19:49:18.241584Z,,,,,,,c73a60b5-8b25-422d-8123-57a448e35450,OKTA260717C00125000,us_option,,1,1,3.8,simple,market,market,sell,sell_to_close,day,,,filled,False,,,,,,access_key,2026-06-24T20:00:00Z
8e089200-6e5c-4149-a367-d033ef7fbe34,a5f9891e-3274-4eeb-b9cf-a6df6c6c777d,2026-06-24T19:49:17.549172Z,2026-06-24T19:49:17.603124Z,2026-06-24T19:49:17.554861Z,2026-06-24T19:49:17.600852Z,,,,,,,49c9dfa6-0353-4613-b287-301ea9cb78bf,PFE260717P00024000,us_option,,2,2,0.44,simple,market,market,sell,sell_to_close,day,,,filled,False,,,,,,access_key,2026-06-24T20:00:00Z
56d7935a-7076-4e67-b870-b3931c2ff56e,01fd9891-1ecd-4ce0-bbb3-d898a907b4d2,2026-06-24T19:49:16.992509Z,2026-06-24T19:49:17.112403Z,2026-06-24T19:49:17.000088Z,2026-06-24T19:49:17.109995Z,,,,,,,de78cdaf-53b2-4cb5-a9b4-62a2e964063c,MRK260717C00122000,us_option,,1,1,2.69,simple,market,market,sell,sell_to_close,day,,,filled,False,,,,,,access_key,2026-06-24T20:00:00Z
9aa9d9da-0e6b-4acb-aafd-cf63e28f720d,a7fd3efe-4f57-4595-bf72-dabc779c7637,2026-06-24T19:49:16.366212Z,2026-06-24T19:49:16.481272Z,2026-06-24T19:49:16.372206Z,2026-06-24T19:49:16.479107Z,,,,,,,3474e5f5-3498-45bd-a083-4d019b47ea74,CSCO260717C00120000,us_option,,1,1,3.95,simple,market,market,sell,sell_to_close,day,,,filled,False,,,,,,access_key,2026-06-24T20:00:00Z
ab8c5548-fd89-4c3c-b712-30d154a1882a,e7e7a456-7a39-45e9-9095-d91591026207,2026-06-24T19:49:15.776107Z,2026-06-24T19:49:15.841078Z,2026-06-24T19:49:15.784398Z,2026-06-24T19:49:15.838924Z,,,,,,,e2d3eafd-06c1-472b-bdec-a6e6d7317799,V260717C00340000,us_option,,1,1,3.95,simple,market,market,sell,sell_to_close,day,,,filled,False,,,,,,access_key,2026-06-24T20:00:00Z
576a1b6c-cecc-4cd2-b621-cc5933548441,7e666b00-7d1b-477b-ba67-8de427393f72,2026-06-24T19:49:15.228882Z,2026-06-24T19:49:15.364621Z,2026-06-24T19:49:15.235488Z,2026-06-24T19:49:15.362287Z,,,,,,,83b518e1-e2fc-4154-b8c5-4a7292e34183,AMZN260717C00250000,us_option,,1,1,2.87,simple,market,market,sell,sell_to_close,day,,,filled,False,,,,,,access_key,2026-06-24T20:00:00Z
7c9dc6f0-5ce7-46b4-9b0a-896ac3c43be9,ee289f4f-adea-430a-b0ea-58efd6b34ecb,2026-06-24T19:49:14.668786Z,2026-06-24T19:49:14.733786Z,2026-06-24T19:49:14.674726Z,2026-06-24T19:49:14.731312Z,,,,,,,cfab1e42-d61a-40c4-9316-a1d647cff58f,SCHW260717P00090000,us_option,,2,2,1.66,simple,market,market,sell,sell_to_close,day,,,filled,False,,,,,,access_key,2026-06-24T20:00:00Z
d476655f-09ae-420d-adec-6a47ff6d10b0,a7fea645-9f78-4334-8b6e-900b196e018a,2026-06-24T19:49:14.132864Z,2026-06-24T19:49:14.254773Z,2026-06-24T19:49:14.138614Z,2026-06-24T19:49:14.252482Z,,,,,,,7e67d2f7-7e25-445e-9d93-a93879458b81,SNY260717P00042500,us_option,,1,1,1.35,simple,market,market,sell,sell_to_close,day,,,filled,False,,,,,,access_key,2026-06-24T20:00:00Z
daa5fa0a-7c13-4cd8-b44d-68e86d856f0d,3c2ee842-9e93-4953-9ef8-1c9a180aadca,2026-06-24T19:49:13.570057Z,2026-06-24T19:49:13.720734Z,2026-06-24T19:49:13.576983Z,2026-06-24T19:49:13.71845Z,,,,,,,2747f95e-e736-46d5-8a79-31cce23568ff,XLE260717P00053000,us_option,,2,2,0.99,simple,market,market,sell,sell_to_close,day,,,filled,False,,,,,,access_key,2026-06-24T20:15:00Z
4f95837b-8f36-4dd1-bdb5-482957f5eb98,f2e20fe2-d8b6-44e6-a82c-614c8a769186,2026-06-24T19:49:13.028663Z,2026-06-24T19:49:13.12457Z,2026-06-24T19:49:13.034738Z,2026-06-24T19:49:13.122437Z,,,,,,,2cf42f17-3dfe-446c-9cdf-aa2d818a4e2e,ADBE260710C00207500,us_option,,1,1,2.95,simple,market,market,sell,sell_to_close,day,,,filled,False,,,,,,access_key,2026-06-24T20:00:00Z
e287ec7b-6ddb-49e1-90de-87d93c9ba01c,ba6a8e40-7179-4534-a6a6-db7af70062a7,2026-06-24T19:49:12.460952Z,2026-06-24T19:49:12.530229Z,2026-06-24T19:49:12.481834Z,2026-06-24T19:49:12.528089Z,,,,,,,d7440dd3-4a23-4658-aa87-8135916cc489,BA260710P00217500,us_option,,1,1,4.85,simple,market,market,sell,sell_to_close,day,,,filled,False,,,,,,access_key,2026-06-24T20:00:00Z
e5bf3eb2-2192-4b89-bd7f-a33c668e5b21,fe6a5494-10f6-4839-8b19-21a7ab87c0f0,2026-06-24T19:49:11.913839Z,2026-06-24T19:49:11.997485Z,2026-06-24T19:49:11.919451Z,2026-06-24T19:49:11.991105Z,,,,,,,e6b5cf28-97d1-44d7-abc6-42b96c84cdcb,ZS260717C00136000,us_option,,1,1,3.9,simple,market,market,sell,sell_to_close,day,,,filled,False,,,,,,access_key,2026-06-24T20:00:00Z
c07cbb17-2833-4239-be43-8c5396f4f9b6,b7644912-39e0-46f4-b6ad-e1074e3b3b4f,2026-06-24T19:49:11.369439Z,2026-06-24T19:49:11.522893Z,2026-06-24T19:49:11.374363Z,2026-06-24T19:49:11.519978Z,,,,,,,7e53ac81-fd6c-4c44-b965-bab0532d099e,GSK260717C00051000,us_option,,2,2,1.45,simple,market,market,sell,sell_to_close,day,,,filled,False,,,,,,access_key,2026-06-24T20:00:00Z
7e0bf896-19a6-44e6-8b04-0f70757396ad,9dbf4b35-0200-4721-8c87-95e76d84ea2b,2026-06-24T19:49:10.777123Z,2026-06-24T19:49:10.840934Z,2026-06-24T19:49:10.785041Z,2026-06-24T19:49:10.837993Z,,,,,,,d5a05818-3aac-4d1f-a7ac-cd5caa002868,IWM260710C00303000,us_option,,1,1,2.78,simple,market,market,sell,sell_to_close,day,,,filled,False,,,,,,access_key,2026-06-24T20:15:00Z
33f5fe39-ace8-4fb0-9cdd-5b4436e3fa4d,9cbbee20-f58f-4b0b-8482-a138217d7c66,2026-06-24T19:49:09.997909Z,2026-06-24T19:49:10.01141Z,2026-06-24T19:49:10.002817Z,2026-06-24T19:49:10.009438Z,,,,,,,d002c19b-d4e6-4ff3-80e9-76e40264136b,JNJ260717C00245000,us_option,,1,1,4.5,simple,market,market,sell,sell_to_close,day,,,filled,False,,,,,,access_key,2026-06-24T20:00:00Z
dab8110f-b4e5-42ea-a251-8fab82c9ff16,10c4010c-4283-4984-a860-5ccc556e73ff,2026-06-24T19:49:09.448675Z,2026-06-24T19:49:09.617106Z,2026-06-24T19:49:09.466081Z,2026-06-24T19:49:09.615003Z,,,,,,,d0da06c1-8b85-4103-8f35-27a68bd04d84,CARR260717C00075000,us_option,,1,1,2.15,simple,market,market,sell,sell_to_close,day,,,filled,False,,,,,,access_key,2026-06-24T20:00:00Z
42da24f1-cbdf-4cd5-a615-dc3d59900c7e,7582298e-beec-481e-a0a2-49dc24bd2050,2026-06-24T19:49:08.905237Z,2026-06-24T19:49:08.948486Z,2026-06-24T19:49:08.914466Z,2026-06-24T19:49:08.945777Z,,,,,,,e9823303-c82e-4b79-97ea-dd8e893d07d7,ZM260717C00087000,us_option,,1,1,3.1,simple,market,market,sell,sell_to_close,day,,,filled,False,,,,,,access_key,2026-06-24T20:00:00Z
c83ac511-18e4-4c8a-9c3a-eccf618bbdc1,ebabfe15-89fb-4c57-bf5e-eec7aac300be,2026-06-24T19:49:08.34453Z,2026-06-24T19:49:08.470952Z,2026-06-24T19:49:08.350974Z,2026-06-24T19:49:08.465992Z,,,,,,,a07604d6-eca7-4f89-ba59-33b0a345ace2,SOFI260710C00018500,us_option,,2,2,0.45,simple,market,market,sell,sell_to_close,day,,,filled,False,,,,,,access_key,2026-06-24T20:00:00Z
2539f344-9719-42a0-9dea-5f2a9bcf164e,78c273ce-90c9-4238-9852-3a536c31de52,2026-06-24T19:49:07.761081Z,2026-06-24T19:49:07.871141Z,2026-06-24T19:49:07.780544Z,2026-06-24T19:49:07.868627Z,,,,,,,67003277-e6c2-4324-bcae-ec48c736075f,C260717C00145000,us_option,,1,1,4.6,simple,market,market,sell,sell_to_close,day,,,filled,False,,,,,,access_key,2026-06-24T20:00:00Z
c5f810fc-c733-4694-8fc2-0c5c86c4f069,a201b034-fdbd-4ea3-b888-ec83c3f7f04f,2026-06-24T19:49:07.216316Z,2026-06-24T19:49:07.360048Z,2026-06-24T19:49:07.222327Z,2026-06-24T19:49:07.357449Z,,,,,,,9fdbea4f-4817-45c8-a5f8-736745fc9d48,ADBE260710C00205000,us_option,,1,1,3.6,simple,market,market,sell,sell_to_close,day,,,filled,False,,,,,,access_key,2026-06-24T20:00:00Z
674849f5-d6dc-416d-a8b1-f54b1b7bea74,d67d4bb3-8099-4f01-8011-d8b9ee56f8bd,2026-06-24T19:49:06.676442Z,2026-06-24T19:49:06.761081Z,2026-06-24T19:49:06.684103Z,2026-06-24T19:49:06.758904Z,,,,,,,32274997-e00b-472c-aecb-adae539b6570,JNJ260710C00242500,us_option,,1,1,3.7,simple,market,market,sell,sell_to_close,day,,,filled,False,,,,,,access_key,2026-06-24T20:00:00Z
6918db66-0f72-4515-90c2-a48ef2d1d8e9,abf419d7-61e1-4f28-af6f-3fcf11609907,2026-06-24T19:49:06.110842Z,2026-06-24T19:49:06.270636Z,2026-06-24T19:49:06.115545Z,2026-06-24T19:49:06.268348Z,,,,,,,e4474407-9f1d-49cf-8e24-31e9b60bb17c,AMZN260710C00245000,us_option,,1,1,2.96,simple,market,market,sell,sell_to_close,day,,,filled,False,,,,,,access_key,2026-06-24T20:00:00Z
ab35ff7e-15df-4978-9e27-13338ae53a76,f23756db-36b7-49ba-bdae-c32e21fc35e5,2026-06-24T19:49:05.580033Z,2026-06-24T19:49:05.622058Z,2026-06-24T19:49:05.585819Z,2026-06-24T19:49:05.619991Z,,,,,,,1294bba9-d2c3-401a-9f5b-0ae208fb2f11,CSCO260717C00124000,us_option,,1,1,2.38,simple,market,market,sell,sell_to_close,day,,,filled,False,,,,,,access_key,2026-06-24T20:00:00Z
def464e5-f8aa-4fe1-a5be-d1774f71a38a,5486e4b5-85eb-4a76-b656-ecd9736645c9,2026-06-24T19:49:05.035098Z,2026-06-24T19:49:05.145501Z,2026-06-24T19:49:05.040068Z,2026-06-24T19:49:05.143211Z,,,,,,,4a6dd621-346a-4d4d-83ab-f9c1aed5d4ee,ABT260717C00090000,us_option,,1,1,3.2,simple,market,market,sell,sell_to_close,day,,,filled,False,,,,,,access_key,2026-06-24T20:00:00Z
8b163cac-2f83-45ad-ab31-452dc9c45119,1d23e706-502a-4aa9-805e-aaeb0579dcd5,2026-06-24T19:49:04.489361Z,2026-06-24T19:49:04.553926Z,2026-06-24T19:49:04.496071Z,2026-06-24T19:49:04.551701Z,,,,,,,bb85ba6e-c07d-4da7-8e8c-6136ee5fc35e,ZM260717C00087500,us_option,,1,1,2.89,simple,market,market,sell,sell_to_close,day,,,filled,False,,,,,,access_key,2026-06-24T20:00:00Z
516e8559-f266-44df-8e1a-3d9aa138c39d,c8960322-78ae-456e-b8a2-ef56d99b7b71,2026-06-24T19:49:03.866126Z,2026-06-24T19:49:03.921823Z,2026-06-24T19:49:03.873221Z,2026-06-24T19:49:03.91962Z,,,,,,,2df9e038-0a23-4399-ad32-02645f33d70d,LYFT260717C00015000,us_option,,2,2,0.47,simple,market,market,sell,sell_to_close,day,,,filled,False,,,,,,access_key,2026-06-24T20:00:00Z
2970d6e7-66dc-4299-9b01-f5d0c172224a,53870a92-ef1e-4448-8515-8a78f3e2523d,2026-06-24T19:49:03.314622Z,2026-06-24T19:49:03.433273Z,2026-06-24T19:49:03.322039Z,2026-06-24T19:49:03.431069Z,,,,,,,34529bd2-fe44-48ee-95f5-6c305b6766d3,GM260717P00080000,us_option,,1,1,3,simple,market,market,sell,sell_to_close,day,,,filled,False,,,,,,access_key,2026-06-24T20:00:00Z
128d14d6-1186-4d69-b5f4-6459580d3bfc,4e73d9bb-b6a2-4946-ac44-4cff2f924f9b,2026-06-24T19:49:02.468904Z,2026-06-24T19:49:02.492475Z,2026-06-24T19:49:02.475104Z,2026-06-24T19:49:02.490377Z,,,,,,,bf6c9093-8a21-49fc-ac16-91c86097cc45,ZS260710C00135000,us_option,,1,1,3,simple,market,market,sell,sell_to_close,day,,,filled,False,,,,,,access_key,2026-06-24T20:00:00Z
22ce54e4-62d9-4cc6-b492-d083a569254b,4725a90c-05b0-4e11-9ffb-212df4429c88,2026-06-24T19:49:01.864189Z,2026-06-24T19:49:02.013435Z,2026-06-24T19:49:01.884034Z,2026-06-24T19:49:02.010842Z,,,,,,,cab5d0bc-8a62-4fda-98b2-3dfb56488c24,IONQ260710P00054000,us_option,,1,1,4.45,simple,market,market,sell,sell_to_close,day,,,filled,False,,,,,,access_key,2026-06-24T20:00:00Z
27387087-a100-47d8-b689-d42a68c1a108,6b34b4cb-9fee-45f6-afb7-d74f489929d0,2026-06-24T19:49:01.295103Z,2026-06-24T19:49:01.407836Z,2026-06-24T19:49:01.30077Z,2026-06-24T19:49:01.405664Z,,,,,,,4bafb5b8-c32d-4738-b8ed-b303cfb7c1da,KO260717C00081000,us_option,,2,2,1.54,simple,market,market,sell,sell_to_close,day,,,filled,False,,,,,,access_key,2026-06-24T20:00:00Z
75359b56-1ece-444e-82e8-0dcc9d53c269,3a5c4d98-cbd2-4ba7-b5ff-ed678dd17678,2026-06-24T19:49:00.725989Z,2026-06-24T19:49:00.815052Z,2026-06-24T19:49:00.731476Z,2026-06-24T19:49:00.812514Z,,,,,,,059604b7-3f58-4b9c-985b-9c9eda7d5bec,SCHW260717P00091000,us_option,,2,2,1.94,simple,market,market,sell,sell_to_close,day,,,filled,False,,,,,,access_key,2026-06-24T20:00:00Z
8fbb314d-b4ef-47c9-99f6-b213f508cf38,3fc7b9dd-b659-4fa8-aea0-0f9dba4891db,2026-06-24T19:49:00.168465Z,2026-06-24T19:49:00.325605Z,2026-06-24T19:49:00.173118Z,2026-06-24T19:49:00.322965Z,,,,,,,374783b3-d909-4512-9c5c-d27e109750fe,MDT260717C00082000,us_option,,2,2,1.02,simple,market,market,sell,sell_to_close,day,,,filled,False,,,,,,access_key,2026-06-24T20:00:00Z
af694753-3e4c-4196-a90f-d564c9173f53,fecacae5-13c9-4801-8630-25d2be43e431,2026-06-24T19:48:59.507466Z,2026-06-24T19:48:59.674909Z,2026-06-24T19:48:59.518991Z,2026-06-24T19:48:59.672691Z,,,,,,,98b9bf45-bda9-4e37-8a47-bdca923907a8,UBER260717P00072500,us_option,,1,1,1.91,simple,market,market,sell,sell_to_close,day,,,filled,False,,,,,,access_key,2026-06-24T20:00:00Z
60dfb827-453e-41b5-ada5-7a80de272c9e,2e4fdf7f-236a-4126-b323-5df26ef18d0e,2026-06-24T19:48:58.959093Z,2026-06-24T19:48:59.258592Z,2026-06-24T19:48:58.964025Z,2026-06-24T19:48:59.256319Z,,,,,,,bef33b4a-0c14-48d9-a229-b86901328827,DIS260717C00105000,us_option,,2,2,0.97,simple,market,market,sell,sell_to_close,day,,,filled,False,,,,,,access_key,2026-06-24T20:00:00Z
c326370b-4bf9-484f-aabf-d5c5656c0c33,3e5723aa-a73f-4c1e-b576-cadfa428866e,2026-06-24T19:48:58.415968Z,2026-06-24T19:48:58.490067Z,2026-06-24T19:48:58.423932Z,2026-06-24T19:48:58.487374Z,,,,,,,d9d080e2-a195-414d-8ad3-d1f591642e32,NFLX260717P00075000,us_option,,1,1,4.9,simple,market,market,sell,sell_to_close,day,,,filled,False,,,,,,access_key,2026-06-24T20:00:00Z
980ff31a-af3d-406f-8443-336e268f479c,5868d0f9-04e6-4477-a877-a8d399d1677d,2026-06-24T19:48:57.841723Z,2026-06-24T19:48:57.944913Z,2026-06-24T19:48:57.848187Z,2026-06-24T19:48:57.94257Z,,,,,,,9b201dc1-9d12-42ad-a316-f8586d5063a1,MDT260724C00080000,us_option,,1,1,2.13,simple,market,market,sell,sell_to_close,day,,,filled,False,,,,,,access_key,2026-06-24T20:00:00Z
2677c7fa-4018-4b5f-a88e-c371e82577c5,a01fe19f-62de-49fc-b7ad-725ec7b10bb7,2026-06-24T19:48:57.300167Z,2026-06-24T19:48:57.356068Z,2026-06-24T19:48:57.305669Z,2026-06-24T19:48:57.353827Z,,,,,,,09e1a2a7-f8ee-4c7b-aced-8f22467a215e,BA260710P00215000,us_option,,1,1,3.85,simple,market,market,sell,sell_to_close,day,,,filled,False,,,,,,access_key,2026-06-24T20:00:00Z
c6d58e2f-02c9-466c-866b-a949ed6eb2e0,387e3ba8-7198-4b41-8094-3337b54ef12d,2026-06-24T19:48:56.760491Z,2026-06-24T19:48:56.875332Z,2026-06-24T19:48:56.768572Z,2026-06-24T19:48:56.872917Z,,,,,,,e369b621-a284-4a08-94fa-1081e1675d99,DIS260717C00103000,us_option,,1,1,1.53,simple,market,market,sell,sell_to_close,day,,,filled,False,,,,,,access_key,2026-06-24T20:00:00Z
96cf28dd-c5bb-4934-92a1-e69130d1ab89,089efb6f-a950-4848-a7c0-aea965f6c871,2026-06-24T19:48:56.011766Z,2026-06-24T19:48:56.119343Z,2026-06-24T19:48:56.017409Z,2026-06-24T19:48:56.116912Z,,,,,,,6fdfc0a4-ef8c-4434-8ebe-e0267aa69a7a,COP260710P00108000,us_option,,1,1,2.97,simple,market,market,sell,sell_to_close,day,,,filled,False,,,,,,access_key,2026-06-24T20:00:00Z
d28837a1-0d7e-4eab-881e-56712e645f15,10c99e91-7e35-441b-a298-b1dbeea98056,2026-06-24T19:48:55.482999Z,2026-06-24T19:48:55.531024Z,2026-06-24T19:48:55.490824Z,2026-06-24T19:48:55.528855Z,,,,,,,67e270a5-eb25-49d4-9c3b-03f610cd32fe,KO260717C00080000,us_option,,2,2,2.12,simple,market,market,sell,sell_to_close,day,,,filled,False,,,,,,access_key,2026-06-24T20:00:00Z
9bf292ae-7a6f-4257-be42-485c67a0bb6f,cd173ede-7d0e-4da5-ade9-ea700bb4fca7,2026-06-24T19:48:54.94316Z,2026-06-24T19:48:55.031156Z,2026-06-24T19:48:54.947628Z,2026-06-24T19:48:55.029058Z,,,,,,,36d113b4-df78-40a8-ac85-ba607b072f34,CRM260717C00160000,us_option,,1,1,3.8,simple,market,market,sell,sell_to_close,day,,,filled,False,,,,,,access_key,2026-06-24T20:00:00Z
9be8d27d-3e24-4b94-b115-8ff0f29d6b90,7fcf1464-2b60-4a64-972f-f03598dfbce6,2026-06-24T19:48:54.413126Z,2026-06-24T19:48:54.506444Z,2026-06-24T19:48:54.418303Z,2026-06-24T19:48:54.504147Z,,,,,,,fdac9fdc-d595-4dec-9df1-8490131bda9a,OXY260717P00051000,us_option,,2,2,1.62,simple,market,market,sell,sell_to_close,day,,,filled,False,,,,,,access_key,2026-06-24T20:00:00Z
289d0704-e343-4088-b56a-1fd988cd401a,61339305-50f9-45fc-be26-982516b953b3,2026-06-24T19:48:53.806544Z,2026-06-24T19:48:53.916453Z,2026-06-24T19:48:53.811927Z,2026-06-24T19:48:53.914141Z,,,,,,,0dbf07f5-5a96-4e26-bdbc-078c247a6afe,AAPL260717P00290000,us_option,,1,1,4.45,simple,market,market,sell,sell_to_close,day,,,filled,False,,,,,,access_key,2026-06-24T20:00:00Z
ca46ed5c-af7f-4b6f-8000-9ddcb6df0e18,20a6f570-2f87-4310-9867-62ca23aaf330,2026-06-24T19:48:53.230048Z,2026-06-24T19:48:53.282393Z,2026-06-24T19:48:53.236288Z,2026-06-24T19:48:53.280164Z,,,,,,,4166b81b-ce5f-4b1b-85a0-5019167db779,CVX260717P00170000,us_option,,1,1,3.25,simple,market,market,sell,sell_to_close,day,,,filled,False,,,,,,access_key,2026-06-24T20:00:00Z
5d6ff987-9fee-4339-bafd-f3f63c725889,dbd468c4-cf38-4cb2-b972-a1ebc6a09597,2026-06-24T19:48:52.682163Z,2026-06-24T19:48:52.80372Z,2026-06-24T19:48:52.687778Z,2026-06-24T19:48:52.801446Z,,,,,,,deace7b9-f1d6-4394-b2bb-4298b6172a9b,XOM260717P00138000,us_option,,1,1,4.2,simple,market,market,sell,sell_to_close,day,,,filled,False,,,,,,access_key,2026-06-24T20:00:00Z
d0ec4e5a-f185-4466-99f1-61f22f1fde95,45aab3b6-3eca-4035-8046-8ba24463d237,2026-06-24T19:48:52.127026Z,2026-06-24T19:48:52.206747Z,2026-06-24T19:48:52.132795Z,2026-06-24T19:48:52.204436Z,,,,,,,7c9621e0-986f-44d7-95d3-7e6429535af0,CVS260717C00100000,us_option,,1,1,4.2,simple,market,market,sell,sell_to_close,day,,,filled,False,,,,,,access_key,2026-06-24T20:00:00Z
59cc7afa-6e95-4eed-b74d-d94628f1c5b9,a0212e5d-3b2c-4891-975b-ee47bfc2ea35,2026-06-24T19:48:51.562567Z,2026-06-24T19:48:51.608714Z,2026-06-24T19:48:51.568182Z,2026-06-24T19:48:51.606402Z,,,,,,,aef3224a-e177-425b-8fe1-cb9b8f867ac8,ABT260717C00092500,us_option,,1,1,2.05,simple,market,market,sell,sell_to_close,day,,,filled,False,,,,,,access_key,2026-06-24T20:00:00Z
d1b07654-294c-476a-8bc3-6daafd16b5e4,ab062afd-8f3b-48a5-a9be-1f8e6546f780,2026-06-24T19:48:51.023823Z,2026-06-24T19:48:51.085121Z,2026-06-24T19:48:51.029383Z,2026-06-24T19:48:51.082821Z,,,,,,,607fd26c-7712-4e46-a2a2-a733ed5c932c,XLE260717P00054000,us_option,,2,2,1.47,simple,market,market,sell,sell_to_close,day,,,filled,False,,,,,,access_key,2026-06-24T20:15:00Z
6507e597-a596-4090-beac-ed07ea6b6365,5d330cd6-d7dd-4f0b-ad68-23daac60ac18,2026-06-24T19:48:50.478083Z,2026-06-24T19:48:50.603347Z,2026-06-24T19:48:50.484487Z,2026-06-24T19:48:50.600967Z,,,,,,,410682eb-639a-4b0c-8b6d-e3362015a962,RIVN260717P00015000,us_option,,2,2,1.15,simple,market,market,sell,sell_to_close,day,,,filled,False,,,,,,access_key,2026-06-24T20:00:00Z
69654b9a-c169-4a44-9c4a-b346f124c776,c40b9910-3a21-4264-9945-88ebc39bd666,2026-06-24T19:48:49.910805Z,2026-06-24T19:48:50.012437Z,2026-06-24T19:48:49.918286Z,2026-06-24T19:48:50.010332Z,,,,,,,55daf469-677f-4949-af43-2d019ba7434d,TLT260717C00084000,us_option,,1,1,3.4,simple,market,market,sell,sell_to_close,day,,,filled,False,,,,,,access_key,2026-06-24T20:15:00Z
ec638cf6-7b92-4a08-8efb-c5affd9b63fd,39e98de8-ee8c-4bec-9560-1761e72722b1,2026-06-24T19:48:49.371822Z,2026-06-24T19:48:49.658335Z,2026-06-24T19:48:49.377197Z,2026-06-24T19:48:49.655823Z,,,,,,,f3b59087-203a-41c3-a0d5-a6d1058ab867,BAC260717C00057500,us_option,,2,2,1.84,simple,market,market,sell,sell_to_close,day,,,filled,False,,,,,,access_key,2026-06-24T20:00:00Z
2e04809f-340c-4ba6-b6cd-3a9ee1ceec48,8c63c48f-ca50-4b5e-9455-0970e744ac8e,2026-06-24T19:48:48.798475Z,2026-06-24T19:48:48.980522Z,2026-06-24T19:48:48.803756Z,2026-06-24T19:48:48.97814Z,,,,,,,3808609f-84cf-48da-9ae2-c52fbc22c996,COP260717P00105000,us_option,,2,2,2.22,simple,market,market,sell,sell_to_close,day,,,filled,False,,,,,,access_key,2026-06-24T20:00:00Z
49ba0d47-5832-4e80-b03a-c06701c3dc32,57bd0af9-cda3-418a-97b5-11809929eb1d,2026-06-24T19:48:48.127154Z,2026-06-24T19:48:48.169631Z,2026-06-24T19:48:48.1336Z,2026-06-24T19:48:48.1674Z,,,,,,,213d7ccc-fcb9-4b83-954d-2fe28d62a0f7,PG260717C00155000,us_option,,1,1,2.4,simple,market,market,sell,sell_to_close,day,,,filled,False,,,,,,access_key,2026-06-24T20:00:00Z
582f88e0-72ee-41bd-b3ca-a29bf8dd2d49,4d414e86-ac99-4dd4-8a06-22a57ef44e68,2026-06-24T19:48:47.529004Z,2026-06-24T19:48:47.569176Z,2026-06-24T19:48:47.534207Z,2026-06-24T19:48:47.566936Z,,,,,,,796fa8de-1c26-4817-9e58-a3181e1914b1,MRK260717C00120000,us_option,,1,1,3.85,simple,market,market,sell,sell_to_close,day,,,filled,False,,,,,,access_key,2026-06-24T20:00:00Z
83422b2b-c528-4c09-91ec-324e33dcf436,8c997868-28b7-4030-9f34-a2aa725ac93e,2026-06-24T19:48:46.949817Z,2026-06-24T19:48:46.979672Z,2026-06-24T19:48:46.954775Z,2026-06-24T19:48:46.977416Z,,,,,,,f1a2f593-ec61-403c-9e3f-5987bcc15670,XOM260717P00137000,us_option,,1,1,3.7,simple,market,market,sell,sell_to_close,day,,,filled,False,,,,,,access_key,2026-06-24T20:00:00Z
880a563d-bdd6-4792-a188-23c5f72c130d,4399e213-b80b-495f-8951-92e258d2f63e,2026-06-24T19:48:46.403825Z,2026-06-24T19:48:46.488627Z,2026-06-24T19:48:46.409702Z,2026-06-24T19:48:46.486504Z,,,,,,,bf8c152c-6b65-486c-b8a9-a769e09ce6bc,WMT260717C00120000,us_option,,1,1,2.81,simple,market,market,sell,sell_to_close,day,,,filled,False,,,,,,access_key,2026-06-24T20:00:00Z
1bfe0264-0879-4b59-9724-a9f700be6ab1,5b36093e-fb4e-47af-b2e6-b4985aa9d5c5,2026-06-24T19:48:45.855838Z,2026-06-24T19:48:45.982286Z,2026-06-24T19:48:45.864125Z,2026-06-24T19:48:45.979744Z,,,,,,,ec1cee3e-b968-48f8-bc6e-b4b2df4f86ef,F260717P00014000,us_option,,2,2,0.59,simple,market,market,sell,sell_to_close,day,,,filled,False,,,,,,access_key,2026-06-24T20:00:00Z
ff1c9ad6-de0b-466d-b1fe-c2445e08d3b7,59b8f104-375d-4627-babb-618a55e3853a,2026-06-24T19:48:45.321198Z,2026-06-24T19:48:45.462652Z,2026-06-24T19:48:45.326876Z,2026-06-24T19:48:45.460283Z,,,,,,,036d9a18-353a-4a22-a969-747cdf9ac7ff,SOFI260717C00018000,us_option,,2,2,0.8,simple,market,market,sell,sell_to_close,day,,,filled,False,,,,,,access_key,2026-06-24T20:00:00Z
af30c218-0b91-4c37-b848-adf6a2c0beef,90e09bcc-c3ea-4329-8828-fecb23ba72b9,2026-06-24T19:48:44.780782Z,2026-06-24T19:48:44.8687Z,2026-06-24T19:48:44.787119Z,2026-06-24T19:48:44.866405Z,,,,,,,a80b22a7-3a9a-4819-84dc-2944e8c871f2,UBER260717P00070000,us_option,,2,2,1.02,simple,market,market,sell,sell_to_close,day,,,filled,False,,,,,,access_key,2026-06-24T20:00:00Z
505c9853-2db8-41f7-ae3e-486412f5894e,b22d7910-e2f2-4f58-8a29-1b5fd7e8e788,2026-06-24T19:48:44.240836Z,2026-06-24T19:48:44.346288Z,2026-06-24T19:48:44.245781Z,2026-06-24T19:48:44.343958Z,,,,,,,af71fe82-0957-47e0-9374-3d634dcf82ec,TGT260717C00140000,us_option,,1,1,4.85,simple,market,market,sell,sell_to_close,day,,,filled,False,,,,,,access_key,2026-06-24T20:00:00Z
61c47e62-36db-4e06-92ea-d0c900b18e95,6eecb23f-ed3a-411b-8023-7d2133459ee8,2026-06-24T19:48:43.630669Z,2026-06-24T19:48:43.748491Z,2026-06-24T19:48:43.639426Z,2026-06-24T19:48:43.745876Z,,,,,,,f0d7195e-1973-4755-baf8-a51e27b1e4f4,NKE260717P00042500,us_option,,1,1,2.57,simple,market,market,sell,sell_to_close,day,,,filled,False,,,,,,access_key,2026-06-24T20:00:00Z
e473f1a0-b3b0-4ade-9506-4b4cf5ecb878,0a5bf0e2-7dbf-4d68-9565-10bdb871354d,2026-06-24T19:48:43.059852Z,2026-06-24T19:48:43.160634Z,2026-06-24T19:48:43.067458Z,2026-06-24T19:48:43.158352Z,,,,,,,26847719-550a-46fc-8b23-89eba0e0928a,TLT260717C00083000,us_option,,1,1,4.4,simple,market,market,sell,sell_to_close,day,,,filled,False,,,,,,access_key,2026-06-24T20:15:00Z
48909dbe-6b68-4002-9338-916b003e3217,2a2d2ce2-15af-4a88-9379-17226ee29f61,2026-06-24T19:48:42.367049Z,2026-06-24T19:48:42.452827Z,2026-06-24T19:48:42.375263Z,2026-06-24T19:48:42.450562Z,,,,,,,b6e0feec-3b43-4869-a941-8446b8bdde57,BAC260710C00058000,us_option,,2,2,1.02,simple,market,market,sell,sell_to_close,day,,,filled,False,,,,,,access_key,2026-06-24T20:00:00Z
dbf8beef-1af0-44ee-a849-1b24af863ca4,739566f9-8386-4803-8a43-94ae2a9ef26a,2026-06-24T19:35:42.448516Z,2026-06-24T19:35:42.522375Z,2026-06-24T19:35:42.454065Z,2026-06-24T19:35:42.519341Z,,,,,,,3af51d9a-c7db-4cf6-9c5c-bad19ffe242c,SPG260717C00220000,us_option,,1,1,5.3,simple,market,market,sell,sell_to_close,day,,,filled,False,,,,,,access_key,2026-06-24T20:00:00Z
54988651-3eb8-47d3-bb3d-52587d865065,c343f998-853b-4305-9732-29a2fb599844,2026-06-24T19:34:51.033429Z,2026-06-24T19:34:51.073585Z,2026-06-24T19:34:51.042316Z,2026-06-24T19:34:51.071018Z,,,,,,,2361bf29-28c9-4689-9304-079eb0191513,MO260717C00072500,us_option,,2,2,1.45,simple,market,market,sell,sell_to_close,day,,,filled,False,,,,,,access_key,2026-06-24T20:00:00Z
79bd0c7b-7978-4d3e-9e4c-7be64acf25eb,fe5f4035-0dbc-4c51-a433-1864c05b7dc2,2026-06-24T19:34:41.264766Z,2026-06-24T19:34:41.306014Z,2026-06-24T19:34:41.272177Z,2026-06-24T19:34:41.303843Z,,,,,,,fdc08551-83fb-4132-8d92-725e07a9d80e,RIVN260717P00016000,us_option,,2,2,1.82,simple,market,market,sell,sell_to_close,day,,,filled,False,,,,,,access_key,2026-06-24T20:00:00Z
fa8b9cea-a7cd-4d2c-8d71-760851976737,0e09a84d-ad38-4eab-878c-0e9f4242f71e,2026-06-24T19:28:46.330289Z,2026-06-24T19:28:46.401211Z,2026-06-24T19:28:46.338038Z,2026-06-24T19:28:46.398708Z,,,,,,,b71c9158-a98f-4727-95a2-6c76e1d06594,SO260717C00095000,us_option,,2,2,2.2,simple,market,market,sell,sell_to_close,day,,,filled,False,,,,,,access_key,2026-06-24T20:00:00Z
97af84aa-200a-4ee6-9d5d-bfd8c0f404b3,9ec2cc98-ed2e-431e-81d8-6b222ff9bf42,2026-06-24T19:28:40.729802Z,2026-06-24T19:28:40.846449Z,2026-06-24T19:28:40.737179Z,2026-06-24T19:28:40.844114Z,,,,,,,f0f1bd1a-d61b-4a51-b4ac-6558a14a2159,NVDA260710P00195000,us_option,,1,1,4.5,simple,market,market,sell,sell_to_close,day,,,filled,False,,,,,,access_key,2026-06-24T20:00:00Z
6dcf9d7e-1da2-4d9c-911b-7869a0762b55,a585e1ab-0e43-42e3-b884-89361fe9a2c2,2026-06-24T19:28:16.890457Z,2026-06-24T19:28:17.00209Z,2026-06-24T19:28:16.89573Z,2026-06-24T19:28:16.999815Z,,,,,,,08a3279b-85c8-4d46-8bd6-341ee3b1fc6d,NVDA260710P00197500,us_option,,1,1,5.6,simple,market,market,sell,sell_to_close,day,,,filled,False,,,,,,access_key,2026-06-24T20:00:00Z
cdb2f8a0-ddba-46d1-874f-1343ec66cd04,fbc06ada-42e7-4ef8-b280-83da29e6b552,2026-06-24T19:03:27.165847Z,2026-06-24T19:03:27.217408Z,2026-06-24T19:03:27.171306Z,2026-06-24T19:03:27.215031Z,,,,,,,afceaf9a-a05b-41a5-8dc1-23ec27c6ff4d,XLK260710P00179000,us_option,,1,1,4.95,simple,market,market,buy,buy_to_open,day,,,filled,False,,,,,,access_key,2026-06-24T20:15:00Z
c40bc454-b42c-49ec-8a18-92825b2cd6ea,60377eb7-094e-4a1b-9caa-73288c5696da,2026-06-24T19:02:59.813161Z,2026-06-24T19:02:59.863258Z,2026-06-24T19:02:59.818873Z,2026-06-24T19:02:59.861098Z,,,,,,,0d261761-bddc-4ac9-bbeb-b00d7a215e05,PLTR260717P00110000,us_option,,1,1,4.25,simple,market,market,buy,buy_to_open,day,,,filled,False,,,,,,access_key,2026-06-24T20:00:00Z
fa104a40-3552-4b90-a494-a90cf33f9bab,ba080293-94ac-4135-8588-d3dd64020211,2026-06-24T18:48:21.13758Z,2026-06-24T18:48:21.27268Z,2026-06-24T18:48:21.147047Z,2026-06-24T18:48:21.270403Z,,,,,,,c31ae862-e09f-4e28-8946-3697674aea8f,PFE260717P00024500,us_option,,2,2,0.68,simple,market,market,sell,sell_to_close,day,,,filled,False,,,,,,access_key,2026-06-24T20:00:00Z
3d0dc6c5-837e-48c3-9ae6-9b93d16c774c,8be66426-0044-4349-b1ce-923c4cd42e49,2026-06-24T18:42:23.824731Z,2026-06-24T18:42:23.905004Z,2026-06-24T18:42:23.832712Z,2026-06-24T18:42:23.902664Z,,,,,,,73ae16c3-c730-4427-a369-4261b0fab91c,PLTR260710P00114000,us_option,,1,1,4.9,simple,market,market,buy,buy_to_open,day,,,filled,False,,,,,,access_key,2026-06-24T20:00:00Z
da33e291-077f-4070-aac0-d4784ec03995,5ce235a7-102b-4d56-9de7-bc200a1255e5,2026-06-24T18:41:58.14228Z,2026-06-24T18:41:58.280712Z,2026-06-24T18:41:58.148292Z,2026-06-24T18:41:58.278712Z,,,,,,,54fe3108-ceb5-4ec5-b131-fd170864673b,CVX260717P00172500,us_option,,1,1,4.7,simple,market,market,buy,buy_to_open,day,,,filled,False,,,,,,access_key,2026-06-24T20:00:00Z
874a3117-06c3-4cab-845d-c5d2cc0fd3f9,05053208-9f93-411a-8c9d-e4f886951540,2026-06-24T18:28:09.112231Z,2026-06-24T18:28:09.184195Z,2026-06-24T18:28:09.119367Z,2026-06-24T18:28:09.181965Z,,,,,,,2118f6e9-e547-4cef-b56c-d947542d578f,PLTR260710P00115000,us_option,,1,1,5.1,simple,market,market,sell,sell_to_close,day,,,filled,False,,,,,,access_key,2026-06-24T20:00:00Z
83804932-85ea-4279-8c28-391aafa90787,6972764c-1d2c-4e86-88c9-f7cfc2f8d6b9,2026-06-24T18:27:39.423404Z,2026-06-24T18:27:39.481086Z,2026-06-24T18:27:39.428612Z,2026-06-24T18:27:39.479111Z,,,,,,,4500806e-a23c-47be-8caa-9c0f0b64171e,IONQ260710P00055000,us_option,,1,1,4.65,simple,market,market,sell,sell_to_close,day,,,filled,False,,,,,,access_key,2026-06-24T20:00:00Z
578b57c6-472f-44aa-bab6-45a17061fb7c,a1ff586f-1423-4c49-999f-a4ef25f2e7eb,2026-06-24T18:27:34.887606Z,2026-06-24T18:27:34.94295Z,2026-06-24T18:27:34.89394Z,2026-06-24T18:27:34.940866Z,,,,,,,e7417552-832f-4155-bfc1-8e269bfce04d,PLTR260717P00115000,us_option,,1,1,6,simple,market,market,sell,sell_to_close,day,,,filled,False,,,,,,access_key,2026-06-24T20:00:00Z
73373c4c-3d96-4a73-a08b-0495a6f184d2,c25ceae1-4430-4f91-b52a-618f21119267,2026-06-24T18:04:10.93766Z,2026-06-24T18:04:10.971323Z,2026-06-24T18:04:10.949739Z,2026-06-24T18:04:10.968966Z,,,,,,,0f5af04a-9243-4401-a296-a1b9f82f33bb,NFLX260717P00073000,us_option,,1,1,3.8,simple,market,market,buy,buy_to_open,day,,,filled,False,,,,,,access_key,2026-06-24T20:00:00Z
1b754544-b279-4e42-9ae4-f0ac5efc05b6,b9540d3c-077d-4e1f-b779-e402ac0425cb,2026-06-24T17:48:56.559969Z,2026-06-24T17:48:56.688244Z,2026-06-24T17:48:56.578936Z,2026-06-24T17:48:56.685462Z,,,,,,,19f2d504-ceef-4f74-96a4-26668ece6140,NFLX260710P00073000,us_option,,2,2,2.29,simple,market,market,sell,sell_to_close,day,,,filled,False,,,,,,access_key,2026-06-24T20:00:00Z
5d5976b1-0fb9-4637-af82-9a80d6c2d0ff,55867dd3-be15-41f0-8642-16071c962042,2026-06-24T17:43:53.432194Z,2026-06-24T17:43:53.52329Z,2026-06-24T17:43:53.442905Z,2026-06-24T17:43:53.521014Z,,,,,,,60685c56-1289-4ee8-aa00-d9765a0f2413,XLK260717P00177000,us_option,,1,1,5,simple,market,market,buy,buy_to_open,day,,,filled,False,,,,,,access_key,2026-06-24T20:15:00Z
2a0acb31-f7ba-479c-9b7b-c559671b1c32,6904e2f6-0ba3-4e9d-b2d6-05bbaddb9f10,2026-06-24T17:43:25.957133Z,2026-06-24T17:43:26.066102Z,2026-06-24T17:43:25.965441Z,2026-06-24T17:43:26.063595Z,,,,,,,9442cb3e-2f3c-4369-b13e-f5680f107bbd,ORCL260710P00150000,us_option,,1,1,4.8,simple,market,market,buy,buy_to_open,day,,,filled,False,,,,,,access_key,2026-06-24T20:00:00Z
7bb0aab9-2aef-407e-b47a-65df9a5ad296,48c55d3e-ef82-4395-a57b-df13d7bcbd06,2026-06-24T17:42:57.176078Z,2026-06-24T17:42:57.22981Z,2026-06-24T17:42:57.180497Z,2026-06-24T17:42:57.227563Z,,,,,,,d4dcb2a5-3978-4193-b7f0-de6b02aeb28a,PG260717C00152500,us_option,,1,1,3.55,simple,market,market,buy,buy_to_open,day,,,filled,False,,,,,,access_key,2026-06-24T20:00:00Z
2ed659a4-70af-4134-ad50-a02fc292cf1b,50d9ae37-165d-4815-a38d-02b2a5d4e732,2026-06-24T17:42:32.153352Z,2026-06-24T17:42:32.229897Z,2026-06-24T17:42:32.160724Z,2026-06-24T17:42:32.227031Z,,,,,,,e318219b-4d93-4d62-94a1-29bf45d239d5,LYFT260717C00014500,us_option,,3,3,0.84,simple,market,market,buy,buy_to_open,day,,,filled,False,,,,,,access_key,2026-06-24T20:00:00Z
cff7e1ab-b25c-4b1d-8e46-d43c5eca2aac,694e5846-4c6e-4a41-9fc5-d2f988653553,2026-06-24T17:42:06.856903Z,2026-06-24T17:42:06.922528Z,2026-06-24T17:42:06.862013Z,2026-06-24T17:42:06.919798Z,,,,,,,76777315-38e3-41e6-a1e9-ed1931964576,OXY260717P00052500,us_option,,1,1,2.68,simple,market,market,buy,buy_to_open,day,,,filled,False,,,,,,access_key,2026-06-24T20:00:00Z
2dff033d-57dd-4a6f-9f0c-3bf6131c69fb,f4859589-816a-48f8-9eea-df75699a45c6,2026-06-24T17:41:42.209086Z,2026-06-24T17:41:42.251222Z,2026-06-24T17:41:42.217232Z,2026-06-24T17:41:42.248747Z,,,,,,,e08f730f-bf16-466a-8a54-06f7e00bdb76,OKTA260717C00123000,us_option,,1,1,4.95,simple,market,market,buy,buy_to_open,day,,,filled,False,,,,,,access_key,2026-06-24T20:00:00Z
6cc1aa36-4e9d-4fb4-a972-5c51c9efcf1c,6330ccec-fb8a-4f59-b3fe-b50b250335f6,2026-06-24T17:41:16.085369Z,2026-06-24T17:41:16.170401Z,2026-06-24T17:41:16.093596Z,2026-06-24T17:41:16.168134Z,,,,,,,b1ebf16c-f6ed-4bbf-96ee-eec3452c66f2,ENB260717C00055000,us_option,,1,1,1,simple,market,market,buy,buy_to_open,day,,,filled,False,,,,,,access_key,2026-06-24T20:00:00Z
a77587eb-5f84-408d-8ef4-fb59e787cb02,635d0ca3-00e3-481b-bd46-f6f13800c6b9,2026-06-24T17:20:53.336755Z,2026-06-24T17:20:53.397486Z,2026-06-24T17:20:53.341882Z,2026-06-24T17:20:53.395265Z,,,,,,,ba6f5ed6-13f1-46bd-9295-7b176c6158ad,SAP260717P00149000,us_option,,1,1,4.7,simple,market,market,buy,buy_to_open,day,,,filled,False,,,,,,access_key,2026-06-24T20:00:00Z
a6f60145-7cef-4505-8423-66ea520d3696,32a70d3d-8f5b-463f-9bad-afbb37953e44,2026-06-24T17:20:27.286214Z,2026-06-24T17:20:27.424265Z,2026-06-24T17:20:27.294408Z,2026-06-24T17:20:27.421952Z,,,,,,,0ccb4e0f-9166-4a05-bf59-a609b9fd5f73,CARR260717C00074000,us_option,,1,1,2.8,simple,market,market,buy,buy_to_open,day,,,filled,False,,,,,,access_key,2026-06-24T20:00:00Z
19eda788-b81b-4c6d-8455-74b8a5dc098c,e3055950-7ee0-4be8-9371-4f549ae63396,2026-06-24T17:02:13.3156Z,2026-06-24T17:02:13.338251Z,2026-06-24T17:02:13.320339Z,2026-06-24T17:02:13.336173Z,,,,,,,83ad2569-47ed-4f8c-9ceb-cab6c285e56a,IWM260710C00300000,us_option,,1,1,4.93,simple,market,market,buy,buy_to_open,day,,,filled,False,,,,,,access_key,2026-06-24T20:15:00Z
7ee67c71-7ba5-4626-a43a-a23657e09c4d,f2147499-75c4-4e5c-b3ac-846b80c8300d,2026-06-24T17:01:46.613133Z,2026-06-24T17:01:46.706342Z,2026-06-24T17:01:46.621232Z,2026-06-24T17:01:46.702967Z,,,,,,,3af51d9a-c7db-4cf6-9c5c-bad19ffe242c,SPG260717C00220000,us_option,,1,1,4.8,simple,market,market,buy,buy_to_open,day,,,filled,False,,,,,,access_key,2026-06-24T20:00:00Z
6b2fcc20-1b23-48c8-8437-16659da1dace,fcbbd94e-fa3a-4567-ac0d-5eff6ee1efe2,2026-06-24T17:01:16.829789Z,2026-06-24T17:01:16.918087Z,2026-06-24T17:01:16.835559Z,2026-06-24T17:01:16.915253Z,,,,,,,9d490d2b-9db4-438b-80d6-d3965e842a36,MMM260717C00170000,us_option,,1,1,4.55,simple,market,market,buy,buy_to_open,day,,,filled,False,,,,,,access_key,2026-06-24T20:00:00Z
3aafda49-3465-4d24-98b3-de0132ea4f6d,ebdec770-9b9a-4c52-b28b-22b1d0bccb99,2026-06-24T16:47:24.16266Z,2026-06-24T16:47:24.255527Z,2026-06-24T16:47:24.170774Z,2026-06-24T16:47:24.253372Z,,,,,,,9d490d2b-9db4-438b-80d6-d3965e842a36,MMM260717C00170000,us_option,,1,1,4.15,simple,market,market,sell,sell_to_close,day,,,filled,False,,,,,,access_key,2026-06-24T20:00:00Z
33f7e762-f6f2-46ba-838a-696f6e7e2ef2,8a4e76bb-f946-4a38-8fb3-09fac158a327,2026-06-24T16:41:31.321646Z,2026-06-24T16:41:31.395467Z,2026-06-24T16:41:31.327309Z,2026-06-24T16:41:31.393192Z,,,,,,,c73a60b5-8b25-422d-8123-57a448e35450,OKTA260717C00125000,us_option,,1,1,4.45,simple,market,market,buy,buy_to_open,day,,,filled,False,,,,,,access_key,2026-06-24T20:00:00Z
228de06b-8d48-42d0-90b9-39351c2dd28f,a313862c-92da-4fd0-bde6-b67332de1b30,2026-06-24T16:41:06.181706Z,2026-06-24T16:41:06.301204Z,2026-06-24T16:41:06.188431Z,2026-06-24T16:41:06.298865Z,,,,,,,49c9dfa6-0353-4613-b287-301ea9cb78bf,PFE260717P00024000,us_option,,2,2,0.43,simple,market,market,buy,buy_to_open,day,,,filled,False,,,,,,access_key,2026-06-24T20:00:00Z
56ccc841-e620-4b70-bec0-07fd241b040b,f768c9e2-857e-4f2d-8528-47fecf82946b,2026-06-24T16:40:41.04681Z,2026-06-24T16:40:41.106853Z,2026-06-24T16:40:41.055839Z,2026-06-24T16:40:41.104498Z,,,,,,,de78cdaf-53b2-4cb5-a9b4-62a2e964063c,MRK260717C00122000,us_option,,1,1,3.1,simple,market,market,buy,buy_to_open,day,,,filled,False,,,,,,access_key,2026-06-24T20:00:00Z
70ec36d2-abe8-41eb-9619-936f1487d5ae,8e5c23f7-a653-4eb0-9ad5-c64629662c2f,2026-06-24T16:26:09.395155Z,2026-06-24T16:26:09.464756Z,2026-06-24T16:26:09.400838Z,2026-06-24T16:26:09.46253Z,,,,,,,51510797-1e1a-4401-8813-981437c9bee6,PFE260717P00025000,us_option,,2,2,0.93,simple,market,market,sell,sell_to_close,day,,,filled,False,,,,,,access_key,2026-06-24T20:00:00Z
323a585c-1b94-48d8-a4e1-09fc1f616692,efe05ed5-e826-4542-92b8-3a4c2cdf201e,2026-06-24T16:02:27.957613Z,2026-06-24T16:02:28.046278Z,2026-06-24T16:02:27.964451Z,2026-06-24T16:02:28.043773Z,,,,,,,3474e5f5-3498-45bd-a083-4d019b47ea74,CSCO260717C00120000,us_option,,1,1,4.95,simple,market,market,buy,buy_to_open,day,,,filled,False,,,,,,access_key,2026-06-24T20:00:00Z
278c0352-06c3-4a84-89a0-fc721dec257c,2ec61a86-c376-41c6-9f77-94a789517e1e,2026-06-24T16:02:02.671091Z,2026-06-24T16:02:02.730737Z,2026-06-24T16:02:02.678621Z,2026-06-24T16:02:02.728665Z,,,,,,,e2d3eafd-06c1-472b-bdec-a6e6d7317799,V260717C00340000,us_option,,1,1,4.5,simple,market,market,buy,buy_to_open,day,,,filled,False,,,,,,access_key,2026-06-24T20:00:00Z
c6131c82-6887-41d5-90ec-c302fcce4d21,06d26ede-a2d7-4835-be6c-caaeadf90398,2026-06-24T16:01:39.175781Z,2026-06-24T16:01:39.262019Z,2026-06-24T16:01:39.184111Z,2026-06-24T16:01:39.259571Z,,,,,,,83b518e1-e2fc-4154-b8c5-4a7292e34183,AMZN260717C00250000,us_option,,1,1,4.9,simple,market,market,buy,buy_to_open,day,,,filled,False,,,,,,access_key,2026-06-24T20:00:00Z
d2eae0cf-59ba-4231-bb15-780f30608244,b7adaea4-fa44-48be-b09e-f604ce2be4d2,2026-06-24T16:01:15.400327Z,2026-06-24T16:01:15.524874Z,2026-06-24T16:01:15.406405Z,2026-06-24T16:01:15.522193Z,,,,,,,cfab1e42-d61a-40c4-9316-a1d647cff58f,SCHW260717P00090000,us_option,,2,2,1.79,simple,market,market,buy,buy_to_open,day,,,filled,False,,,,,,access_key,2026-06-24T20:00:00Z
e3f26765-6aa5-4c3f-a041-e28d67d92596,ae8cab30-1fdf-4cbb-b8f4-ba3de27632cd,2026-06-24T15:47:40.101645Z,2026-06-24T15:47:40.231216Z,2026-06-24T15:47:40.110383Z,2026-06-24T15:47:40.228788Z,,,,,,,1eff0447-202d-412a-b4a6-c8d91d61f6d8,V260710C00335000,us_option,,1,1,5.3,simple,market,market,sell,sell_to_close,day,,,filled,False,,,,,,access_key,2026-06-24T20:00:00Z
a74146e2-9f38-4209-84d0-c8d05b67ad19,1095fd4f-3a48-46f5-b03b-bbf5d3e2e76d,2026-06-24T15:47:13.450784Z,2026-06-24T15:47:13.489047Z,2026-06-24T15:47:13.45646Z,2026-06-24T15:47:13.486631Z,,,,,,,54003980-093c-43c8-97cd-9bace9e8e508,AMZN260717C00245000,us_option,,1,1,6.3,simple,market,market,sell,sell_to_close,day,,,filled,False,,,,,,access_key,2026-06-24T20:00:00Z
bd907f8b-5cf3-4e06-8505-eb5aa2798188,7cb64a06-aede-4ebd-b39c-c206d630271b,2026-06-24T15:41:39.405799Z,2026-06-24T15:41:39.467581Z,2026-06-24T15:41:39.411375Z,2026-06-24T15:41:39.465126Z,,,,,,,7e67d2f7-7e25-445e-9d93-a93879458b81,SNY260717P00042500,us_option,,1,1,1.4,simple,market,market,buy,buy_to_open,day,,,filled,False,,,,,,access_key,2026-06-24T20:00:00Z
fb42e6dc-a266-4d62-a638-4465ab72e77d,804cc93d-ed05-4c47-b9aa-230d955bd8d7,2026-06-24T15:41:04.934558Z,2026-06-24T15:41:05.004265Z,2026-06-24T15:41:04.940379Z,2026-06-24T15:41:05.001546Z,,,,,,,2747f95e-e736-46d5-8a79-31cce23568ff,XLE260717P00053000,us_option,,2,2,1.07,simple,market,market,buy,buy_to_open,day,,,filled,False,,,,,,access_key,2026-06-24T20:15:00Z
1a6de412-4873-4fca-a087-0635cbf754d6,aabb3965-708c-4ca1-937d-5e75de50c61c,2026-06-24T15:20:51.958855Z,2026-06-24T15:20:52.067787Z,2026-06-24T15:20:51.965264Z,2026-06-24T15:20:52.065687Z,,,,,,,2cf42f17-3dfe-446c-9cdf-aa2d818a4e2e,ADBE260710C00207500,us_option,,1,1,4.15,simple,market,market,buy,buy_to_open,day,,,filled,False,,,,,,access_key,2026-06-24T20:00:00Z
71634799-c1d0-494f-8c21-38b613fd6e5d,3401f837-84c6-462b-8756-75d8bfa4e2ee,2026-06-24T15:20:30.055919Z,2026-06-24T15:20:30.117631Z,2026-06-24T15:20:30.061259Z,2026-06-24T15:20:30.115346Z,,,,,,,d7440dd3-4a23-4658-aa87-8135916cc489,BA260710P00217500,us_option,,1,1,4.65,simple,market,market,buy,buy_to_open,day,,,filled,False,,,,,,access_key,2026-06-24T20:00:00Z
67ec4195-aef3-41a5-a205-17058e244f8b,9e9a494a-b212-4a1b-ad5a-689a602d512c,2026-06-24T15:19:59.800782Z,2026-06-24T15:19:59.901444Z,2026-06-24T15:19:59.80604Z,2026-06-24T15:19:59.899228Z,,,,,,,e6b5cf28-97d1-44d7-abc6-42b96c84cdcb,ZS260717C00136000,us_option,,1,1,5,simple,market,market,buy,buy_to_open,day,,,filled,False,,,,,,access_key,2026-06-24T20:00:00Z
37840e41-87e1-45ea-bd67-c10d7d7eb10d,40db1384-5522-4d8a-a11d-ab460c79c151,2026-06-24T15:19:38.948175Z,2026-06-24T15:19:38.975214Z,2026-06-24T15:19:38.956289Z,2026-06-24T15:19:38.97296Z,,,,,,,7e53ac81-fd6c-4c44-b965-bab0532d099e,GSK260717C00051000,us_option,,2,2,1.65,simple,market,market,buy,buy_to_open,day,,,filled,False,,,,,,access_key,2026-06-24T20:00:00Z
84f306b9-0bc1-49ff-91a4-3d7f057736ee,8d27b021-7a48-4507-8e21-8eef38749fcc,2026-06-24T15:19:16.444129Z,2026-06-24T15:19:16.489Z,2026-06-24T15:19:16.449896Z,2026-06-24T15:19:16.486718Z,,,,,,,d5a05818-3aac-4d1f-a7ac-cd5caa002868,IWM260710C00303000,us_option,,1,1,4.11,simple,market,market,buy,buy_to_open,day,,,filled,False,,,,,,access_key,2026-06-24T20:15:00Z
e96a8d08-aa62-4f85-9f95-259ed271f7c4,ba32d23c-e594-42fc-b832-772253428d7e,2026-06-24T15:18:54.350763Z,2026-06-24T15:18:54.454318Z,2026-06-24T15:18:54.355089Z,2026-06-24T15:18:54.452055Z,,,,,,,d002c19b-d4e6-4ff3-80e9-76e40264136b,JNJ260717C00245000,us_option,,1,1,4.55,simple,market,market,buy,buy_to_open,day,,,filled,False,,,,,,access_key,2026-06-24T20:00:00Z
749b96b2-0c9a-4352-a094-1eff67b04d09,d29df149-1e3c-4d4c-bce5-c86de5a5f334,2026-06-24T15:18:33.871499Z,2026-06-24T15:18:34.000449Z,2026-06-24T15:18:33.876438Z,2026-06-24T15:18:33.998035Z,,,,,,,d0da06c1-8b85-4103-8f35-27a68bd04d84,CARR260717C00075000,us_option,,1,1,2.75,simple,market,market,buy,buy_to_open,day,,,filled,False,,,,,,access_key,2026-06-24T20:00:00Z
a79f83fc-1e2a-4144-9dfe-797a334ee8ff,61f97e2c-0b28-4bb8-8dc3-74ddca20525e,2026-06-24T15:18:12.715791Z,2026-06-24T15:18:12.790788Z,2026-06-24T15:18:12.721516Z,2026-06-24T15:18:12.788673Z,,,,,,,e9823303-c82e-4b79-97ea-dd8e893d07d7,ZM260717C00087000,us_option,,1,1,3.7,simple,market,market,buy,buy_to_open,day,,,filled,False,,,,,,access_key,2026-06-24T20:00:00Z
9bcdd5bc-e99e-4301-91c1-8f4a6c5ebc6e,3c4be686-3501-44bb-b583-e7dc7a36c6eb,2026-06-24T15:17:51.018405Z,2026-06-24T15:17:51.136406Z,2026-06-24T15:17:51.023679Z,2026-06-24T15:17:51.133684Z,,,,,,,c31ae862-e09f-4e28-8946-3697674aea8f,PFE260717P00024500,us_option,,2,2,0.58,simple,market,market,buy,buy_to_open,day,,,filled,False,,,,,,access_key,2026-06-24T20:00:00Z
278ee44b-35a5-4557-b15c-65643dc102db,451bde61-c39a-4444-a297-f4b477896460,2026-06-24T15:17:30.041432Z,2026-06-24T15:17:30.346187Z,2026-06-24T15:17:30.046757Z,2026-06-24T15:17:30.343849Z,,,,,,,a07604d6-eca7-4f89-ba59-33b0a345ace2,SOFI260710C00018500,us_option,,2,2,0.89,simple,market,market,buy,buy_to_open,day,,,filled,False,,,,,,access_key,2026-06-24T20:00:00Z
818db9c5-aa0f-4e3e-a1c7-ea84db09d6ff,29d90477-e540-4dbc-93aa-8859234a926f,2026-06-24T15:17:07.900289Z,2026-06-24T15:17:07.958199Z,2026-06-24T15:17:07.907131Z,2026-06-24T15:17:07.955716Z,,,,,,,67003277-e6c2-4324-bcae-ec48c736075f,C260717C00145000,us_option,,1,1,4.8,simple,market,market,buy,buy_to_open,day,,,filled,False,,,,,,access_key,2026-06-24T20:00:00Z
84168c2f-771b-4419-b8ef-f95dd25d0ddf,9d7bc05d-ad72-443b-a447-d9f41ecc28f7,2026-06-24T14:56:06.429033Z,2026-06-24T14:56:06.521158Z,2026-06-24T14:56:06.43407Z,2026-06-24T14:56:06.518534Z,,,,,,,9fdbea4f-4817-45c8-a5f8-736745fc9d48,ADBE260710C00205000,us_option,,1,1,4.65,simple,market,market,buy,buy_to_open,day,,,filled,False,,,,,,access_key,2026-06-24T20:00:00Z
dea1724a-03b0-43c5-bedf-6e8b931e6afb,9871ef92-39e1-4fc4-adfb-0e9182a79096,2026-06-24T14:55:44.563177Z,2026-06-24T14:55:44.61977Z,2026-06-24T14:55:44.568776Z,2026-06-24T14:55:44.617414Z,,,,,,,1eff0447-202d-412a-b4a6-c8d91d61f6d8,V260710C00335000,us_option,,1,1,4.95,simple,market,market,buy,buy_to_open,day,,,filled,False,,,,,,access_key,2026-06-24T20:00:00Z
fe5d1085-ee43-4d1b-a6a2-5dd298078f2d,87929dfa-34aa-4315-a9d7-edf78d70d5ff,2026-06-24T14:55:20.532088Z,2026-06-24T14:55:20.599496Z,2026-06-24T14:55:20.540058Z,2026-06-24T14:55:20.597579Z,,,,,,,32274997-e00b-472c-aecb-adae539b6570,JNJ260710C00242500,us_option,,1,1,4.3,simple,market,market,buy,buy_to_open,day,,,filled,False,,,,,,access_key,2026-06-24T20:00:00Z
3e3fe366-00d1-43de-ad5b-0afd6ed18ba6,8ea82195-ad90-413e-ad3d-676aed4871f7,2026-06-24T14:54:59.781897Z,2026-06-24T14:54:59.864958Z,2026-06-24T14:54:59.788047Z,2026-06-24T14:54:59.861843Z,,,,,,,e4474407-9f1d-49cf-8e24-31e9b60bb17c,AMZN260710C00245000,us_option,,1,1,4.7,simple,market,market,buy,buy_to_open,day,,,filled,False,,,,,,access_key,2026-06-24T20:00:00Z
8d45f3a2-b4ba-450a-a5d0-ba003fdbe0fa,10e2b2b8-ef98-4b73-9685-7e2e984e7b01,2026-06-24T14:54:41.426768Z,2026-06-24T14:54:41.546791Z,2026-06-24T14:54:41.432399Z,2026-06-24T14:54:41.544523Z,,,,,,,1294bba9-d2c3-401a-9f5b-0ae208fb2f11,CSCO260717C00124000,us_option,,1,1,3.65,simple,market,market,buy,buy_to_open,day,,,filled,False,,,,,,access_key,2026-06-24T20:00:00Z
d71bd062-9e67-4730-90f3-5863dc8834fa,dae1b3d7-9e4d-4e26-bef9-413fa03c5d65,2026-06-24T14:54:23.966969Z,2026-06-24T14:54:24.003255Z,2026-06-24T14:54:23.978236Z,2026-06-24T14:54:24.00105Z,,,,,,,4a6dd621-346a-4d4d-83ab-f9c1aed5d4ee,ABT260717C00090000,us_option,,1,1,4,simple,market,market,buy,buy_to_open,day,,,filled,False,,,,,,access_key,2026-06-24T20:00:00Z
62e6621e-e469-4a0c-83d4-cbb6b239dfb9,4573c803-2890-400e-85fb-9c467df8d07f,2026-06-24T14:54:06.726831Z,2026-06-24T14:54:06.778469Z,2026-06-24T14:54:06.739302Z,2026-06-24T14:54:06.776256Z,,,,,,,bb85ba6e-c07d-4da7-8e8c-6136ee5fc35e,ZM260717C00087500,us_option,,1,1,3.45,simple,market,market,buy,buy_to_open,day,,,filled,False,,,,,,access_key,2026-06-24T20:00:00Z
332a544e-e3d6-41c5-b9ed-b2def03575c7,140c0c5f-51f5-4b56-a816-d5088bc59861,2026-06-24T14:53:49.254771Z,2026-06-24T14:53:49.342283Z,2026-06-24T14:53:49.25967Z,2026-06-24T14:53:49.339748Z,,,,,,,2df9e038-0a23-4399-ad32-02645f33d70d,LYFT260717C00015000,us_option,,2,2,0.53,simple,market,market,buy,buy_to_open,day,,,filled,False,,,,,,access_key,2026-06-24T20:00:00Z
ed2ec6e2-405f-4eb0-9cc9-c2107162347e,a0e6fdf5-5d8a-420c-a702-52905b389f99,2026-06-24T14:53:26.758143Z,2026-06-24T14:53:26.86861Z,2026-06-24T14:53:26.766271Z,2026-06-24T14:53:26.866384Z,,,,,,,b71c9158-a98f-4727-95a2-6c76e1d06594,SO260717C00095000,us_option,,2,2,1.8,simple,market,market,buy,buy_to_open,day,,,filled,False,,,,,,access_key,2026-06-24T20:00:00Z
26f244ae-0191-4982-aae5-e41a0ad2e892,1926153c-cdca-4f20-ac9c-79ba242d6deb,2026-06-24T14:53:10.5095Z,2026-06-24T14:53:10.628394Z,2026-06-24T14:53:10.514903Z,2026-06-24T14:53:10.626042Z,,,,,,,2118f6e9-e547-4cef-b56c-d947542d578f,PLTR260710P00115000,us_option,,1,1,4,simple,market,market,buy,buy_to_open,day,,,filled,False,,,,,,access_key,2026-06-24T20:00:00Z
1dea8baa-6092-429c-9d6d-b8e1d9ca517d,5be99140-3000-422c-9321-bc58c8d98725,2026-06-24T14:52:51.459099Z,2026-06-24T14:52:51.535279Z,2026-06-24T14:52:51.4657Z,2026-06-24T14:52:51.532831Z,,,,,,,34529bd2-fe44-48ee-95f5-6c305b6766d3,GM260717P00080000,us_option,,1,1,3,simple,market,market,buy,buy_to_open,day,,,filled,False,,,,,,access_key,2026-06-24T20:00:00Z
26318e04-35c1-4609-aa59-72b5122d2aa7,3e2e91ed-a152-4a2b-80cc-e4173cfc40c2,2026-06-24T14:33:40.299404Z,2026-06-24T14:33:40.377229Z,2026-06-24T14:33:40.304442Z,2026-06-24T14:33:40.375059Z,,,,,,,bf6c9093-8a21-49fc-ac16-91c86097cc45,ZS260710C00135000,us_option,,1,1,4.6,simple,market,market,buy,buy_to_open,day,,,filled,False,,,,,,access_key,2026-06-24T20:00:00Z
a2991e16-72c2-401e-b680-c74aeb796616,5c79250c-0d8d-42c6-ace3-a0cac85cc724,2026-06-24T14:33:17.226253Z,2026-06-24T14:33:17.295532Z,2026-06-24T14:33:17.23231Z,2026-06-24T14:33:17.293049Z,,,,,,,cab5d0bc-8a62-4fda-98b2-3dfb56488c24,IONQ260710P00054000,us_option,,1,1,4.3,simple,market,market,buy,buy_to_open,day,,,filled,False,,,,,,access_key,2026-06-24T20:00:00Z
cf2237af-b4ee-4b25-9a22-8176aaa1f295,2ac9a367-bcae-4a1c-b36a-a6652b6f01ba,2026-06-24T14:33:00.496926Z,2026-06-24T14:33:00.515073Z,2026-06-24T14:33:00.503421Z,2026-06-24T14:33:00.512871Z,,,,,,,9d490d2b-9db4-438b-80d6-d3965e842a36,MMM260717C00170000,us_option,,1,1,3.6,simple,market,market,buy,buy_to_open,day,,,filled,False,,,,,,access_key,2026-06-24T20:00:00Z
e8e72025-1e0b-4f5a-bf8c-5a723d1b6d18,a0a147d5-5422-44c3-bbdd-8d63d42923f7,2026-06-24T14:32:44.469821Z,2026-06-24T14:32:44.588524Z,2026-06-24T14:32:44.475153Z,2026-06-24T14:32:44.586511Z,,,,,,,4bafb5b8-c32d-4738-b8ed-b303cfb7c1da,KO260717C00081000,us_option,,2,2,1.77,simple,market,market,buy,buy_to_open,day,,,filled,False,,,,,,access_key,2026-06-24T20:00:00Z
576f3133-b827-4024-93a2-a9c25709ce59,f61e9d64-e852-4b80-83ad-97c0103f7251,2026-06-24T14:32:26.62135Z,2026-06-24T14:32:26.656167Z,2026-06-24T14:32:26.6279Z,2026-06-24T14:32:26.654006Z,,,,,,,f0f1bd1a-d61b-4a51-b4ac-6558a14a2159,NVDA260710P00195000,us_option,,1,1,3.55,simple,market,market,buy,buy_to_open,day,,,filled,False,,,,,,access_key,2026-06-24T20:00:00Z
6a3862f0-0c45-4a57-8e80-4d9463098452,856ddd32-648f-4380-8131-8732af2623a5,2026-06-24T14:32:09.983749Z,2026-06-24T14:32:10.081289Z,2026-06-24T14:32:09.989314Z,2026-06-24T14:32:10.07906Z,,,,,,,059604b7-3f58-4b9c-985b-9c9eda7d5bec,SCHW260717P00091000,us_option,,2,2,2.5,simple,market,market,buy,buy_to_open,day,,,filled,False,,,,,,access_key,2026-06-24T20:00:00Z
b0d452d6-a1df-45e0-a592-3a0900390c12,a28418fc-5828-47e3-9ade-b4b3ffe01ae7,2026-06-24T14:31:52.737928Z,2026-06-24T14:31:52.78685Z,2026-06-24T14:31:52.742877Z,2026-06-24T14:31:52.78465Z,,,,,,,374783b3-d909-4512-9c5c-d27e109750fe,MDT260717C00082000,us_option,,2,2,1.71,simple,market,market,buy,buy_to_open,day,,,filled,False,,,,,,access_key,2026-06-24T20:00:00Z
50081716-b4e5-4fe9-896a-36861f4dce2a,446e8f46-9b28-42b8-b528-db5377824879,2026-06-24T14:31:33.683014Z,2026-06-24T14:31:33.809778Z,2026-06-24T14:31:33.689056Z,2026-06-24T14:31:33.807354Z,,,,,,,98b9bf45-bda9-4e37-8a47-bdca923907a8,UBER260717P00072500,us_option,,1,1,3.15,simple,market,market,buy,buy_to_open,day,,,filled,False,,,,,,access_key,2026-06-24T20:00:00Z
577a2f21-8479-4e35-805f-c33763db5376,9cfeb347-2962-4af9-a5fe-625a8691c896,2026-06-24T14:31:12.753662Z,2026-06-24T14:31:12.828932Z,2026-06-24T14:31:12.761627Z,2026-06-24T14:31:12.826548Z,,,,,,,51510797-1e1a-4401-8813-981437c9bee6,PFE260717P00025000,us_option,,2,2,0.69,simple,market,market,buy,buy_to_open,day,,,filled,False,,,,,,access_key,2026-06-24T20:00:00Z
11492cf0-4df4-4c50-8e56-20f45a1059ab,b4204f2e-cca3-49d4-ae59-d39d498fae70,2026-06-24T14:30:54.796845Z,2026-06-24T14:30:54.902865Z,2026-06-24T14:30:54.80347Z,2026-06-24T14:30:54.900611Z,,,,,,,bef33b4a-0c14-48d9-a229-b86901328827,DIS260717C00105000,us_option,,2,2,2.12,simple,market,market,buy,buy_to_open,day,,,filled,False,,,,,,access_key,2026-06-24T20:00:00Z
9107966a-8189-42c2-ad29-05b8e8aabbdb,51ce4641-e6af-4405-8f32-fe834dd6219a,2026-06-24T14:30:36.860523Z,2026-06-24T14:30:36.960595Z,2026-06-24T14:30:36.867898Z,2026-06-24T14:30:36.958312Z,,,,,,,d9d080e2-a195-414d-8ad3-d1f591642e32,NFLX260717P00075000,us_option,,1,1,4.85,simple,market,market,buy,buy_to_open,day,,,filled,False,,,,,,access_key,2026-06-24T20:00:00Z
c04738b5-e2ab-429f-8267-896a28d5fe1e,fa53d614-cbb7-47c4-84ff-fc5c9fe7d0ee,2026-06-24T14:13:13.198965Z,2026-06-24T14:13:13.231546Z,2026-06-24T14:13:13.2043Z,2026-06-24T14:13:13.229492Z,,,,,,,9b201dc1-9d12-42ad-a316-f8586d5063a1,MDT260724C00080000,us_option,,1,1,3.15,simple,market,market,buy,buy_to_open,day,,,filled,False,,,,,,access_key,2026-06-24T20:00:00Z
4a4b3d5e-c5d2-452f-b3d3-9d7b238d6fe3,e784f89a-77e1-43a2-9eac-34dfada79e6f,2026-06-24T14:12:59.907161Z,2026-06-24T14:12:59.961343Z,2026-06-24T14:12:59.91232Z,2026-06-24T14:12:59.957812Z,,,,,,,09e1a2a7-f8ee-4c7b-aced-8f22467a215e,BA260710P00215000,us_option,,1,1,4.1,simple,market,market,buy,buy_to_open,day,,,filled,False,,,,,,access_key,2026-06-24T20:00:00Z
588bb4e2-36b4-4237-8f46-a0e237d883ba,e09654c7-33f2-44d3-9320-8d69618b01a7,2026-06-24T14:12:42.502003Z,2026-06-24T14:12:42.613949Z,2026-06-24T14:12:42.508311Z,2026-06-24T14:12:42.611535Z,,,,,,,e369b621-a284-4a08-94fa-1081e1675d99,DIS260717C00103000,us_option,,1,1,3.05,simple,market,market,buy,buy_to_open,day,,,filled,False,,,,,,access_key,2026-06-24T20:00:00Z
1a0e4743-34d9-42d3-a353-0ac6b1d45a7a,76959779-0037-4fbd-ba53-3c2276d38011,2026-06-24T14:12:26.114188Z,2026-06-24T14:12:26.234378Z,2026-06-24T14:12:26.119372Z,2026-06-24T14:12:26.232215Z,,,,,,,6fdfc0a4-ef8c-4434-8ebe-e0267aa69a7a,COP260710P00108000,us_option,,1,1,3.2,simple,market,market,buy,buy_to_open,day,,,filled,False,,,,,,access_key,2026-06-24T20:00:00Z
139a145e-77d6-4a75-b83e-2d081d6f8f65,9d23b663-cdba-4db3-9ab5-c7ad780d81db,2026-06-24T14:12:12.206911Z,2026-06-24T14:12:12.244763Z,2026-06-24T14:12:12.212411Z,2026-06-24T14:12:12.242601Z,,,,,,,67e270a5-eb25-49d4-9c3b-03f610cd32fe,KO260717C00080000,us_option,,2,2,2.44,simple,market,market,buy,buy_to_open,day,,,filled,False,,,,,,access_key,2026-06-24T20:00:00Z
1d448da9-6fed-4f65-87bf-eedc6082020f,6b3501a4-3891-46f5-8a70-d07763a5e06d,2026-06-24T14:11:58.017015Z,2026-06-24T14:11:58.045137Z,2026-06-24T14:11:58.02676Z,2026-06-24T14:11:58.043119Z,,,,,,,54003980-093c-43c8-97cd-9bace9e8e508,AMZN260717C00245000,us_option,,1,1,4.75,simple,market,market,buy,buy_to_open,day,,,filled,False,,,,,,access_key,2026-06-24T20:00:00Z
f168968a-5bb2-4436-ba58-bb4bcdc75017,fdf51e95-5b9f-4acc-8ea4-a431939be5cc,2026-06-24T14:11:46.466715Z,2026-06-24T14:11:46.530382Z,2026-06-24T14:11:46.47169Z,2026-06-24T14:11:46.528095Z,,,,,,,36d113b4-df78-40a8-ac85-ba607b072f34,CRM260717C00160000,us_option,,1,1,4.35,simple,market,market,buy,buy_to_open,day,,,filled,False,,,,,,access_key,2026-06-24T20:00:00Z
84eef559-ea6f-470f-93af-f21a858b86d2,df2972e6-e9d4-4ca7-8eea-8837584e9ec8,2026-06-24T14:11:33.383718Z,2026-06-24T14:11:33.430561Z,2026-06-24T14:11:33.391687Z,2026-06-24T14:11:33.4285Z,,,,,,,fdac9fdc-d595-4dec-9df1-8490131bda9a,OXY260717P00051000,us_option,,2,2,1.8,simple,market,market,buy,buy_to_open,day,,,filled,False,,,,,,access_key,2026-06-24T20:00:00Z
9825317e-c943-48f5-ad7b-6cb0ec91ff16,b80a9573-0507-4721-a134-d26affdb1eca,2026-06-24T14:11:20.24702Z,2026-06-24T14:11:20.360115Z,2026-06-24T14:11:20.253083Z,2026-06-24T14:11:20.357781Z,,,,,,,0dbf07f5-5a96-4e26-bdbc-078c247a6afe,AAPL260717P00290000,us_option,,1,1,4.55,simple,market,market,buy,buy_to_open,day,,,filled,False,,,,,,access_key,2026-06-24T20:00:00Z
e304cb38-d25a-4f27-9938-477c86431af6,37c1a0e7-2612-412c-9c8e-9a9c4e096453,2026-06-24T14:11:08.82224Z,2026-06-24T14:11:08.923617Z,2026-06-24T14:11:08.828328Z,2026-06-24T14:11:08.921563Z,,,,,,,4166b81b-ce5f-4b1b-85a0-5019167db779,CVX260717P00170000,us_option,,1,1,3.7,simple,market,market,buy,buy_to_open,day,,,filled,False,,,,,,access_key,2026-06-24T20:00:00Z
9cb1be2d-b641-4cd8-a8a6-786ef0ece6a4,d8ca7a6a-63aa-4023-ba6e-bf2a2e1ffd84,2026-06-24T14:10:55.882318Z,2026-06-24T14:10:55.968492Z,2026-06-24T14:10:55.889598Z,2026-06-24T14:10:55.966235Z,,,,,,,deace7b9-f1d6-4394-b2bb-4298b6172a9b,XOM260717P00138000,us_option,,1,1,4.55,simple,market,market,buy,buy_to_open,day,,,filled,False,,,,,,access_key,2026-06-24T20:00:00Z
eaadf742-b2bd-42cc-b496-0d2ab3001f92,d53f0c59-6a6a-4ec4-a598-ef7b989f7ba5,2026-06-24T14:10:43.97194Z,2026-06-24T14:10:44.052016Z,2026-06-24T14:10:43.976818Z,2026-06-24T14:10:44.049636Z,,,,,,,7c9621e0-986f-44d7-95d3-7e6429535af0,CVS260717C00100000,us_option,,1,1,3.55,simple,market,market,buy,buy_to_open,day,,,filled,False,,,,,,access_key,2026-06-24T20:00:00Z
4180a20b-f60b-4dc8-acac-d28dd2160a02,a99fb3f7-244d-4795-9774-cee0c82df17d,2026-06-24T14:10:33.292301Z,2026-06-24T14:10:33.420889Z,2026-06-24T14:10:33.297612Z,2026-06-24T14:10:33.417246Z,,,,,,,2361bf29-28c9-4689-9304-079eb0191513,MO260717C00072500,us_option,,2,2,1.39,simple,market,market,buy,buy_to_open,day,,,filled,False,,,,,,access_key,2026-06-24T20:00:00Z
7fe621ca-c951-4d35-ac7e-88e6da174edf,839ff59d-0d1d-4df1-8457-3018cc10ec73,2026-06-24T14:10:23.069738Z,2026-06-24T14:10:23.162454Z,2026-06-24T14:10:23.077951Z,2026-06-24T14:10:23.159822Z,,,,,,,aef3224a-e177-425b-8fe1-cb9b8f867ac8,ABT260717C00092500,us_option,,1,1,3.2,simple,market,market,buy,buy_to_open,day,,,filled,False,,,,,,access_key,2026-06-24T20:00:00Z
206daef3-0da5-4dfe-8191-7b2f40abfb7a,0bd72dae-da76-46d8-aff1-a69e7c2bbbf2,2026-06-24T14:10:12.602803Z,2026-06-24T14:10:12.727057Z,2026-06-24T14:10:12.6074Z,2026-06-24T14:10:12.722592Z,,,,,,,607fd26c-7712-4e46-a2a2-a733ed5c932c,XLE260717P00054000,us_option,,2,2,1.56,simple,market,market,buy,buy_to_open,day,,,filled,False,,,,,,access_key,2026-06-24T20:15:00Z
923b7a0f-b3e2-42da-b255-dbf5f6334437,854f77b1-60bd-4338-8e1b-227ec255f02d,2026-06-24T14:10:01.586023Z,2026-06-24T14:10:01.640404Z,2026-06-24T14:10:01.592994Z,2026-06-24T14:10:01.637258Z,,,,,,,410682eb-639a-4b0c-8b6d-e3362015a962,RIVN260717P00015000,us_option,,2,2,0.98,simple,market,market,buy,buy_to_open,day,,,filled,False,,,,,,access_key,2026-06-24T20:00:00Z
2287b285-4132-4d1f-abcd-e34985585dc1,2fc2633a-d1b7-4c23-b0e1-5aea53213e7a,2026-06-24T14:09:39.426742Z,2026-06-24T14:09:39.559216Z,2026-06-24T14:09:39.44504Z,2026-06-24T14:09:39.556922Z,,,,,,,55daf469-677f-4949-af43-2d019ba7434d,TLT260717C00084000,us_option,,1,1,3.45,simple,market,market,buy,buy_to_open,day,,,filled,False,,,,,,access_key,2026-06-24T20:15:00Z
dc0ae633-c260-4c2b-b750-2693ff7f0d35,d3c35a1a-3560-4f86-aa26-1b1f7a85e0ff,2026-06-24T14:09:30.544158Z,2026-06-24T14:09:30.621931Z,2026-06-24T14:09:30.551632Z,2026-06-24T14:09:30.619574Z,,,,,,,f3b59087-203a-41c3-a0d5-a6d1058ab867,BAC260717C00057500,us_option,,2,2,1.73,simple,market,market,buy,buy_to_open,day,,,filled,False,,,,,,access_key,2026-06-24T20:00:00Z
163c0d45-e652-4349-9a0e-375094e81d25,5a289dc3-f63e-46f8-926a-637277b36495,2026-06-24T13:54:02.037519Z,2026-06-24T13:54:02.104254Z,2026-06-24T13:54:02.042797Z,2026-06-24T13:54:02.101999Z,,,,,,,08a3279b-85c8-4d46-8bd6-341ee3b1fc6d,NVDA260710P00197500,us_option,,1,1,4.4,simple,market,market,buy,buy_to_open,day,,,filled,False,,,,,,access_key,2026-06-24T20:00:00Z
a1f99d6f-5df6-4443-abc7-6288cefe9be1,2ec924d8-d5be-4c38-834b-bef94962e0f0,2026-06-24T13:53:53.440984Z,2026-06-24T13:53:53.530866Z,2026-06-24T13:53:53.445863Z,2026-06-24T13:53:53.528779Z,,,,,,,4500806e-a23c-47be-8caa-9c0f0b64171e,IONQ260710P00055000,us_option,,1,1,4.5,simple,market,market,buy,buy_to_open,day,,,filled,False,,,,,,access_key,2026-06-24T20:00:00Z
c7ec6572-1237-43e6-9ceb-6c44eaf001b4,6a5fc01b-bdd0-41fb-9be9-a909fa8a77a3,2026-06-24T13:53:45.559246Z,2026-06-24T13:53:45.681487Z,2026-06-24T13:53:45.565001Z,2026-06-24T13:53:45.679372Z,,,,,,,3808609f-84cf-48da-9ae2-c52fbc22c996,COP260717P00105000,us_option,,2,2,2.34,simple,market,market,buy,buy_to_open,day,,,filled,False,,,,,,access_key,2026-06-24T20:00:00Z
9332a231-e9dc-49d3-a059-1a6673d25e23,51edcc50-ce92-480c-b3bc-f28f3c7443f8,2026-06-24T13:53:34.425489Z,2026-06-24T13:53:34.547496Z,2026-06-24T13:53:34.432145Z,2026-06-24T13:53:34.545249Z,,,,,,,213d7ccc-fcb9-4b83-954d-2fe28d62a0f7,PG260717C00155000,us_option,,1,1,2.47,simple,market,market,buy,buy_to_open,day,,,filled,False,,,,,,access_key,2026-06-24T20:00:00Z
b5b3d690-bf43-4f1f-8373-308b8894a1a1,cf5cd589-9bf4-4542-b1d0-cf371ff919cb,2026-06-24T13:53:21.971087Z,2026-06-24T13:53:22.082277Z,2026-06-24T13:53:21.976034Z,2026-06-24T13:53:22.080084Z,,,,,,,796fa8de-1c26-4817-9e58-a3181e1914b1,MRK260717C00120000,us_option,,1,1,4.6,simple,market,market,buy,buy_to_open,day,,,filled,False,,,,,,access_key,2026-06-24T20:00:00Z
dd5dc591-cee2-4118-9434-2d277b52b775,fbf24a72-1a00-4756-bb51-63308a0671c0,2026-06-24T13:53:14.96527Z,2026-06-24T13:53:14.991132Z,2026-06-24T13:53:14.970757Z,2026-06-24T13:53:14.989034Z,,,,,,,e7417552-832f-4155-bfc1-8e269bfce04d,PLTR260717P00115000,us_option,,1,1,4.9,simple,market,market,buy,buy_to_open,day,,,filled,False,,,,,,access_key,2026-06-24T20:00:00Z
f5bbddb9-598a-4095-993d-dcde6e59d370,eaed448d-200b-47f5-b78f-d491b5b01fd8,2026-06-24T13:53:06.351265Z,2026-06-24T13:53:06.45291Z,2026-06-24T13:53:06.355511Z,2026-06-24T13:53:06.450697Z,,,,,,,fdc08551-83fb-4132-8d92-725e07a9d80e,RIVN260717P00016000,us_option,,2,2,1.56,simple,market,market,buy,buy_to_open,day,,,filled,False,,,,,,access_key,2026-06-24T20:00:00Z
8278a0ba-3ef4-45ee-aa61-bd1a86ecd58a,bd69ae48-d9c4-4e25-9ba5-cd77e17d0e5a,2026-06-24T13:52:57.904256Z,2026-06-24T13:52:57.998893Z,2026-06-24T13:52:57.909568Z,2026-06-24T13:52:57.996753Z,,,,,,,f1a2f593-ec61-403c-9e3f-5987bcc15670,XOM260717P00137000,us_option,,1,1,3.8,simple,market,market,buy,buy_to_open,day,,,filled,False,,,,,,access_key,2026-06-24T20:00:00Z
38b6b80e-1c2f-498e-80ad-d5a864b53745,b937dd93-80ec-4242-a80d-83c700090bfd,2026-06-24T13:52:51.398202Z,2026-06-24T13:52:51.52584Z,2026-06-24T13:52:51.404992Z,2026-06-24T13:52:51.523628Z,,,,,,,bf8c152c-6b65-486c-b8a9-a769e09ce6bc,WMT260717C00120000,us_option,,1,1,3.2,simple,market,market,buy,buy_to_open,day,,,filled,False,,,,,,access_key,2026-06-24T20:00:00Z
2629d989-a932-41ac-a2e7-39ea1aff83c0,b7febd25-39a4-47a7-be12-cd2bb0c67124,2026-06-24T13:52:45.074149Z,2026-06-24T13:52:45.138357Z,2026-06-24T13:52:45.081996Z,2026-06-24T13:52:45.13607Z,,,,,,,ec1cee3e-b968-48f8-bc6e-b4b2df4f86ef,F260717P00014000,us_option,,2,2,0.56,simple,market,market,buy,buy_to_open,day,,,filled,False,,,,,,access_key,2026-06-24T20:00:00Z
cce9fc99-e995-452a-a07f-bc1b862610c7,1a9dc97e-040d-4ef1-a9b9-f56bab6d00ac,2026-06-24T13:52:39.105442Z,2026-06-24T13:52:39.250047Z,2026-06-24T13:52:39.111719Z,2026-06-24T13:52:39.247764Z,,,,,,,036d9a18-353a-4a22-a969-747cdf9ac7ff,SOFI260717C00018000,us_option,,2,2,1.17,simple,market,market,buy,buy_to_open,day,,,filled,False,,,,,,access_key,2026-06-24T20:00:00Z
92b83b36-fd5a-49a9-aeaf-560b3c9edb50,a3e4e0c6-ff9c-43e1-8946-33f5700b7af2,2026-06-24T13:52:33.432747Z,2026-06-24T13:52:33.495215Z,2026-06-24T13:52:33.440838Z,2026-06-24T13:52:33.492959Z,,,,,,,a80b22a7-3a9a-4819-84dc-2944e8c871f2,UBER260717P00070000,us_option,,2,2,2.37,simple,market,market,buy,buy_to_open,day,,,filled,False,,,,,,access_key,2026-06-24T20:00:00Z
abe41a8b-69ad-4bb1-9301-4564387cd5e3,cf030f18-a70e-4510-a45c-d0ae70ef66b6,2026-06-24T13:52:27.852609Z,2026-06-24T13:52:27.920346Z,2026-06-24T13:52:27.857833Z,2026-06-24T13:52:27.917864Z,,,,,,,af71fe82-0957-47e0-9374-3d634dcf82ec,TGT260717C00140000,us_option,,1,1,3.65,simple,market,market,buy,buy_to_open,day,,,filled,False,,,,,,access_key,2026-06-24T20:00:00Z
14f80a18-ae5a-48ab-8a29-16a63cca6c99,13793a95-b50b-4c0f-ab88-20c0e3afc29c,2026-06-24T13:52:20.447745Z,2026-06-24T13:52:20.556277Z,2026-06-24T13:52:20.454743Z,2026-06-24T13:52:20.554064Z,,,,,,,f0d7195e-1973-4755-baf8-a51e27b1e4f4,NKE260717P00042500,us_option,,1,1,2.83,simple,market,market,buy,buy_to_open,day,,,filled,False,,,,,,access_key,2026-06-24T20:00:00Z
e1bba85e-8667-4888-99ba-b41487706b3e,350f8094-4cc6-443f-bc9f-caf0250ced8b,2026-06-24T13:52:15.748375Z,2026-06-24T13:52:15.764027Z,2026-06-24T13:52:15.753035Z,2026-06-24T13:52:15.762106Z,,,,,,,26847719-550a-46fc-8b23-89eba0e0928a,TLT260717C00083000,us_option,,1,1,4.35,simple,market,market,buy,buy_to_open,day,,,filled,False,,,,,,access_key,2026-06-24T20:15:00Z
fe6b7135-f377-41f2-969d-53234fe9e81d,5515e845-e2c2-4820-b95f-4616c56a355e,2026-06-24T13:52:11.36451Z,2026-06-24T13:52:11.464819Z,2026-06-24T13:52:11.380668Z,2026-06-24T13:52:11.462163Z,,,,,,,b6e0feec-3b43-4869-a941-8446b8bdde57,BAC260710C00058000,us_option,,2,2,1.06,simple,market,market,buy,buy_to_open,day,,,filled,False,,,,,,access_key,2026-06-24T20:00:00Z
7d153026-e2ac-4346-9960-786d70b47112,196e8cd7-7846-474d-844d-e1884eb4d494,2026-06-24T13:52:07.081168Z,2026-06-24T13:52:07.199674Z,2026-06-24T13:52:07.086089Z,2026-06-24T13:52:07.197518Z,,,,,,,19f2d504-ceef-4f74-96a4-26668ece6140,NFLX260710P00073000,us_option,,2,2,2.11,simple,market,market,buy,buy_to_open,day,,,filled,False,,,,,,access_key,2026-06-24T20:00:00Z
c602a18c-9081-40a9-87a7-6a183519287b,f0ed74f2-7539-4caf-900c-ebb13d0ef53d,2026-06-24T13:35:55.020571Z,2026-06-24T13:35:55.152464Z,2026-06-24T13:35:55.027269Z,2026-06-24T13:35:55.149939Z,,,,,,,5858992a-d50d-483f-93ed-f895398fa73d,XOM260717P00135000,us_option,,1,1,2.84,simple,market,market,sell,sell_to_close,day,,,filled,False,,,,,,access_key,2026-06-24T20:00:00Z
3a3b391f-2ffb-4c8d-b188-85dadf9f1c17,ca173e71-ffd9-4cf8-be7a-96c66d962490,2026-06-24T13:35:54.728714Z,2026-06-24T13:35:54.811738Z,2026-06-24T13:35:54.737771Z,2026-06-24T13:35:54.807172Z,,,,,,,014e6808-892f-4596-99f5-68c81f1c7a48,XOM260710P00140000,us_option,,1,1,4.65,simple,market,market,sell,sell_to_close,day,,,filled,False,,,,,,access_key,2026-06-24T20:00:00Z
a3a559ad-b117-4674-bb37-9576fca23410,b179ab82-888e-46bb-8f43-c1a8cdf70ad5,2026-06-24T13:35:54.412926Z,2026-06-24T13:35:54.43769Z,2026-06-24T13:35:54.420518Z,2026-06-24T13:35:54.434523Z,,,,,,,12f76fc9-fd02-4aef-b0ef-3255ce262ca4,XLF260717P00054000,us_option,,2,2,0.88,simple,market,market,sell,sell_to_close,day,,,filled,False,,,,,,access_key,2026-06-24T20:15:00Z
9fac1518-ef7d-4f88-8003-d6b56bcaf92e,ed1dcf4b-269f-4ca4-87af-0b973ca9c74a,2026-06-24T13:35:54.042539Z,2026-06-24T13:35:54.083378Z,2026-06-24T13:35:54.050321Z,2026-06-24T13:35:54.079507Z,,,,,,,607fd26c-7712-4e46-a2a2-a733ed5c932c,XLE260717P00054000,us_option,,2,2,1.61,simple,market,market,sell,sell_to_close,day,,,filled,False,,,,,,access_key,2026-06-24T20:15:00Z
6419c188-d0a6-4139-a98a-4ac7adcd5642,7eb09628-809e-48a6-868c-d3147b786827,2026-06-24T13:35:53.729687Z,2026-06-24T13:35:53.853977Z,2026-06-24T13:35:53.735273Z,2026-06-24T13:35:53.851749Z,,,,,,,98b9bf45-bda9-4e37-8a47-bdca923907a8,UBER260717P00072500,us_option,,1,1,3.3,simple,market,market,sell,sell_to_close,day,,,filled,False,,,,,,access_key,2026-06-24T20:00:00Z
af062a53-fb2a-4042-a1f6-bbd6d60755b7,c515e596-6e79-48bc-b7cf-76edc143e459,2026-06-24T13:35:53.438957Z,2026-06-24T13:35:53.487905Z,2026-06-24T13:35:53.446114Z,2026-06-24T13:35:53.485707Z,,,,,,,cd6e1e1a-3627-492c-920d-dc476c9fba8a,TGT260717C00135000,us_option,,1,1,4.85,simple,market,market,sell,sell_to_close,day,,,filled,False,,,,,,access_key,2026-06-24T20:00:00Z
7b01548e-bd6e-49fe-a1df-54d1627bdaab,dc018fa6-9685-4b8a-95ac-8adde9b5b18f,2026-06-24T13:35:53.137958Z,2026-06-24T13:35:53.26316Z,2026-06-24T13:35:53.151411Z,2026-06-24T13:35:53.26102Z,,,,,,,036d9a18-353a-4a22-a969-747cdf9ac7ff,SOFI260717C00018000,us_option,,1,1,1.08,simple,market,market,sell,sell_to_close,day,,,filled,False,,,,,,access_key,2026-06-24T20:00:00Z
9d8a3454-c96c-48a8-9b03-7632218822ac,947969ac-b226-47d0-a6d9-2ea852679061,2026-06-24T13:35:52.8532Z,2026-06-24T13:35:52.885146Z,2026-06-24T13:35:52.857664Z,2026-06-24T13:35:52.883147Z,,,,,,,77e75562-ccea-48b7-b6c0-887fb73a7cb9,SOFI260710C00017500,us_option,,1,1,1.15,simple,market,market,sell,sell_to_close,day,,,filled,False,,,,,,access_key,2026-06-24T20:00:00Z
21c79c4a-de55-4567-9846-e14d1ee058d3,9ee7671d-0eb2-4bf1-84ff-db6f2ee6a826,2026-06-24T13:35:52.532753Z,2026-06-24T13:35:52.661934Z,2026-06-24T13:35:52.538351Z,2026-06-24T13:35:52.659522Z,,,,,,,7e67d2f7-7e25-445e-9d93-a93879458b81,SNY260717P00042500,us_option,,2,2,1.25,simple,market,market,sell,sell_to_close,day,,,filled,False,,,,,,access_key,2026-06-24T20:00:00Z
3db33fad-f286-436f-8331-1071c6edb17d,5b6b335b-5de6-444f-a675-e81494e6b3f6,2026-06-24T13:35:52.015031Z,2026-06-24T13:35:52.100898Z,2026-06-24T13:35:52.019749Z,2026-06-24T13:35:52.098783Z,,,,,,,a5dc43c4-348b-4e13-b3ab-d352ef2c780a,SCHW260717P00092500,us_option,,1,1,2,simple,market,market,sell,sell_to_close,day,,,filled,False,,,,,,access_key,2026-06-24T20:00:00Z
6c31892b-16b0-411d-9347-d0dd411b8076,a0e2ecee-bb8f-46f3-a133-cf3718bfb737,2026-06-24T13:35:51.72348Z,2026-06-24T13:35:51.827431Z,2026-06-24T13:35:51.729008Z,2026-06-24T13:35:51.82557Z,,,,,,,f732ec48-db31-4a05-930d-0bc5afddf7a2,SAP260717P00145000,us_option,,1,1,2.85,simple,market,market,sell,sell_to_close,day,,,filled,False,,,,,,access_key,2026-06-24T20:00:00Z
da427cae-76d3-46eb-bf11-ca688deb0f09,3d9f0a98-d743-4529-bd4d-8ff6d6bad9f5,2026-06-24T13:35:51.390092Z,2026-06-24T13:35:51.443287Z,2026-06-24T13:35:51.394902Z,2026-06-24T13:35:51.441373Z,,,,,,,fdc08551-83fb-4132-8d92-725e07a9d80e,RIVN260717P00016000,us_option,,2,2,1.56,simple,market,market,sell,sell_to_close,day,,,filled,False,,,,,,access_key,2026-06-24T20:00:00Z
56d18829-3d3c-4a6a-8229-07c0c08d9593,afe156f8-ff0c-4309-82e1-371843866546,2026-06-24T13:35:51.072858Z,2026-06-24T13:35:51.099797Z,2026-06-24T13:35:51.079397Z,2026-06-24T13:35:51.097525Z,,,,,,,15a51b31-df84-4564-bf0a-f3680e802d6d,PLTR260717P00120000,us_option,,1,1,7.3,simple,market,market,sell,sell_to_close,day,,,filled,False,,,,,,access_key,2026-06-24T20:00:00Z
2a198edf-15e7-43c3-b642-f5c64d802306,591eb737-461f-49de-bd37-3d32ba999787,2026-06-24T13:35:50.781058Z,2026-06-24T13:35:50.860887Z,2026-06-24T13:35:50.785546Z,2026-06-24T13:35:50.858685Z,,,,,,,24e5a1ab-2733-4e05-b9f6-24a0c45732c5,PLTR260710P00120000,us_option,,1,1,6.45,simple,market,market,sell,sell_to_close,day,,,filled,False,,,,,,access_key,2026-06-24T20:00:00Z
b5d90c62-d548-4868-9159-90bffa0f2e9a,51cf76f7-b8e7-4d68-a82a-8f6eec97d7ef,2026-06-24T13:35:50.491698Z,2026-06-24T13:35:50.611188Z,2026-06-24T13:35:50.498087Z,2026-06-24T13:35:50.609109Z,,,,,,,51510797-1e1a-4401-8813-981437c9bee6,PFE260717P00025000,us_option,,2,2,0.46,simple,market,market,sell,sell_to_close,day,,,filled,False,,,,,,access_key,2026-06-24T20:00:00Z
fefbf176-e50a-4baa-9e66-33879d60979e,02f50314-a9c5-4547-b308-fc5caf4ed8bf,2026-06-24T13:35:50.146075Z,2026-06-24T13:35:50.245138Z,2026-06-24T13:35:50.151633Z,2026-06-24T13:35:50.242624Z,,,,,,,76777315-38e3-41e6-a1e9-ed1931964576,OXY260717P00052500,us_option,,1,1,2.49,simple,market,market,sell,sell_to_close,day,,,filled,False,,,,,,access_key,2026-06-24T20:00:00Z
a57b353a-493c-4fbd-a70a-ac79f483428d,8cebc2a4-2efe-460e-83f8-a45b59955484,2026-06-24T13:35:49.825629Z,2026-06-24T13:35:49.884124Z,2026-06-24T13:35:49.831549Z,2026-06-24T13:35:49.88193Z,,,,,,,551207e5-373f-447d-8d9b-39623b9ced49,OXY260717P00050000,us_option,,2,2,1.07,simple,market,market,sell,sell_to_close,day,,,filled,False,,,,,,access_key,2026-06-24T20:00:00Z
6a952b04-f0f4-496f-b51a-165aa8f306f0,88a94193-1390-461c-bec0-71b0c90642bf,2026-06-24T13:35:49.507586Z,2026-06-24T13:35:49.539575Z,2026-06-24T13:35:49.512938Z,2026-06-24T13:35:49.537443Z,,,,,,,3f807c84-167a-4cc1-9ebf-f2b0a9f30de3,OKTA260710C00118000,us_option,,1,1,4.75,simple,market,market,sell,sell_to_close,day,,,filled,False,,,,,,access_key,2026-06-24T20:00:00Z
49b744e1-2dee-4098-be52-7d7b282a2cfb,ef8577fa-2716-42ad-98bb-e34f42ab1e7d,2026-06-24T13:35:49.187527Z,2026-06-24T13:35:49.314403Z,2026-06-24T13:35:49.19288Z,2026-06-24T13:35:49.312189Z,,,,,,,8a9c89aa-8ba7-4252-9972-4a2f3e75fb45,NKE260717P00045000,us_option,,1,1,4.1,simple,market,market,sell,sell_to_close,day,,,filled,False,,,,,,access_key,2026-06-24T20:00:00Z
d8b8020b-716d-4104-b138-ac99c10a48e4,0cd2d880-a053-4476-88ef-cf4be175beca,2026-06-24T13:35:48.861569Z,2026-06-24T13:35:48.929003Z,2026-06-24T13:35:48.866747Z,2026-06-24T13:35:48.927042Z,,,,,,,1c2eed06-8e91-435e-864c-fd39aeb978c7,NKE260710P00044000,us_option,,1,1,3.2,simple,market,market,sell,sell_to_close,day,,,filled,False,,,,,,access_key,2026-06-24T20:00:00Z
3d9da912-183b-45f5-a428-350e34f9e4ec,e77f7074-d5bd-429d-aeda-0f1ed42383ed,2026-06-24T13:35:48.494634Z,2026-06-24T13:35:48.584961Z,2026-06-24T13:35:48.499693Z,2026-06-24T13:35:48.580928Z,,,,,,,d9d080e2-a195-414d-8ad3-d1f591642e32,NFLX260717P00075000,us_option,,1,1,4.35,simple,market,market,sell,sell_to_close,day,,,filled,False,,,,,,access_key,2026-06-24T20:00:00Z
78a6fe89-74d9-44f7-9cbb-16bc4881de48,0be65b60-a58e-4e06-bb4a-d3a82530f9c9,2026-06-24T13:35:48.115503Z,2026-06-24T13:35:48.222035Z,2026-06-24T13:35:48.12095Z,2026-06-24T13:35:48.218063Z,,,,,,,29e4a680-b196-4ddd-b2d6-0eb097a5b8c5,MRK260717P00115000,us_option,,1,1,1.02,simple,market,market,sell,sell_to_close,day,,,filled,False,,,,,,access_key,2026-06-24T20:00:00Z
faecc450-b983-45ee-bc60-b58ca1bdc2e4,f18961be-2a35-47c4-99d3-c4c791c9471a,2026-06-24T13:35:47.815796Z,2026-06-24T13:35:47.876871Z,2026-06-24T13:35:47.821047Z,2026-06-24T13:35:47.874982Z,,,,,,,7f1e7d9c-84d0-4d32-bbbd-4c6e3e94fe83,MO260717C00070000,us_option,,2,2,2.38,simple,market,market,sell,sell_to_close,day,,,filled,False,,,,,,access_key,2026-06-24T20:00:00Z
d47c19a5-422a-4d95-b858-f12981add048,cba9613e-1c3c-4b77-88f9-f418d0cde539,2026-06-24T13:35:47.506795Z,2026-06-24T13:35:47.613136Z,2026-06-24T13:35:47.512466Z,2026-06-24T13:35:47.610915Z,,,,,,,fec9b7b1-3930-41e9-a0d2-c3d073dfe56b,MMM260717C00165000,us_option,,1,1,2.9,simple,market,market,sell,sell_to_close,day,,,filled,False,,,,,,access_key,2026-06-24T20:00:00Z
15cf1a89-afcf-4f28-849b-3f35e9d65007,097f8a6c-1955-40e3-9735-2749ab041287,2026-06-24T13:35:47.199921Z,2026-06-24T13:35:47.273701Z,2026-06-24T13:35:47.207719Z,2026-06-24T13:35:47.270694Z,,,,,,,cad72c6e-1edd-4964-a134-e3b956f8918a,MDT260717C00080000,us_option,,1,1,1.6,simple,market,market,sell,sell_to_close,day,,,filled,False,,,,,,access_key,2026-06-24T20:00:00Z
a89190d5-4b90-477b-96b4-cafb3d5e85ec,04c5b2a2-bd6d-4deb-86bf-37c9374408a8,2026-06-24T13:35:46.91262Z,2026-06-24T13:35:46.937267Z,2026-06-24T13:35:46.918593Z,2026-06-24T13:35:46.935182Z,,,,,,,d5a05818-3aac-4d1f-a7ac-cd5caa002868,IWM260710C00303000,us_option,,1,1,3.07,simple,market,market,sell,sell_to_close,day,,,filled,False,,,,,,access_key,2026-06-24T20:15:00Z
4f9e6bc9-2902-44a4-b11d-32bd5abd98c4,ddfcfa45-dda6-41c6-a639-d2aefb943daf,2026-06-24T13:35:46.617585Z,2026-06-24T13:35:46.700813Z,2026-06-24T13:35:46.623996Z,2026-06-24T13:35:46.698636Z,,,,,,,83ad2569-47ed-4f8c-9ceb-cab6c285e56a,IWM260710C00300000,us_option,,1,1,4.37,simple,market,market,sell,sell_to_close,day,,,filled,False,,,,,,access_key,2026-06-24T20:15:00Z
7b8b42a9-574d-4f4d-b2fa-224a0c9b6680,eb5172f5-1c67-4326-b965-8c7c4e5dbd5f,2026-06-24T13:35:46.310196Z,2026-06-24T13:35:46.369808Z,2026-06-24T13:35:46.324024Z,2026-06-24T13:35:46.367616Z,,,,,,,80956f5d-c831-4fd4-b772-82e398905e96,DIS260710C00102000,us_option,,2,2,2,simple,market,market,sell,sell_to_close,day,,,filled,False,,,,,,access_key,2026-06-24T20:00:00Z
194fe6b7-8047-4dd4-aa5b-8d6b27099e9b,8d49b698-8c73-481b-ac3a-c8b87cb8800b,2026-06-24T13:35:45.98641Z,2026-06-24T13:35:46.031302Z,2026-06-24T13:35:45.994214Z,2026-06-24T13:35:46.029143Z,,,,,,,84a27274-4d57-48f2-be7b-ed4e9d1e5fe3,DIA260710C00522000,us_option,,1,1,4.2,simple,market,market,sell,sell_to_close,day,,,filled,False,,,,,,access_key,2026-06-24T20:15:00Z
56e3802b-92fa-4303-85a7-8b9035d95839,90879fe0-e824-4164-8f7a-63a3c327b3f9,2026-06-24T13:35:45.702992Z,2026-06-24T13:35:45.799344Z,2026-06-24T13:35:45.710467Z,2026-06-24T13:35:45.797027Z,,,,,,,4166b81b-ce5f-4b1b-85a0-5019167db779,CVX260717P00170000,us_option,,1,1,3.3,simple,market,market,sell,sell_to_close,day,,,filled,False,,,,,,access_key,2026-06-24T20:00:00Z
3a988f6a-515c-483f-b32d-dcb00812474f,6f7a965c-d1b7-4def-b6dc-7b90989b25fc,2026-06-24T13:35:45.405144Z,2026-06-24T13:35:45.574838Z,2026-06-24T13:35:45.411504Z,2026-06-24T13:35:45.572386Z,,,,,,,f3b23c05-30c0-491d-9728-4951872030fa,CVX260710P00175000,us_option,,1,1,4.15,simple,market,market,sell,sell_to_close,day,,,filled,False,,,,,,access_key,2026-06-24T20:00:00Z
b3e7562d-a7c2-423c-aadf-b32b4e9614b9,716a8ced-378f-4e8d-abd1-3d0a46ca0449,2026-06-24T13:35:44.982126Z,2026-06-24T13:35:45.084022Z,2026-06-24T13:35:44.986802Z,2026-06-24T13:35:45.081838Z,,,,,,,7c9621e0-986f-44d7-95d3-7e6429535af0,CVS260717C00100000,us_option,,1,1,3.5,simple,market,market,sell,sell_to_close,day,,,filled,False,,,,,,access_key,2026-06-24T20:00:00Z
efd8a27b-d708-4095-a84d-59af6fa33d07,0289b9a9-8024-4ee8-8455-619c383e844c,2026-06-24T13:35:44.700138Z,2026-06-24T13:35:44.845241Z,2026-06-24T13:35:44.705291Z,2026-06-24T13:35:44.842804Z,,,,,,,3474e5f5-3498-45bd-a083-4d019b47ea74,CSCO260717C00120000,us_option,,1,1,4.55,simple,market,market,sell,sell_to_close,day,,,filled,False,,,,,,access_key,2026-06-24T20:00:00Z
11e46ead-e992-4131-815b-01523b27e3fe,c20574af-9e2a-4467-b71b-4d2a58466762,2026-06-24T13:35:44.40118Z,2026-06-24T13:35:44.482432Z,2026-06-24T13:35:44.407607Z,2026-06-24T13:35:44.48029Z,,,,,,,f7c1f8bb-24a6-4fc1-9de3-51f103cc6329,CSCO260710C00122000,us_option,,1,1,2.67,simple,market,market,sell,sell_to_close,day,,,filled,False,,,,,,access_key,2026-06-24T20:00:00Z
f66c2f1c-362e-4205-ac57-acd60f30bee8,2100ab89-ab59-4de4-b949-6b46da29fd19,2026-06-24T13:35:44.104142Z,2026-06-24T13:35:44.139215Z,2026-06-24T13:35:44.108751Z,2026-06-24T13:35:44.137366Z,,,,,,,b5a28575-8045-443b-910f-bd3b16da2923,COP260717P00110000,us_option,,1,1,4.35,simple,market,market,sell,sell_to_close,day,,,filled,False,,,,,,access_key,2026-06-24T20:00:00Z
7ebd35b4-5d76-4b9d-869c-f6bf3cb92b29,f81d826b-aefc-4e4c-b755-255434531d38,2026-06-24T13:35:43.814917Z,2026-06-24T13:35:43.91955Z,2026-06-24T13:35:43.82Z,2026-06-24T13:35:43.917342Z,,,,,,,df06a4ed-a1b1-438c-bd72-03a63e144767,C260717C00150000,us_option,,1,1,2.8,simple,market,market,sell,sell_to_close,day,,,filled,False,,,,,,access_key,2026-06-24T20:00:00Z
e983f17f-04aa-4055-83cd-d3e9ae329bbe,4a429893-292e-4341-a4ae-bccd329f5e7a,2026-06-24T13:35:43.531025Z,2026-06-24T13:35:43.658702Z,2026-06-24T13:35:43.535744Z,2026-06-24T13:35:43.656466Z,,,,,,,5351ab35-b9ad-4f23-b47f-852abb203ec6,C260710C00146000,us_option,,1,1,2.95,simple,market,market,sell,sell_to_close,day,,,filled,False,,,,,,access_key,2026-06-24T20:00:00Z
f9ec7a1b-8850-4d23-a083-f4c31ca93b74,87ba4a03-f34f-4b30-90f9-3aa54651a156,2026-06-24T13:35:43.21238Z,2026-06-24T13:35:43.31453Z,2026-06-24T13:35:43.220014Z,2026-06-24T13:35:43.31237Z,,,,,,,f3b59087-203a-41c3-a0d5-a6d1058ab867,BAC260717C00057500,us_option,,2,2,1.92,simple,market,market,sell,sell_to_close,day,,,filled,False,,,,,,access_key,2026-06-24T20:00:00Z
9e724d85-0025-493e-b75b-b4311be8a4fe,f668a778-2b43-4712-9750-7e21bc466d89,2026-06-24T13:35:42.893426Z,2026-06-24T13:35:42.984299Z,2026-06-24T13:35:42.898735Z,2026-06-24T13:35:42.982067Z,,,,,,,b6e0feec-3b43-4869-a941-8446b8bdde57,BAC260710C00058000,us_option,,2,2,1.09,simple,market,market,sell,sell_to_close,day,,,filled,False,,,,,,access_key,2026-06-24T20:00:00Z
24e11458-17a6-4a2c-9c54-d7dbe823b3d4,7dd0e3a0-370a-4eae-af0d-5a194789516e,2026-06-24T13:35:42.593176Z,2026-06-24T13:35:42.645982Z,2026-06-24T13:35:42.598811Z,2026-06-24T13:35:42.643844Z,,,,,,,3a7efb64-6855-4872-bd46-ef3b533c5610,BA260717P00215000,us_option,,1,1,4.15,simple,market,market,sell,sell_to_close,day,,,filled,False,,,,,,access_key,2026-06-24T20:00:00Z
d777de70-578e-473b-ac46-1fa61593f3f9,bec09a26-6abd-4f13-a1b3-61bb1a4e8958,2026-06-24T13:35:42.19004Z,2026-06-24T13:35:42.317825Z,2026-06-24T13:35:42.195539Z,2026-06-24T13:35:42.315926Z,,,,,,,aa7ba8fd-5bde-4fb4-aa04-f9080c70cab4,AMZN260710P00230000,us_option,,1,1,3.45,simple,market,market,sell,sell_to_close,day,,,filled,False,,,,,,access_key,2026-06-24T20:00:00Z
4173bf14-9b2b-4fd9-a639-1179dfa1f43d,e9bf9312-16fd-48aa-ba68-09a688de99da,2026-06-24T13:35:41.87468Z,2026-06-24T13:35:41.974609Z,2026-06-24T13:35:41.88044Z,2026-06-24T13:35:41.972442Z,,,,,,,95492a15-7e6c-46ba-a0a4-c9cf31bbc796,AAPL260717C00305000,us_option,,1,1,3.5,simple,market,market,sell,sell_to_close,day,,,filled,False,,,,,,access_key,2026-06-24T20:00:00Z
f8cdae69-deff-432b-bd89-7e3a824563e9,817772cd-5846-43c8-880d-f20222472aa4,2026-06-24T13:35:41.324668Z,2026-06-24T13:35:41.48269Z,2026-06-24T13:35:41.333002Z,2026-06-24T13:35:41.477695Z,,,,,,,4cb271f1-3c0a-4b6a-a7c4-127b78e5c7f2,IONQ260710C00058000,us_option,,1,1,3.25,simple,market,market,sell,sell_to_close,day,,,filled,False,,,,,,access_key,2026-06-24T20:00:00Z
8de5b2c0-d52c-4a6a-8958-186c91ffb893,89e001e0-10ab-4faa-a625-351da6e4bf65,2026-06-24T13:35:40.774007Z,2026-06-24T13:35:40.851977Z,2026-06-24T13:35:40.779044Z,2026-06-24T13:35:40.850035Z,,,,,,,ca648ba9-ced3-4c36-9eb3-b05c50145bca,GSK260717C00052000,us_option,,2,2,1.35,simple,market,market,sell,sell_to_close,day,,,filled,False,,,,,,access_key,2026-06-24T20:00:00Z
db865a56-ea1d-4ec8-9b63-e0df233fdb7a,fca206c7-201d-45c0-9aac-e3f1f8f30ad1,2026-06-24T13:35:40.165299Z,2026-06-24T13:35:40.178485Z,2026-06-24T13:35:40.171823Z,2026-06-24T13:35:40.176395Z,,,,,,,c3da84d2-a38f-4413-95d6-0d7b3a65dcf0,LYFT260717P00014000,us_option,,2,2,0.55,simple,market,market,sell,sell_to_close,day,,,filled,False,,,,,,access_key,2026-06-24T20:00:00Z
ca6d936a-66d1-4ccf-a335-bf2e4e1ffe85,f29d152c-820e-42b1-baae-68c5b13fe691,2026-06-24T13:35:39.603533Z,2026-06-24T13:35:39.698432Z,2026-06-24T13:35:39.609292Z,2026-06-24T13:35:39.69628Z,,,,,,,82844351-23e5-4aa0-8d2e-ba7f98665899,XLK260710P00183000,us_option,,1,1,4.65,simple,market,market,sell,sell_to_close,day,,,filled,False,,,,,,access_key,2026-06-24T20:15:00Z
f3065e58-cce4-4067-b564-ded5000c28fb,6b1a4bc2-5899-40eb-96ec-45d6a4bad019,2026-06-24T13:35:38.975602Z,2026-06-24T13:35:39.014275Z,2026-06-24T13:35:38.982637Z,2026-06-24T13:35:39.011994Z,,,,,,,a4cc550f-3376-40ed-be7a-eb85a92f0705,ZM260710P00086000,us_option,,1,1,2.45,simple,market,market,sell,sell_to_close,day,,,filled,False,,,,,,access_key,2026-06-24T20:00:00Z
ebeb907e-da85-47ce-9f6a-c769ec8233ff,3a8853e8-5674-4091-850a-cd8ffe426b74,2026-06-24T13:35:38.417089Z,2026-06-24T13:35:38.512342Z,2026-06-24T13:35:38.423281Z,2026-06-24T13:35:38.510251Z,,,,,,,450109a7-d86d-4f8e-89da-711bcf66566c,JPM260710C00340000,us_option,,1,1,2.42,simple,market,market,sell,sell_to_close,day,,,filled,False,,,,,,access_key,2026-06-24T20:00:00Z
d2af64de-a9b3-4325-aac2-6053ec95b80a,5131aee5-46a1-434d-9792-1b2d0d4b90d6,2026-06-24T13:35:37.884255Z,2026-06-24T13:35:37.905159Z,2026-06-24T13:35:37.890113Z,2026-06-24T13:35:37.903129Z,,,,,,,e2d3eafd-06c1-472b-bdec-a6e6d7317799,V260717C00340000,us_option,,1,1,2.59,simple,market,market,sell,sell_to_close,day,,,filled,False,,,,,,access_key,2026-06-24T20:00:00Z
3c5d1885-0434-4877-a554-bc7bfd9e6112,3dff0401-7c2a-4e15-9c25-d8f78e7f82de,2026-06-24T13:35:37.330441Z,2026-06-24T13:35:37.446792Z,2026-06-24T13:35:37.335333Z,2026-06-24T13:35:37.444491Z,,,,,,,53ef8210-0649-4545-9c58-88e79b55e132,OKTA260710C00121000,us_option,,1,1,3.6,simple,market,market,sell,sell_to_close,day,,,filled,False,,,,,,access_key,2026-06-24T20:00:00Z
a89d50a0-89d9-4fd4-befc-b81116206264,406a0fee-dfe8-4938-bd61-4f2c42c9434a,2026-06-24T13:35:36.722077Z,2026-06-24T13:35:36.867529Z,2026-06-24T13:35:36.728599Z,2026-06-24T13:35:36.865794Z,,,,,,,09e1a2a7-f8ee-4c7b-aced-8f22467a215e,BA260710P00215000,us_option,,1,1,3.3,simple,market,market,sell,sell_to_close,day,,,filled,False,,,,,,access_key,2026-06-24T20:00:00Z
6577b3df-7c55-4a7f-88f4-79d473e4ee33,13b7245e-7ccf-4353-b3f4-efa60108b0d7,2026-06-24T13:35:36.10252Z,2026-06-24T13:35:36.139744Z,2026-06-24T13:35:36.111754Z,2026-06-24T13:35:36.137175Z,,,,,,,89c0168d-6057-480b-807c-15bff4d481ad,MA260717P00465000,us_option,,1,1,3.1,simple,market,market,sell,sell_to_close,day,,,filled,False,,,,,,access_key,2026-06-24T20:00:00Z
44bbe17f-5bca-4191-bae7-7325dd826ebe,2e28b27f-babc-4d92-9581-82d5e0e84a94,2026-06-24T13:35:35.509969Z,2026-06-24T13:35:35.569057Z,2026-06-24T13:35:35.515799Z,2026-06-24T13:35:35.563139Z,,,,,,,5f0b6bf7-1cc2-4826-ae05-881c361714d7,SCHW260717C00092500,us_option,,1,1,2.3,simple,market,market,sell,sell_to_close,day,,,filled,False,,,,,,access_key,2026-06-24T20:00:00Z
91ffc3a0-ddf0-4a09-b800-ad61a4bca00b,8d4f8dda-8d14-4026-9d8f-05cdf0db6c85,2026-06-24T13:35:34.747987Z,2026-06-24T13:35:34.857368Z,2026-06-24T13:35:34.755593Z,2026-06-24T13:35:34.855143Z,,,,,,,19f2d504-ceef-4f74-96a4-26668ece6140,NFLX260710P00073000,us_option,,2,2,1.81,simple,market,market,sell,sell_to_close,day,,,filled,False,,,,,,access_key,2026-06-24T20:00:00Z
e107de88-561b-4a13-9c99-c8b7a7ac9b0c,b8472e89-9e47-42c4-928f-a376c9b44d29,2026-06-24T13:35:34.111702Z,2026-06-24T13:35:34.177823Z,2026-06-24T13:35:34.117364Z,2026-06-24T13:35:34.175666Z,,,,,,,94df1905-83d4-42f5-9e4d-2d8d6e0c7134,WFC260717C00085000,us_option,,1,1,2.21,simple,market,market,sell,sell_to_close,day,,,filled,False,,,,,,access_key,2026-06-24T20:00:00Z
a5fc963c-125e-4d18-86e5-5daa28392068,71248452-fbac-4578-8f57-798988886d32,2026-06-24T13:35:33.461687Z,2026-06-24T13:35:33.476631Z,2026-06-24T13:35:33.467006Z,2026-06-24T13:35:33.474534Z,,,,,,,c8c51778-c195-4b12-98fa-7fa2d3f338bf,JPM260710C00337500,us_option,,1,1,3.15,simple,market,market,sell,sell_to_close,day,,,filled,False,,,,,,access_key,2026-06-24T20:00:00Z
baa20494-656f-4908-a6b7-2b2b880d2cbb,b1e5d08d-5151-400d-a55b-a3a7e7cd24f2,2026-06-24T13:35:32.771043Z,2026-06-24T13:35:32.809618Z,2026-06-24T13:35:32.7766Z,2026-06-24T13:35:32.807495Z,,,,,,,96bd4116-6dc8-4ea8-932e-e48b6d1b10b9,JNJ260717C00240000,us_option,,1,1,6.25,simple,market,market,sell,sell_to_close,day,,,filled,False,,,,,,access_key,2026-06-24T20:00:00Z
adb1da00-510b-402f-9d02-dbd1d6f3eb6e,7e0c38df-7042-43e8-a260-602bcd20e32c,2026-06-24T13:35:32.058699Z,2026-06-24T13:35:32.102451Z,2026-06-24T13:35:32.064059Z,2026-06-24T13:35:32.100334Z,,,,,,,b71c9158-a98f-4727-95a2-6c76e1d06594,SO260717C00095000,us_option,,2,2,1.3,simple,market,market,sell,sell_to_close,day,,,filled,False,,,,,,access_key,2026-06-24T20:00:00Z
f3ecfaba-95a4-4c78-8295-1c7e43a84af1,768dba3c-fa73-4357-b0e0-84bf87ee1a8b,2026-06-24T13:35:31.451463Z,2026-06-24T13:35:31.53521Z,2026-06-24T13:35:31.458988Z,2026-06-24T13:35:31.531619Z,,,,,,,dee5aefd-35bb-48f0-a2e5-be31290df775,ZM260717P00085000,us_option,,1,1,2.68,simple,market,market,sell,sell_to_close,day,,,filled,False,,,,,,access_key,2026-06-24T20:00:00Z
5c39cd81-e714-4fe8-9ff0-3bab0fe73444,97cef04c-c204-42f9-b0c0-0e9c54a20c49,2026-06-24T13:35:30.850023Z,2026-06-24T13:35:30.954923Z,2026-06-24T13:35:30.854521Z,2026-06-24T13:35:30.952756Z,,,,,,,b1ebf16c-f6ed-4bbf-96ee-eec3452c66f2,ENB260717C00055000,us_option,,2,2,0.85,simple,market,market,sell,sell_to_close,day,,,filled,False,,,,,,access_key,2026-06-24T20:00:00Z
233b1234-3811-45f4-9f57-4a575b76a6c3,75ce7a93-6a0e-45d4-8f0f-6428839d171f,2026-06-24T13:35:30.291561Z,2026-06-24T13:35:30.349117Z,2026-06-24T13:35:30.296504Z,2026-06-24T13:35:30.346785Z,,,,,,,67e270a5-eb25-49d4-9c3b-03f610cd32fe,KO260717C00080000,us_option,,2,2,1.89,simple,market,market,sell,sell_to_close,day,,,filled,False,,,,,,access_key,2026-06-24T20:00:00Z
8506f7eb-a2af-4b6f-956d-9411446b589e,d0e4b592-4768-4cc9-b7e2-1e4f8fd40637,2026-06-24T13:35:29.694866Z,2026-06-24T13:35:29.785987Z,2026-06-24T13:35:29.699287Z,2026-06-24T13:35:29.783933Z,,,,,,,4a6dd621-346a-4d4d-83ab-f9c1aed5d4ee,ABT260717C00090000,us_option,,1,1,3.2,simple,market,market,sell,sell_to_close,day,,,filled,False,,,,,,access_key,2026-06-24T20:00:00Z
9ec8d61f-8480-47a7-9c8a-f97ee87c9660,7f8c90aa-4624-4f30-b6b4-8880b2d738df,2026-06-24T13:35:29.06604Z,2026-06-24T13:35:29.150195Z,2026-06-24T13:35:29.072521Z,2026-06-24T13:35:29.147597Z,,,,,,,7353b337-c7ff-4d88-a601-5e00da5214a6,SAP260717P00150000,us_option,,1,1,4.6,simple,market,market,sell,sell_to_close,day,,,filled,False,,,,,,access_key,2026-06-24T20:00:00Z
57075883-9dd5-4e85-ac70-d38f8451f01f,ac7c8646-9749-4f99-92ff-d3b1d014fe8c,2026-06-24T13:35:28.428413Z,2026-06-24T13:35:28.468607Z,2026-06-24T13:35:28.435934Z,2026-06-24T13:35:28.4666Z,,,,,,,f76b3609-fe69-4868-be50-d40fd9515b9d,CRM260710P00149000,us_option,,1,1,3.25,simple,market,market,sell,sell_to_close,day,,,filled,False,,,,,,access_key,2026-06-24T20:00:00Z
925cb7e5-41a0-49fe-b418-75b5caeea221,5bfec2c7-2107-4b6a-9625-f9f61150d3f7,2026-06-24T13:35:27.783381Z,2026-06-24T13:35:27.89455Z,2026-06-24T13:35:27.79061Z,2026-06-24T13:35:27.892605Z,,,,,,,fd650691-dc82-42e4-b61d-c9024ce6de5a,MO260710C00071000,us_option,,2,2,1.45,simple,market,market,sell,sell_to_close,day,,,filled,False,,,,,,access_key,2026-06-24T20:00:00Z
712ebc1b-74b2-4854-89ee-6bf71c9e5b3b,e29eaa52-df90-4c25-909e-1ed8eb8a3335,2026-06-24T13:35:27.103905Z,2026-06-24T13:35:27.219524Z,2026-06-24T13:35:27.111756Z,2026-06-24T13:35:27.217501Z,,,,,,,2d893d1a-ca85-43f6-bf5f-b874f87e8d1f,RIVN260710P00015000,us_option,,2,2,0.58,simple,market,market,sell,sell_to_close,day,,,filled,False,,,,,,access_key,2026-06-24T20:00:00Z
f4f11d77-397d-4cac-995a-24b347c98e13,e2b359f0-49c7-4772-b3c2-419e4ef56ab0,2026-06-24T13:35:26.550768Z,2026-06-24T13:35:26.609229Z,2026-06-24T13:35:26.565385Z,2026-06-24T13:35:26.607058Z,,,,,,,bf8c152c-6b65-486c-b8a9-a769e09ce6bc,WMT260717C00120000,us_option,,1,1,3.1,simple,market,market,sell,sell_to_close,day,,,filled,False,,,,,,access_key,2026-06-24T20:00:00Z
7933ca00-e910-4bc0-be0a-e502e024d0c4,7d2c00b8-bd94-41a6-ad5c-a0d8228b7d62,2026-06-24T13:35:25.950589Z,2026-06-24T13:35:26.031556Z,2026-06-24T13:35:25.956714Z,2026-06-24T13:35:26.027719Z,,,,,,,796fa8de-1c26-4817-9e58-a3181e1914b1,MRK260717C00120000,us_option,,1,1,3.8,simple,market,market,sell,sell_to_close,day,,,filled,False,,,,,,access_key,2026-06-24T20:00:00Z
63071241-1f33-4e9f-bab4-37a84b4cfa22,5597df01-6a16-4757-be97-6052390cb933,2026-06-24T13:35:25.260945Z,2026-06-24T13:35:25.284761Z,2026-06-24T13:35:25.267962Z,2026-06-24T13:35:25.282218Z,,,,,,,ec1cee3e-b968-48f8-bc6e-b4b2df4f86ef,F260717P00014000,us_option,,2,2,0.5,simple,market,market,sell,sell_to_close,day,,,filled,False,,,,,,access_key,2026-06-24T20:00:00Z
6397864f-2c1b-49bd-a429-75ad1695526a,9e78c4f6-e3d7-4fee-91f6-d87781457eda,2026-06-24T13:35:17.913583Z,2026-06-24T13:35:18.009363Z,2026-06-24T13:35:17.919369Z,2026-06-24T13:35:18.007456Z,,,,,,,2f6a91da-475e-4f6d-86f5-51bb79c4cf61,ZS260710P00120000,us_option,,1,1,2.64,simple,market,market,sell,sell_to_close,day,,,filled,False,,,,,,access_key,2026-06-24T20:00:00Z
8060b7d4-9489-4404-a421-3293206c2e73,0fb0ed62-a0cb-40c0-863c-938f4743302d,2026-06-24T13:35:16.372817Z,2026-06-24T13:35:16.440993Z,2026-06-24T13:35:16.377982Z,2026-06-24T13:35:16.438775Z,,,,,,,bc72884a-cc6e-45ff-83a8-e66b17a1c053,ZS260710P00119000,us_option,,1,1,2.2,simple,market,market,sell,sell_to_close,day,,,filled,False,,,,,,access_key,2026-06-24T20:00:00Z
844e9198-5296-4af9-8852-b97d9ae0b7e2,2ea6dda4-bfef-4e25-9779-46fa362956ad,2026-06-24T13:35:12.549871Z,2026-06-24T13:35:12.573326Z,2026-06-24T13:35:12.554523Z,2026-06-24T13:35:12.571085Z,,,,,,,c85c4a13-169b-4df8-a1c3-3e08ba793f25,XLK260710C00197000,us_option,,1,1,0.92,simple,market,market,sell,sell_to_close,day,,,filled,False,,,,,,access_key,2026-06-24T20:15:00Z
7e2510ba-8fe0-40da-8fc2-a17ad104bfe0,b068e1c2-8f8a-49d6-baf3-d2fa43e51328,2026-06-24T13:35:09.120039Z,2026-06-24T13:35:09.197409Z,2026-06-24T13:35:09.130661Z,2026-06-24T13:35:09.195418Z,,,,,,,2dc57bd8-9285-4899-a325-fa4829878ece,WMT260717P00120000,us_option,,1,1,2.78,simple,market,market,sell,sell_to_close,day,,,filled,False,,,,,,access_key,2026-06-24T20:00:00Z
98689598-c008-49dc-bb38-c2aec7bc0ec3,cc29f381-3e2d-410d-b0e9-75568eb9a5d7,2026-06-24T13:35:06.885523Z,2026-06-24T13:35:07.020726Z,2026-06-24T13:35:06.896184Z,2026-06-24T13:35:07.018654Z,,,,,,,e3dbf8bd-0ed0-491c-9ac2-974539ba6afa,UBER260717C00072500,us_option,,1,1,1.6,simple,market,market,sell,sell_to_close,day,,,filled,False,,,,,,access_key,2026-06-24T20:00:00Z
7a5a14b2-2c19-4d22-8600-7e68b32e4016,d4d79bfe-28fb-41ef-b9ce-59156733ee6d,2026-06-24T13:35:05.506497Z,2026-06-24T13:35:05.633569Z,2026-06-24T13:35:05.520356Z,2026-06-24T13:35:05.631568Z,,,,,,,ea5229bc-47ce-43df-8821-b51065b63e22,TGT260717P00130000,us_option,,1,1,1.57,simple,market,market,sell,sell_to_close,day,,,filled,False,,,,,,access_key,2026-06-24T20:00:00Z
99084c6d-2c1e-4aac-9fef-5317ec5f7b23,99d52c8a-db64-4d74-8746-c881835878b1,2026-06-24T13:35:01.053201Z,2026-06-24T13:35:01.140013Z,2026-06-24T13:35:01.060639Z,2026-06-24T13:35:01.136758Z,,,,,,,6cdd6692-2da3-4efd-8ce6-5d1f96804a84,SO260710C00094000,us_option,,2,2,0.75,simple,market,market,sell,sell_to_close,day,,,filled,False,,,,,,access_key,2026-06-24T20:00:00Z
b84177ee-6b17-4af5-95a5-b20c6515ba8d,afafe05d-1105-4b3d-97f3-9070f78f75e7,2026-06-24T13:34:56.705527Z,2026-06-24T13:34:56.729153Z,2026-06-24T13:34:56.713984Z,2026-06-24T13:34:56.72694Z,,,,,,,8e18c981-4427-4461-8ec5-dd3d6c8f0d10,RTX260717P00180000,us_option,,1,1,2.08,simple,market,market,sell,sell_to_close,day,,,filled,False,,,,,,access_key,2026-06-24T20:00:00Z
a6c7c387-75c9-4c46-97d3-c99347038b30,b03666b2-1b6e-4466-886b-beafd2c4f99e,2026-06-24T13:34:52.508468Z,2026-06-24T13:34:52.583371Z,2026-06-24T13:34:52.513602Z,2026-06-24T13:34:52.581068Z,,,,,,,1d5cc589-6c43-42a5-9737-d1695b28700b,PG260717P00150000,us_option,,1,1,2.23,simple,market,market,sell,sell_to_close,day,,,filled,False,,,,,,access_key,2026-06-24T20:00:00Z
29a41426-a2a5-4eb3-9c1c-5b55322a4057,8d8f1038-4ffc-4aba-8760-f0be4861ac11,2026-06-24T13:34:47.396286Z,2026-06-24T13:34:47.455558Z,2026-06-24T13:34:47.4026Z,2026-06-24T13:34:47.453442Z,,,,,,,5c4384d8-52a3-41c6-be87-e34854259e00,NVDA260717C00220000,us_option,,1,1,1.88,simple,market,market,sell,sell_to_close,day,,,filled,False,,,,,,access_key,2026-06-24T20:00:00Z
b29d3689-7229-4f10-b6de-74c07f60ab89,d792e9ae-b791-472c-93ba-f72328a3f20a,2026-06-24T13:34:46.106871Z,2026-06-24T13:34:46.175015Z,2026-06-24T13:34:46.123023Z,2026-06-24T13:34:46.172572Z,,,,,,,02d3765e-453d-4285-a1cc-b7bd565c39d3,NVDA260710C00215000,us_option,,1,1,1.77,simple,market,market,sell,sell_to_close,day,,,filled,False,,,,,,access_key,2026-06-24T20:00:00Z
915ec1a5-e850-4f50-a546-a0a1b405c5db,14a75b93-8f99-439b-afe3-96a57a89819f,2026-06-24T13:34:38.986396Z,2026-06-24T13:34:39.034483Z,2026-06-24T13:34:38.991141Z,2026-06-24T13:34:39.032268Z,,,,,,,725a1d9b-0156-40fd-9af5-f604d96afa25,MDT260717P00080000,us_option,,1,1,0.9,simple,market,market,sell,sell_to_close,day,,,filled,False,,,,,,access_key,2026-06-24T20:00:00Z
c562d1f9-a962-4e35-8e17-e51093f06d3b,0076cdc0-8f94-49b4-a1cf-9bebe0609670,2026-06-24T13:34:36.689999Z,2026-06-24T13:34:36.783451Z,2026-06-24T13:34:36.695946Z,2026-06-24T13:34:36.781102Z,,,,,,,2df9e038-0a23-4399-ad32-02645f33d70d,LYFT260717C00015000,us_option,,2,2,0.3,simple,market,market,sell,sell_to_close,day,,,filled,False,,,,,,access_key,2026-06-24T20:00:00Z
a9bbae42-5e1c-40d0-9096-97650c25b329,49b1f5bd-8950-445c-8ec5-2290df076165,2026-06-24T13:34:35.369074Z,2026-06-24T13:34:35.396597Z,2026-06-24T13:34:35.376279Z,2026-06-24T13:34:35.394653Z,,,,,,,dbf7920c-ebea-4e9b-ad24-3a3c7c23863d,KO260717P00080000,us_option,,2,2,1.05,simple,market,market,sell,sell_to_close,day,,,filled,False,,,,,,access_key,2026-06-24T20:00:00Z
2c2d9421-a49a-42c4-9a34-bc98c3c6f3db,94810e12-1aa4-4ebd-a016-04bcf0e72f41,2026-06-24T13:34:34.121849Z,2026-06-24T13:34:34.190707Z,2026-06-24T13:34:34.136481Z,2026-06-24T13:34:34.18816Z,,,,,,,d071c247-2772-4a98-8599-2a06374b1bf8,JNJ260710P00230000,us_option,,1,1,1.15,simple,market,market,sell,sell_to_close,day,,,filled,False,,,,,,access_key,2026-06-24T20:00:00Z
8105f9df-cb9b-4a10-a5a8-13f5a41f84ce,cc275fc7-9c6f-477d-a5e6-6f63e32e6414,2026-06-24T13:34:30.876323Z,2026-06-24T13:34:30.899543Z,2026-06-24T13:34:30.88094Z,2026-06-24T13:34:30.897284Z,,,,,,,e9e95f86-c0ba-4808-b7ce-2d98240443ac,GSK260710P00051000,us_option,,2,2,0.3,simple,market,market,sell,sell_to_close,day,,,filled,False,,,,,,access_key,2026-06-24T20:00:00Z
2a41a509-80cb-41b5-9225-7f0027b9527e,3503ca33-a0d0-47bd-af45-d01ac19cf76d,2026-06-24T13:34:29.567819Z,2026-06-24T13:34:29.737375Z,2026-06-24T13:34:29.575253Z,2026-06-24T13:34:29.735067Z,,,,,,,baec2064-15f5-4649-b555-7d6a3ce894f6,GM260717C00085000,us_option,,2,2,0.87,simple,market,market,sell,sell_to_close,day,,,filled,False,,,,,,access_key,2026-06-24T20:00:00Z
acec2e8c-0fbd-479b-8444-fe1cc0bdfc16,2aa2b3eb-e131-49a6-bcf3-076104a9a371,2026-06-24T13:34:28.330615Z,2026-06-24T13:34:28.367274Z,2026-06-24T13:34:28.3394Z,2026-06-24T13:34:28.365387Z,,,,,,,e06adfaa-b55a-4827-9983-9cc6d94eafa5,GM260717C00082500,us_option,,1,1,1.53,simple,market,market,sell,sell_to_close,day,,,filled,False,,,,,,access_key,2026-06-24T20:00:00Z
1e4132c9-bf3e-400f-9bc6-0ff641149785,631fbc10-af97-4ebf-ba6c-14f2ca2e6d9f,2026-06-24T13:34:27.061677Z,2026-06-24T13:34:27.194987Z,2026-06-24T13:34:27.066172Z,2026-06-24T13:34:27.19273Z,,,,,,,70a8aaed-6519-4cee-843e-d78034ea9e1f,ESTC260717P00055000,us_option,,1,1,0.65,simple,market,market,sell,sell_to_close,day,,,filled,False,,,,,,access_key,2026-06-24T20:00:00Z
ce20826f-b0a1-4577-8c90-ee4285f72461,90e430ce-a994-40d1-8bbe-5062336c1e6a,2026-06-24T13:34:25.69519Z,2026-06-24T13:34:25.825055Z,2026-06-24T13:34:25.703799Z,2026-06-24T13:34:25.822564Z,,,,,,,9a71af32-f08a-487d-9bee-59172297d415,DIS260710C00104000,us_option,,2,2,0.68,simple,market,market,sell,sell_to_close,day,,,filled,False,,,,,,access_key,2026-06-24T20:00:00Z
9d7d4ac1-7aa1-4abe-8c43-1ee7578b636b,609a5d82-defb-47aa-8bdc-e9c4679f9b6e,2026-06-24T13:34:20.357859Z,2026-06-24T13:34:20.382454Z,2026-06-24T13:34:20.362573Z,2026-06-24T13:34:20.380375Z,,,,,,,a9993d3c-1f80-4000-9536-dd0dabb8cc8b,CVS260717C00105000,us_option,,2,2,1.45,simple,market,market,sell,sell_to_close,day,,,filled,False,,,,,,access_key,2026-06-24T20:00:00Z
c57bb97f-d7cf-4a07-8f15-51cabd86ea26,29eb1b33-35d6-4277-9331-d48365e43999,2026-06-24T13:34:16.10497Z,2026-06-24T13:34:16.214809Z,2026-06-24T13:34:16.10973Z,2026-06-24T13:34:16.21246Z,,,,,,,1c6074e8-c48e-4e37-9663-b3fc53db1bf9,CRM260717P00145000,us_option,,1,1,2.76,simple,market,market,sell,sell_to_close,day,,,filled,False,,,,,,access_key,2026-06-24T20:00:00Z
1c255e3b-05f5-4afc-8a77-abf08b1fa9dc,fb9349cb-628f-4f81-bd6a-2b7c477f4397,2026-06-24T13:34:13.845336Z,2026-06-24T13:34:13.950823Z,2026-06-24T13:34:13.851253Z,2026-06-24T13:34:13.948926Z,,,,,,,8e501ea8-6924-4030-8b88-e04e95d0f30c,CARR260717C00072500,us_option,,1,1,1.65,simple,market,market,sell,sell_to_close,day,,,filled,False,,,,,,access_key,2026-06-24T20:00:00Z
55f95d3e-365b-4b5d-a310-97b662d3c7e1,24548366-7cd0-44bc-8c6e-be66f38718de,2026-06-24T13:34:06.244031Z,2026-06-24T13:34:06.342591Z,2026-06-24T13:34:06.251698Z,2026-06-24T13:34:06.340612Z,,,,,,,679951fd-f5bf-4094-a71b-becec85767fd,ABT260717P00087500,us_option,,1,1,1.35,simple,market,market,sell,sell_to_close,day,,,filled,False,,,,,,access_key,2026-06-24T20:00:00Z
c01a721e-10e4-4b52-ac8b-3cb325df605a,2e9346d5-86f7-4d82-b1dc-ab90998317ba,2026-06-24T13:34:03.709127Z,2026-06-24T13:34:03.728517Z,2026-06-24T13:34:03.714612Z,2026-06-24T13:34:03.726439Z,,,,,,,cfcd295f-3625-48ff-a0dc-26f8e2be831e,AAPL260710C00305000,us_option,,1,1,2.7,simple,market,market,sell,sell_to_close,day,,,filled,False,,,,,,access_key,2026-06-24T20:00:00Z
668f9d61-b8bf-47e2-9a4a-2c3ec9977bf2,66620d24-453d-4251-a49d-d1839ee3e223,2026-06-24T13:33:58.033662Z,2026-06-24T13:33:58.133723Z,2026-06-24T13:33:58.039701Z,2026-06-24T13:33:58.131665Z,,,,,,,c0b71ade-fb33-452f-b6aa-ade6a586d67a,PFE260710P00025000,us_option,,2,2,0.29,simple,market,market,sell,sell_to_close,day,,,filled,False,,,,,,access_key,2026-06-24T20:00:00Z
764da110-381e-4e51-bb16-93634b8176e9,b26ce466-0324-4dc9-93a7-c629176c6249,2026-06-24T13:33:55.505442Z,2026-06-24T13:33:55.544295Z,2026-06-24T13:33:55.510824Z,2026-06-24T13:33:55.542036Z,,,,,,,3dcd3cb6-b4d8-46dc-a6cd-4edc202b2d98,RTX260710P00185000,us_option,,1,1,2.75,simple,market,market,sell,sell_to_close,day,,,filled,False,,,,,,access_key,2026-06-24T20:00:00Z
c6704a9a-70c6-4ad4-959e-f9e23a7ea447,0a86a0b1-fc85-4be3-847d-5c0a608af106,2026-06-24T13:33:52.998399Z,2026-06-24T13:33:53.135234Z,2026-06-24T13:33:53.00353Z,2026-06-24T13:33:53.126816Z,,,,,,,d2d13eb5-0bff-4624-9cb3-9568eced1af8,CARR260710P00071000,us_option,,2,2,0.95,simple,market,market,sell,sell_to_close,day,,,filled,False,,,,,,access_key,2026-06-24T20:00:00Z
48197160-ce36-4f73-b475-daa817b3b7ae,8fd95f1b-152f-41d9-be7f-dd50545d13dc,2026-06-24T13:33:48.32835Z,2026-06-24T13:33:48.447656Z,2026-06-24T13:33:48.335108Z,2026-06-24T13:33:48.445818Z,,,,,,,1aea23fc-9d98-41d4-a802-410c4fec9ac8,IONQ260710C00060000,us_option,,1,1,2.78,simple,market,market,sell,sell_to_close,day,,,filled,False,,,,,,access_key,2026-06-24T20:00:00Z
69c11cfb-fc78-463b-86a3-c90f6366200b,ca7a58ce-07ae-455c-971c-3f3f1fdc3542,2026-06-24T13:33:43.927103Z,2026-06-24T13:33:44.052579Z,2026-06-24T13:33:43.937548Z,2026-06-24T13:33:44.048983Z,,,,,,,e65e92fa-321f-4a77-95b1-3eddf4180203,COP260717C00110000,us_option,,1,1,2.05,simple,market,market,sell,sell_to_close,day,,,filled,False,,,,,,access_key,2026-06-24T20:00:00Z
aa730d35-c1e9-4b06-9b9a-7b9360fab300,16de8e83-f8dd-4569-b2b7-da91c3d4b543,2026-06-24T13:33:32.274454Z,2026-06-24T13:33:32.334957Z,2026-06-24T13:33:32.279703Z,2026-06-24T13:33:32.332951Z,,,,,,,a0ea20ca-6687-4878-8dc8-21511f25a9d1,MMM260710C00162500,us_option,,1,1,2.84,simple,market,market,sell,sell_to_close,day,,,filled,False,,,,,,access_key,2026-06-24T20:00:00Z
d0e185cb-92fe-4685-bb2d-4e3044e1856d,952c59ab-9869-4edc-8eb7-442234f4d57f,2026-06-23T18:59:49.777629Z,2026-06-23T18:59:49.866463Z,2026-06-23T18:59:49.785752Z,2026-06-23T18:59:49.863984Z,,,,,,,4cb271f1-3c0a-4b6a-a7c4-127b78e5c7f2,IONQ260710C00058000,us_option,,1,1,4.5,simple,market,market,buy,buy_to_open,day,,,filled,False,,,,,,access_key,2026-06-23T20:00:00Z
678c3708-5baa-4e85-bd83-12fa1011580c,a70d009a-c6e1-4d33-9657-52da82f5996f,2026-06-23T18:52:51.565677Z,2026-06-23T18:52:51.61923Z,2026-06-23T18:52:51.575064Z,2026-06-23T18:52:51.617019Z,,,,,,,81eeef6d-a92b-4b26-b8ad-eefff4168930,IONQ260710C00062000,us_option,,1,1,2.69,simple,market,market,sell,sell_to_close,day,,,filled,False,,,,,,access_key,2026-06-23T20:00:00Z
2c90097a-2677-44bf-ac30-6aeddbaef305,2d6be767-4956-415b-ae91-13f611b419df,2026-06-23T18:06:31.027217Z,2026-06-23T18:06:31.092395Z,2026-06-23T18:06:31.031964Z,2026-06-23T18:06:31.090366Z,,,,,,,ca648ba9-ced3-4c36-9eb3-b05c50145bca,GSK260717C00052000,us_option,,2,2,1.45,simple,market,market,buy,buy_to_open,day,,,filled,False,,,,,,access_key,2026-06-23T20:00:00Z
bebee4f6-bb92-4a11-ab2c-5345806a5f6d,4b5402c8-2e3e-471d-860f-629ecb6d4736,2026-06-23T18:06:03.788616Z,2026-06-23T18:06:03.935202Z,2026-06-23T18:06:03.797478Z,2026-06-23T18:06:03.932787Z,,,,,,,c3da84d2-a38f-4413-95d6-0d7b3a65dcf0,LYFT260717P00014000,us_option,,2,2,0.66,simple,market,market,buy,buy_to_open,day,,,filled,False,,,,,,access_key,2026-06-23T20:00:00Z
3c8cab67-47f2-4b44-9323-32778f45d1f0,1d3af475-8699-4345-9fb0-1514c358c359,2026-06-23T17:12:03.48708Z,2026-06-23T17:12:03.602592Z,2026-06-23T17:12:03.492951Z,2026-06-23T17:12:03.60064Z,,,,,,,82844351-23e5-4aa0-8d2e-ba7f98665899,XLK260710P00183000,us_option,,1,1,5.05,simple,market,market,buy,buy_to_open,day,,,filled,False,,,,,,access_key,2026-06-23T20:15:00Z
93890c69-281b-4fb9-b84f-63b9fadec5b2,94addb3f-29ef-443b-acc6-7ea2a545edae,2026-06-23T16:44:43.92457Z,2026-06-23T16:44:43.961942Z,2026-06-23T16:44:43.930968Z,2026-06-23T16:44:43.959647Z,,,,,,,c0b71ade-fb33-452f-b6aa-ade6a586d67a,PFE260710P00025000,us_option,,2,2,0.45,simple,market,market,buy,buy_to_open,day,,,filled,False,,,,,,access_key,2026-06-23T20:00:00Z
1c071de2-d5aa-45b3-b6ad-850badb79d27,f1837722-837a-458b-a845-ca94393906f4,2026-06-23T16:17:01.590207Z,2026-06-23T16:17:01.62004Z,2026-06-23T16:17:01.598847Z,2026-06-23T16:17:01.618111Z,,,,,,,a4cc550f-3376-40ed-be7a-eb85a92f0705,ZM260710P00086000,us_option,,1,1,3.45,simple,market,market,buy,buy_to_open,day,,,filled,False,,,,,,access_key,2026-06-23T20:00:00Z
3a26c518-0711-40e8-b872-9fd5c44c2238,f23493d7-058c-4193-a877-8b9cbbffc508,2026-06-23T16:16:30.308065Z,2026-06-23T16:16:30.35234Z,2026-06-23T16:16:30.313287Z,2026-06-23T16:16:30.349735Z,,,,,,,3dcd3cb6-b4d8-46dc-a6cd-4edc202b2d98,RTX260710P00185000,us_option,,1,1,4.95,simple,market,market,buy,buy_to_open,day,,,filled,False,,,,,,access_key,2026-06-23T20:00:00Z
1750cf47-a532-4144-9b9b-f01e6212a63e,04e04d56-70b1-4671-8365-915ce537e1ea,2026-06-23T15:48:24.677647Z,2026-06-23T15:48:24.780875Z,2026-06-23T15:48:24.686608Z,2026-06-23T15:48:24.778333Z,,,,,,,450109a7-d86d-4f8e-89da-711bcf66566c,JPM260710C00340000,us_option,,1,1,3.8,simple,market,market,buy,buy_to_open,day,,,filled,False,,,,,,access_key,2026-06-23T20:00:00Z
c1773a38-b2a1-46f3-8459-5d3d348da409,5f579247-bd8f-40fc-b077-f72b5d5d7a43,2026-06-23T15:47:52.55414Z,2026-06-23T15:47:52.662337Z,2026-06-23T15:47:52.559853Z,2026-06-23T15:47:52.660067Z,,,,,,,d2d13eb5-0bff-4624-9cb3-9568eced1af8,CARR260710P00071000,us_option,,2,2,2.5,simple,market,market,buy,buy_to_open,day,,,filled,False,,,,,,access_key,2026-06-23T20:00:00Z
6dbe7af2-4340-4209-a408-8e7595cc4ec0,15d8ab24-ce5f-490c-948c-5b86a14c1f23,2026-06-23T15:47:18.720792Z,2026-06-23T15:47:18.777357Z,2026-06-23T15:47:18.728561Z,2026-06-23T15:47:18.775159Z,,,,,,,e2d3eafd-06c1-472b-bdec-a6e6d7317799,V260717C00340000,us_option,,1,1,3.9,simple,market,market,buy,buy_to_open,day,,,filled,False,,,,,,access_key,2026-06-23T20:00:00Z
ab4ec761-c1ca-4551-b2d0-7d48bd1b8055,2ee24589-6eb9-46ce-8922-d853ef8b3ad4,2026-06-23T15:16:36.362792Z,2026-06-23T15:16:36.501042Z,2026-06-23T15:16:36.367632Z,2026-06-23T15:16:36.498944Z,,,,,,,53ef8210-0649-4545-9c58-88e79b55e132,OKTA260710C00121000,us_option,,1,1,4.45,simple,market,market,buy,buy_to_open,day,,,filled,False,,,,,,access_key,2026-06-23T20:00:00Z
7ed74f76-3353-4f62-8f30-7ec882834059,eb9d323d-89be-4175-b95d-3d073d8f2a5c,2026-06-23T15:16:06.723721Z,2026-06-23T15:16:06.872161Z,2026-06-23T15:16:06.729912Z,2026-06-23T15:16:06.869973Z,,,,,,,09e1a2a7-f8ee-4c7b-aced-8f22467a215e,BA260710P00215000,us_option,,1,1,4.6,simple,market,market,buy,buy_to_open,day,,,filled,False,,,,,,access_key,2026-06-23T20:00:00Z
c193ad31-74a3-496a-bc32-6ebbc3abbd7d,90649a3c-de6a-4d24-9944-b661ebba7b11,2026-06-23T15:15:30.350632Z,2026-06-23T15:15:30.385294Z,2026-06-23T15:15:30.358289Z,2026-06-23T15:15:30.383223Z,,,,,,,1aea23fc-9d98-41d4-a802-410c4fec9ac8,IONQ260710C00060000,us_option,,1,1,4.8,simple,market,market,buy,buy_to_open,day,,,filled,False,,,,,,access_key,2026-06-23T20:00:00Z
9c26552d-676e-45c3-b4f2-b940430a4f80,9ac86eeb-6554-4493-9401-cf0d15476d8d,2026-06-23T15:15:00.105908Z,2026-06-23T15:15:00.153604Z,2026-06-23T15:15:00.112663Z,2026-06-23T15:15:00.151516Z,,,,,,,89c0168d-6057-480b-807c-15bff4d481ad,MA260717P00465000,us_option,,1,1,4.3,simple,market,market,buy,buy_to_open,day,,,filled,False,,,,,,access_key,2026-06-23T20:00:00Z
511041ff-c4a8-4336-93dc-91e01c39f4bd,10cbfbd1-f3b8-4f34-9048-44787d72f3b2,2026-06-23T15:14:31.097968Z,2026-06-23T15:14:31.147783Z,2026-06-23T15:14:31.107854Z,2026-06-23T15:14:31.145515Z,,,,,,,5f0b6bf7-1cc2-4826-ae05-881c361714d7,SCHW260717C00092500,us_option,,1,1,3.1,simple,market,market,buy,buy_to_open,day,,,filled,False,,,,,,access_key,2026-06-23T20:00:00Z
79c5454a-ff1c-49fd-b2a3-468eb032d3d1,ee8d4b92-a11b-4f9d-b458-461c669c9556,2026-06-23T15:14:02.568083Z,2026-06-23T15:14:02.734809Z,2026-06-23T15:14:02.574154Z,2026-06-23T15:14:02.732618Z,,,,,,,19f2d504-ceef-4f74-96a4-26668ece6140,NFLX260710P00073000,us_option,,2,2,2.03,simple,market,market,buy,buy_to_open,day,,,filled,False,,,,,,access_key,2026-06-23T20:00:00Z
cf0cc889-159c-4897-9133-9eac9b24d921,574a72af-22a2-4c48-989e-9e8aabc924df,2026-06-23T15:13:34.178375Z,2026-06-23T15:13:34.242878Z,2026-06-23T15:13:34.183664Z,2026-06-23T15:13:34.240533Z,,,,,,,e65e92fa-321f-4a77-95b1-3eddf4180203,COP260717C00110000,us_option,,1,1,3.9,simple,market,market,buy,buy_to_open,day,,,filled,False,,,,,,access_key,2026-06-23T20:00:00Z
b63c5f6c-585b-4e9a-999f-50c62bcf8eea,94b9e409-d979-43da-8eb1-e7d352991475,2026-06-23T15:13:06.523063Z,2026-06-23T15:13:06.63314Z,2026-06-23T15:13:06.531981Z,2026-06-23T15:13:06.63075Z,,,,,,,94df1905-83d4-42f5-9e4d-2d8d6e0c7134,WFC260717C00085000,us_option,,1,1,2.55,simple,market,market,buy,buy_to_open,day,,,filled,False,,,,,,access_key,2026-06-23T20:00:00Z
7e692113-b25b-47fb-8f22-9a69ddecba46,1460b7b3-975f-4953-8d8c-0da536912ce4,2026-06-23T14:40:19.433051Z,2026-06-23T14:40:19.555766Z,2026-06-23T14:40:19.443919Z,2026-06-23T14:40:19.553902Z,,,,,,,c8c51778-c195-4b12-98fa-7fa2d3f338bf,JPM260710C00337500,us_option,,1,1,4.45,simple,market,market,buy,buy_to_open,day,,,filled,False,,,,,,access_key,2026-06-23T20:00:00Z
59e214fc-8f8e-407f-86e1-521418131922,965aa07c-6eca-4f96-a238-6c7c291036f3,2026-06-23T14:39:49.051924Z,2026-06-23T14:39:49.166058Z,2026-06-23T14:39:49.063227Z,2026-06-23T14:39:49.163445Z,,,,,,,81eeef6d-a92b-4b26-b8ad-eefff4168930,IONQ260710C00062000,us_option,,1,1,4.65,simple,market,market,buy,buy_to_open,day,,,filled,False,,,,,,access_key,2026-06-23T20:00:00Z
b5407faf-83c5-4cc1-a429-605e222d46f1,4cb13f46-580c-4970-8e92-799a5f514f41,2026-06-23T14:39:22.036203Z,2026-06-23T14:39:22.121669Z,2026-06-23T14:39:22.042572Z,2026-06-23T14:39:22.119621Z,,,,,,,96bd4116-6dc8-4ea8-932e-e48b6d1b10b9,JNJ260717C00240000,us_option,,1,1,4.2,simple,market,market,buy,buy_to_open,day,,,filled,False,,,,,,access_key,2026-06-23T20:00:00Z
8b0d0785-fc9b-446d-9ccf-6190b65ad585,0d4ecd56-44a8-40c3-a396-d6171f8f8bb1,2026-06-23T14:38:55.285812Z,2026-06-23T14:38:55.388207Z,2026-06-23T14:38:55.291002Z,2026-06-23T14:38:55.384684Z,,,,,,,b71c9158-a98f-4727-95a2-6c76e1d06594,SO260717C00095000,us_option,,2,2,1.9,simple,market,market,buy,buy_to_open,day,,,filled,False,,,,,,access_key,2026-06-23T20:00:00Z
7fa8e68a-81f0-4324-b88e-e9771749cdc6,5a570d73-320f-4d53-9096-0db968bafc6e,2026-06-23T14:38:29.162075Z,2026-06-23T14:38:29.22738Z,2026-06-23T14:38:29.170241Z,2026-06-23T14:38:29.225284Z,,,,,,,dee5aefd-35bb-48f0-a2e5-be31290df775,ZM260717P00085000,us_option,,1,1,3.4,simple,market,market,buy,buy_to_open,day,,,filled,False,,,,,,access_key,2026-06-23T20:00:00Z
f470340a-3e51-450b-b202-43a2f63c38a9,19bcdc90-4436-4716-be0d-a4174055c059,2026-06-23T14:38:01.401929Z,2026-06-23T14:38:01.489535Z,2026-06-23T14:38:01.408021Z,2026-06-23T14:38:01.487306Z,,,,,,,b1ebf16c-f6ed-4bbf-96ee-eec3452c66f2,ENB260717C00055000,us_option,,2,2,1.2,simple,market,market,buy,buy_to_open,day,,,filled,False,,,,,,access_key,2026-06-23T20:00:00Z
6434ed45-1bb1-488b-bafa-e414bc008f7d,fddd6331-5f46-497c-a294-d685e356fa48,2026-06-23T14:37:34.01801Z,2026-06-23T14:37:34.076344Z,2026-06-23T14:37:34.023732Z,2026-06-23T14:37:34.074175Z,,,,,,,67e270a5-eb25-49d4-9c3b-03f610cd32fe,KO260717C00080000,us_option,,2,2,1.81,simple,market,market,buy,buy_to_open,day,,,filled,False,,,,,,access_key,2026-06-23T20:00:00Z
f8da3a18-4b63-4050-9032-c26549dd94da,aa3c7a50-c77f-491a-8f06-d71212c3573a,2026-06-23T14:37:07.096992Z,2026-06-23T14:37:07.180246Z,2026-06-23T14:37:07.103702Z,2026-06-23T14:37:07.178121Z,,,,,,,4a6dd621-346a-4d4d-83ab-f9c1aed5d4ee,ABT260717C00090000,us_option,,1,1,3.1,simple,market,market,buy,buy_to_open,day,,,filled,False,,,,,,access_key,2026-06-23T20:00:00Z
fa29db17-c989-4bcb-afbc-b94598317cc1,1ef62e7a-2131-464f-9924-e1b26e42d140,2026-06-23T14:06:02.016674Z,2026-06-23T14:06:02.079919Z,2026-06-23T14:06:02.02345Z,2026-06-23T14:06:02.077164Z,,,,,,,7353b337-c7ff-4d88-a601-5e00da5214a6,SAP260717P00150000,us_option,,1,1,4.8,simple,market,market,buy,buy_to_open,day,,,filled,False,,,,,,access_key,2026-06-23T20:00:00Z
2afb4625-ad59-4c0f-9ec7-53ae4c5b8010,35fc8e24-e022-4d15-82f7-439defad3e59,2026-06-23T14:05:35.123808Z,2026-06-23T14:05:35.205472Z,2026-06-23T14:05:35.129606Z,2026-06-23T14:05:35.20325Z,,,,,,,f76b3609-fe69-4868-be50-d40fd9515b9d,CRM260710P00149000,us_option,,1,1,4.85,simple,market,market,buy,buy_to_open,day,,,filled,False,,,,,,access_key,2026-06-23T20:00:00Z
37095fad-81c2-43a2-9cf8-22e8bceefb32,9e7d6a43-e367-4a15-a400-4c110fece89d,2026-06-23T14:05:10.569426Z,2026-06-23T14:05:10.65863Z,2026-06-23T14:05:10.574147Z,2026-06-23T14:05:10.656477Z,,,,,,,a0ea20ca-6687-4878-8dc8-21511f25a9d1,MMM260710C00162500,us_option,,1,1,4.75,simple,market,market,buy,buy_to_open,day,,,filled,False,,,,,,access_key,2026-06-23T20:00:00Z
d191161a-002b-45de-9565-34b6c1dc042e,b93f277c-486e-41fc-a808-f75700402cdf,2026-06-23T14:04:42.905988Z,2026-06-23T14:04:42.991545Z,2026-06-23T14:04:42.914425Z,2026-06-23T14:04:42.989389Z,,,,,,,fd650691-dc82-42e4-b61d-c9024ce6de5a,MO260710C00071000,us_option,,2,2,1.66,simple,market,market,buy,buy_to_open,day,,,filled,False,,,,,,access_key,2026-06-23T20:00:00Z
d5f52a18-e5ee-4387-9259-7fe473ebf3f0,676f6438-13ca-4e3e-9ae8-997cc3e1b030,2026-06-23T14:04:15.522532Z,2026-06-23T14:04:15.644787Z,2026-06-23T14:04:15.529972Z,2026-06-23T14:04:15.642865Z,,,,,,,2d893d1a-ca85-43f6-bf5f-b874f87e8d1f,RIVN260710P00015000,us_option,,2,2,0.83,simple,market,market,buy,buy_to_open,day,,,filled,False,,,,,,access_key,2026-06-23T20:00:00Z
2eec45e7-0f9a-45e0-9551-f9a0600789a6,8cd6aa5d-a842-42d8-aea4-decacd0fbca9,2026-06-23T14:03:51.856168Z,2026-06-23T14:03:51.956126Z,2026-06-23T14:03:51.867942Z,2026-06-23T14:03:51.953754Z,,,,,,,bf8c152c-6b65-486c-b8a9-a769e09ce6bc,WMT260717C00120000,us_option,,1,1,2.85,simple,market,market,buy,buy_to_open,day,,,filled,False,,,,,,access_key,2026-06-23T20:00:00Z
8d6a4343-cbc2-46fb-ae4f-0f9ae038c45a,b7274542-06a8-41f4-90ee-82893398b55c,2026-06-23T14:03:28.338467Z,2026-06-23T14:03:28.387769Z,2026-06-23T14:03:28.346312Z,2026-06-23T14:03:28.385521Z,,,,,,,796fa8de-1c26-4817-9e58-a3181e1914b1,MRK260717C00120000,us_option,,1,1,2.8,simple,market,market,buy,buy_to_open,day,,,filled,False,,,,,,access_key,2026-06-23T20:00:00Z
899809c6-f62b-410a-9465-05b592edf79d,fbd4cad7-b08e-4d72-975b-1c3ee0a2201f,2026-06-23T14:03:05.049914Z,2026-06-23T14:03:05.118474Z,2026-06-23T14:03:05.05632Z,2026-06-23T14:03:05.116007Z,,,,,,,ec1cee3e-b968-48f8-bc6e-b4b2df4f86ef,F260717P00014000,us_option,,2,2,0.6,simple,market,market,buy,buy_to_open,day,,,filled,False,,,,,,access_key,2026-06-23T20:00:00Z
90a6896c-c5be-4a15-b669-a9fc76214962,37fb85ff-756d-4888-aaf2-e313d5cda11e,2026-06-22T20:01:19.101114Z,2026-06-22T20:20:08.875504Z,2026-06-22T20:01:19.106805Z,,2026-06-22T20:20:08.875504Z,,,,,,c85c4a13-169b-4df8-a1c3-3e08ba793f25,XLK260710C00197000,us_option,,1,0,,simple,market,market,sell,sell_to_close,day,,,expired,False,,,,,,access_key,2026-06-22T20:15:00Z
26db4219-c059-4c3f-b507-0f639340819e,a35a02a8-4b21-46d4-a0bc-0e427f3b4f62,2026-06-22T20:01:16.416258Z,2026-06-22T20:20:08.875402Z,2026-06-22T20:01:16.421169Z,,2026-06-22T20:20:08.875401Z,,,,,,12f76fc9-fd02-4aef-b0ef-3255ce262ca4,XLF260717P00054000,us_option,,2,0,,simple,market,market,sell,sell_to_close,day,,,expired,False,,,,,,access_key,2026-06-22T20:15:00Z
a11380d4-27d2-48a5-a485-b8373c60625c,e00b4209-ea2e-4a22-b9de-0c73b586de35,2026-06-22T20:01:02.384963Z,2026-06-22T20:20:08.875547Z,2026-06-22T20:01:02.392987Z,,2026-06-22T20:20:08.875547Z,,,,,,8602b8a4-ea84-4404-9984-eccb01461546,SPY260706C00755000,us_option,,1,0,,simple,market,market,sell,sell_to_close,day,,,expired,False,,,,,,access_key,2026-06-22T20:15:00Z
dbf7e665-409b-48b8-a536-3c31f17da423,3820ee7d-82f6-4844-bbd2-a6d97eb9ced7,2026-06-22T20:00:54.614634Z,2026-06-22T20:20:08.875637Z,2026-06-22T20:00:54.619677Z,,2026-06-22T20:20:08.875637Z,,,,,,83ad2569-47ed-4f8c-9ceb-cab6c285e56a,IWM260710C00300000,us_option,,1,0,,simple,market,market,sell,sell_to_close,day,,,expired,False,,,,,,access_key,2026-06-22T20:15:00Z
cd4c6cd9-0679-483d-9b86-62d8e00364c2,c1df6d64-8aca-47e6-a984-200ea2f39563,2026-06-22T20:00:48.941972Z,2026-06-22T20:20:08.87559Z,2026-06-22T20:00:48.946746Z,,2026-06-22T20:20:08.875589Z,,,,,,84a27274-4d57-48f2-be7b-ed4e9d1e5fe3,DIA260710C00522000,us_option,,1,0,,simple,market,market,sell,sell_to_close,day,,,expired,False,,,,,,access_key,2026-06-22T20:15:00Z
230cb405-3ce5-4877-93d7-3952af79b502,bce3bf8a-228d-4ea9-95be-a9335d6796da,2026-06-22T20:00:46.807462Z,2026-06-22T20:20:08.875291Z,2026-06-22T20:00:46.814227Z,,2026-06-22T20:20:08.87529Z,,,,,,607fd26c-7712-4e46-a2a2-a733ed5c932c,XLE260717P00054000,us_option,,2,0,,simple,market,market,sell,sell_to_close,day,,,expired,False,,,,,,access_key,2026-06-22T20:15:00Z
4156eed0-e09f-44f0-8bc2-0c34ea89a8e1,b3ff6e08-c1fb-47b4-85c3-38c333cf3712,2026-06-22T20:00:46.292911Z,2026-06-22T20:20:08.875449Z,2026-06-22T20:00:46.297986Z,,2026-06-22T20:20:08.875449Z,,,,,,d5a05818-3aac-4d1f-a7ac-cd5caa002868,IWM260710C00303000,us_option,,1,0,,simple,market,market,sell,sell_to_close,day,,,expired,False,,,,,,access_key,2026-06-22T20:15:00Z
95c8cf0c-a5d5-466f-8475-94791ce93bb1,8738f8c3-d55d-4d85-808e-1a865fcdf781,2026-06-22T19:17:44.72926Z,2026-06-22T19:17:44.847031Z,2026-06-22T19:17:44.738792Z,2026-06-22T19:17:44.844415Z,,,,,,,1eff0447-202d-412a-b4a6-c8d91d61f6d8,V260710C00335000,us_option,,1,1,3,simple,market,market,sell,sell_to_close,day,,,filled,False,,,,,,access_key,2026-06-22T20:00:00Z
b42b98ff-ceb1-4eff-9576-e4bde0e3b02b,1e672998-2f0e-447e-9b9b-fb31e6178ed1,2026-06-22T19:17:36.237872Z,2026-06-22T19:17:36.303716Z,2026-06-22T19:17:36.243674Z,2026-06-22T19:17:36.301333Z,,,,,,,1aea23fc-9d98-41d4-a802-410c4fec9ac8,IONQ260710C00060000,us_option,,1,1,4.7,simple,market,market,sell,sell_to_close,day,,,filled,False,,,,,,access_key,2026-06-22T20:00:00Z
96bbc6b6-28d5-452c-a990-ca179808f93f,958c1c27-fba6-46da-a202-159febe47037,2026-06-22T19:17:27.71024Z,2026-06-22T19:17:27.763519Z,2026-06-22T19:17:27.718973Z,2026-06-22T19:17:27.760869Z,,,,,,,08606c16-6ba4-442f-9d4a-1450e7b43df6,IONQ260717C00060000,us_option,,1,1,5.7,simple,market,market,sell,sell_to_close,day,,,filled,False,,,,,,access_key,2026-06-22T20:00:00Z
5162c909-b2e5-4f1e-8d9d-7ccf57629f48,a2efa647-0470-4b4e-870e-107e219d0f78,2026-06-22T19:17:19.225852Z,2026-06-22T19:17:19.251928Z,2026-06-22T19:17:19.233954Z,2026-06-22T19:17:19.249773Z,,,,,,,a24d86ca-0073-4422-b4b2-b97986effc18,F260710C00014500,us_option,,1,1,0.3,simple,market,market,sell,sell_to_close,day,,,filled,False,,,,,,access_key,2026-06-22T20:00:00Z
fbab5a42-9562-4c7e-9ecb-04e53612e22a,ba384579-c95b-4cd9-95e6-6bb593a1e3d3,2026-06-22T18:56:41.372189Z,2026-06-22T18:56:41.425019Z,2026-06-22T18:56:41.37792Z,2026-06-22T18:56:41.422566Z,,,,,,,3f807c84-167a-4cc1-9ebf-f2b0a9f30de3,OKTA260710C00118000,us_option,,1,1,4.55,simple,market,market,buy,buy_to_open,day,,,filled,False,,,,,,access_key,2026-06-22T20:00:00Z
b0fcd4a6-3b9f-4bfe-a72d-a3426f7464ce,a36b0888-bcfa-4c57-a6ae-da1b4bc4da5f,2026-06-22T18:56:16.593187Z,2026-06-22T18:56:16.629714Z,2026-06-22T18:56:16.601197Z,2026-06-22T18:56:16.627396Z,,,,,,,1c6074e8-c48e-4e37-9663-b3fc53db1bf9,CRM260717P00145000,us_option,,1,1,4.75,simple,market,market,buy,buy_to_open,day,,,filled,False,,,,,,access_key,2026-06-22T20:00:00Z
ec80558e-89b2-40a5-8c6a-8d154c244508,3edeaa18-fc65-4818-a346-92a07512d970,2026-06-22T18:55:52.373194Z,2026-06-22T18:55:52.485458Z,2026-06-22T18:55:52.378319Z,2026-06-22T18:55:52.48292Z,,,,,,,aa7ba8fd-5bde-4fb4-aa04-f9080c70cab4,AMZN260710P00230000,us_option,,1,1,4.85,simple,market,market,buy,buy_to_open,day,,,filled,False,,,,,,access_key,2026-06-22T20:00:00Z
2dabc92f-43a6-4785-b45b-ffde51e2227c,42f3bf22-aa12-442d-a5ef-22ddb2cba253,2026-06-22T18:41:31.206258Z,2026-06-22T18:41:31.334064Z,2026-06-22T18:41:31.212275Z,2026-06-22T18:41:31.331939Z,,,,,,,43f06ff4-a17e-4442-bc42-3dfa18218dcc,AMZN260710P00232500,us_option,,1,1,5.5,simple,market,market,sell,sell_to_close,day,,,filled,False,,,,,,access_key,2026-06-22T20:00:00Z
4a42851c-2bb7-41a7-8589-503619a0b5d3,12aeeb1d-fadc-4d51-bd77-566d5a4eda49,2026-06-22T18:41:04.394908Z,2026-06-22T18:41:04.42273Z,2026-06-22T18:41:04.400271Z,2026-06-22T18:41:04.420828Z,,,,,,,d1309536-7d29-4b24-a6f7-cd899eec24ea,CRM260710P00150000,us_option,,1,1,5.55,simple,market,market,sell,sell_to_close,day,,,filled,False,,,,,,access_key,2026-06-22T20:00:00Z
31a464f4-aee7-4158-ae01-cc77d1aadcd8,1b4f077f-e1f7-4f98-9532-85d11f44c5a5,2026-06-22T18:41:02.533255Z,2026-06-22T18:41:02.647535Z,2026-06-22T18:41:02.538114Z,2026-06-22T18:41:02.645046Z,,,,,,,8eac958a-bcb6-4f96-90b5-66dc6030a1e8,AMZN260710P00235000,us_option,,1,1,6.75,simple,market,market,sell,sell_to_close,day,,,filled,False,,,,,,access_key,2026-06-22T20:00:00Z
feaca6e0-c5cd-4c10-8276-e9fef5025d2f,dbaaffcf-ef41-40c3-9714-74a85be3ce39,2026-06-22T18:40:58.953784Z,2026-06-22T18:40:59.014118Z,2026-06-22T18:40:58.960948Z,2026-06-22T18:40:59.011832Z,,,,,,,dee5aefd-35bb-48f0-a2e5-be31290df775,ZM260717P00085000,us_option,,1,1,4,simple,market,market,sell,sell_to_close,day,,,filled,False,,,,,,access_key,2026-06-22T20:00:00Z
56529ed4-3836-41f5-87af-4f22c2b4b2f2,88b98618-f948-4ee3-94b3-ca85bef018f8,2026-06-22T18:20:38.725354Z,2026-06-22T18:20:38.754338Z,2026-06-22T18:20:38.730282Z,2026-06-22T18:20:38.752337Z,,,,,,,70a8aaed-6519-4cee-843e-d78034ea9e1f,ESTC260717P00055000,us_option,,1,1,2.8,simple,market,market,buy,buy_to_open,day,,,filled,False,,,,,,access_key,2026-06-22T20:00:00Z
7cde3c53-361e-4016-bc98-2abd1243fde9,8ea887d4-0348-40d9-a1f2-5bae4e5ea09a,2026-06-22T18:20:12.07199Z,2026-06-22T18:20:12.168376Z,2026-06-22T18:20:12.077409Z,2026-06-22T18:20:12.166083Z,,,,,,,c85c4a13-169b-4df8-a1c3-3e08ba793f25,XLK260710C00197000,us_option,,1,1,3.9,simple,market,market,buy,buy_to_open,day,,,filled,False,,,,,,access_key,2026-06-22T20:15:00Z
e218b412-6dc2-4cc4-afe6-4e301f6863af,ea60708c-08a2-4105-bf26-eb692367ca96,2026-06-22T18:19:43.020284Z,2026-06-22T18:19:43.138515Z,2026-06-22T18:19:43.028548Z,2026-06-22T18:19:43.136481Z,,,,,,,3a7efb64-6855-4872-bd46-ef3b533c5610,BA260717P00215000,us_option,,1,1,4.95,simple,market,market,buy,buy_to_open,day,,,filled,False,,,,,,access_key,2026-06-22T20:00:00Z
a6c9f37a-456e-442e-8820-d783ba222bc5,d3e408be-320f-4caf-8d72-7afb1744e8f5,2026-06-22T18:19:17.155573Z,2026-06-22T18:19:17.223185Z,2026-06-22T18:19:17.163694Z,2026-06-22T18:19:17.220787Z,,,,,,,80956f5d-c831-4fd4-b772-82e398905e96,DIS260710C00102000,us_option,,2,2,2.3,simple,market,market,buy,buy_to_open,day,,,filled,False,,,,,,access_key,2026-06-22T20:00:00Z
51f4bdfd-e377-4ccf-a9d1-5f6855ede99a,1763e2ba-7354-4654-9d64-41b3b47692c1,2026-06-22T18:18:51.614242Z,2026-06-22T18:18:51.680075Z,2026-06-22T18:18:51.623362Z,2026-06-22T18:18:51.677764Z,,,,,,,02d3765e-453d-4285-a1cc-b7bd565c39d3,NVDA260710C00215000,us_option,,1,1,4.2,simple,market,market,buy,buy_to_open,day,,,filled,False,,,,,,access_key,2026-06-22T20:00:00Z
e271c289-ac3f-4341-b5d6-caf3975ba8e8,38eabcba-07ab-4280-8792-efd5799775b7,2026-06-22T18:18:27.918568Z,2026-06-22T18:18:27.962411Z,2026-06-22T18:18:27.926362Z,2026-06-22T18:18:27.959772Z,,,,,,,95492a15-7e6c-46ba-a0a4-c9cf31bbc796,AAPL260717C00305000,us_option,,1,1,4.85,simple,market,market,buy,buy_to_open,day,,,filled,False,,,,,,access_key,2026-06-22T20:00:00Z
87ebf290-6774-47d0-9011-73698bc18d69,2e23301d-66df-4e53-a2c5-177138483c6d,2026-06-22T18:18:01.93051Z,2026-06-22T18:18:01.962066Z,2026-06-22T18:18:01.935391Z,2026-06-22T18:18:01.959927Z,,,,,,,12f76fc9-fd02-4aef-b0ef-3255ce262ca4,XLF260717P00054000,us_option,,2,2,0.96,simple,market,market,buy,buy_to_open,day,,,filled,False,,,,,,access_key,2026-06-22T20:15:00Z
b260120f-578d-47ee-b4bd-8d57ed0a8708,84391430-4862-4c43-b774-4e2e723717da,2026-06-22T18:03:31.579332Z,2026-06-22T18:03:31.633342Z,2026-06-22T18:03:31.584675Z,2026-06-22T18:03:31.631194Z,,,,,,,b402386c-e24d-4498-9548-a42c08c0a3a2,NFLX260710P00075000,us_option,,2,2,3.2,simple,market,market,sell,sell_to_close,day,,,filled,False,,,,,,access_key,2026-06-22T20:00:00Z
81b846c3-9195-4fc4-bde5-668c2f5cd26d,64b93509-0bff-445f-a303-92283c9588b0,2026-06-22T18:03:21.864882Z,2026-06-22T18:03:21.962557Z,2026-06-22T18:03:21.871046Z,2026-06-22T18:03:21.960309Z,,,,,,,1a14ccdb-78a3-4486-8cb5-1b65e6b4fbe1,NVDA260710C00220000,us_option,,1,1,2.5,simple,market,market,sell,sell_to_close,day,,,filled,False,,,,,,access_key,2026-06-22T20:00:00Z
d6d1f7e5-6575-4689-a49b-3f7084bdecb2,5e282c06-91e7-4bcc-a050-68dc4ef062eb,2026-06-22T17:43:05.622066Z,2026-06-22T17:43:05.683055Z,2026-06-22T17:43:05.62697Z,2026-06-22T17:43:05.680856Z,,,,,,,bc72884a-cc6e-45ff-83a8-e66b17a1c053,ZS260710P00119000,us_option,,1,1,4.9,simple,market,market,buy,buy_to_open,day,,,filled,False,,,,,,access_key,2026-06-22T20:00:00Z
ce2b4f31-2cbd-466b-bf1b-5a5bfdf18b81,2115d817-9f38-4310-b9e2-c0fcce0f2b8c,2026-06-22T17:42:40.66032Z,2026-06-22T17:42:40.689949Z,2026-06-22T17:42:40.668009Z,2026-06-22T17:42:40.687944Z,,,,,,,6cdd6692-2da3-4efd-8ce6-5d1f96804a84,SO260710C00094000,us_option,,2,2,1.75,simple,market,market,buy,buy_to_open,day,,,filled,False,,,,,,access_key,2026-06-22T20:00:00Z
4464cbd4-acb2-4967-b274-faacc3d87d58,475bfccf-158e-4742-8c01-72f5358b3fb8,2026-06-22T17:42:13.564058Z,2026-06-22T17:42:13.604931Z,2026-06-22T17:42:13.568437Z,2026-06-22T17:42:13.602908Z,,,,,,,8e501ea8-6924-4030-8b88-e04e95d0f30c,CARR260717C00072500,us_option,,1,1,3.1,simple,market,market,buy,buy_to_open,day,,,filled,False,,,,,,access_key,2026-06-22T20:00:00Z
1f8e59c3-af81-4ecc-a286-94c8ee6b1f1a,0c42c960-2ea7-43ac-932f-09960f78b0db,2026-06-22T17:41:50.959014Z,2026-06-22T17:41:50.989367Z,2026-06-22T17:41:50.966942Z,2026-06-22T17:41:50.987073Z,,,,,,,1d5cc589-6c43-42a5-9737-d1695b28700b,PG260717P00150000,us_option,,1,1,4,simple,market,market,buy,buy_to_open,day,,,filled,False,,,,,,access_key,2026-06-22T20:00:00Z
cb923007-5816-4e31-a88b-b9e0c1f1968b,716e36d2-331e-4055-8978-fd90c33fd1e5,2026-06-22T17:41:27.752794Z,2026-06-22T17:41:27.838153Z,2026-06-22T17:41:27.758975Z,2026-06-22T17:41:27.835903Z,,,,,,,036d9a18-353a-4a22-a969-747cdf9ac7ff,SOFI260717C00018000,us_option,,1,1,0.77,simple,market,market,buy,buy_to_open,day,,,filled,False,,,,,,access_key,2026-06-22T20:00:00Z
87677a6d-00ce-422d-9b16-6ae9e3a56174,12aae5b9-dd02-4bd4-9273-74796d9c6fb7,2026-06-22T17:28:49.462906Z,2026-06-22T17:28:49.616173Z,2026-06-22T17:28:49.474237Z,2026-06-22T17:28:49.613839Z,,,,,,,e662c750-a10a-410b-925c-5b27ef934b70,SOFI260710C00018000,us_option,,2,2,0.59,simple,market,market,sell,sell_to_close,day,,,filled,False,,,,,,access_key,2026-06-22T20:00:00Z
d54db48e-0521-4b88-8bf7-341a1e6aad5f,b4c81a8d-e5cc-4b68-8f50-55fce6c599fb,2026-06-22T17:08:39.457262Z,2026-06-22T17:08:39.574182Z,2026-06-22T17:08:39.46312Z,2026-06-22T17:08:39.571812Z,,,,,,,4bd44418-9dbb-41f7-8fc1-a4d4777a9d4b,CARR260717C00073000,us_option,,1,1,2.7,simple,market,market,buy,buy_to_open,day,,,filled,False,,,,,,access_key,2026-06-22T20:00:00Z
7da9e0d6-d3db-4ee0-bd8f-56eca603b95f,d8076096-ff54-4c03-ae7e-7a1f63c70588,2026-06-22T17:08:11.213926Z,2026-06-22T17:08:11.300325Z,2026-06-22T17:08:11.219105Z,2026-06-22T17:08:11.298245Z,,,,,,,ea5229bc-47ce-43df-8821-b51065b63e22,TGT260717P00130000,us_option,,1,1,4.05,simple,market,market,buy,buy_to_open,day,,,filled,False,,,,,,access_key,2026-06-22T20:00:00Z
d2a28a37-7ca3-43ca-98bf-0d3caa64f934,b60dbea0-23c3-49da-b143-856e1b2a34ee,2026-06-22T17:07:49.582222Z,2026-06-22T17:07:49.624888Z,2026-06-22T17:07:49.589673Z,2026-06-22T17:07:49.622653Z,,,,,,,24e5a1ab-2733-4e05-b9f6-24a0c45732c5,PLTR260710P00120000,us_option,,1,1,4.8,simple,market,market,buy,buy_to_open,day,,,filled,False,,,,,,access_key,2026-06-22T20:00:00Z
275413f1-e8f5-4fcd-8116-d41edd9c970d,c33b1f43-96fe-4e7b-94db-a1780633920e,2026-06-22T17:07:27.896888Z,2026-06-22T17:07:27.937996Z,2026-06-22T17:07:27.904153Z,2026-06-22T17:07:27.935922Z,,,,,,,cad72c6e-1edd-4964-a134-e3b956f8918a,MDT260717C00080000,us_option,,1,1,1.6,simple,market,market,buy,buy_to_open,day,,,filled,False,,,,,,access_key,2026-06-22T20:00:00Z
ab575b59-258b-4559-bfe1-80c8491149d7,a41ce357-207e-4654-a140-435681253181,2026-06-22T16:33:42.837666Z,2026-06-22T16:33:42.872527Z,2026-06-22T16:33:42.845557Z,2026-06-22T16:33:42.870496Z,,,,,,,f732ec48-db31-4a05-930d-0bc5afddf7a2,SAP260717P00145000,us_option,,1,1,4.5,simple,market,market,buy,buy_to_open,day,,,filled,False,,,,,,access_key,2026-06-22T20:00:00Z
1d107efc-c58b-4ee5-8363-85d73d3459f9,cba834a2-0be4-4caa-91d9-6691e0b7fe79,2026-06-22T16:33:11.798859Z,2026-06-22T16:33:11.845286Z,2026-06-22T16:33:11.803794Z,2026-06-22T16:33:11.843223Z,,,,,,,1e15c6a8-5dea-4971-b9ec-65fbad396248,ZM260717P00084000,us_option,,1,1,4.25,simple,market,market,buy,buy_to_open,day,,,filled,False,,,,,,access_key,2026-06-22T20:00:00Z
724f3532-a201-494a-a846-d704b6208ae1,a89d138c-d705-491e-8260-462f9581e1b5,2026-06-22T16:32:41.362059Z,2026-06-22T16:32:41.408266Z,2026-06-22T16:32:41.367863Z,2026-06-22T16:32:41.40586Z,,,,,,,1c2eed06-8e91-435e-864c-fd39aeb978c7,NKE260710P00044000,us_option,,1,1,2.7,simple,market,market,buy,buy_to_open,day,,,filled,False,,,,,,access_key,2026-06-22T20:00:00Z
7d53590c-bd0f-48e6-a5a7-d7747a2cb547,3239ae74-cb80-46aa-a397-c460dad82627,2026-06-22T16:18:02.11388Z,2026-06-22T16:18:02.208159Z,2026-06-22T16:18:02.118613Z,2026-06-22T16:18:02.20595Z,,,,,,,e8b5aa5f-b3c9-417d-8c02-090d13e27727,PLTR260710P00125000,us_option,,1,1,7.3,simple,market,market,sell,sell_to_close,day,,,filled,False,,,,,,access_key,2026-06-22T20:00:00Z
589db3cf-e023-47dd-b6a1-83fde282054e,e9b1f66b-7478-48bb-8f2f-37fbdd334f56,2026-06-22T16:17:50.080947Z,2026-06-22T16:17:50.123184Z,2026-06-22T16:17:50.086766Z,2026-06-22T16:17:50.120957Z,,,,,,,bef33b4a-0c14-48d9-a229-b86901328827,DIS260717C00105000,us_option,,2,2,1.47,simple,market,market,sell,sell_to_close,day,,,filled,False,,,,,,access_key,2026-06-22T20:00:00Z
6ec594e0-3659-46a0-acdd-ac215c467779,4bbd30da-3508-4de1-bf78-d5b474345653,2026-06-22T15:57:38.558838Z,2026-06-22T15:57:38.661054Z,2026-06-22T15:57:38.565178Z,2026-06-22T15:57:38.658788Z,,,,,,,1eff0447-202d-412a-b4a6-c8d91d61f6d8,V260710C00335000,us_option,,1,1,4.9,simple,market,market,buy,buy_to_open,day,,,filled,False,,,,,,access_key,2026-06-22T20:00:00Z
8882f413-4cf9-4b90-93ac-6adb4faf33e0,fe686541-2fc9-4553-bda7-94ba8a61388f,2026-06-22T15:57:17.691481Z,2026-06-22T15:57:17.759008Z,2026-06-22T15:57:17.699673Z,2026-06-22T15:57:17.756961Z,,,,,,,e9e95f86-c0ba-4808-b7ce-2d98240443ac,GSK260710P00051000,us_option,,2,2,1.15,simple,market,market,buy,buy_to_open,day,,,filled,False,,,,,,access_key,2026-06-22T20:00:00Z
2dbbe242-5d01-4f26-b1ae-0be70335b5dd,4f20c3d7-ede7-4ab4-a96c-71b8d0c77f50,2026-06-22T15:56:55.466124Z,2026-06-22T15:56:55.593253Z,2026-06-22T15:56:55.471696Z,2026-06-22T15:56:55.591235Z,,,,,,,fbb3a951-3633-42ae-9b0f-9799dffc658a,RTX260710P00182500,us_option,,1,1,4.75,simple,market,market,buy,buy_to_open,day,,,filled,False,,,,,,access_key,2026-06-22T20:00:00Z
99ae6263-0c30-4410-8efa-a0b0cc607658,46891d54-839a-4762-9070-135543b07ff9,2026-06-22T15:56:35.691225Z,2026-06-22T15:56:35.760403Z,2026-06-22T15:56:35.696829Z,2026-06-22T15:56:35.758321Z,,,,,,,3474e5f5-3498-45bd-a083-4d019b47ea74,CSCO260717C00120000,us_option,,1,1,4.95,simple,market,market,buy,buy_to_open,day,,,filled,False,,,,,,access_key,2026-06-22T20:00:00Z
43e741b8-3ff9-4290-bf11-8d4bfcd3bb14,a295ebec-70e0-4477-9c34-29446e80e99f,2026-06-22T15:56:14.273231Z,2026-06-22T15:56:14.37035Z,2026-06-22T15:56:14.278514Z,2026-06-22T15:56:14.368318Z,,,,,,,014e6808-892f-4596-99f5-68c81f1c7a48,XOM260710P00140000,us_option,,1,1,4.8,simple,market,market,buy,buy_to_open,day,,,filled,False,,,,,,access_key,2026-06-22T20:00:00Z
95172bf3-054c-4abc-9c07-67d072e30121,a512c1da-4968-4561-8fb9-ca0b50a0fa75,2026-06-22T15:55:54.062933Z,2026-06-22T15:55:54.095944Z,2026-06-22T15:55:54.068412Z,2026-06-22T15:55:54.093851Z,,,,,,,7e67d2f7-7e25-445e-9d93-a93879458b81,SNY260717P00042500,us_option,,2,2,1.6,simple,market,market,buy,buy_to_open,day,,,filled,False,,,,,,access_key,2026-06-22T20:00:00Z
ee3f99f4-ba6a-455f-bd4f-197ba81511ff,fbbe4297-eac3-4cdf-bad7-bb869c96e86a,2026-06-22T15:55:28.725898Z,2026-06-22T15:55:28.77291Z,2026-06-22T15:55:28.730329Z,2026-06-22T15:55:28.770645Z,,,,,,,d9d080e2-a195-414d-8ad3-d1f591642e32,NFLX260717P00075000,us_option,,1,1,4.5,simple,market,market,buy,buy_to_open,day,,,filled,False,,,,,,access_key,2026-06-22T20:00:00Z
1b836df7-24b8-45ba-b14e-dd702f1309bb,7ea75cda-9ea0-4ea0-afd7-8c137f170115,2026-06-22T15:55:09.244391Z,2026-06-22T15:55:09.386043Z,2026-06-22T15:55:09.250984Z,2026-06-22T15:55:09.383646Z,,,,,,,b6e0feec-3b43-4869-a941-8446b8bdde57,BAC260710C00058000,us_option,,2,2,1.02,simple,market,market,buy,buy_to_open,day,,,filled,False,,,,,,access_key,2026-06-22T20:00:00Z
811d3128-f334-46db-87af-90436b0f18c0,dc6d7daa-08d3-4367-9182-b589e68e8dc2,2026-06-22T15:54:49.787157Z,2026-06-22T15:54:49.916267Z,2026-06-22T15:54:49.791965Z,2026-06-22T15:54:49.914102Z,,,,,,,1aea23fc-9d98-41d4-a802-410c4fec9ac8,IONQ260710C00060000,us_option,,1,1,4.85,simple,market,market,buy,buy_to_open,day,,,filled,False,,,,,,access_key,2026-06-22T20:00:00Z
d7bd4ca9-556f-41db-a172-e9bec642654b,3340537a-a04b-4958-9ada-554ba8744023,2026-06-22T15:39:25.954088Z,2026-06-22T15:39:26.069645Z,2026-06-22T15:39:25.962059Z,2026-06-22T15:39:26.06715Z,,,,,,,ab359bd1-b000-4e45-8a04-50eeeab44e3a,NFLX260710P00077000,us_option,,2,2,4,simple,market,market,sell,sell_to_close,day,,,filled,False,,,,,,access_key,2026-06-22T20:00:00Z
94fa4f14-bc62-4e4a-8eff-d70ffdcd492f,a57e3ec3-4aed-47c1-8057-c40d209cdea8,2026-06-22T15:19:10.429462Z,2026-06-22T15:19:10.544122Z,2026-06-22T15:19:10.435819Z,2026-06-22T15:19:10.542018Z,,,,,,,2f6a91da-475e-4f6d-86f5-51bb79c4cf61,ZS260710P00120000,us_option,,1,1,4.55,simple,market,market,buy,buy_to_open,day,,,filled,False,,,,,,access_key,2026-06-22T20:00:00Z
49736d6c-fdd4-4257-84af-d1f46b0aa872,1785aa36-24f1-43f8-b46d-2cd362cc2e4c,2026-06-22T15:18:47.969051Z,2026-06-22T15:18:47.998435Z,2026-06-22T15:18:47.976937Z,2026-06-22T15:18:47.996488Z,,,,,,,4166b81b-ce5f-4b1b-85a0-5019167db779,CVX260717P00170000,us_option,,1,1,3.15,simple,market,market,buy,buy_to_open,day,,,filled,False,,,,,,access_key,2026-06-22T20:00:00Z
5a57388e-4c82-47eb-9e41-daa5511f26e6,1a998cd4-9d73-402a-ba2e-a63f018cbdbe,2026-06-22T15:18:28.466471Z,2026-06-22T15:18:28.481471Z,2026-06-22T15:18:28.473939Z,2026-06-22T15:18:28.479608Z,,,,,,,e318219b-4d93-4d62-94a1-29bf45d239d5,LYFT260717C00014500,us_option,,2,2,0.77,simple,market,market,buy,buy_to_open,day,,,filled,False,,,,,,access_key,2026-06-22T20:00:00Z
39b05f5a-2cca-4944-93cd-73859514349e,a3a5c9f4-d88c-4e11-bfa5-df05d7c6f9e7,2026-06-22T15:18:10.804907Z,2026-06-22T15:18:10.86712Z,2026-06-22T15:18:10.810694Z,2026-06-22T15:18:10.865193Z,,,,,,,a9993d3c-1f80-4000-9536-dd0dabb8cc8b,CVS260717C00105000,us_option,,2,2,2.41,simple,market,market,buy,buy_to_open,day,,,filled,False,,,,,,access_key,2026-06-22T20:00:00Z
76c93d71-6555-4ac5-a16b-65e4d690c4d2,211d3744-b07e-4909-b844-2f8c06362d96,2026-06-22T15:17:51.220475Z,2026-06-22T15:17:51.326371Z,2026-06-22T15:17:51.232803Z,2026-06-22T15:17:51.324493Z,,,,,,,15a51b31-df84-4564-bf0a-f3680e802d6d,PLTR260717P00120000,us_option,,1,1,4.95,simple,market,market,buy,buy_to_open,day,,,filled,False,,,,,,access_key,2026-06-22T20:00:00Z
60e4a2e0-3ca5-4e23-bd1d-8af25300da95,1841be36-8771-4054-b6c5-a5350aee84dc,2026-06-22T15:17:33.43999Z,2026-06-22T15:17:33.559223Z,2026-06-22T15:17:33.44567Z,2026-06-22T15:17:33.556935Z,,,,,,,df06a4ed-a1b1-438c-bd72-03a63e144767,C260717C00150000,us_option,,1,1,3.4,simple,market,market,buy,buy_to_open,day,,,filled,False,,,,,,access_key,2026-06-22T20:00:00Z
a8b945ef-5035-4059-b8a1-07c1b4cacca3,8a922cdc-13a8-4043-acd2-400d7b5a4957,2026-06-22T15:17:15.984162Z,2026-06-22T15:17:15.999488Z,2026-06-22T15:17:15.989305Z,2026-06-22T15:17:15.997528Z,,,,,,,e06adfaa-b55a-4827-9983-9cc6d94eafa5,GM260717C00082500,us_option,,1,1,3.6,simple,market,market,buy,buy_to_open,day,,,filled,False,,,,,,access_key,2026-06-22T20:00:00Z
7bbdb731-6982-4a65-95e3-a1d256c38851,dfe14c58-8dc3-43eb-aca0-a0cfd4223a56,2026-06-22T15:16:54.041359Z,2026-06-22T15:16:54.106671Z,2026-06-22T15:16:54.049685Z,2026-06-22T15:16:54.104661Z,,,,,,,08606c16-6ba4-442f-9d4a-1450e7b43df6,IONQ260717C00060000,us_option,,1,1,4.45,simple,market,market,buy,buy_to_open,day,,,filled,False,,,,,,access_key,2026-06-22T20:00:00Z
9b005c53-e207-4bc3-b857-93aa73ccad40,d9bbd63b-a9ce-423d-9682-5435abad8711,2026-06-22T14:41:40.550979Z,2026-06-22T14:41:40.652557Z,2026-06-22T14:41:40.556048Z,2026-06-22T14:41:40.650187Z,,,,,,,43f06ff4-a17e-4442-bc42-3dfa18218dcc,AMZN260710P00232500,us_option,,1,1,5.1,simple,market,market,buy,buy_to_open,day,,,filled,False,,,,,,access_key,2026-06-22T20:00:00Z
ec98d01d-d803-45fc-9f19-641f18dbe011,b9aaa7cb-b2e9-402a-a606-cc116503e3df,2026-06-22T14:41:23.680635Z,2026-06-22T14:41:23.721605Z,2026-06-22T14:41:23.686209Z,2026-06-22T14:41:23.719621Z,,,,,,,f76b3609-fe69-4868-be50-d40fd9515b9d,CRM260710P00149000,us_option,,1,1,4.8,simple,market,market,buy,buy_to_open,day,,,filled,False,,,,,,access_key,2026-06-22T20:00:00Z
2484cdd1-cb0d-4c40-a3de-2f3d4c9302f6,36909950-655a-477b-8a28-dbd56eb7f8bc,2026-06-22T14:41:07.761515Z,2026-06-22T14:41:07.893896Z,2026-06-22T14:41:07.770969Z,2026-06-22T14:41:07.89164Z,,,,,,,8602b8a4-ea84-4404-9984-eccb01461546,SPY260706C00755000,us_option,,1,1,3.8,simple,market,market,buy,buy_to_open,day,,,filled,False,,,,,,access_key,2026-06-22T20:15:00Z
7057fdbb-feda-4365-b6af-f611df885330,fc3c9141-3d8d-4ce6-a5c4-3e1bc36a8fac,2026-06-22T14:40:50.811734Z,2026-06-22T14:40:50.929513Z,2026-06-22T14:40:50.81651Z,2026-06-22T14:40:50.927404Z,,,,,,,8e18c981-4427-4461-8ec5-dd3d6c8f0d10,RTX260717P00180000,us_option,,1,1,4.4,simple,market,market,buy,buy_to_open,day,,,filled,False,,,,,,access_key,2026-06-22T20:00:00Z
e6b4ccd9-1d29-4341-80db-6917fc89720e,867fe3c2-e7bf-469b-ba15-c038b801f9ae,2026-06-22T14:40:34.867468Z,2026-06-22T14:40:34.893156Z,2026-06-22T14:40:34.873168Z,2026-06-22T14:40:34.890948Z,,,,,,,d071c247-2772-4a98-8599-2a06374b1bf8,JNJ260710P00230000,us_option,,1,1,4.85,simple,market,market,buy,buy_to_open,day,,,filled,False,,,,,,access_key,2026-06-22T20:00:00Z
1b0ffb5c-4490-4f17-ba89-8401ea92a1b1,d7d4ee51-6d20-433f-beca-105202d2b077,2026-06-22T14:40:17.41548Z,2026-06-22T14:40:17.499916Z,2026-06-22T14:40:17.420132Z,2026-06-22T14:40:17.497967Z,,,,,,,f3b23c05-30c0-491d-9728-4951872030fa,CVX260710P00175000,us_option,,1,1,5,simple,market,market,buy,buy_to_open,day,,,filled,False,,,,,,access_key,2026-06-22T20:00:00Z
b5afa50d-6374-457f-aa36-8b9e45495ad9,432b5657-d1b5-47a8-b90c-b7f1a28e732e,2026-06-22T14:39:58.315948Z,2026-06-22T14:39:58.461996Z,2026-06-22T14:39:58.320985Z,2026-06-22T14:39:58.459873Z,,,,,,,9a71af32-f08a-487d-9bee-59172297d415,DIS260710C00104000,us_option,,2,2,1.7,simple,market,market,buy,buy_to_open,day,,,filled,False,,,,,,access_key,2026-06-22T20:00:00Z
5b39afe4-d5cb-49a2-abdf-d6b78f3ef646,b9e22a7d-ca2c-4d66-8e90-c8bb81ba3f8a,2026-06-22T14:39:41.62949Z,2026-06-22T14:39:41.698031Z,2026-06-22T14:39:41.634156Z,2026-06-22T14:39:41.696013Z,,,,,,,cd6e1e1a-3627-492c-920d-dc476c9fba8a,TGT260717C00135000,us_option,,1,1,3.05,simple,market,market,buy,buy_to_open,day,,,filled,False,,,,,,access_key,2026-06-22T20:00:00Z
3085dadc-e8c9-44b3-b15c-22a7f79e9338,4bf4c6e4-3f39-47e3-82a7-18e51c9e95d3,2026-06-22T14:39:26.92224Z,2026-06-22T14:39:27.074384Z,2026-06-22T14:39:26.929823Z,2026-06-22T14:39:27.072125Z,,,,,,,a24d86ca-0073-4422-b4b2-b97986effc18,F260710C00014500,us_option,,1,1,0.51,simple,market,market,buy,buy_to_open,day,,,filled,False,,,,,,access_key,2026-06-22T20:00:00Z
a5386b00-f80e-4308-99c9-ba732fa16621,b69a75ee-a599-4314-8d26-66ffbf37eff0,2026-06-22T14:39:09.711681Z,2026-06-22T14:39:09.809649Z,2026-06-22T14:39:09.716853Z,2026-06-22T14:39:09.807685Z,,,,,,,b5a28575-8045-443b-910f-bd3b16da2923,COP260717P00110000,us_option,,1,1,4.15,simple,market,market,buy,buy_to_open,day,,,filled,False,,,,,,access_key,2026-06-22T20:00:00Z
ff0ea881-cf69-45e1-8758-d85959e6b491,7b39cc48-1c39-41e7-a80b-65df1eefe6c2,2026-06-22T14:38:55.046918Z,2026-06-22T14:38:55.104638Z,2026-06-22T14:38:55.052525Z,2026-06-22T14:38:55.102575Z,,,,,,,5c4384d8-52a3-41c6-be87-e34854259e00,NVDA260717C00220000,us_option,,1,1,4.3,simple,market,market,buy,buy_to_open,day,,,filled,False,,,,,,access_key,2026-06-22T20:00:00Z
1b4a5dfb-a69b-4a5c-a6af-064023161272,efdf9e45-8809-4d5f-9dcd-afb8d7012ab6,2026-06-22T14:38:40.938036Z,2026-06-22T14:38:41.065338Z,2026-06-22T14:38:40.946046Z,2026-06-22T14:38:41.063266Z,,,,,,,2dc57bd8-9285-4899-a325-fa4829878ece,WMT260717P00120000,us_option,,1,1,4.6,simple,market,market,buy,buy_to_open,day,,,filled,False,,,,,,access_key,2026-06-22T20:00:00Z
308ab83c-d73e-47a2-ad07-d116df6ae6a4,3b9507c7-6be2-4ef1-857e-510bb5ec165f,2026-06-22T14:38:27.224343Z,2026-06-22T14:38:27.270878Z,2026-06-22T14:38:27.229477Z,2026-06-22T14:38:27.26879Z,,,,,,,7c9621e0-986f-44d7-95d3-7e6429535af0,CVS260717C00100000,us_option,,1,1,4.35,simple,market,market,buy,buy_to_open,day,,,filled,False,,,,,,access_key,2026-06-22T20:00:00Z
f0e4a60b-ca96-4978-869d-baff44b06385,048c7a92-bf54-469b-a63a-b1bcb488dd61,2026-06-22T14:38:13.878071Z,2026-06-22T14:38:13.911503Z,2026-06-22T14:38:13.88688Z,2026-06-22T14:38:13.909239Z,,,,,,,98b9bf45-bda9-4e37-8a47-bdca923907a8,UBER260717P00072500,us_option,,1,1,3.25,simple,market,market,buy,buy_to_open,day,,,filled,False,,,,,,access_key,2026-06-22T20:00:00Z
ec2e82fe-49c5-4781-af6e-57ed63cfa2e3,869a19b5-da1a-46a8-a5d5-1ec1dbff92cf,2026-06-22T14:37:59.299437Z,2026-06-22T14:37:59.436817Z,2026-06-22T14:37:59.304035Z,2026-06-22T14:37:59.434615Z,,,,,,,baec2064-15f5-4649-b555-7d6a3ce894f6,GM260717C00085000,us_option,,2,2,2.35,simple,market,market,buy,buy_to_open,day,,,filled,False,,,,,,access_key,2026-06-22T20:00:00Z
98a55757-b2f3-4f09-aeab-66d7f1e943f4,0ddae27a-fcf8-48e3-9400-3ccb88faeb55,2026-06-22T14:37:45.163449Z,2026-06-22T14:37:45.200178Z,2026-06-22T14:37:45.168867Z,2026-06-22T14:37:45.197991Z,,,,,,,725a1d9b-0156-40fd-9af5-f604d96afa25,MDT260717P00080000,us_option,,1,1,3.25,simple,market,market,buy,buy_to_open,day,,,filled,False,,,,,,access_key,2026-06-22T20:00:00Z
96e3ed0c-949e-4aab-887a-dec68433d9f9,b450f02b-42eb-4db0-8a0a-0cc46c8461ac,2026-06-22T14:37:31.726502Z,2026-06-22T14:37:31.791579Z,2026-06-22T14:37:31.734708Z,2026-06-22T14:37:31.789576Z,,,,,,,679951fd-f5bf-4094-a71b-becec85767fd,ABT260717P00087500,us_option,,1,1,3.5,simple,market,market,buy,buy_to_open,day,,,filled,False,,,,,,access_key,2026-06-22T20:00:00Z
e6685a86-a929-41e3-b012-d00abdc80f77,2fc7cb67-2a5e-4698-bb79-5d73c481639e,2026-06-22T14:37:19.252997Z,2026-06-22T14:37:19.269497Z,2026-06-22T14:37:19.258483Z,2026-06-22T14:37:19.267756Z,,,,,,,fec9b7b1-3930-41e9-a0d2-c3d073dfe56b,MMM260717C00165000,us_option,,1,1,4.25,simple,market,market,buy,buy_to_open,day,,,filled,False,,,,,,access_key,2026-06-22T20:00:00Z
a7925420-7ef5-4ea1-ae2e-4102c90f8616,4038e8c9-f1d9-49c3-b3d2-dbe54f978af0,2026-06-22T14:37:06.36735Z,2026-06-22T14:37:06.463782Z,2026-06-22T14:37:06.377111Z,2026-06-22T14:37:06.461283Z,,,,,,,83ad2569-47ed-4f8c-9ceb-cab6c285e56a,IWM260710C00300000,us_option,,1,1,4.76,simple,market,market,buy,buy_to_open,day,,,filled,False,,,,,,access_key,2026-06-22T20:15:00Z
f2b29fd7-7157-43a9-bd32-1944ce2b4956,a3fc8d11-3ab6-4b2f-9ed8-bc738afecca2,2026-06-22T14:36:53.208894Z,2026-06-22T14:36:53.312531Z,2026-06-22T14:36:53.213979Z,2026-06-22T14:36:53.310351Z,,,,,,,76777315-38e3-41e6-a1e9-ed1931964576,OXY260717P00052500,us_option,,1,1,2.52,simple,market,market,buy,buy_to_open,day,,,filled,False,,,,,,access_key,2026-06-22T20:00:00Z
7b3c60b9-819d-4d9a-bfa0-4ebd7fe10796,5120c6e6-69c4-4e79-84c8-68262f5d6767,2026-06-22T14:36:41.376663Z,2026-06-22T14:36:41.435886Z,2026-06-22T14:36:41.381653Z,2026-06-22T14:36:41.433608Z,,,,,,,cfcd295f-3625-48ff-a0dc-26f8e2be831e,AAPL260710C00305000,us_option,,1,1,4.55,simple,market,market,buy,buy_to_open,day,,,filled,False,,,,,,access_key,2026-06-22T20:00:00Z
71d28595-16b2-4713-ba83-e0b254935720,55e743aa-7bbb-4e33-9284-7e28a627a66b,2026-06-22T14:36:27.517511Z,2026-06-22T14:36:27.585224Z,2026-06-22T14:36:27.522504Z,2026-06-22T14:36:27.582937Z,,,,,,,7f1e7d9c-84d0-4d32-bbbd-4c6e3e94fe83,MO260717C00070000,us_option,,2,2,1.83,simple,market,market,buy,buy_to_open,day,,,filled,False,,,,,,access_key,2026-06-22T20:00:00Z
c6b98096-d727-426d-8bad-895f75a20ea2,e03d1dc0-d348-4d5d-ad65-742abffea3db,2026-06-22T14:36:15.996287Z,2026-06-22T14:36:16.107997Z,2026-06-22T14:36:16.005293Z,2026-06-22T14:36:16.105517Z,,,,,,,a5dc43c4-348b-4e13-b3ab-d352ef2c780a,SCHW260717P00092500,us_option,,1,1,3.1,simple,market,market,buy,buy_to_open,day,,,filled,False,,,,,,access_key,2026-06-22T20:00:00Z
e0b15235-5db5-4ea2-8886-a7bee7d6bdcf,a7e4b2f6-df84-4c0e-bc9c-c4110420de3a,2026-06-22T14:36:03.522236Z,2026-06-22T14:36:03.589147Z,2026-06-22T14:36:03.527805Z,2026-06-22T14:36:03.587059Z,,,,,,,77e75562-ccea-48b7-b6c0-887fb73a7cb9,SOFI260710C00017500,us_option,,1,1,0.87,simple,market,market,buy,buy_to_open,day,,,filled,False,,,,,,access_key,2026-06-22T20:00:00Z
4a2f4fa3-cf57-45ec-a1c8-68f47f58540f,2690a452-675a-485f-bdd4-27a83c1138db,2026-06-22T14:35:52.406481Z,2026-06-22T14:35:52.462478Z,2026-06-22T14:35:52.412262Z,2026-06-22T14:35:52.460467Z,,,,,,,29e4a680-b196-4ddd-b2d6-0eb097a5b8c5,MRK260717P00115000,us_option,,1,1,4,simple,market,market,buy,buy_to_open,day,,,filled,False,,,,,,access_key,2026-06-22T20:00:00Z
543e0eec-f2d5-4405-82b7-1f4cb16a42b4,37122dff-3e72-4e92-bb3a-a7b155a37b30,2026-06-22T14:35:41.529073Z,2026-06-22T14:35:41.559605Z,2026-06-22T14:35:41.534579Z,2026-06-22T14:35:41.557559Z,,,,,,,b402386c-e24d-4498-9548-a42c08c0a3a2,NFLX260710P00075000,us_option,,2,2,2.33,simple,market,market,buy,buy_to_open,day,,,filled,False,,,,,,access_key,2026-06-22T20:00:00Z
4baf3898-0f83-497b-8c8f-d519d01e2c63,01637adf-0ab5-49eb-a847-2412fb296c66,2026-06-22T14:03:57.054129Z,2026-06-22T14:03:57.160118Z,2026-06-22T14:03:57.060359Z,2026-06-22T14:03:57.158182Z,,,,,,,1a769267-5919-4c27-aa05-682e54dd4ca4,SAP260717P00147000,us_option,,1,1,4.3,simple,market,market,buy,buy_to_open,day,,,filled,False,,,,,,access_key,2026-06-22T20:00:00Z
fbafc4bc-85dc-45fb-88d8-327f4b8d7c35,4979a690-cd7f-4734-97e0-a827bbc3b028,2026-06-22T14:03:46.988566Z,2026-06-22T14:03:47.073274Z,2026-06-22T14:03:46.993581Z,2026-06-22T14:03:47.070961Z,,,,,,,d1309536-7d29-4b24-a6f7-cd899eec24ea,CRM260710P00150000,us_option,,1,1,4.55,simple,market,market,buy,buy_to_open,day,,,filled,False,,,,,,access_key,2026-06-22T20:00:00Z
80098587-047a-4daa-b1e4-47eeb87834b7,957c5be9-f152-45a7-a146-df0c53bc9eac,2026-06-22T14:03:35.574672Z,2026-06-22T14:03:35.699577Z,2026-06-22T14:03:35.580469Z,2026-06-22T14:03:35.697536Z,,,,,,,8eac958a-bcb6-4f96-90b5-66dc6030a1e8,AMZN260710P00235000,us_option,,1,1,4.95,simple,market,market,buy,buy_to_open,day,,,filled,False,,,,,,access_key,2026-06-22T20:00:00Z
40354979-ed6b-4b12-b14d-d1ebc51d25ec,f45b6b79-4024-4c18-9593-65a8d9d98e11,2026-06-22T14:03:26.050384Z,2026-06-22T14:03:26.180565Z,2026-06-22T14:03:26.055464Z,2026-06-22T14:03:26.178143Z,,,,,,,551207e5-373f-447d-8d9b-39623b9ced49,OXY260717P00050000,us_option,,2,2,1.28,simple,market,market,buy,buy_to_open,day,,,filled,False,,,,,,access_key,2026-06-22T20:00:00Z
356bde1e-775a-42bc-95cb-d4295a650967,58402fee-3bb3-46b0-bb04-3cb808cbb691,2026-06-22T14:03:15.260717Z,2026-06-22T14:03:15.350647Z,2026-06-22T14:03:15.265363Z,2026-06-22T14:03:15.348228Z,,,,,,,5858992a-d50d-483f-93ed-f895398fa73d,XOM260717P00135000,us_option,,1,1,3.05,simple,market,market,buy,buy_to_open,day,,,filled,False,,,,,,access_key,2026-06-22T20:00:00Z
262ca456-5433-4afb-a639-48c726a983f8,0ec2a326-d99e-4966-afff-3a6fb4cdb4d5,2026-06-22T14:03:06.168915Z,2026-06-22T14:03:06.264685Z,2026-06-22T14:03:06.174044Z,2026-06-22T14:03:06.262584Z,,,,,,,dee5aefd-35bb-48f0-a2e5-be31290df775,ZM260717P00085000,us_option,,1,1,3.15,simple,market,market,buy,buy_to_open,day,,,filled,False,,,,,,access_key,2026-06-22T20:00:00Z
cad70d5d-4043-4c05-9d8f-22c1849191f1,d1e5db9e-c8de-4cf6-89af-4ca49da2e254,2026-06-22T14:02:56.994729Z,2026-06-22T14:02:57.080251Z,2026-06-22T14:02:56.99941Z,2026-06-22T14:02:57.078092Z,,,,,,,5ff20df9-1ac5-4077-944f-a868c4ba01d3,GSK260717P00051000,us_option,,2,2,1.5,simple,market,market,buy,buy_to_open,day,,,filled,False,,,,,,access_key,2026-06-22T20:00:00Z
db983a91-4b82-4aeb-8f8b-6898f7e8f985,fb475bf0-d907-4546-9ca8-34a58fac8cbb,2026-06-22T14:02:46.597618Z,2026-06-22T14:02:46.658628Z,2026-06-22T14:02:46.602592Z,2026-06-22T14:02:46.656528Z,,,,,,,84a27274-4d57-48f2-be7b-ed4e9d1e5fe3,DIA260710C00522000,us_option,,1,1,4.5,simple,market,market,buy,buy_to_open,day,,,filled,False,,,,,,access_key,2026-06-22T20:15:00Z
44d0b6da-f4bc-410c-aabe-2c3f120f7660,b76ce63d-5f7b-495c-9786-0e341634dd9a,2026-06-22T14:02:36.498975Z,2026-06-22T14:02:36.622844Z,2026-06-22T14:02:36.507285Z,2026-06-22T14:02:36.620419Z,,,,,,,e8b5aa5f-b3c9-417d-8c02-090d13e27727,PLTR260710P00125000,us_option,,1,1,4.1,simple,market,market,buy,buy_to_open,day,,,filled,False,,,,,,access_key,2026-06-22T20:00:00Z
ee1d35a5-6b48-4f88-bced-785b0d69ce18,2ebda429-d6d0-4964-bc1d-e7872ec35d05,2026-06-22T14:02:28.707263Z,2026-06-22T14:02:28.792037Z,2026-06-22T14:02:28.714302Z,2026-06-22T14:02:28.78983Z,,,,,,,1a14ccdb-78a3-4486-8cb5-1b65e6b4fbe1,NVDA260710C00220000,us_option,,1,1,4.35,simple,market,market,buy,buy_to_open,day,,,filled,False,,,,,,access_key,2026-06-22T20:00:00Z
54f5dd60-02fc-4d03-8838-acf96f9427c7,3b014d0c-9a3e-4f8e-8d62-3d2b87a962ad,2026-06-22T14:02:21.148422Z,2026-06-22T14:02:21.279718Z,2026-06-22T14:02:21.157561Z,2026-06-22T14:02:21.277767Z,,,,,,,f7c1f8bb-24a6-4fc1-9de3-51f103cc6329,CSCO260710C00122000,us_option,,1,1,3.75,simple,market,market,buy,buy_to_open,day,,,filled,False,,,,,,access_key,2026-06-22T20:00:00Z
b8a2e937-44a0-4fe9-877a-ba7f55be3223,4e0b8018-4484-455d-9344-1250e174b232,2026-06-22T14:02:13.60255Z,2026-06-22T14:02:13.686591Z,2026-06-22T14:02:13.608278Z,2026-06-22T14:02:13.68454Z,,,,,,,dbf7920c-ebea-4e9b-ad24-3a3c7c23863d,KO260717P00080000,us_option,,2,2,2.03,simple,market,market,buy,buy_to_open,day,,,filled,False,,,,,,access_key,2026-06-22T20:00:00Z
b54d8306-c795-40fe-b4e9-a96d13c04e33,56d506aa-b811-4e36-96af-36314c19296d,2026-06-22T14:02:06.036781Z,2026-06-22T14:02:06.149616Z,2026-06-22T14:02:06.045541Z,2026-06-22T14:02:06.14727Z,,,,,,,5351ab35-b9ad-4f23-b47f-852abb203ec6,C260710C00146000,us_option,,1,1,3.35,simple,market,market,buy,buy_to_open,day,,,filled,False,,,,,,access_key,2026-06-22T20:00:00Z
4e2dfe4c-aa77-4e91-8bd5-02b27b76059f,c3fe02cf-f3b7-4a21-b6b7-f6b2574ea90e,2026-06-22T14:01:55.879761Z,2026-06-22T14:01:56.022686Z,2026-06-22T14:01:55.884703Z,2026-06-22T14:01:56.02065Z,,,,,,,607fd26c-7712-4e46-a2a2-a733ed5c932c,XLE260717P00054000,us_option,,2,2,1.65,simple,market,market,buy,buy_to_open,day,,,filled,False,,,,,,access_key,2026-06-22T20:15:00Z
35341ada-9002-40cc-9b3b-7c651840f827,d6a68473-33ac-4409-92d0-0e8a34372821,2026-06-22T14:01:48.964609Z,2026-06-22T14:01:49.049395Z,2026-06-22T14:01:48.97282Z,2026-06-22T14:01:49.047035Z,,,,,,,ab359bd1-b000-4e45-8a04-50eeeab44e3a,NFLX260710P00077000,us_option,,2,2,2.17,simple,market,market,buy,buy_to_open,day,,,filled,False,,,,,,access_key,2026-06-22T20:00:00Z
deee91e0-5dbf-49c7-91b0-d2d38d2ee0d7,6ad4faed-be7d-4ce0-9dfd-509fd656cf61,2026-06-22T14:01:40.454489Z,2026-06-22T14:01:40.551602Z,2026-06-22T14:01:40.458783Z,2026-06-22T14:01:40.549534Z,,,,,,,d5a05818-3aac-4d1f-a7ac-cd5caa002868,IWM260710C00303000,us_option,,1,1,4.01,simple,market,market,buy,buy_to_open,day,,,filled,False,,,,,,access_key,2026-06-22T20:15:00Z
e51f830c-5de9-43d6-aadc-febae9f1d8fb,2c7e9398-643a-4d1f-bb6e-14dd3581d3be,2026-06-22T14:01:33.814232Z,2026-06-22T14:01:33.878881Z,2026-06-22T14:01:33.823198Z,2026-06-22T14:01:33.876461Z,,,,,,,2df9e038-0a23-4399-ad32-02645f33d70d,LYFT260717C00015000,us_option,,2,2,0.65,simple,market,market,buy,buy_to_open,day,,,filled,False,,,,,,access_key,2026-06-22T20:00:00Z
7ecd1c03-594e-480f-9a3a-945d47532b0a,f540e3d1-495b-4b56-8efd-2c37e8dcf2c3,2026-06-22T14:01:27.094955Z,2026-06-22T14:01:27.211236Z,2026-06-22T14:01:27.099625Z,2026-06-22T14:01:27.208986Z,,,,,,,51510797-1e1a-4401-8813-981437c9bee6,PFE260717P00025000,us_option,,2,2,0.51,simple,market,market,buy,buy_to_open,day,,,filled,False,,,,,,access_key,2026-06-22T20:00:00Z
33f21b2f-7335-4647-8614-7cc120a37f22,81d2e744-565f-4602-b23f-fad99f1b3c83,2026-06-22T14:01:19.675775Z,2026-06-22T14:01:19.79078Z,2026-06-22T14:01:19.680637Z,2026-06-22T14:01:19.788406Z,,,,,,,fdc08551-83fb-4132-8d92-725e07a9d80e,RIVN260717P00016000,us_option,,2,2,1.14,simple,market,market,buy,buy_to_open,day,,,filled,False,,,,,,access_key,2026-06-22T20:00:00Z
71e8330c-1cb9-4531-b1c3-a0dc41e5fec9,f71d07ae-c0c4-4934-a78b-94083fc22f80,2026-06-22T14:01:13.85319Z,2026-06-22T14:01:13.923143Z,2026-06-22T14:01:13.861054Z,2026-06-22T14:01:13.920897Z,,,,,,,bef33b4a-0c14-48d9-a229-b86901328827,DIS260717C00105000,us_option,,2,2,2.3,simple,market,market,buy,buy_to_open,day,,,filled,False,,,,,,access_key,2026-06-22T20:00:00Z
a9e0887a-18da-4662-ab2c-54389eb49c60,18a24f7f-4979-4c18-acf3-f0bcb1579573,2026-06-22T14:01:08.278436Z,2026-06-22T14:01:08.359914Z,2026-06-22T14:01:08.286315Z,2026-06-22T14:01:08.35765Z,,,,,,,f3b59087-203a-41c3-a0d5-a6d1058ab867,BAC260717C00057500,us_option,,2,2,1.66,simple,market,market,buy,buy_to_open,day,,,filled,False,,,,,,access_key,2026-06-22T20:00:00Z
49ffb6f0-d0d5-4438-9df7-7ef118d867a0,2adaf747-7122-4304-9558-96097855974a,2026-06-22T14:01:03.111729Z,2026-06-22T14:01:03.268546Z,2026-06-22T14:01:03.120994Z,2026-06-22T14:01:03.266601Z,,,,,,,e3dbf8bd-0ed0-491c-9ac2-974539ba6afa,UBER260717C00072500,us_option,,1,1,2.6,simple,market,market,buy,buy_to_open,day,,,filled,False,,,,,,access_key,2026-06-22T20:00:00Z
670336e2-59f3-4fa3-8f3e-947669ae8101,b8117373-60d8-481d-bb00-890988ccb4fc,2026-06-22T14:00:58.311374Z,2026-06-22T14:00:58.3592Z,2026-06-22T14:00:58.316924Z,2026-06-22T14:00:58.357247Z,,,,,,,e662c750-a10a-410b-925c-5b27ef934b70,SOFI260710C00018000,us_option,,2,2,0.99,simple,market,market,buy,buy_to_open,day,,,filled,False,,,,,,access_key,2026-06-22T20:00:00Z
6c1a1a48-0589-4d5b-829a-072092cead21,bf2f1cff-7259-49a1-8daa-1f553bd1b98f,2026-06-22T14:00:53.900275Z,2026-06-22T14:00:53.973021Z,2026-06-22T14:00:53.908307Z,2026-06-22T14:00:53.970923Z,,,,,,,8a9c89aa-8ba7-4252-9972-4a2f3e75fb45,NKE260717P00045000,us_option,,1,1,3.05,simple,market,market,buy,buy_to_open,day,,,filled,False,,,,,,access_key,2026-06-22T20:00:00Z
459e6ee7-8845-47bf-b4ef-51e5182f5fe1,3b636a79-28f5-4f7f-bef8-1349de85b5f4,2026-06-22T13:34:40.319242Z,2026-06-22T13:34:40.401797Z,2026-06-22T13:34:40.324184Z,2026-06-22T13:34:40.399612Z,,,,,,,14cc2cd4-31a8-49f8-83aa-e5ada30d0bbc,XLK260710C00192500,us_option,,3,3,5.8,simple,market,market,sell,sell_to_close,day,,,filled,False,,,,,,access_key,2026-06-22T20:15:00Z
c50b3ffc-7c79-4ef7-9a4f-e3d7cd2a9a5e,fecbfeb7-1510-4d13-83a6-c55c9030c27e,2026-06-22T13:34:39.802355Z,2026-06-22T13:34:39.842488Z,2026-06-22T13:34:39.807428Z,2026-06-22T13:34:39.840264Z,,,,,,,76777315-38e3-41e6-a1e9-ed1931964576,OXY260717P00052500,us_option,,3,3,1.94,simple,market,market,sell,sell_to_close,day,,,filled,False,,,,,,access_key,2026-06-22T20:00:00Z
6972b9a2-92d3-4be1-932e-3ab3e8adad02,8012820b-d90f-46ed-b3cb-1b97c2f18c72,2026-06-22T13:34:39.298637Z,2026-06-22T13:34:39.460294Z,2026-06-22T13:34:39.306253Z,2026-06-22T13:34:39.457836Z,,,,,,,ea5229bc-47ce-43df-8821-b51065b63e22,TGT260717P00130000,us_option,,3,3,2.48,simple,market,market,sell,sell_to_close,day,,,filled,False,,,,,,access_key,2026-06-22T20:00:00Z
e8e1554f-b64d-47de-8a8e-cedb2c028121,c2ef8df3-de2a-4e54-841f-760bb9f4cba1,2026-06-22T13:34:38.782859Z,2026-06-22T13:34:38.886223Z,2026-06-22T13:34:38.788519Z,2026-06-22T13:34:38.883474Z,,,,,,,7f864b3b-bc7e-4dc3-b8e3-19f35ea47bde,TSLA260710P00380000,us_option,,2,2,7.5,simple,market,market,sell,sell_to_close,day,,,filled,False,,,,,,access_key,2026-06-22T20:00:00Z
2d729e7a-9f4d-4ede-9d6b-e8921cb0b951,0f0b895e-2ace-41cf-9f13-ba8fca80ee27,2026-06-22T13:34:38.27308Z,2026-06-22T13:34:38.319838Z,2026-06-22T13:34:38.278451Z,2026-06-22T13:34:38.31774Z,,,,,,,60d86947-c8b2-47c8-8f69-cb3d83eab73c,COIN260717P00160000,us_option,,2,2,7.4,simple,market,market,sell,sell_to_close,day,,,filled,False,,,,,,access_key,2026-06-22T20:00:00Z
e44eeda6-fa15-42a9-95c6-c734503bba89,0ca069a8-95e5-425e-aece-0c2cb7e8be3e,2026-06-22T13:34:37.736868Z,2026-06-22T13:34:37.951616Z,2026-06-22T13:34:37.741931Z,2026-06-22T13:34:37.949575Z,,,,,,,98ef69e8-4a87-4279-a231-ee381702f4ba,INTC260717C00140000,us_option,,2,2,12.4,simple,market,market,sell,sell_to_close,day,,,filled,False,,,,,,access_key,2026-06-22T20:00:00Z
2a742ce8-d462-406e-996f-8a1c094d605e,32223ae4-c0a1-45e9-b144-9affc5b09ff2,2026-06-22T13:34:37.204509Z,2026-06-22T13:34:37.269121Z,2026-06-22T13:34:37.211935Z,2026-06-22T13:34:37.267116Z,,,,,,,25e4a550-a22a-4b44-8c75-97f702fdbd94,RTX260710C00185000,us_option,,2,2,4.05,simple,market,market,sell,sell_to_close,day,,,filled,False,,,,,,access_key,2026-06-22T20:00:00Z
f7c1e94a-f50e-41c0-9f6f-1bd028a2f2a4,f9a350e7-962a-40c5-9009-a668fa3ef2a8,2026-06-22T13:34:36.679989Z,2026-06-22T13:34:36.789509Z,2026-06-22T13:34:36.684866Z,2026-06-22T13:34:36.787093Z,,,,,,,fb3a1c0d-61af-4eee-b4e5-77ebce2f8bc3,AAPL260717C00300000,us_option,,2,2,7.3,simple,market,market,sell,sell_to_close,day,,,filled,False,,,,,,access_key,2026-06-22T20:00:00Z
12659f6f-e8ee-4edb-ae35-03420e44c726,defc159c-ef59-4e27-9c8b-70e6b4355564,2026-06-22T13:34:36.157267Z,2026-06-22T13:34:36.214322Z,2026-06-22T13:34:36.162788Z,2026-06-22T13:34:36.212112Z,,,,,,,e662c750-a10a-410b-925c-5b27ef934b70,SOFI260710C00018000,us_option,,2,2,0.63,simple,market,market,sell,sell_to_close,day,,,filled,False,,,,,,access_key,2026-06-22T20:00:00Z
5caafc0a-160c-4c01-8e5f-0fe35b3bc4c2,2cc88ce8-d957-4e61-82c8-bad71c1b2877,2026-06-22T13:34:35.636077Z,2026-06-22T13:34:35.761189Z,2026-06-22T13:34:35.642937Z,2026-06-22T13:34:35.759244Z,,,,,,,aa9dd669-0411-4f65-b6e6-a33d43b85d18,MSFT260710P00380000,us_option,,2,2,12.2,simple,market,market,sell,sell_to_close,day,,,filled,False,,,,,,access_key,2026-06-22T20:00:00Z
d24abdf4-a8e3-43f6-bfaa-e7ebb2d79ef8,ac054af6-dfeb-4a78-be7d-e3e4c7ccd835,2026-06-22T13:34:35.11208Z,2026-06-22T13:34:35.150709Z,2026-06-22T13:34:35.118359Z,2026-06-22T13:34:35.148541Z,,,,,,,bd45181c-204f-4c65-8fbd-4a5b5c09b24c,TLT260717C00081000,us_option,,1,1,5.35,simple,market,market,sell,sell_to_close,day,,,filled,False,,,,,,access_key,2026-06-22T20:15:00Z
bd0cac34-a271-4c2b-a2bd-0d8a85ee5710,726ce601-2c24-4eca-8d04-f9bb1c2a1969,2026-06-22T13:34:34.54661Z,2026-06-22T13:34:34.566804Z,2026-06-22T13:34:34.552495Z,2026-06-22T13:34:34.564688Z,,,,,,,b402386c-e24d-4498-9548-a42c08c0a3a2,NFLX260710P00075000,us_option,,3,3,1.72,simple,market,market,sell,sell_to_close,day,,,filled,False,,,,,,access_key,2026-06-22T20:00:00Z
23c0e28b-bf12-434a-a77d-19460f781f3d,5b4006ed-e2d8-4348-a8bb-703c721a6f5a,2026-06-22T13:34:34.005184Z,2026-06-22T13:34:34.120949Z,2026-06-22T13:34:34.017442Z,2026-06-22T13:34:34.118728Z,,,,,,,5f06c10d-4411-4f05-9f64-2c47bddbf658,INTC260710C00135000,us_option,,2,2,12.5,simple,market,market,sell,sell_to_close,day,,,filled,False,,,,,,access_key,2026-06-22T20:00:00Z
b66ddd0f-3182-4704-938b-efca2f1bb1fc,727f4aba-4d8b-4e8a-8dd0-329b47355537,2026-06-22T13:34:33.490298Z,2026-06-22T13:34:33.55041Z,2026-06-22T13:34:33.495602Z,2026-06-22T13:34:33.547856Z,,,,,,,2417533f-aeb8-4e7b-9f16-1914002449d0,IWM260702C00295000,us_option,,1,1,6.56,simple,market,market,sell,sell_to_close,day,,,filled,False,,,,,,access_key,2026-06-22T20:15:00Z
4d27320f-0dfc-41fc-ae30-e52f2ebdc458,781c8f80-a015-4420-bd0c-f771126c8ebb,2026-06-22T13:34:32.961522Z,2026-06-22T13:34:32.986047Z,2026-06-22T13:34:32.966681Z,2026-06-22T13:34:32.983731Z,,,,,,,73786405-6a5f-4432-8201-2bae773f6f34,CAT260702C01010000,us_option,,1,1,25.15,simple,market,market,sell,sell_to_close,day,,,filled,False,,,,,,access_key,2026-06-22T20:00:00Z
f9b8c9df-52a6-4e35-b546-05a141b59a85,42462598-79b2-4f19-b093-8e670ab3a0aa,2026-06-22T13:34:32.422753Z,2026-06-22T13:34:32.52162Z,2026-06-22T13:34:32.428787Z,2026-06-22T13:34:32.517277Z,,,,,,,6d8494e4-fbf0-4b24-b841-de57b08ebf75,LYFT260717C00014000,us_option,,2,2,0.65,simple,market,market,sell,sell_to_close,day,,,filled,False,,,,,,access_key,2026-06-22T20:00:00Z
5e26d6ee-3858-455b-86cb-13785c70f4b8,b8167c3e-5ac9-4a57-9803-3be839fd3080,2026-06-22T13:34:31.910598Z,2026-06-22T13:34:32.038899Z,2026-06-22T13:34:31.915981Z,2026-06-22T13:34:32.036498Z,,,,,,,d18bed1f-ac35-4299-9662-ba4bb4b50d40,C260710C00127000,us_option,,1,1,17.6,simple,market,market,sell,sell_to_close,day,,,filled,False,,,,,,access_key,2026-06-22T20:00:00Z
8e3c068c-8a7b-400f-860e-47cfecad20ca,317359b0-2192-411b-bff6-04a5650d5792,2026-06-22T13:34:31.367371Z,2026-06-22T13:34:31.461373Z,2026-06-22T13:34:31.375989Z,2026-06-22T13:34:31.458651Z,,,,,,,213d7ccc-fcb9-4b83-954d-2fe28d62a0f7,PG260717C00155000,us_option,,1,1,1.35,simple,market,market,sell,sell_to_close,day,,,filled,False,,,,,,access_key,2026-06-22T20:00:00Z
39d74ec4-503d-4a48-a417-55057a32560f,35c4e03e-4268-42ae-8958-b597099ecf6d,2026-06-22T13:34:30.784764Z,2026-06-22T13:34:30.862869Z,2026-06-22T13:34:30.789355Z,2026-06-22T13:34:30.860982Z,,,,,,,a2e5b48f-3e37-4d50-a056-dac7b7f7201f,AMD260702C00550000,us_option,,1,1,24.8,simple,market,market,sell,sell_to_close,day,,,filled,False,,,,,,access_key,2026-06-22T20:00:00Z
96acbe23-840f-47e7-9dbe-c12967e69dfc,c06b5ec7-47db-41bb-928c-9d2ca2066d8e,2026-06-22T13:34:30.256343Z,2026-06-22T13:34:30.377227Z,2026-06-22T13:34:30.268182Z,2026-06-22T13:34:30.372838Z,,,,,,,d4e9f156-703b-4cb6-a201-354bcfbcd636,XLK260702C00173000,us_option,,1,1,19.7,simple,market,market,sell,sell_to_close,day,,,filled,False,,,,,,access_key,2026-06-22T20:15:00Z
3845d9ed-fa9b-46db-aa6a-6936a29b389d,dd066afd-3f46-411f-a5b1-792ff590d928,2026-06-22T13:34:29.716091Z,2026-06-22T13:34:29.758383Z,2026-06-22T13:34:29.727846Z,2026-06-22T13:34:29.756532Z,,,,,,,89b1ff42-328f-4f51-bbb9-33a3dad0e65b,V260717C00335000,us_option,,2,2,4.95,simple,market,market,sell,sell_to_close,day,,,filled,False,,,,,,access_key,2026-06-22T20:00:00Z
e0902bf8-9e14-417b-ba47-9387373e6fa4,a730cad5-ad6c-4293-a8e8-5f60edbf2c8d,2026-06-22T13:34:29.141551Z,2026-06-22T13:34:29.30465Z,2026-06-22T13:34:29.149482Z,2026-06-22T13:34:29.302545Z,,,,,,,abae3191-ae63-4ab7-b5f7-469c04308402,JPM260717C00335000,us_option,,2,2,6.05,simple,market,market,sell,sell_to_close,day,,,filled,False,,,,,,access_key,2026-06-22T20:00:00Z
dc618561-8fbc-4b84-845e-59b91e79ecab,6af3def6-fa21-4598-a458-e4b2b4815f17,2026-06-22T13:34:28.615334Z,2026-06-22T13:34:28.689866Z,2026-06-22T13:34:28.620798Z,2026-06-22T13:34:28.687453Z,,,,,,,4f75e487-d09d-49f8-a791-1b9ddbd33740,RTX260717C00190000,us_option,,2,2,2.84,simple,market,market,sell,sell_to_close,day,,,filled,False,,,,,,access_key,2026-06-22T20:00:00Z
be39b8bd-705b-4b00-860d-5b0e905fa6fd,2c937cdf-5424-411f-9bff-18563f4e0917,2026-06-22T13:34:28.045521Z,2026-06-22T13:34:28.083678Z,2026-06-22T13:34:28.050519Z,2026-06-22T13:34:28.081749Z,,,,,,,f5c2053c-819f-4ada-a269-1794fdfdc689,DIA260702C00518000,us_option,,1,1,4.8,simple,market,market,sell,sell_to_close,day,,,filled,False,,,,,,access_key,2026-06-22T20:15:00Z
60c4911b-e179-4712-9f49-6b0016efad3e,9e650f75-77fb-441e-96ac-eab54375e4ae,2026-06-22T13:34:27.517007Z,2026-06-22T13:34:27.612466Z,2026-06-22T13:34:27.525427Z,2026-06-22T13:34:27.610398Z,,,,,,,2b71c38d-3907-444a-ad8c-dfab90d17c2a,UBER260717P00080000,us_option,,1,1,8.4,simple,market,market,sell,sell_to_close,day,,,filled,False,,,,,,access_key,2026-06-22T20:00:00Z
94600596-96b4-4a78-bb45-d98b3b4be9c2,f1092366-2ca1-4bb6-b9c6-739de4ec04da,2026-06-22T13:34:26.983497Z,2026-06-22T13:34:27.03791Z,2026-06-22T13:34:26.989717Z,2026-06-22T13:34:27.035836Z,,,,,,,0ffffe28-9209-4d1c-a779-8731b9ab9da2,AVGO260717C00410000,us_option,,1,1,17.65,simple,market,market,sell,sell_to_close,day,,,filled,False,,,,,,access_key,2026-06-22T20:00:00Z
1cc1048d-2e4e-49eb-9d97-0d4231ea7d85,d4f4f2f5-b34c-42fb-93c9-45f2dbcc1ad2,2026-06-22T13:34:26.465261Z,2026-06-22T13:34:26.523072Z,2026-06-22T13:34:26.472845Z,2026-06-22T13:34:26.520922Z,,,,,,,7003af95-f226-41d1-93f0-c5c1f0f9fe3f,TSLA260717P00390000,us_option,,1,1,13.4,simple,market,market,sell,sell_to_close,day,,,filled,False,,,,,,access_key,2026-06-22T20:00:00Z
17142221-b626-4996-b699-da56e9dc1cb2,4c650d5b-3506-4f7a-89d8-13bea2281cfa,2026-06-22T13:34:25.944704Z,2026-06-22T13:34:26.043487Z,2026-06-22T13:34:25.94948Z,2026-06-22T13:34:26.041124Z,,,,,,,1758514f-eaf5-4de3-b2c4-afffb752c1a1,INTU260717P00270000,us_option,,1,1,18.7,simple,market,market,sell,sell_to_close,day,,,filled,False,,,,,,access_key,2026-06-22T20:00:00Z
78bfde8f-feec-4b2c-93b1-494972adb52e,45daf8f8-3b85-4b3c-82ae-f1f20de0b113,2026-06-22T13:34:25.394145Z,2026-06-22T13:34:25.444529Z,2026-06-22T13:34:25.399749Z,2026-06-22T13:34:25.442674Z,,,,,,,cbaa68f8-cde5-4c7a-9caf-4d172c4a03c5,IBM260710P00250000,us_option,,2,2,9.15,simple,market,market,sell,sell_to_close,day,,,filled,False,,,,,,access_key,2026-06-22T20:00:00Z
b253acfc-b894-4b0b-94c6-b6f6c0172ee4,a627e65a-983d-4a2a-847e-abd1c7d1d347,2026-06-22T13:34:24.87813Z,2026-06-22T13:34:24.937562Z,2026-06-22T13:34:24.884141Z,2026-06-22T13:34:24.935162Z,,,,,,,6ae0feaa-6404-48b3-9146-294592754c74,IONQ260717P00055000,us_option,,3,3,4.2,simple,market,market,sell,sell_to_close,day,,,filled,False,,,,,,access_key,2026-06-22T20:00:00Z
6318995c-b792-45cc-84e1-4d3318468721,a35e27ad-c59d-4e30-b5f8-1768fc7013f2,2026-06-22T13:34:24.248227Z,2026-06-22T13:34:24.355111Z,2026-06-22T13:34:24.254335Z,2026-06-22T13:34:24.352726Z,,,,,,,449c3f78-7710-4dfb-9095-413a88f88151,QCOM260717C00230000,us_option,,1,1,14.05,simple,market,market,sell,sell_to_close,day,,,filled,False,,,,,,access_key,2026-06-22T20:00:00Z
1790ac51-7059-43d4-b81d-1e94e587b77d,913507b9-0270-4c1c-b0a9-c1803b4035b7,2026-06-22T13:34:23.668459Z,2026-06-22T13:34:23.772236Z,2026-06-22T13:34:23.673023Z,2026-06-22T13:34:23.769905Z,,,,,,,58aa4f99-4487-45da-906c-ec1cc87e43f7,QQQ260702C00740000,us_option,,1,1,13.65,simple,market,market,sell,sell_to_close,day,,,filled,False,,,,,,access_key,2026-06-22T20:15:00Z
30bf249d-c787-4199-82e9-af64b07c4d0e,03121e52-1b41-4521-9958-e1e3178bbff5,2026-06-22T13:34:23.155264Z,2026-06-22T13:34:23.29145Z,2026-06-22T13:34:23.161007Z,2026-06-22T13:34:23.289293Z,,,,,,,a68a4409-e079-4b1d-97f8-34456d67109f,CVX260717P00175000,us_option,,3,3,4.85,simple,market,market,sell,sell_to_close,day,,,filled,False,,,,,,access_key,2026-06-22T20:00:00Z
71cc77fb-f525-4b5f-855a-dd3560ab64a0,f32f1f32-b8c8-4ce1-af37-533e519de74e,2026-06-22T13:34:22.600039Z,2026-06-22T13:34:22.722343Z,2026-06-22T13:34:22.606864Z,2026-06-22T13:34:22.720265Z,,,,,,,036d9a18-353a-4a22-a969-747cdf9ac7ff,SOFI260717C00018000,us_option,,2,2,0.81,simple,market,market,sell,sell_to_close,day,,,filled,False,,,,,,access_key,2026-06-22T20:00:00Z
532f161c-5c69-4402-8c27-69895fee5223,5c932657-b48b-4129-b9b2-80a6b79e4b85,2026-06-22T13:34:22.085681Z,2026-06-22T13:34:22.256236Z,2026-06-22T13:34:22.090376Z,2026-06-22T13:34:22.254187Z,,,,,,,add926f0-9e2c-4f20-ad2e-bc59f71fa731,CRM260717P00155000,us_option,,2,2,8.9,simple,market,market,sell,sell_to_close,day,,,filled,False,,,,,,access_key,2026-06-22T20:00:00Z
8e3d0e66-0ab1-4178-af29-63dd915cafee,a0e2b32a-0d83-4964-8b81-40b03e745439,2026-06-22T13:34:21.549077Z,2026-06-22T13:34:21.777765Z,2026-06-22T13:34:21.554464Z,2026-06-22T13:34:21.77541Z,,,,,,,e8b5aa5f-b3c9-417d-8c02-090d13e27727,PLTR260710P00125000,us_option,,2,2,4.95,simple,market,market,sell,sell_to_close,day,,,filled,False,,,,,,access_key,2026-06-22T20:00:00Z
feb64c1a-d93e-406d-9a61-2554cc147b01,4757d861-85b9-4b1f-ba59-e5dcc3bf345a,2026-06-22T13:34:20.935277Z,2026-06-22T13:34:20.960159Z,2026-06-22T13:34:20.942664Z,2026-06-22T13:34:20.958026Z,,,,,,,47dfb3a0-3652-4745-8391-42f76c37bcfe,AMZN260710P00245000,us_option,,2,2,9.1,simple,market,market,sell,sell_to_close,day,,,filled,False,,,,,,access_key,2026-06-22T20:00:00Z
289dffb7-93da-422e-8881-556b19be81a1,fee6d4ca-5560-4cb9-8f32-1c8af3037a0f,2026-06-22T13:34:20.404372Z,2026-06-22T13:34:20.500497Z,2026-06-22T13:34:20.40901Z,2026-06-22T13:34:20.498382Z,,,,,,,8ef993a1-82b8-4e23-abe5-524dff095012,GOOGL260710P00375000,us_option,,1,1,22,simple,market,market,sell,sell_to_close,day,,,filled,False,,,,,,access_key,2026-06-22T20:00:00Z
490ea68b-9f17-4fe4-964c-8a0a77d541a7,cdc1e634-aea3-4ac6-a39f-f710459cb495,2026-06-22T13:34:19.882629Z,2026-06-22T13:34:19.902537Z,2026-06-22T13:34:19.887633Z,2026-06-22T13:34:19.900129Z,,,,,,,545fca62-7dea-4f92-8b3a-0b39b8ad16d9,INTC260710C00130000,us_option,,2,2,15.35,simple,market,market,sell,sell_to_close,day,,,filled,False,,,,,,access_key,2026-06-22T20:00:00Z
f72f95d8-153b-44ad-a2ca-2284fcba6109,98acc9be-7d5d-40ac-a314-a6a0ac4f79fb,2026-06-22T13:34:19.374229Z,2026-06-22T13:34:19.434576Z,2026-06-22T13:34:19.38012Z,2026-06-22T13:34:19.43248Z,,,,,,,ca3b9262-ab8d-4078-b44e-f8e9f2c2ba06,MSFT260710P00390000,us_option,,1,1,18.85,simple,market,market,sell,sell_to_close,day,,,filled,False,,,,,,access_key,2026-06-22T20:00:00Z
af7d7c61-b6f7-4745-9eba-fe7fcf850e81,42e9df23-780d-4797-9c8b-bf0115423c11,2026-06-22T13:34:18.86593Z,2026-06-22T13:34:18.941376Z,2026-06-22T13:34:18.871578Z,2026-06-22T13:34:18.939316Z,,,,,,,17b2113c-8371-4f78-9c75-f1ffc729f54c,BAC260710C00057000,us_option,,2,2,1.23,simple,market,market,sell,sell_to_close,day,,,filled,False,,,,,,access_key,2026-06-22T20:00:00Z
eb69eed0-6366-4494-b632-9414ad247119,57ffcb0a-b342-49e1-93df-16cd217fef6c,2026-06-22T13:34:18.338683Z,2026-06-22T13:34:18.375784Z,2026-06-22T13:34:18.344233Z,2026-06-22T13:34:18.37314Z,,,,,,,954a7a68-99e5-4e98-8741-7497d8441306,WFC260717P00080000,us_option,,2,2,1.2,simple,market,market,sell,sell_to_close,day,,,filled,False,,,,,,access_key,2026-06-22T20:00:00Z
9a523ea7-b30e-4717-9d21-3d0567c18dd8,3a50b34b-62d4-4c8a-9be4-4048f61b13d0,2026-06-22T13:34:17.812451Z,2026-06-22T13:34:17.9212Z,2026-06-22T13:34:17.817829Z,2026-06-22T13:34:17.919203Z,,,,,,,26847719-550a-46fc-8b23-89eba0e0928a,TLT260717C00083000,us_option,,2,2,3.4,simple,market,market,sell,sell_to_close,day,,,filled,False,,,,,,access_key,2026-06-22T20:15:00Z
53dbd40a-ece7-47e2-86eb-05607d1d8fb7,601e6ede-bec0-45ba-beef-efb7dfeb383b,2026-06-22T13:34:17.289993Z,2026-06-22T13:34:17.325386Z,2026-06-22T13:34:17.296268Z,2026-06-22T13:34:17.323304Z,,,,,,,37dc6509-0bb2-4130-9943-fee1fe6bdbc4,IWM260702C00294000,us_option,,1,1,7.32,simple,market,market,sell,sell_to_close,day,,,filled,False,,,,,,access_key,2026-06-22T20:15:00Z
edf996ad-5bcd-4bab-9759-9c29274effd3,168a6f3e-f9c0-46fe-9853-2b4a23fe535e,2026-06-22T13:34:16.765531Z,2026-06-22T13:34:16.861866Z,2026-06-22T13:34:16.770562Z,2026-06-22T13:34:16.859747Z,,,,,,,9c61269f-7062-4c5e-b941-4a176e430625,AAPL260710C00300000,us_option,,2,2,6.55,simple,market,market,sell,sell_to_close,day,,,filled,False,,,,,,access_key,2026-06-22T20:00:00Z
88ae66c0-cb04-4f20-9e0d-21b8b59d6a54,7f9f554e-65c6-4445-8ed2-36e3069c7c3d,2026-06-22T13:34:16.242804Z,2026-06-22T13:34:16.378812Z,2026-06-22T13:34:16.253955Z,2026-06-22T13:34:16.376864Z,,,,,,,4a30246c-ce7b-447b-a92e-8c43f241b38b,NVDA260710C00210000,us_option,,2,2,9.1,simple,market,market,sell,sell_to_close,day,,,filled,False,,,,,,access_key,2026-06-22T20:00:00Z
8c21bff7-e9b8-48bf-8f99-b37b3c01e9e3,70f571d2-c5e8-431d-93db-5d0fa0b1825f,2026-06-22T13:34:15.731923Z,2026-06-22T13:34:15.804597Z,2026-06-22T13:34:15.736892Z,2026-06-22T13:34:15.800783Z,,,,,,,8a9c89aa-8ba7-4252-9972-4a2f3e75fb45,NKE260717P00045000,us_option,,2,2,2.8,simple,market,market,sell,sell_to_close,day,,,filled,False,,,,,,access_key,2026-06-22T20:00:00Z
de2ded13-946c-4ef7-8410-e5c1aabb0fed,2e6259cc-7fbf-409f-9fc6-aba03b3e688c,2026-06-22T13:34:15.216262Z,2026-06-22T13:34:15.331231Z,2026-06-22T13:34:15.221344Z,2026-06-22T13:34:15.329107Z,,,,,,,3002e782-1512-4b58-9ef0-fe10f85c645b,ADBE260717P00210000,us_option,,1,1,17.95,simple,market,market,sell,sell_to_close,day,,,filled,False,,,,,,access_key,2026-06-22T20:00:00Z
44009366-c3a3-47d8-a683-d8ecf62f4aac,2c0570da-7ff4-4833-a7ef-115958e80ad8,2026-06-22T13:34:14.67806Z,2026-06-22T13:34:14.762732Z,2026-06-22T13:34:14.683441Z,2026-06-22T13:34:14.760702Z,,,,,,,81b93d30-d73b-4348-b3db-9ca7f5bab8fe,IONQ260717P00060000,us_option,,3,3,6.85,simple,market,market,sell,sell_to_close,day,,,filled,False,,,,,,access_key,2026-06-22T20:00:00Z
a34b26bd-0ee2-446d-b308-59f94d1150ae,41003b9d-4d88-4c66-8923-f7cdcc9d4c58,2026-06-22T13:34:14.127002Z,2026-06-22T13:34:14.264102Z,2026-06-22T13:34:14.132694Z,2026-06-22T13:34:14.258827Z,,,,,,,9726f287-c6d8-4c5a-883c-bed9d8a8dade,MO260717P00070000,us_option,,3,3,1.79,simple,market,market,sell,sell_to_close,day,,,filled,False,,,,,,access_key,2026-06-22T20:00:00Z
374e1edf-5416-4338-99dd-912ed699e2d4,28bcfcce-6896-47a4-83a4-339a67e0f52a,2026-06-22T13:34:13.388542Z,2026-06-22T13:34:13.447029Z,2026-06-22T13:34:13.393844Z,2026-06-22T13:34:13.444549Z,,,,,,,976433a9-6985-41b1-ba12-a207af2343a1,MSFT260717P00395000,us_option,,1,1,23.25,simple,market,market,sell,sell_to_close,day,,,filled,False,,,,,,access_key,2026-06-22T20:00:00Z
9625221a-8c94-4c45-8c99-6f6918be6952,03ffb413-c2c6-4f13-b3a8-48e9dcf75308,2026-06-22T13:34:12.75681Z,2026-06-22T13:34:12.884225Z,2026-06-22T13:34:12.773465Z,2026-06-22T13:34:12.882123Z,,,,,,,dbf7920c-ebea-4e9b-ad24-3a3c7c23863d,KO260717P00080000,us_option,,3,3,1.67,simple,market,market,sell,sell_to_close,day,,,filled,False,,,,,,access_key,2026-06-22T20:00:00Z
4bccd0a3-f984-4871-9b37-65e1b5ac63b4,50c87c2b-0251-492d-8519-3684d23a6bc3,2026-06-22T13:34:12.221427Z,2026-06-22T13:34:12.265711Z,2026-06-22T13:34:12.226828Z,2026-06-22T13:34:12.263768Z,,,,,,,167f21b3-5c73-4d3d-822d-b0a967feb7fd,F260717P00015000,us_option,,3,3,0.97,simple,market,market,sell,sell_to_close,day,,,filled,False,,,,,,access_key,2026-06-22T20:00:00Z
baddc908-a699-4118-baed-0aa8c683432c,ead3e5e5-c041-4e60-8958-9043001c4d2e,2026-06-22T13:34:11.692601Z,2026-06-22T13:34:11.812751Z,2026-06-22T13:34:11.697704Z,2026-06-22T13:34:11.810533Z,,,,,,,368e6abf-e97a-4d67-9d77-8313d3021040,CSCO260717P00120000,us_option,,3,3,4.25,simple,market,market,sell,sell_to_close,day,,,filled,False,,,,,,access_key,2026-06-22T20:00:00Z
5f05a822-cb53-41a8-978d-90a21bda062d,c379d9e3-d897-4a21-8a2a-e34136951ea7,2026-06-22T13:34:11.138842Z,2026-06-22T13:34:11.207403Z,2026-06-22T13:34:11.148398Z,2026-06-22T13:34:11.203388Z,,,,,,,f7fb7af6-c6e2-4654-8bfb-eb66254a58d4,CRM260717P00160000,us_option,,3,3,12.2,simple,market,market,sell,sell_to_close,day,,,filled,False,,,,,,access_key,2026-06-22T20:00:00Z
3e8ed263-f86c-4b82-bd12-29e9f3438265,9ff9c74b-fc87-4c61-8b52-eb3ae6a5e3ff,2026-06-22T13:34:10.576181Z,2026-06-22T13:34:10.712558Z,2026-06-22T13:34:10.580743Z,2026-06-22T13:34:10.710148Z,,,,,,,00fc8052-bc27-4afd-8ee5-612976ac7a2e,CVX260717P00180000,us_option,,2,2,7.7,simple,market,market,sell,sell_to_close,day,,,filled,False,,,,,,access_key,2026-06-22T20:00:00Z
4a1b42ce-7f25-45a6-9f1d-94dc61cdbfc6,fd1e078c-a86f-4cb5-8ec2-79984b219a76,2026-06-22T13:34:10.004338Z,2026-06-22T13:34:10.113973Z,2026-06-22T13:34:10.016831Z,2026-06-22T13:34:10.111774Z,,,,,,,ace62879-d5d3-4a63-a384-b7f957e0abe9,TLT260717C00080000,us_option,,1,1,6.35,simple,market,market,sell,sell_to_close,day,,,filled,False,,,,,,access_key,2026-06-22T20:15:00Z
7a83f0f9-b686-49e9-8ca1-cd46e3953ce9,fcb63cd8-c0cd-4030-bcd8-5db735d445b5,2026-06-22T13:34:09.488905Z,2026-06-22T13:34:09.546552Z,2026-06-22T13:34:09.495427Z,2026-06-22T13:34:09.54346Z,,,,,,,b5a2c405-7543-41da-bd76-fa0fc09f75de,GE260717C00360000,us_option,,1,1,13.65,simple,market,market,sell,sell_to_close,day,,,filled,False,,,,,,access_key,2026-06-22T20:00:00Z
a377ad0c-2c28-43c2-acf6-9634bd48b856,9e809f6e-2a5a-424d-a54e-49a90966aae1,2026-06-22T13:34:08.956228Z,2026-06-22T13:34:09.068904Z,2026-06-22T13:34:08.962698Z,2026-06-22T13:34:09.065665Z,,,,,,,4e9f3f4f-626c-430a-a82f-92451d9eff47,AVGO260717C00400000,us_option,,1,1,22.8,simple,market,market,sell,sell_to_close,day,,,filled,False,,,,,,access_key,2026-06-22T20:00:00Z
864c3cb4-e58a-4cc9-8961-c12fcb7a95af,322e2eef-df10-4764-888a-a5d186678eb5,2026-06-22T13:34:08.695617Z,2026-06-22T13:34:08.832661Z,2026-06-22T13:34:08.71774Z,2026-06-22T13:34:08.830289Z,,,,,,,fc81333f-0640-4362-80a8-c747cdd9083c,ESTC260717P00060000,us_option,,2,2,3.8,simple,market,market,sell,sell_to_close,day,,,filled,False,,,,,,access_key,2026-06-22T20:00:00Z
8b28070e-a786-484d-8f84-083f831d7333,a805244c-4762-49d0-8e31-41cffd5fc1a5,2026-06-22T13:34:08.335343Z,2026-06-22T13:34:08.460513Z,2026-06-22T13:34:08.340465Z,2026-06-22T13:34:08.458483Z,,,,,,,4dfdb4d7-8c9a-4c67-851e-b91446cd5caf,SMH260710C00662500,us_option,,1,1,34.6,simple,market,market,sell,sell_to_close,day,,,filled,False,,,,,,access_key,2026-06-22T20:15:00Z
970874c3-b4b6-4084-aa52-b7a4c19427dd,8dcda44f-486b-41c9-a257-fcfd2f7f9469,2026-06-22T13:34:08.074048Z,2026-06-22T13:34:08.1136Z,2026-06-22T13:34:08.078561Z,2026-06-22T13:34:08.111395Z,,,,,,,4edea85f-4247-4e58-9c59-e3d0f87c3e50,XLF260717C00050000,us_option,,3,3,3.9,simple,market,market,sell,sell_to_close,day,,,filled,False,,,,,,access_key,2026-06-22T20:15:00Z
1c499ae0-96a5-4e9a-95d0-90c4bb71aafd,68b35a68-dd4c-4461-a3be-9e5526b4a291,2026-06-22T13:34:07.694322Z,2026-06-22T13:34:07.763177Z,2026-06-22T13:34:07.69926Z,2026-06-22T13:34:07.760781Z,,,,,,,0a059277-3564-4606-ac63-e8df4a8d6f23,NKE260717C00047500,us_option,,2,2,1.57,simple,market,market,sell,sell_to_close,day,,,filled,False,,,,,,access_key,2026-06-22T20:00:00Z
7a08b0c0-89ff-4f32-a9da-c1c927df6a51,ad244af6-6941-4599-85d3-ccdf01f5ea88,2026-06-22T13:34:07.427071Z,2026-06-22T13:34:07.534642Z,2026-06-22T13:34:07.431532Z,2026-06-22T13:34:07.531199Z,,,,,,,0a139683-65af-4b2e-820c-52daabaa65e0,INTC260717C00130000,us_option,,1,1,17,simple,market,market,sell,sell_to_close,day,,,filled,False,,,,,,access_key,2026-06-22T20:00:00Z
9b719977-7f55-4873-8748-9b4e52c6bef0,950b1dcd-8b45-4236-aae1-94e481c21191,2026-06-22T13:34:07.048721Z,2026-06-22T13:34:07.173465Z,2026-06-22T13:34:07.055582Z,2026-06-22T13:34:07.171506Z,,,,,,,f39b68f8-2b36-4fd6-a610-5a4efe3cffa7,TXN260717C00320000,us_option,,1,1,22.1,simple,market,market,sell,sell_to_close,day,,,filled,False,,,,,,access_key,2026-06-22T20:00:00Z
ddc1f01c-fd01-491d-84c3-48f7119f4538,4f7d4edd-dfa8-45c7-b2e8-e772fb4274b0,2026-06-22T13:34:06.540082Z,2026-06-22T13:34:06.594355Z,2026-06-22T13:34:06.547847Z,2026-06-22T13:34:06.592107Z,,,,,,,f0a40360-d57c-4673-b1a8-a8058b4efc39,CVX260717P00190000,us_option,,2,2,15.55,simple,market,market,sell,sell_to_close,day,,,filled,False,,,,,,access_key,2026-06-22T20:00:00Z
3a7f6818-fc07-42ec-a2f1-dda4128f9654,27990551-7991-4faf-819b-7ade2917d3e7,2026-06-22T13:34:06.224871Z,2026-06-22T13:34:06.345966Z,2026-06-22T13:34:06.230055Z,2026-06-22T13:34:06.343393Z,,,,,,,552c90e9-8ded-4b0f-9aeb-c7135c7aec09,XLK260717C00170000,us_option,,1,1,23.8,simple,market,market,sell,sell_to_close,day,,,filled,False,,,,,,access_key,2026-06-22T20:15:00Z
53c59a96-f80e-4d72-9f84-471d47d5831c,624440ff-b354-4c05-a9fc-851016f2efd9,2026-06-22T13:34:05.948527Z,2026-06-22T13:34:05.990163Z,2026-06-22T13:34:05.953373Z,2026-06-22T13:34:05.988Z,,,,,,,e4f1f709-8030-4bf9-9500-33fa2c46e6cf,XOM260717P00155000,us_option,,1,1,16.65,simple,market,market,sell,sell_to_close,day,,,filled,False,,,,,,access_key,2026-06-22T20:00:00Z
30074df8-83c6-4188-9b67-b9bdd6b6e782,09abf4d9-05a8-4440-af42-d09f2d6989ed,2026-06-22T13:34:05.670202Z,2026-06-22T13:34:05.750214Z,2026-06-22T13:34:05.676461Z,2026-06-22T13:34:05.748189Z,,,,,,,be2c2252-3bdd-4212-be30-13a49d5c61b7,NFLX260717P00090000,us_option,,2,2,14.1,simple,market,market,sell,sell_to_close,day,,,filled,False,,,,,,access_key,2026-06-22T20:00:00Z
eaf3ce4f-1ae6-4073-a484-6212942e8afb,757a7f79-e8a5-4185-9b79-fc2613e8a5fb,2026-06-22T13:34:05.372379Z,2026-06-22T13:34:05.407231Z,2026-06-22T13:34:05.377954Z,2026-06-22T13:34:05.405182Z,,,,,,,581a6ca4-f920-4218-ada2-04bfbba5359c,TSLA260717C00370000,us_option,,1,1,36.4,simple,market,market,sell,sell_to_close,day,,,filled,False,,,,,,access_key,2026-06-22T20:00:00Z
55b16a1b-b80b-45bd-99bf-add0b194bde2,87054d7a-e949-462b-9693-b0c25bdf6dc3,2026-06-22T13:34:05.085666Z,2026-06-22T13:34:05.279149Z,2026-06-22T13:34:05.091047Z,2026-06-22T13:34:05.27728Z,,,,,,,51c0af07-6bc4-4ad4-8779-9f392877f5de,SOFI260717P00016000,us_option,,2,2,0.45,simple,market,market,sell,sell_to_close,day,,,filled,False,,,,,,access_key,2026-06-22T20:00:00Z
4ebcd039-723a-4642-acc8-c95bf5cd5648,64cdb28a-3110-49be-8482-24ab65a030ef,2026-06-22T13:34:04.784456Z,2026-06-22T13:34:04.90062Z,2026-06-22T13:34:04.791508Z,2026-06-22T13:34:04.898621Z,,,,,,,63b4d1ec-415c-471c-aabf-87b6107dd53a,SO260717C00080000,us_option,,1,1,11.9,simple,market,market,sell,sell_to_close,day,,,filled,False,,,,,,access_key,2026-06-22T20:00:00Z
a47f8094-de1d-4120-a975-3f7a8557d5aa,2fe8be3b-02ad-4ce5-a868-089a7d126480,2026-06-22T13:34:04.456805Z,2026-06-22T13:34:04.560811Z,2026-06-22T13:34:04.46393Z,2026-06-22T13:34:04.558665Z,,,,,,,faacd695-1400-4095-86a5-9f7eae3a9e8e,SPG260717C00190000,us_option,,1,1,22.2,simple,market,market,sell,sell_to_close,day,,,filled,False,,,,,,access_key,2026-06-22T20:00:00Z
22ada2c8-6f5b-467e-ad31-b0ab013cd96d,09bba23f-c3d8-4672-9029-55a00a2da3e6,2026-06-22T13:34:04.186608Z,2026-06-22T13:34:04.220366Z,2026-06-22T13:34:04.199291Z,2026-06-22T13:34:04.218228Z,,,,,,,320378ca-192c-45ca-b76e-ee5623ab0d2d,AVGO260717P00410000,us_option,,1,1,22.85,simple,market,market,sell,sell_to_close,day,,,filled,False,,,,,,access_key,2026-06-22T20:00:00Z
d07208d2-aa74-4e43-9b68-e88afe17e1cc,a0769127-7a30-4611-a4a9-7f4d548bcb6e,2026-06-22T13:34:03.890784Z,2026-06-22T13:34:03.992756Z,2026-06-22T13:34:03.895963Z,2026-06-22T13:34:03.990788Z,,,,,,,410682eb-639a-4b0c-8b6d-e3362015a962,RIVN260717P00015000,us_option,,3,3,0.56,simple,market,market,sell,sell_to_close,day,,,filled,False,,,,,,access_key,2026-06-22T20:00:00Z
353793bf-b4a4-45bd-a57d-a6982e63bc05,853cb667-348e-4ad4-8602-3c435937f191,2026-06-22T13:34:03.588267Z,2026-06-22T13:34:03.759779Z,2026-06-22T13:34:03.593011Z,2026-06-22T13:34:03.757664Z,,,,,,,e9196073-65af-45d9-a47b-b9817009ac1d,C260717C00120000,us_option,,2,2,24.4,simple,market,market,sell,sell_to_close,day,,,filled,False,,,,,,access_key,2026-06-22T20:00:00Z
ee683fd4-8e1a-4c75-bef5-c30d5dd31828,48f6c529-04c9-4fee-8ec4-c3636a7c38ec,2026-06-22T13:34:03.182085Z,2026-06-22T13:34:03.403979Z,2026-06-22T13:34:03.188913Z,2026-06-22T13:34:03.402009Z,,,,,,,b3acc032-973a-42e5-a7d8-317e1d080702,PLTR260717P00125000,us_option,,3,3,5.716667,simple,market,market,sell,sell_to_close,day,,,filled,False,,,,,,access_key,2026-06-22T20:00:00Z
ac76bd06-d530-43ef-955b-780a2f0616ec,133433a3-964a-433e-834e-5a5577d9edf2,2026-06-22T13:34:02.894673Z,2026-06-22T13:34:02.94099Z,2026-06-22T13:34:02.90195Z,2026-06-22T13:34:02.938964Z,,,,,,,cd7cf45e-6e0f-49c2-a417-43b72177cfd2,OKTA260717P00115000,us_option,,3,3,6,simple,market,market,sell,sell_to_close,day,,,filled,False,,,,,,access_key,2026-06-22T20:00:00Z
6951883d-b985-4a79-b014-9f1d38ff9e8e,3528a702-a820-49a0-9527-eb793db49f73,2026-06-22T13:34:02.371373Z,2026-06-22T13:34:02.47404Z,2026-06-22T13:34:02.376777Z,2026-06-22T13:34:02.471965Z,,,,,,,6302d605-acc2-4419-9717-85d125048423,INTU260821P00310000,us_option,,3,3,54,simple,market,market,sell,sell_to_close,day,,,filled,False,,,,,,access_key,2026-06-22T20:00:00Z
48ec25b3-d158-46a1-bb0e-66395f8f9187,cae1bf8e-ae8d-44c2-8cc4-66c626a56d94,2026-06-22T13:34:02.088916Z,2026-06-22T13:34:02.111272Z,2026-06-22T13:34:02.093759Z,2026-06-22T13:34:02.109265Z,,,,,,,34529bd2-fe44-48ee-95f5-6c305b6766d3,GM260717P00080000,us_option,,3,3,2.08,simple,market,market,sell,sell_to_close,day,,,filled,False,,,,,,access_key,2026-06-22T20:00:00Z
6d972a08-0f4c-403f-acac-89cd45aced04,42925eab-b1fd-420a-9316-eb67b41de921,2026-06-22T13:34:01.824602Z,2026-06-22T13:34:01.88523Z,2026-06-22T13:34:01.829853Z,2026-06-22T13:34:01.883156Z,,,,,,,5f3c8353-a33b-45ab-83fe-f3533cbc98d9,ZS260821P00135000,us_option,,3,3,15.85,simple,market,market,sell,sell_to_close,day,,,filled,False,,,,,,access_key,2026-06-22T20:00:00Z
3b511011-c536-4993-adda-2c0d4ba6f546,f11611ad-716b-4a53-bd04-24be513c0d09,2026-06-22T13:34:01.554932Z,2026-06-22T13:34:01.623628Z,2026-06-22T13:34:01.560394Z,2026-06-22T13:34:01.621491Z,,,,,,,99855ebd-59c9-4f95-8edc-c5c4f9a9a613,ZM260717P00105000,us_option,,3,3,17.8,simple,market,market,sell,sell_to_close,day,,,filled,False,,,,,,access_key,2026-06-22T20:00:00Z
7f0f15cb-1d26-4711-b0e4-bb50cef2373a,2f82d666-b444-489a-aa61-f5e31e80a36a,2026-06-22T13:34:01.283207Z,2026-06-22T13:34:01.385249Z,2026-06-22T13:34:01.288708Z,2026-06-22T13:34:01.383429Z,,,,,,,59ea3574-079a-48dd-af3c-58d101db8e4d,COST260717C00930000,us_option,,1,1,36.05,simple,market,market,sell,sell_to_close,day,,,filled,False,,,,,,access_key,2026-06-22T20:00:00Z
d89a3148-27fa-400c-8a08-6790a1f907cb,7b66fffe-3f6c-4f44-8e1a-e63325b58584,2026-06-22T13:34:00.973186Z,2026-06-22T13:34:01.012364Z,2026-06-22T13:34:00.980634Z,2026-06-22T13:34:01.010419Z,,,,,,,bc6da8df-bb34-4757-98f6-18f973572186,LYFT260821P00013000,us_option,,3,3,0.75,simple,market,market,sell,sell_to_close,day,,,filled,False,,,,,,access_key,2026-06-22T20:00:00Z
602207b0-553e-4ced-a382-680ff98c0493,05f0fad6-4545-4fba-9b5b-b809f7d8e3b8,2026-06-22T13:34:00.635956Z,2026-06-22T13:34:00.659598Z,2026-06-22T13:34:00.641224Z,2026-06-22T13:34:00.657114Z,,,,,,,a3eb34ab-7a28-4bf7-8b61-c087ecdbdda8,CRWD260724C00555000,us_option,,1,1,136.5,simple,market,market,sell,sell_to_close,day,,,filled,False,,,,,,access_key,2026-06-22T20:00:00Z
32b8af01-b16a-4beb-aca9-3ee09db5efe7,6355110f-1e7b-4641-a44e-333eb3e84701,2026-06-22T13:34:00.303026Z,2026-06-22T13:34:00.429032Z,2026-06-22T13:34:00.310382Z,2026-06-22T13:34:00.427124Z,,,,,,,177acd9e-c79f-4d88-92ca-772d61eaac8d,DDOG260717C00230000,us_option,,2,2,8.65,simple,market,market,sell,sell_to_close,day,,,filled,False,,,,,,access_key,2026-06-22T20:00:00Z
1227ea3e-6ecf-444c-8a11-624093028afd,bb820a4a-5196-4a44-8d4b-e7afc7402a04,2026-06-22T13:33:59.995673Z,2026-06-22T13:34:00.090037Z,2026-06-22T13:34:00.000836Z,2026-06-22T13:34:00.0876Z,,,,,,,ec1cee3e-b968-48f8-bc6e-b4b2df4f86ef,F260717P00014000,us_option,,3,3,0.42,simple,market,market,sell,sell_to_close,day,,,filled,False,,,,,,access_key,2026-06-22T20:00:00Z
6266892f-8c35-4de2-9d90-d9e85bcaf686,dd8eb36f-a694-41ac-b149-cc28356655cf,2026-06-22T13:33:05.677363Z,2026-06-22T13:33:05.730182Z,2026-06-22T13:33:05.683606Z,2026-06-22T13:33:05.728367Z,,,,,,,274f1234-57f7-4908-a1f0-7fef5f3a309f,COIN260717P00170000,us_option,,1,1,12.15,simple,market,market,sell,sell_to_close,day,,,filled,False,,,,,,access_key,2026-06-22T20:00:00Z
252b3bae-0cc2-41fb-9acc-c9580667f557,5cfd266f-7cf5-4eda-9b1e-a146d8236d75,2026-06-22T13:32:46.46882Z,2026-06-22T13:32:46.597369Z,2026-06-22T13:32:46.473764Z,2026-06-22T13:32:46.595315Z,,,,,,,b5a28575-8045-443b-910f-bd3b16da2923,COP260717P00110000,us_option,,3,3,3.45,simple,market,market,sell,sell_to_close,day,,,filled,False,,,,,,access_key,2026-06-22T20:00:00Z
e9cf6c5e-c504-4e4a-8886-a1e500716815,ed6db9b2-f841-4e16-9261-a0a5c4e19596,2026-06-22T13:32:45.164453Z,2026-06-22T13:32:45.305711Z,2026-06-22T13:32:45.169501Z,2026-06-22T13:32:45.303599Z,,,,,,,3c482858-32e4-4748-9b12-7f30baa8657b,ZM260717P00090000,us_option,,3,3,5.2,simple,market,market,sell,sell_to_close,day,,,filled,False,,,,,,access_key,2026-06-22T20:00:00Z
c62d5f0e-43cc-499a-8e96-cfac55c9beba,bc610395-0268-47d5-a766-f669d04f8a54,2026-06-22T13:32:40.449675Z,2026-06-22T13:32:40.553911Z,2026-06-22T13:32:40.459843Z,2026-06-22T13:32:40.551663Z,,,,,,,6f437821-5ae8-4cb6-8107-6ffa8222b3aa,XLE260717P00055000,us_option,,2,2,1.88,simple,market,market,sell,sell_to_close,day,,,filled,False,,,,,,access_key,2026-06-22T20:15:00Z
b7eb7c22-dc15-46bc-93ee-551de0aa5fb7,6880b8e5-70be-4ec9-9515-deae9f5cab72,2026-06-22T13:32:35.850351Z,2026-06-22T13:32:36.12999Z,2026-06-22T13:32:35.855182Z,2026-06-22T13:32:36.12778Z,,,,,,,55daf469-677f-4949-af43-2d019ba7434d,TLT260717C00084000,us_option,,2,2,2.43,simple,market,market,sell,sell_to_close,day,,,filled,False,,,,,,access_key,2026-06-22T20:15:00Z
19d72214-85a9-498f-ae50-cdc006310e29,4f8b88ce-e77e-4e1a-a8fa-a59d1d863e34,2026-06-22T13:32:30.407043Z,2026-06-22T13:32:30.54069Z,2026-06-22T13:32:30.417384Z,2026-06-22T13:32:30.538803Z,,,,,,,a051d2fa-7a56-4906-a3e4-f7a8c5903ad6,LLY260717P01080000,us_option,,1,1,20.45,simple,market,market,sell,sell_to_close,day,,,filled,False,,,,,,access_key,2026-06-22T20:00:00Z
3dac74a4-72fc-4554-be9a-a59ebbacc5db,5fddb18c-0e94-4262-936b-90aff8658db6,2026-06-22T13:32:27.586798Z,2026-06-22T13:32:27.612441Z,2026-06-22T13:32:27.591591Z,2026-06-22T13:32:27.610504Z,,,,,,,79b8c27b-ae0b-4392-ada9-0d17cd27bf44,XLE260717P00057000,us_option,,2,2,3.3,simple,market,market,sell,sell_to_close,day,,,filled,False,,,,,,access_key,2026-06-22T20:15:00Z
4dfbfcf3-ce03-4d96-82b5-cf3d6e881b36,9675d7c5-a9e6-489d-8387-850a38b49a12,2026-06-22T13:32:25.627665Z,2026-06-22T13:32:25.744407Z,2026-06-22T13:32:25.63472Z,2026-06-22T13:32:25.742255Z,,,,,,,bef33b4a-0c14-48d9-a229-b86901328827,DIS260717C00105000,us_option,,1,1,1.72,simple,market,market,sell,sell_to_close,day,,,filled,False,,,,,,access_key,2026-06-22T20:00:00Z
a6628030-5b29-4764-83d0-b2d65747d99f,72f1a416-9b1f-4c13-85e6-2edcf5ede7b3,2026-06-22T13:32:19.362575Z,2026-06-22T13:32:19.462147Z,2026-06-22T13:32:19.367879Z,2026-06-22T13:32:19.459986Z,,,,,,,0a6d4674-7c27-4bb7-8be0-f9bc35544ebf,MRK260717C00110000,us_option,,2,2,5.55,simple,market,market,sell,sell_to_close,day,,,filled,False,,,,,,access_key,2026-06-22T20:00:00Z
aac64d70-c062-4853-b30d-e27878c6bd18,e2c69e26-d6e7-43f0-a628-51147a1bf47d,2026-06-22T13:32:16.478938Z,2026-06-22T13:32:16.594341Z,2026-06-22T13:32:16.490522Z,2026-06-22T13:32:16.591981Z,,,,,,,f3c8e9dc-0150-4c54-8e14-ba9d9ead0e46,WMT260717C00125000,us_option,,2,2,0.93,simple,market,market,sell,sell_to_close,day,,,filled,False,,,,,,access_key,2026-06-22T20:00:00Z
59d7d3f8-adfa-4ff9-b78b-7c6c374d8a15,681dd2b7-e32a-4dd1-8915-6989bc34ace4,2026-06-20T00:54:24.23297Z,2026-06-22T13:30:11.349213Z,2026-06-22T13:30:11.235144Z,2026-06-22T13:30:11.345929Z,,,,,,,011738cb-540c-490d-bb7e-b8b34aa1850d,MMM260717C00160000,us_option,,2,2,5.3,simple,limit,limit,sell,sell_to_close,day,0.01,,filled,False,,,,,,access_key,2026-06-22T20:00:00Z
328dfc1d-4655-417c-a884-bc1cac917f7f,87716ab1-8f49-447f-84f7-4e79b93fc39b,2026-06-20T00:54:24.034349Z,2026-06-22T13:30:11.246493Z,2026-06-22T13:30:11.23027Z,2026-06-22T13:30:11.244431Z,,,,,,,4e50f387-f4d4-4e3e-a21d-59e0f320f801,JNJ260717P00230000,us_option,,2,2,6.15,simple,limit,limit,sell,sell_to_close,day,0.01,,filled,False,,,,,,access_key,2026-06-22T20:00:00Z
dcaa7ca2-b94e-4155-b946-a6da3b82e427,8aa71f0b-d31d-4393-89db-d2bb5a4b8b8e,2026-06-20T00:54:23.824729Z,2026-06-22T13:30:11.368724Z,2026-06-22T13:30:11.225745Z,2026-06-22T13:30:11.364211Z,,,,,,,ee128b9d-1c4e-4a53-bdd9-84498d448647,AAPL260821C00325000,us_option,,2,2,3.65,simple,limit,limit,sell,sell_to_close,day,0.01,,filled,False,,,,,,access_key,2026-06-22T20:00:00Z
9ce95809-a717-4b54-ab12-2602d4cb1785,5890695f-6692-4a1a-9199-916c74537335,2026-06-20T00:52:15.805908Z,2026-06-22T13:37:16.450144Z,2026-06-22T08:01:56.499964Z,2026-06-22T13:37:16.447786Z,,,,,,,4d8f7f83-d998-4839-9134-38473cd13123,RTX,us_equity,,3,3,183.83,,market,market,sell,sell_to_close,day,,,filled,False,,,,,,access_key,2026-06-22T20:00:00Z
95e3d69c-1c02-4697-873f-cad9856862d7,e28ca4d5-f5bb-4ea8-bc12-e046aa10aad7,2026-06-20T00:52:15.02279Z,2026-06-22T13:35:52.669029Z,2026-06-22T08:01:56.496529Z,2026-06-22T13:35:52.665943Z,,,,,,,2e24c584-029a-46b3-9f68-5ccacfc4ed84,IONQ,us_equity,,1,1,58.02,,market,market,sell,sell_to_close,day,,,filled,False,,,,,,access_key,2026-06-22T20:00:00Z
5d358bd7-1ba3-443e-8873-9f4088b0213d,b2b75d76-e0a4-4694-8d00-d4ee16fd46f0,2026-06-20T00:52:15.604358Z,2026-06-22T13:30:33.614967Z,2026-06-22T08:01:56.486458Z,2026-06-22T13:30:33.611628Z,,,,,,,b6d1aa75-5c9c-4353-a305-9e2caa1925ab,MSFT,us_equity,,2,2,375.98,,market,market,sell,sell_to_close,day,,,filled,False,,,,,,access_key,2026-06-22T20:00:00Z
3f633e9f-390f-4179-b401-f0fba3f75e92,17ca0dab-280e-4f3c-8a13-12e641c96232,2026-06-20T00:52:14.748895Z,2026-06-22T13:34:15.984Z,2026-06-22T08:01:56.474773Z,2026-06-22T13:34:15.981888Z,,,,,,,ca43f7b9-bc0c-4cd5-a930-a4c823be5bb7,CARR,us_equity,,1,1,72.26,,market,market,sell,sell_to_close,day,,,filled,False,,,,,,access_key,2026-06-22T20:00:00Z
f1a6c389-ddc7-4863-8ad9-b9b6b42f923f,21aed2c9-221f-4eff-aeb0-ee0b421823dc,2026-06-20T00:52:14.47017Z,2026-06-22T13:31:12.312365Z,2026-06-22T08:01:52.671247Z,2026-06-22T13:31:12.309553Z,,,,,,,f801f835-bfe6-4a9d-a6b1-ccbb84bfd75f,AMZN,us_equity,,3,3,241.1,,market,market,sell,sell_to_close,day,,,filled,False,,,,,,access_key,2026-06-22T20:00:00Z
f2dc849c-3825-4940-a4b8-df8e0fac2202,2be07322-a565-4b84-9215-8c342b7a0182,2026-06-18T18:45:50.113824Z,2026-06-18T18:45:50.191514Z,2026-06-18T18:45:50.119945Z,2026-06-18T18:45:50.189573Z,,,,,,,14cc2cd4-31a8-49f8-83aa-e5ada30d0bbc,XLK260710C00192500,us_option,,3,3,5.7,simple,market,market,buy,buy_to_open,day,,,filled,False,,,,,,access_key,2026-06-18T20:15:00Z
33f8af64-b18b-4af7-a768-f3f65c262619,52618004-3b43-416e-8db1-71d0b715a7f8,2026-06-18T18:43:08.628925Z,2026-06-18T18:43:08.708974Z,2026-06-18T18:43:08.634578Z,2026-06-18T18:43:08.706818Z,,,,,,,76777315-38e3-41e6-a1e9-ed1931964576,OXY260717P00052500,us_option,,3,3,2.38,simple,market,market,buy,buy_to_open,day,,,filled,False,,,,,,access_key,2026-06-18T20:00:00Z
ae3f0b37-f104-4026-b38a-a66436b237b9,f064cd16-45a1-457e-ac8a-cbbf1092b8d4,2026-06-18T18:42:36.65161Z,2026-06-18T18:42:36.718149Z,2026-06-18T18:42:36.656169Z,2026-06-18T18:42:36.716299Z,,,,,,,ea5229bc-47ce-43df-8821-b51065b63e22,TGT260717P00130000,us_option,,3,3,3.95,simple,market,market,buy,buy_to_open,day,,,filled,False,,,,,,access_key,2026-06-18T20:00:00Z
c31eaa74-7bd9-4e14-8520-bfcbe933bba3,ed5c2fb6-4045-48bd-b303-e5f9ee1358c8,2026-06-18T18:42:04.541461Z,2026-06-18T18:42:04.58173Z,2026-06-18T18:42:04.546623Z,2026-06-18T18:42:04.579718Z,,,,,,,7f864b3b-bc7e-4dc3-b8e3-19f35ea47bde,TSLA260710P00380000,us_option,,2,2,9.2,simple,market,market,buy,buy_to_open,day,,,filled,False,,,,,,access_key,2026-06-18T20:00:00Z
27e98839-0959-4489-8aea-17386b0dc8aa,4f05fa7a-2115-46f9-84c9-b2b0695bfbeb,2026-06-18T18:41:30.840156Z,2026-06-18T18:41:30.913489Z,2026-06-18T18:41:30.845869Z,2026-06-18T18:41:30.911327Z,,,,,,,60d86947-c8b2-47c8-8f69-cb3d83eab73c,COIN260717P00160000,us_option,,2,2,11.1,simple,market,market,buy,buy_to_open,day,,,filled,False,,,,,,access_key,2026-06-18T20:00:00Z
a76d36e9-aa2b-4ac4-9590-d33d93faa0a1,a608074d-a44c-4796-a955-9fc897157a6b,2026-06-18T18:02:24.994567Z,2026-06-18T18:02:25.187297Z,2026-06-18T18:02:25.002105Z,2026-06-18T18:02:25.184976Z,,,,,,,97b8b746-51b9-43ff-8b83-b749a06b7369,SCHW260717C00095000,us_option,,2,2,1.52,simple,market,market,sell,sell_to_close,day,,,filled,False,,,,,,access_key,2026-06-18T20:00:00Z
e171c36d-1980-4070-9560-b79af9974785,664299db-f838-4c8e-94d7-037200581705,2026-06-18T18:01:50.729271Z,2026-06-18T18:01:50.917491Z,2026-06-18T18:01:50.73412Z,2026-06-18T18:01:50.915201Z,,,,,,,29e4a680-b196-4ddd-b2d6-0eb097a5b8c5,MRK260717P00115000,us_option,,2,2,3.75,simple,market,market,sell,sell_to_close,day,,,filled,False,,,,,,access_key,2026-06-18T20:00:00Z
6b1d651a-8f45-44d6-8881-0276a4e67baf,f268faae-cd39-400f-8f7a-67ee5b48331d,2026-06-18T18:01:46.822844Z,2026-06-18T18:01:46.858345Z,2026-06-18T18:01:46.828534Z,2026-06-18T18:01:46.856191Z,,,,,,,6bd4106c-0a6d-4b5a-b144-7462e4066547,SNOW260717P00240000,us_option,,1,1,17.45,simple,market,market,sell,sell_to_close,day,,,filled,False,,,,,,access_key,2026-06-18T20:00:00Z
137c88a9-3412-44d3-a3fb-4e0f3fabf856,eab7edf4-eb29-41a2-96d3-cbed50c2cdfe,2026-06-18T18:01:44.468124Z,2026-06-18T18:01:44.590352Z,2026-06-18T18:01:44.475959Z,2026-06-18T18:01:44.588562Z,,,,,,,4a2cc3a4-c441-4143-9751-7d36d8f6eb30,TSLA260717P00405000,us_option,,1,1,23.45,simple,market,market,sell,sell_to_close,day,,,filled,False,,,,,,access_key,2026-06-18T20:00:00Z
1c37999a-ef96-4840-aff1-e2a7a4f6e262,f104e7c3-5ce3-4f7b-9d99-fdac0878ac3a,2026-06-18T18:01:28.830725Z,2026-06-18T18:01:28.92058Z,2026-06-18T18:01:28.836151Z,2026-06-18T18:01:28.918413Z,,,,,,,b3624b5a-01db-4885-bc62-1a77986c623d,ORCL260717P00190000,us_option,,1,1,12.35,simple,market,market,sell,sell_to_close,day,,,filled,False,,,,,,access_key,2026-06-18T20:00:00Z
ed8bc13a-4ddb-4ff8-a4b5-477c6181f29e,22656c83-8595-4492-8624-035176c44c29,2026-06-18T17:35:00.760897Z,2026-06-18T17:35:00.85045Z,2026-06-18T17:35:00.765518Z,2026-06-18T17:35:00.848371Z,,,,,,,98ef69e8-4a87-4279-a231-ee381702f4ba,INTC260717C00140000,us_option,,2,2,10.6,simple,market,market,buy,buy_to_open,day,,,filled,False,,,,,,access_key,2026-06-18T20:00:00Z
a7a576fa-1c97-43f0-a7ab-d23fd6712835,5f6e865f-292f-4e8b-8176-fc599ea3a6e3,2026-06-18T16:53:46.047781Z,2026-06-18T16:53:46.087947Z,2026-06-18T16:53:46.052555Z,2026-06-18T16:53:46.085853Z,,,,,,,f5f5f6a5-62e4-4546-854b-b202da40036c,JPM260717C00340000,us_option,,3,3,4.8,simple,market,market,sell,sell_to_close,day,,,filled,False,,,,,,access_key,2026-06-18T20:00:00Z
5918fc7d-0108-4de8-9d97-5f646c88d420,6e24b507-73d0-435a-ab88-83be9d8c7634,2026-06-18T16:19:09.484284Z,2026-06-18T16:19:09.728055Z,2026-06-18T16:19:09.492429Z,2026-06-18T16:19:09.725527Z,,,,,,,25e4a550-a22a-4b44-8c75-97f702fdbd94,RTX260710C00185000,us_option,,2,2,5.95,simple,market,market,buy,buy_to_open,day,,,filled,False,,,,,,access_key,2026-06-18T20:00:00Z
f8a11401-9871-47cf-babe-8d99d87e6123,454ebc43-3bb8-4fd2-9227-64d57e012a9f,2026-06-18T16:18:37.306561Z,2026-06-18T16:18:37.3663Z,2026-06-18T16:18:37.314225Z,2026-06-18T16:18:37.363403Z,,,,,,,fb3a1c0d-61af-4eee-b4e5-77ebce2f8bc3,AAPL260717C00300000,us_option,,2,2,6.65,simple,market,market,buy,buy_to_open,day,,,filled,False,,,,,,access_key,2026-06-18T20:00:00Z
8b17b216-5bc8-40f2-8891-5bdc30ca7a55,7f157c0b-daba-46e6-9582-6d8dbd6a2232,2026-06-18T16:18:02.830286Z,2026-06-18T16:18:02.91567Z,2026-06-18T16:18:02.837697Z,2026-06-18T16:18:02.91355Z,,,,,,,e662c750-a10a-410b-925c-5b27ef934b70,SOFI260710C00018000,us_option,,2,2,0.92,simple,market,market,buy,buy_to_open,day,,,filled,False,,,,,,access_key,2026-06-18T20:00:00Z
46287c70-05f2-4c79-a37c-c9ffc0914de6,c6624268-e3dc-47bd-90c6-15826154963c,2026-06-18T16:16:58.864664Z,2026-06-18T16:16:58.976979Z,2026-06-18T16:16:58.872944Z,2026-06-18T16:16:58.974465Z,,,,,,,aa9dd669-0411-4f65-b6e6-a33d43b85d18,MSFT260710P00380000,us_option,,2,2,12.2,simple,market,market,buy,buy_to_open,day,,,filled,False,,,,,,access_key,2026-06-18T20:00:00Z
54764d12-723a-4d56-8f5f-f928bddc9af3,27430c20-e5f8-4427-b1b5-96343aa4f074,2026-06-18T16:16:27.63151Z,2026-06-18T16:16:27.716356Z,2026-06-18T16:16:27.637936Z,2026-06-18T16:16:27.714133Z,,,,,,,bd45181c-204f-4c65-8fbd-4a5b5c09b24c,TLT260717C00081000,us_option,,1,1,5.95,simple,market,market,buy,buy_to_open,day,,,filled,False,,,,,,access_key,2026-06-18T20:15:00Z
5bddfcf5-03e7-40e0-b511-dd02a081c293,dbfae3e8-267c-465b-b64f-195ebd718e30,2026-06-18T16:15:56.26167Z,2026-06-18T16:15:56.274794Z,2026-06-18T16:15:56.266478Z,2026-06-18T16:15:56.272854Z,,,,,,,b402386c-e24d-4498-9548-a42c08c0a3a2,NFLX260710P00075000,us_option,,3,3,1.25,simple,market,market,buy,buy_to_open,day,,,filled,False,,,,,,access_key,2026-06-18T20:00:00Z
fa921d6d-3527-4c56-98bb-fa47b6a7f935,2489efc8-2c2c-405d-98bd-ff069f371cd6,2026-06-18T16:15:25.190166Z,2026-06-18T16:15:25.205561Z,2026-06-18T16:15:25.196709Z,2026-06-18T16:15:25.203481Z,,,,,,,5f06c10d-4411-4f05-9f64-2c47bddbf658,INTC260710C00135000,us_option,,2,2,10.45,simple,market,market,buy,buy_to_open,day,,,filled,False,,,,,,access_key,2026-06-18T20:00:00Z
cd27ab32-3e0e-4f41-b5e8-09d8a64cab95,536e9417-c266-4f75-9800-3cb01562d2fb,2026-06-18T16:14:54.099166Z,2026-06-18T16:14:54.178973Z,2026-06-18T16:14:54.106635Z,2026-06-18T16:14:54.176797Z,,,,,,,2417533f-aeb8-4e7b-9f16-1914002449d0,IWM260702C00295000,us_option,,1,1,4.67,simple,market,market,buy,buy_to_open,day,,,filled,False,,,,,,access_key,2026-06-18T20:15:00Z
44c32021-eb54-448b-8ef1-443d42ef4ed3,89aab64f-fdef-426e-8c3b-1d06fc3e88f3,2026-06-18T15:37:02.973559Z,2026-06-18T15:37:03.097466Z,2026-06-18T15:37:02.978316Z,2026-06-18T15:37:03.095361Z,,,,,,,b8e6959f-13d5-41dd-b946-66f0bdcea8f7,SAP260717P00160000,us_option,,2,2,9.8,simple,market,market,sell,sell_to_close,day,,,filled,False,,,,,,access_key,2026-06-18T20:00:00Z
ac85437f-bedd-491c-9a91-c0f6d41e53b3,fda719e7-84cd-4fac-b25e-174c4b06e339,2026-06-18T15:36:49.592787Z,2026-06-18T15:36:49.821263Z,2026-06-18T15:36:49.597652Z,2026-06-18T15:36:49.819179Z,,,,,,,8f1041a1-19f3-46ee-8fbb-672af4afbaef,OXY260717P00055000,us_option,,2,2,4.25,simple,market,market,sell,sell_to_close,day,,,filled,False,,,,,,access_key,2026-06-18T20:00:00Z
2f1971d6-65cf-49dc-93af-9631be81bb72,3db7edff-03b7-4f22-8305-61ab13b4b79c,2026-06-18T15:14:53.656166Z,2026-06-18T15:14:53.725927Z,2026-06-18T15:14:53.662652Z,2026-06-18T15:14:53.723813Z,,,,,,,73786405-6a5f-4432-8201-2bae773f6f34,CAT260702C01010000,us_option,,1,1,23.75,simple,market,market,buy,buy_to_open,day,,,filled,False,,,,,,access_key,2026-06-18T20:00:00Z
9156c794-a186-40cc-9264-4cecf54502bd,cd341669-76ba-4668-b07b-db6559cfff64,2026-06-18T15:14:23.359405Z,2026-06-18T15:14:23.411354Z,2026-06-18T15:14:23.364547Z,2026-06-18T15:14:23.409411Z,,,,,,,6d8494e4-fbf0-4b24-b841-de57b08ebf75,LYFT260717C00014000,us_option,,2,2,0.96,simple,market,market,buy,buy_to_open,day,,,filled,False,,,,,,access_key,2026-06-18T20:00:00Z
d825c364-77a7-41d6-b21c-5a949fba3b3b,509ce2db-0a91-44e5-921e-e6bc79ca4c81,2026-06-18T15:13:22.277459Z,2026-06-18T15:13:22.310767Z,2026-06-18T15:13:22.282368Z,2026-06-18T15:13:22.308704Z,,,,,,,d18bed1f-ac35-4299-9662-ba4bb4b50d40,C260710C00127000,us_option,,1,1,21.75,simple,market,market,buy,buy_to_open,day,,,filled,False,,,,,,access_key,2026-06-18T20:00:00Z
749a4489-1c6d-485d-87f7-2a6368d460f8,8d76056b-2c3c-4fb6-8456-faf66b5b0e01,2026-06-18T15:11:23.935821Z,2026-06-18T15:11:24.028072Z,2026-06-18T15:11:23.941594Z,2026-06-18T15:11:24.025993Z,,,,,,,213d7ccc-fcb9-4b83-954d-2fe28d62a0f7,PG260717C00155000,us_option,,1,1,2.39,simple,market,market,buy,buy_to_open,day,,,filled,False,,,,,,access_key,2026-06-18T20:00:00Z
c0e06c50-62bb-4b5d-8bec-1fe1a1b34f25,0836c5a9-5678-4ef1-9156-2d649659ab04,2026-06-18T15:10:23.309215Z,2026-06-18T15:10:23.386611Z,2026-06-18T15:10:23.314356Z,2026-06-18T15:10:23.384592Z,,,,,,,a2e5b48f-3e37-4d50-a056-dac7b7f7201f,AMD260702C00550000,us_option,,1,1,24.4,simple,market,market,buy,buy_to_open,day,,,filled,False,,,,,,access_key,2026-06-18T20:00:00Z
7d8b97dd-2660-4195-b041-af223b089f4a,db97149a-8d52-4324-ae37-9a2b001778b9,2026-06-18T15:09:54.112257Z,2026-06-18T15:09:54.248338Z,2026-06-18T15:09:54.117281Z,2026-06-18T15:09:54.246298Z,,,,,,,d4e9f156-703b-4cb6-a201-354bcfbcd636,XLK260702C00173000,us_option,,1,1,19.35,simple,market,market,buy,buy_to_open,day,,,filled,False,,,,,,access_key,2026-06-18T20:15:00Z
51af7cf8-d3e0-4a33-a227-271d83487cd4,de87248c-5855-46e7-961c-4b664fc10e03,2026-06-18T15:08:56.61384Z,2026-06-18T15:08:56.715727Z,2026-06-18T15:08:56.618856Z,2026-06-18T15:08:56.713474Z,,,,,,,89b1ff42-328f-4f51-bbb9-33a3dad0e65b,V260717C00335000,us_option,,2,2,6.4,simple,market,market,buy,buy_to_open,day,,,filled,False,,,,,,access_key,2026-06-18T20:00:00Z
7afb2247-e9ce-4f26-bd40-27741c1ada6c,20142141-e15d-429e-9295-0a06012e8de9,2026-06-18T15:05:50.563721Z,2026-06-18T15:05:50.62732Z,2026-06-18T15:05:50.568289Z,2026-06-18T15:05:50.625219Z,,,,,,,abae3191-ae63-4ab7-b5f7-469c04308402,JPM260717C00335000,us_option,,2,2,8.15,simple,market,market,buy,buy_to_open,day,,,filled,False,,,,,,access_key,2026-06-18T20:00:00Z
732c0664-29a8-4a7b-8aee-83c0187018b0,43a169d3-2fbf-45a0-84b5-576be392f859,2026-06-18T15:05:27.567554Z,2026-06-18T15:05:27.705035Z,2026-06-18T15:05:27.572608Z,2026-06-18T15:05:27.702747Z,,,,,,,4f75e487-d09d-49f8-a791-1b9ddbd33740,RTX260717C00190000,us_option,,2,2,5.05,simple,market,market,buy,buy_to_open,day,,,filled,False,,,,,,access_key,2026-06-18T20:00:00Z
cffb20e5-e8b6-47cd-91e1-05042fc52cb7,287dcc54-ca6e-4c90-acd8-08b82c52f558,2026-06-18T15:03:44.434418Z,2026-06-18T15:03:44.516105Z,2026-06-18T15:03:44.43916Z,2026-06-18T15:03:44.513929Z,,,,,,,97b8b746-51b9-43ff-8b83-b749a06b7369,SCHW260717C00095000,us_option,,2,2,2.65,simple,market,market,buy,buy_to_open,day,,,filled,False,,,,,,access_key,2026-06-18T20:00:00Z
b74bbf61-16d5-469a-953f-6ca3e34a766e,7dc801cd-3f76-491c-8187-b32275e057dc,2026-06-18T15:00:57.18478Z,2026-06-18T15:00:57.282349Z,2026-06-18T15:00:57.190468Z,2026-06-18T15:00:57.280397Z,,,,,,,f5c2053c-819f-4ada-a269-1794fdfdc689,DIA260702C00518000,us_option,,1,1,5.8,simple,market,market,buy,buy_to_open,day,,,filled,False,,,,,,access_key,2026-06-18T20:15:00Z
698f7ce5-249e-4655-bf54-1f27bb1270f5,1e6700d8-0822-476f-8e02-5bae1caa697a,2026-06-18T14:59:47.643596Z,2026-06-18T14:59:47.725485Z,2026-06-18T14:59:47.653771Z,2026-06-18T14:59:47.723483Z,,,,,,,2b71c38d-3907-444a-ad8c-dfab90d17c2a,UBER260717P00080000,us_option,,1,1,8.5,simple,market,market,buy,buy_to_open,day,,,filled,False,,,,,,access_key,2026-06-18T20:00:00Z
ea620561-0bb2-4798-a365-273ce930ccc1,751eecaf-5ca1-430e-a6c3-ca8d8f3d6785,2026-06-18T14:59:20.373865Z,2026-06-18T14:59:20.495086Z,2026-06-18T14:59:20.379754Z,2026-06-18T14:59:20.492743Z,,,,,,,0ffffe28-9209-4d1c-a779-8731b9ab9da2,AVGO260717C00410000,us_option,,1,1,22.9,simple,market,market,buy,buy_to_open,day,,,filled,False,,,,,,access_key,2026-06-18T20:00:00Z
50a9276a-9a1a-4974-9905-88fa6e695bea,d7c2f0a1-15cc-451b-b656-a5997a057c03,2026-06-18T14:58:52.803794Z,2026-06-18T14:58:52.866845Z,2026-06-18T14:58:52.810968Z,2026-06-18T14:58:52.86484Z,,,,,,,7003af95-f226-41d1-93f0-c5c1f0f9fe3f,TSLA260717P00390000,us_option,,1,1,19.1,simple,market,market,buy,buy_to_open,day,,,filled,False,,,,,,access_key,2026-06-18T20:00:00Z
b49a3c79-e9b2-4e53-ac6b-79f21ff0129a,a2d33b44-d61c-4f66-ae10-2f3320476fa7,2026-06-18T14:58:26.014012Z,2026-06-18T14:58:26.070523Z,2026-06-18T14:58:26.021076Z,2026-06-18T14:58:26.06851Z,,,,,,,1758514f-eaf5-4de3-b2c4-afffb752c1a1,INTU260717P00270000,us_option,,1,1,17.8,simple,market,market,buy,buy_to_open,day,,,filled,False,,,,,,access_key,2026-06-18T20:00:00Z
7950ba58-0b57-4d7a-a76f-369249bc5486,eecbed2d-19dc-46e2-9fb5-eab0a2560dd1,2026-06-18T14:57:58.054111Z,2026-06-18T14:57:58.152367Z,2026-06-18T14:57:58.058646Z,2026-06-18T14:57:58.150438Z,,,,,,,cbaa68f8-cde5-4c7a-9caf-4d172c4a03c5,IBM260710P00250000,us_option,,2,2,11.15,simple,market,market,buy,buy_to_open,day,,,filled,False,,,,,,access_key,2026-06-18T20:00:00Z
fd19f308-102b-4fb7-964d-5c32925dd61a,9feba8f9-634f-4f77-89f4-c8d247fffc4b,2026-06-18T14:57:31.977091Z,2026-06-18T14:57:32.103109Z,2026-06-18T14:57:31.987125Z,2026-06-18T14:57:32.100957Z,,,,,,,6ae0feaa-6404-48b3-9146-294592754c74,IONQ260717P00055000,us_option,,3,3,5.6,simple,market,market,buy,buy_to_open,day,,,filled,False,,,,,,access_key,2026-06-18T20:00:00Z
db45ea1f-7872-420c-8c3e-f9f98b0bcf3d,f9bcab66-8444-4b74-9eae-cfafafd02c43,2026-06-18T14:57:06.271275Z,2026-06-18T14:57:06.294298Z,2026-06-18T14:57:06.275602Z,2026-06-18T14:57:06.292386Z,,,,,,,449c3f78-7710-4dfb-9095-413a88f88151,QCOM260717C00230000,us_option,,1,1,19.4,simple,market,market,buy,buy_to_open,day,,,filled,False,,,,,,access_key,2026-06-18T20:00:00Z
7e88d986-ad80-4a53-9394-e3bda6c48201,33709302-8740-45b2-b2c6-706d36450555,2026-06-18T14:56:40.993402Z,2026-06-18T14:56:41.034557Z,2026-06-18T14:56:40.99905Z,2026-06-18T14:56:41.03253Z,,,,,,,274f1234-57f7-4908-a1f0-7fef5f3a309f,COIN260717P00170000,us_option,,1,1,13.4,simple,market,market,buy,buy_to_open,day,,,filled,False,,,,,,access_key,2026-06-18T20:00:00Z
1870db64-a043-4d2d-95a3-bf4f41bbc2d7,8890b5be-808b-4503-a956-060184916b88,2026-06-18T14:56:16.24063Z,2026-06-18T14:56:16.355356Z,2026-06-18T14:56:16.245034Z,2026-06-18T14:56:16.348064Z,,,,,,,58aa4f99-4487-45da-906c-ec1cc87e43f7,QQQ260702C00740000,us_option,,1,1,12.89,simple,market,market,buy,buy_to_open,day,,,filled,False,,,,,,access_key,2026-06-18T20:15:00Z
ae66ecbd-2cdf-407e-8466-aff543082663,0ca7de89-c58f-4780-ac26-bb127add558a,2026-06-18T14:55:51.313899Z,2026-06-18T14:55:51.370792Z,2026-06-18T14:55:51.321263Z,2026-06-18T14:55:51.368682Z,,,,,,,a68a4409-e079-4b1d-97f8-34456d67109f,CVX260717P00175000,us_option,,3,3,5.5,simple,market,market,buy,buy_to_open,day,,,filled,False,,,,,,access_key,2026-06-18T20:00:00Z
90bd88e3-d9d2-4b71-86d8-cb4a237fba68,8a1258e7-929e-4707-8eb4-94efa9e6de32,2026-06-18T14:55:26.746063Z,2026-06-18T14:55:26.76808Z,2026-06-18T14:55:26.752247Z,2026-06-18T14:55:26.766165Z,,,,,,,036d9a18-353a-4a22-a969-747cdf9ac7ff,SOFI260717C00018000,us_option,,2,2,1.12,simple,market,market,buy,buy_to_open,day,,,filled,False,,,,,,access_key,2026-06-18T20:00:00Z
4241c6c6-60b0-4dcb-9d15-82453dd1113d,f025d71e-895a-4133-a810-e6e650982987,2026-06-18T14:55:02.145653Z,2026-06-18T14:55:02.258989Z,2026-06-18T14:55:02.150771Z,2026-06-18T14:55:02.256892Z,,,,,,,add926f0-9e2c-4f20-ad2e-bc59f71fa731,CRM260717P00155000,us_option,,2,2,8.35,simple,market,market,buy,buy_to_open,day,,,filled,False,,,,,,access_key,2026-06-18T20:00:00Z
334963c9-2837-4e35-bded-1eb03c84f367,7e9d0512-eb94-42fc-a098-4a801300dfb6,2026-06-18T14:54:38.077779Z,2026-06-18T14:54:38.266552Z,2026-06-18T14:54:38.08339Z,2026-06-18T14:54:38.264613Z,,,,,,,e8b5aa5f-b3c9-417d-8c02-090d13e27727,PLTR260710P00125000,us_option,,2,2,4.65,simple,market,market,buy,buy_to_open,day,,,filled,False,,,,,,access_key,2026-06-18T20:00:00Z
7244b5b3-4577-4a86-b0bc-931f07a7b999,19f8543b-1ddd-4df2-ac91-57af281d55e6,2026-06-18T14:54:14.758872Z,2026-06-18T14:54:14.88091Z,2026-06-18T14:54:14.768087Z,2026-06-18T14:54:14.878641Z,,,,,,,47dfb3a0-3652-4745-8391-42f76c37bcfe,AMZN260710P00245000,us_option,,2,2,9.85,simple,market,market,buy,buy_to_open,day,,,filled,False,,,,,,access_key,2026-06-18T20:00:00Z
db10778a-1bfe-4a04-a1bd-39e0ad7a9791,a8e768f1-c76b-47d3-ae07-1532a60db614,2026-06-18T14:53:51.239558Z,2026-06-18T14:53:51.299643Z,2026-06-18T14:53:51.247527Z,2026-06-18T14:53:51.297807Z,,,,,,,8ef993a1-82b8-4e23-abe5-524dff095012,GOOGL260710P00375000,us_option,,1,1,17.45,simple,market,market,buy,buy_to_open,day,,,filled,False,,,,,,access_key,2026-06-18T20:00:00Z
fb8ef3ee-f530-4240-a2d7-5d1c31c47db6,92026aa5-6178-4529-baf3-924dd141b64b,2026-06-18T14:53:28.097888Z,2026-06-18T14:53:28.188687Z,2026-06-18T14:53:28.104498Z,2026-06-18T14:53:28.186541Z,,,,,,,545fca62-7dea-4f92-8b3a-0b39b8ad16d9,INTC260710C00130000,us_option,,2,2,11.25,simple,market,market,buy,buy_to_open,day,,,filled,False,,,,,,access_key,2026-06-18T20:00:00Z
107b1263-2ca6-4d60-98fe-86e902fd791e,6f2ba60f-2b74-48d0-9ebc-10bafd74cca5,2026-06-18T14:53:05.587497Z,2026-06-18T14:53:05.666398Z,2026-06-18T14:53:05.592147Z,2026-06-18T14:53:05.663919Z,,,,,,,ca3b9262-ab8d-4078-b44e-f8e9f2c2ba06,MSFT260710P00390000,us_option,,1,1,19.1,simple,market,market,buy,buy_to_open,day,,,filled,False,,,,,,access_key,2026-06-18T20:00:00Z
90e6bdcc-48a7-4d35-b43f-6c973592c74c,8ac2a6a3-35b4-4e60-9214-78485624fddc,2026-06-18T14:52:43.165888Z,2026-06-18T14:52:43.234728Z,2026-06-18T14:52:43.171735Z,2026-06-18T14:52:43.23235Z,,,,,,,17b2113c-8371-4f78-9c75-f1ffc729f54c,BAC260710C00057000,us_option,,2,2,1.22,simple,market,market,buy,buy_to_open,day,,,filled,False,,,,,,access_key,2026-06-18T20:00:00Z
e5073196-f126-4695-9267-754bc3109506,018e06e3-f40f-44f6-9d2e-a5b6ef3491e8,2026-06-18T14:52:20.715951Z,2026-06-18T14:52:20.8428Z,2026-06-18T14:52:20.724625Z,2026-06-18T14:52:20.841018Z,,,,,,,954a7a68-99e5-4e98-8741-7497d8441306,WFC260717P00080000,us_option,,2,2,1.47,simple,market,market,buy,buy_to_open,day,,,filled,False,,,,,,access_key,2026-06-18T20:00:00Z
602db4ee-5fa4-4e76-ba62-c5eee9b35ff1,ea595b57-9d71-41a0-8108-aa9978835956,2026-06-18T14:51:58.972611Z,2026-06-18T14:51:59.028735Z,2026-06-18T14:51:58.977287Z,2026-06-18T14:51:59.026695Z,,,,,,,26847719-550a-46fc-8b23-89eba0e0928a,TLT260717C00083000,us_option,,2,2,4.2,simple,market,market,buy,buy_to_open,day,,,filled,False,,,,,,access_key,2026-06-18T20:15:00Z
1ee3236e-7dfc-400c-8e9b-43ac9581762f,9eb7f1a9-ddcf-497d-bfe9-a228e0e56984,2026-06-18T14:51:37.718576Z,2026-06-18T14:51:37.76959Z,2026-06-18T14:51:37.723409Z,2026-06-18T14:51:37.767762Z,,,,,,,37dc6509-0bb2-4130-9943-fee1fe6bdbc4,IWM260702C00294000,us_option,,1,1,5.12,simple,market,market,buy,buy_to_open,day,,,filled,False,,,,,,access_key,2026-06-18T20:15:00Z
538e6496-db64-4635-b104-efa5ad0c7bc2,57b776f2-1aaa-4ea8-b428-eca76c84a722,2026-06-18T14:51:17.026489Z,2026-06-18T14:51:17.117715Z,2026-06-18T14:51:17.033165Z,2026-06-18T14:51:17.115559Z,,,,,,,9c61269f-7062-4c5e-b941-4a176e430625,AAPL260710C00300000,us_option,,2,2,7.3,simple,market,market,buy,buy_to_open,day,,,filled,False,,,,,,access_key,2026-06-18T20:00:00Z
6946cdd1-e8f7-4336-ae95-da966e779ecc,88c1a6f3-331e-4b37-b9a6-c998b6628d0c,2026-06-18T14:50:56.362896Z,2026-06-18T14:50:56.440482Z,2026-06-18T14:50:56.368012Z,2026-06-18T14:50:56.43832Z,,,,,,,4a30246c-ce7b-447b-a92e-8c43f241b38b,NVDA260710C00210000,us_option,,2,2,7.1,simple,market,market,buy,buy_to_open,day,,,filled,False,,,,,,access_key,2026-06-18T20:00:00Z
68ec6acd-56b9-4913-aa07-ec46360116ab,e4f3b4b0-5bae-448e-82e1-36e927c43795,2026-06-18T14:20:13.512948Z,2026-06-18T14:20:13.597925Z,2026-06-18T14:20:13.5185Z,2026-06-18T14:20:13.595694Z,,,,,,,907ef6c5-5c05-4901-84ff-bc5557d66598,ADBE260717P00200000,us_option,,2,2,11.7,simple,market,market,sell,sell_to_close,day,,,filled,False,,,,,,access_key,2026-06-18T20:00:00Z
a045df28-0296-4c30-ab20-c20cbda489ae,490f2bb8-4966-4f81-a4ab-733bfdd71fed,2026-06-18T14:20:07.469353Z,2026-06-18T14:20:07.541209Z,2026-06-18T14:20:07.474253Z,2026-06-18T14:20:07.539087Z,,,,,,,f72cee42-dec6-4c33-9931-3d12db7d96c4,IBM260717P00260000,us_option,,2,2,18.3,simple,market,market,sell,sell_to_close,day,,,filled,False,,,,,,access_key,2026-06-18T20:00:00Z
a262753c-8c16-471d-bdd8-a347dd9321e5,da5406ad-4936-4688-a60b-b39a059ef135,2026-06-18T14:19:59.580047Z,2026-06-18T14:19:59.7049Z,2026-06-18T14:19:59.585325Z,2026-06-18T14:19:59.702776Z,,,,,,,af8994b1-bdf5-424f-8ccb-99c2605d7ac1,GE260717C00340000,us_option,,1,1,25.2,simple,market,market,sell,sell_to_close,day,,,filled,False,,,,,,access_key,2026-06-18T20:00:00Z
b30e2c5d-ee35-4f6c-8175-5bf1bfeadc14,787915ca-b9ee-4dce-8423-8e39f693f72e,2026-06-18T13:54:49.626547Z,2026-06-18T13:54:49.720165Z,2026-06-18T13:54:49.632419Z,2026-06-18T13:54:49.71819Z,,,,,,,621de95b-b3f4-4d36-8eb1-bb7088f87ed3,RTX260821C00200000,us_option,,2,2,5.2,simple,market,market,sell,sell_to_close,day,,,filled,False,,,,,,access_key,2026-06-18T20:00:00Z
a466f799-afaa-432d-875e-a9dfd3ce433f,02dddc12-878f-432d-a41a-9f5874682ee7,2026-06-18T13:54:46.406833Z,2026-06-18T13:54:46.624064Z,2026-06-18T13:54:46.412369Z,2026-06-18T13:54:46.621364Z,,,,,,,e4517869-4d5f-46c0-9b2b-f1290658adaa,PLTR260717C00135000,us_option,,3,3,3.85,simple,market,market,sell,sell_to_close,day,,,filled,False,,,,,,access_key,2026-06-18T20:00:00Z
10eee5e4-4c52-4762-aeb2-0596c7beb5cf,9d6ca82b-933f-406a-9223-34d223432274,2026-06-18T13:54:32.673194Z,2026-06-18T13:54:32.761062Z,2026-06-18T13:54:32.681001Z,2026-06-18T13:54:32.758843Z,,,,,,,6f437821-5ae8-4cb6-8107-6ffa8222b3aa,XLE260717P00055000,us_option,,1,1,2.46,simple,market,market,sell,sell_to_close,day,,,filled,False,,,,,,access_key,2026-06-18T20:15:00Z
9dcb0ff3-482a-4e02-8c19-8c8eb8004887,e00d94f4-5506-4a14-a1ed-7c629c2d2daf,2026-06-18T13:54:31.598844Z,2026-06-18T13:54:31.64922Z,2026-06-18T13:54:31.604989Z,2026-06-18T13:54:31.646991Z,,,,,,,00fc8052-bc27-4afd-8ee5-612976ac7a2e,CVX260717P00180000,us_option,,1,1,8.6,simple,market,market,sell,sell_to_close,day,,,filled,False,,,,,,access_key,2026-06-18T20:00:00Z
4440e527-1bad-439d-a10f-dc3ebcfe7610,f4dd0e76-05f8-41d9-9281-c7a77393cf33,2026-06-18T13:54:27.734225Z,2026-06-18T13:54:27.806665Z,2026-06-18T13:54:27.739681Z,2026-06-18T13:54:27.804567Z,,,,,,,646a46ae-c38b-4e4d-8e86-1b87fa35630d,PLTR260717C00130000,us_option,,2,2,5.6,simple,market,market,sell,sell_to_close,day,,,filled,False,,,,,,access_key,2026-06-18T20:00:00Z
c90c5d82-dd43-4ec3-b858-0dab5e951852,dcee4c80-eae2-4aa4-a161-49819cb3f4bd,2026-06-18T13:54:12.512966Z,2026-06-18T13:54:12.629847Z,2026-06-18T13:54:12.519681Z,2026-06-18T13:54:12.627817Z,,,,,,,101fe387-b330-4d07-bc0e-80b38794a7ab,GOOGL260717C00375000,us_option,,1,1,7.05,simple,market,market,sell,sell_to_close,day,,,filled,False,,,,,,access_key,2026-06-18T20:00:00Z
dbe35c96-e6fb-45af-919d-f8d88b4ee7f0,b9d166df-bba6-4ce3-a32c-13c9a9ebd7a8,2026-06-18T13:54:10.573422Z,2026-06-18T13:54:10.665288Z,2026-06-18T13:54:10.57863Z,2026-06-18T13:54:10.663224Z,,,,,,,6bdcc7e8-4c82-4c78-a936-529eec39d7ce,BA260717C00230000,us_option,,2,2,5,simple,market,market,sell,sell_to_close,day,,,filled,False,,,,,,access_key,2026-06-18T20:00:00Z
dc04055b-6c20-4a21-815d-69fa28803ac6,c0670141-f723-44c1-b64b-62b8a3be5339,2026-06-18T13:33:28.903514Z,2026-06-18T13:33:28.943607Z,2026-06-18T13:33:28.909237Z,2026-06-18T13:33:28.941548Z,,,,,,,1082a726-ac72-4e21-81b6-b2d5e4e8e824,NVDA260717P00210000,us_option,,2,2,9.6,simple,market,market,sell,sell_to_close,day,,,filled,False,,,,,,access_key,2026-06-18T20:00:00Z
e37785aa-d45a-4239-bd5b-a9c57dc55e18,fc04aacb-0785-4608-9d9e-7c79f8f60f49,2026-06-18T13:33:03.255755Z,2026-06-18T13:33:03.312793Z,2026-06-18T13:33:03.260273Z,2026-06-18T13:33:03.310933Z,,,,,,,9c086ca9-bd99-434b-a26b-94104ff8ee95,UBER260717C00075000,us_option,,2,2,1.3,simple,market,market,sell,sell_to_close,day,,,filled,False,,,,,,access_key,2026-06-18T20:00:00Z
a5e7d346-f79c-4ad1-84fa-9299d6671a80,a8cac230-69d7-4104-8ce4-511e79591077,2026-06-18T13:32:58.085987Z,2026-06-18T13:32:58.101338Z,2026-06-18T13:32:58.090949Z,2026-06-18T13:32:58.099473Z,,,,,,,391d341c-bdf6-4fe2-ade4-36229196dc3a,COIN260710C00170000,us_option,,1,1,8.4,simple,market,market,sell,sell_to_close,day,,,filled,False,,,,,,access_key,2026-06-18T20:00:00Z
fd33dcbc-5394-43d4-ae0b-0ef789dc3ee1,fa3f2463-0003-4a0b-b084-ea9e836e2fec,2026-06-17T19:45:54.46575Z,2026-06-17T19:45:54.49065Z,2026-06-17T19:45:54.471367Z,2026-06-17T19:45:54.488547Z,,,,,,,49f56977-0c9e-458a-b586-8ff4f0b53bb6,NVDA260821C00250000,us_option,,1,1,2.25,simple,market,market,sell,sell_to_close,day,,,filled,False,,,,,,access_key,2026-06-17T20:00:00Z
271a3a66-eebd-42bb-9a26-b02e3c1c5a00,7fde2b34-10c6-4d56-a6c6-7de508267480,2026-06-17T19:45:51.405995Z,2026-06-17T19:45:51.444487Z,2026-06-17T19:45:51.411294Z,2026-06-17T19:45:51.442344Z,,,,,,,3bebf709-c100-4d8b-91a3-3b61840d97f3,IWM260710C00310000,us_option,,2,2,0.72,simple,market,market,sell,sell_to_close,day,,,filled,False,,,,,,access_key,2026-06-17T20:15:00Z
b1165806-eda3-4405-91ac-2cef98bdf7e3,90b33c86-7d0b-47b0-9e6d-9acc712990a6,2026-06-17T19:24:21.962504Z,2026-06-17T19:24:22.094503Z,2026-06-17T19:24:21.967544Z,2026-06-17T19:24:22.091974Z,,,,,,,11bf2a95-6d49-4def-b423-082fd177f685,META260717C00600000,us_option,,1,1,12.2,simple,market,market,sell,sell_to_close,day,,,filled,False,,,,,,access_key,2026-06-17T20:00:00Z
c837df21-129e-492c-9d78-527f4d86ff80,f983c421-0840-4dce-b0b8-42f0945c782e,2026-06-17T19:24:09.76203Z,2026-06-17T19:24:09.80043Z,2026-06-17T19:24:09.770689Z,2026-06-17T19:24:09.798351Z,,,,,,,1039fd76-4c0d-48ac-a7a3-d0771a16ed67,SPY260710C00736000,us_option,,1,1,15.52,simple,market,market,sell,sell_to_close,day,,,filled,False,,,,,,access_key,2026-06-17T20:15:00Z
e0a495e6-a182-428f-a41b-4fd1bf746c00,1be61ae1-8e8d-48c1-9484-745cf2914e90,2026-06-17T19:24:05.828373Z,2026-06-17T19:24:05.851499Z,2026-06-17T19:24:05.834218Z,2026-06-17T19:24:05.845156Z,,,,,,,5f0b6bf7-1cc2-4826-ae05-881c361714d7,SCHW260717C00092500,us_option,,2,2,3.75,simple,market,market,sell,sell_to_close,day,,,filled,False,,,,,,access_key,2026-06-17T20:00:00Z
f24a360b-7dfd-4127-bdb3-674a7fab4395,7dffa7c3-6e5c-4a82-bda2-51542f469b8b,2026-06-17T19:24:01.180143Z,2026-06-17T19:24:01.219263Z,2026-06-17T19:24:01.185661Z,2026-06-17T19:24:01.21725Z,,,,,,,535c9165-7fc7-4f9e-8219-01b2a9f646f3,QQQ260710C00745000,us_option,,1,1,9.89,simple,market,market,sell,sell_to_close,day,,,filled,False,,,,,,access_key,2026-06-17T20:15:00Z
9d7a5906-c6a1-4661-b92e-9ba1411e56ac,c0b5991d-0b8c-4e69-ae76-ddbef0dddc64,2026-06-17T19:24:00.083152Z,2026-06-17T19:24:00.193025Z,2026-06-17T19:24:00.089119Z,2026-06-17T19:24:00.190829Z,,,,,,,2f36ad6c-1292-4a20-871c-5f13794f1d30,BAC260717C00055000,us_option,,2,2,2.7,simple,market,market,sell,sell_to_close,day,,,filled,False,,,,,,access_key,2026-06-17T20:00:00Z
3b290863-cbde-40c7-88d9-bb70c5d2b069,d2a0764b-7790-4f91-98eb-127a9c1ce6a2,2026-06-17T19:23:59.023872Z,2026-06-17T19:23:59.077533Z,2026-06-17T19:23:59.029978Z,2026-06-17T19:23:59.075428Z,,,,,,,80d192be-8288-4827-954a-dbceeed270d1,DIA260710C00516000,us_option,,2,2,8.25,simple,market,market,sell,sell_to_close,day,,,filled,False,,,,,,access_key,2026-06-17T20:15:00Z
1cd2421a-f642-4eee-b674-460dd52d9b1f,d4822606-fd1f-406f-a48a-f815dff7eb91,2026-06-17T19:23:57.987641Z,2026-06-17T19:23:58.074802Z,2026-06-17T19:23:57.996303Z,2026-06-17T19:23:58.072638Z,,,,,,,d33ff655-4cb2-4994-871e-afff28c097f5,JPM260717C00315000,us_option,,2,2,20.35,simple,market,market,sell,sell_to_close,day,,,filled,False,,,,,,access_key,2026-06-17T20:00:00Z
dfdcbd20-356d-49bc-bd25-adf72c5ad0d7,69556072-c901-4fc9-9395-0e608343e282,2026-06-17T18:54:32.414251Z,2026-06-17T18:54:32.49642Z,2026-06-17T18:54:32.419101Z,2026-06-17T18:54:32.49414Z,,,,,,,e4517869-4d5f-46c0-9b2b-f1290658adaa,PLTR260717C00135000,us_option,,3,3,7.2,simple,market,market,buy,buy_to_open,day,,,filled,False,,,,,,access_key,2026-06-17T20:00:00Z
88933297-cbad-4065-b26c-270707046b88,bd1bd2df-3fdc-47a1-9669-d0cc29cb01dc,2026-06-17T18:20:44.944673Z,2026-06-17T18:20:44.99872Z,2026-06-17T18:20:44.954142Z,2026-06-17T18:20:44.996561Z,,,,,,,c70df6fa-bc46-4720-814e-4f1166c93900,TGT260717C00125000,us_option,,2,2,6.35,simple,market,market,sell,sell_to_close,day,,,filled,False,,,,,,access_key,2026-06-17T20:00:00Z
5f756328-675b-4577-8bc0-937cf10f83e2,71ef65ba-3e25-4b0a-a110-9e87f03fbc4b,2026-06-17T17:50:58.791737Z,2026-06-17T17:50:58.872501Z,2026-06-17T17:50:58.799359Z,2026-06-17T17:50:58.870342Z,,,,,,,f5f5f6a5-62e4-4546-854b-b202da40036c,JPM260717C00340000,us_option,,3,3,7.95,simple,market,market,buy,buy_to_open,day,,,filled,False,,,,,,access_key,2026-06-17T20:00:00Z
e3bae1a8-6001-4dbb-a2e0-75ff699e8734,82560fb6-74c0-4455-8564-687d8992932d,2026-06-17T16:55:37.720096Z,2026-06-17T16:55:37.774838Z,2026-06-17T16:55:37.725485Z,2026-06-17T16:55:37.772469Z,,,,,,,94df1905-83d4-42f5-9e4d-2d8d6e0c7134,WFC260717C00085000,us_option,,1,1,3.25,simple,market,market,sell,sell_to_close,day,,,filled,False,,,,,,access_key,2026-06-17T20:00:00Z
20223952-1ce2-4ab4-8487-98f7c68f6e1a,45a3607a-9833-48c5-8a51-1cc065827f7d,2026-06-17T14:32:06.071063Z,2026-06-17T14:32:06.190735Z,2026-06-17T14:32:06.075586Z,2026-06-17T14:32:06.188496Z,,,,,,,8a9c89aa-8ba7-4252-9972-4a2f3e75fb45,NKE260717P00045000,us_option,,2,2,2.54,simple,market,market,buy,buy_to_open,day,,,filled,False,,,,,,access_key,2026-06-17T20:00:00Z
b003cb44-1e38-4357-b322-bb316065f0c0,b9f1f457-93dc-4b6c-a7c4-1d6286bc4dcc,2026-06-17T14:30:47.911021Z,2026-06-17T14:30:48.038874Z,2026-06-17T14:30:47.915003Z,2026-06-17T14:30:48.036786Z,,,,,,,3002e782-1512-4b58-9ef0-fe10f85c645b,ADBE260717P00210000,us_option,,1,1,12.5,simple,market,market,buy,buy_to_open,day,,,filled,False,,,,,,access_key,2026-06-17T20:00:00Z
2613a52b-b9f4-46df-a08a-59c23542f0a9,8e59b604-974e-4f9c-bb2f-00275d0f4132,2026-06-17T14:29:45.018743Z,2026-06-17T14:29:45.100971Z,2026-06-17T14:29:45.023916Z,2026-06-17T14:29:45.098757Z,,,,,,,81b93d30-d73b-4348-b3db-9ca7f5bab8fe,IONQ260717P00060000,us_option,,3,3,8.15,simple,market,market,buy,buy_to_open,day,,,filled,False,,,,,,access_key,2026-06-17T20:00:00Z
49a6c67d-618d-4391-bbdb-84a8733d5bb4,0a01d764-96df-47c4-a5e6-f33c2bc28b3c,2026-06-17T14:29:19.218962Z,2026-06-17T14:29:19.332984Z,2026-06-17T14:29:19.226543Z,2026-06-17T14:29:19.330926Z,,,,,,,1082a726-ac72-4e21-81b6-b2d5e4e8e824,NVDA260717P00210000,us_option,,2,2,9.1,simple,market,market,buy,buy_to_open,day,,,filled,False,,,,,,access_key,2026-06-17T20:00:00Z
1a2cbcd2-22ef-46b7-9507-6892ddd8da8f,54c58c39-1fb3-4438-9970-3ccd5f763775,2026-06-17T14:28:54.284562Z,2026-06-17T14:28:54.478858Z,2026-06-17T14:28:54.292641Z,2026-06-17T14:28:54.476356Z,,,,,,,9726f287-c6d8-4c5a-883c-bed9d8a8dade,MO260717P00070000,us_option,,3,3,2.31,simple,market,market,buy,buy_to_open,day,,,filled,False,,,,,,access_key,2026-06-17T20:00:00Z
7d7d16c5-07d1-4cee-b741-d302aec21774,6dfcc014-dc88-4d5d-883c-b9a76542e5f7,2026-06-17T14:28:29.758793Z,2026-06-17T14:28:29.85637Z,2026-06-17T14:28:29.767462Z,2026-06-17T14:28:29.85408Z,,,,,,,976433a9-6985-41b1-ba12-a207af2343a1,MSFT260717P00395000,us_option,,1,1,16.7,simple,market,market,buy,buy_to_open,day,,,filled,False,,,,,,access_key,2026-06-17T20:00:00Z
60d50695-43f2-4732-ab10-704a70c769ba,db5b89fd-bfae-4fa5-ab6b-e1e04a8fdfe8,2026-06-17T14:27:18.075125Z,2026-06-17T14:27:18.179813Z,2026-06-17T14:27:18.083132Z,2026-06-17T14:27:18.176784Z,,,,,,,b5a28575-8045-443b-910f-bd3b16da2923,COP260717P00110000,us_option,,3,3,3.6,simple,market,market,buy,buy_to_open,day,,,filled,False,,,,,,access_key,2026-06-17T20:00:00Z
d78a56b5-3e15-4e17-9d59-aae4296ead03,2559fa73-ba38-4e72-9bfd-d2e1b473233c,2026-06-17T14:26:54.310942Z,2026-06-17T14:26:54.366962Z,2026-06-17T14:26:54.317706Z,2026-06-17T14:26:54.364481Z,,,,,,,3c482858-32e4-4748-9b12-7f30baa8657b,ZM260717P00090000,us_option,,3,3,4.25,simple,market,market,buy,buy_to_open,day,,,filled,False,,,,,,access_key,2026-06-17T20:00:00Z
c33bf3e9-e77c-48d5-be55-c723d9a0563f,14424f71-ce39-4cfc-9ebf-f5ec38b4aa5f,2026-06-17T14:26:32.194019Z,2026-06-17T14:26:32.222015Z,2026-06-17T14:26:32.201428Z,2026-06-17T14:26:32.219981Z,,,,,,,29e4a680-b196-4ddd-b2d6-0eb097a5b8c5,MRK260717P00115000,us_option,,2,2,3.6,simple,market,market,buy,buy_to_open,day,,,filled,False,,,,,,access_key,2026-06-17T20:00:00Z
10932fe9-0160-488b-a53d-37ac97d2f2cc,beba9f33-1055-47ba-b2d9-764d87ca9ba6,2026-06-17T14:25:20.022766Z,2026-06-17T14:25:20.102891Z,2026-06-17T14:25:20.027368Z,2026-06-17T14:25:20.10063Z,,,,,,,dbf7920c-ebea-4e9b-ad24-3a3c7c23863d,KO260717P00080000,us_option,,3,3,1.95,simple,market,market,buy,buy_to_open,day,,,filled,False,,,,,,access_key,2026-06-17T20:00:00Z
f9029544-cb26-43f4-b111-e029f36af14b,1aeacb84-b44c-4420-a32a-bb876e62f210,2026-06-17T14:24:33.722136Z,2026-06-17T14:24:33.757909Z,2026-06-17T14:24:33.729239Z,2026-06-17T14:24:33.755663Z,,,,,,,167f21b3-5c73-4d3d-822d-b0a967feb7fd,F260717P00015000,us_option,,3,3,1.06,simple,market,market,buy,buy_to_open,day,,,filled,False,,,,,,access_key,2026-06-17T20:00:00Z
977e283c-1adb-4595-9eac-25a37d3431e5,9a78dc34-57f4-4602-b694-8e448955ebb0,2026-06-17T14:24:10.80149Z,2026-06-17T14:24:10.924012Z,2026-06-17T14:24:10.808586Z,2026-06-17T14:24:10.921804Z,,,,,,,368e6abf-e97a-4d67-9d77-8313d3021040,CSCO260717P00120000,us_option,,3,3,5.9,simple,market,market,buy,buy_to_open,day,,,filled,False,,,,,,access_key,2026-06-17T20:00:00Z
4a0b9b1f-80c3-4cec-820b-2f9ddb13f98b,612fc1eb-0c13-488e-91fb-f4e468f0007f,2026-06-17T14:23:47.932904Z,2026-06-17T14:23:47.961006Z,2026-06-17T14:23:47.939074Z,2026-06-17T14:23:47.958797Z,,,,,,,6bd4106c-0a6d-4b5a-b144-7462e4066547,SNOW260717P00240000,us_option,,1,1,16.55,simple,market,market,buy,buy_to_open,day,,,filled,False,,,,,,access_key,2026-06-17T20:00:00Z
467e8521-9cff-4e63-8652-c7ecdbfbd18c,361e43d1-d595-41ba-81d4-408e9272d7ff,2026-06-17T14:23:03.829798Z,2026-06-17T14:23:03.890242Z,2026-06-17T14:23:03.83531Z,2026-06-17T14:23:03.887973Z,,,,,,,f7fb7af6-c6e2-4654-8bfb-eb66254a58d4,CRM260717P00160000,us_option,,3,3,6.95,simple,market,market,buy,buy_to_open,day,,,filled,False,,,,,,access_key,2026-06-17T20:00:00Z
445aa325-0d64-454e-84ae-82592a085d9e,3cecd35e-36af-448b-9e2e-c44016b62819,2026-06-17T14:21:58.556643Z,2026-06-17T14:21:58.642599Z,2026-06-17T14:21:58.564391Z,2026-06-17T14:21:58.639865Z,,,,,,,4a2cc3a4-c441-4143-9751-7d36d8f6eb30,TSLA260717P00405000,us_option,,1,1,20.8,simple,market,market,buy,buy_to_open,day,,,filled,False,,,,,,access_key,2026-06-17T20:00:00Z
81cb615b-0ccd-4ed0-be8a-ea2135adff6b,c0a71557-ca80-4e77-be77-e127ff14d3df,2026-06-17T14:21:15.820111Z,2026-06-17T14:21:15.938847Z,2026-06-17T14:21:15.829017Z,2026-06-17T14:21:15.936699Z,,,,,,,6f437821-5ae8-4cb6-8107-6ffa8222b3aa,XLE260717P00055000,us_option,,3,3,1.7,simple,market,market,buy,buy_to_open,day,,,filled,False,,,,,,access_key,2026-06-17T20:15:00Z
1d0f7d86-fa0f-497c-9ad4-7eec5a3607ab,a29ff025-65cb-4c98-bd72-d2a9bc3151b0,2026-06-17T14:19:51.099926Z,2026-06-17T14:19:51.125932Z,2026-06-17T14:19:51.106247Z,2026-06-17T14:19:51.123643Z,,,,,,,00fc8052-bc27-4afd-8ee5-612976ac7a2e,CVX260717P00180000,us_option,,3,3,5.75,simple,market,market,buy,buy_to_open,day,,,filled,False,,,,,,access_key,2026-06-17T20:00:00Z
a08dea4b-a9c3-476b-9d0f-bfb829d89ebd,9e971d77-a98d-4bfd-85d2-6bee0f231901,2026-06-17T14:19:30.005959Z,2026-06-17T14:19:30.054157Z,2026-06-17T14:19:30.01211Z,2026-06-17T14:19:30.051922Z,,,,,,,ace62879-d5d3-4a63-a384-b7f957e0abe9,TLT260717C00080000,us_option,,1,1,6.5,simple,market,market,buy,buy_to_open,day,,,filled,False,,,,,,access_key,2026-06-17T20:15:00Z
141f8a7d-4993-4f4b-afd5-e49ed6577f28,497a6260-fa86-4237-a0a0-9f084e7ffdfb,2026-06-17T14:19:09.232642Z,2026-06-17T14:19:09.334416Z,2026-06-17T14:19:09.236761Z,2026-06-17T14:19:09.331971Z,,,,,,,b5a2c405-7543-41da-bd76-fa0fc09f75de,GE260717C00360000,us_option,,1,1,15.7,simple,market,market,buy,buy_to_open,day,,,filled,False,,,,,,access_key,2026-06-17T20:00:00Z
4138be00-f2e4-4edc-8754-cb275621e6a5,13f2b8f5-acdc-4be4-b6ab-7b997b24d116,2026-06-17T14:18:48.87912Z,2026-06-17T14:18:48.92996Z,2026-06-17T14:18:48.887166Z,2026-06-17T14:18:48.927853Z,,,,,,,4e9f3f4f-626c-430a-a82f-92451d9eff47,AVGO260717C00400000,us_option,,1,1,18.9,simple,market,market,buy,buy_to_open,day,,,filled,False,,,,,,access_key,2026-06-17T20:00:00Z
a5567190-6577-4ea1-ab0b-83e30125e10f,2dcca64a-9885-4bdc-9a5a-ca4faea919a7,2026-06-17T14:18:29.204063Z,2026-06-17T14:18:29.283929Z,2026-06-17T14:18:29.208738Z,2026-06-17T14:18:29.281285Z,,,,,,,646a46ae-c38b-4e4d-8e86-1b87fa35630d,PLTR260717C00130000,us_option,,2,2,10.55,simple,market,market,buy,buy_to_open,day,,,filled,False,,,,,,access_key,2026-06-17T20:00:00Z
a9df439c-89c2-46b4-98bc-49c510f4fcff,dc933c80-33ba-4be6-babb-58d952b09bfc,2026-06-17T13:34:36.208772Z,2026-06-17T13:34:36.230811Z,2026-06-17T13:34:36.21565Z,2026-06-17T13:34:36.228747Z,,,,,,,07dd90f2-679d-4520-8a12-ebdb1f4cb5fa,SNOW260717C00250000,us_option,,1,1,9,simple,market,market,sell,sell_to_close,day,,,filled,False,,,,,,access_key,2026-06-17T20:00:00Z
40ba2bf0-c2ff-4e0e-8715-454aa4372406,1ea545a7-ad6c-4fcb-8df2-5b2e88170ce8,2026-06-17T13:34:26.719741Z,2026-06-17T13:34:26.815089Z,2026-06-17T13:34:26.727443Z,2026-06-17T13:34:26.813144Z,,,,,,,ea5fe416-a814-4041-80e7-ba340917980c,NET260717C00250000,us_option,,2,2,6.8,simple,market,market,sell,sell_to_close,day,,,filled,False,,,,,,access_key,2026-06-17T20:00:00Z
a49dc1c7-5d80-4d8c-a1b9-4d8e2db32638,fad1f1ee-3934-4bd8-aa7f-01593405b304,2026-06-16T17:02:04.489507Z,2026-06-16T17:02:04.538446Z,2026-06-16T17:02:04.494477Z,2026-06-16T17:02:04.536469Z,,,,,,,a4e6fa39-fbd6-452c-8c75-6e1ab43484ea,NEE260717C00087500,us_option,,1,1,1.86,simple,market,market,sell,sell_to_close,day,,,filled,False,,,,,,access_key,2026-06-16T20:00:00Z
5c563090-5399-44f1-98a6-b887e6a253c5,b56163e2-b92f-43eb-8c93-edda4929f239,2026-06-16T15:58:12.01875Z,2026-06-16T15:58:12.079773Z,2026-06-16T15:58:12.026821Z,2026-06-16T15:58:12.077849Z,,,,,,,55daf469-677f-4949-af43-2d019ba7434d,TLT260717C00084000,us_option,,2,2,2.6,simple,market,market,buy,buy_to_open,day,,,filled,False,,,,,,access_key,2026-06-16T20:15:00Z
e2095e66-eecc-4b76-871e-6441a453c8f9,dca93b19-79e0-4f33-a143-7864f735e72c,2026-06-16T15:13:26.565707Z,2026-06-16T15:13:26.626625Z,2026-06-16T15:13:26.571198Z,2026-06-16T15:13:26.624248Z,,,,,,,db7b97f3-7dc8-466c-b30b-13506d7d1ee8,PEP260717C00145000,us_option,,1,1,5.1,simple,market,market,sell,sell_to_close,day,,,filled,False,,,,,,access_key,2026-06-16T20:00:00Z
a671234f-7d9a-4371-8139-ea2c042a330e,68464b0d-7903-4abb-9e6e-7f4faa85bd2a,2026-06-16T15:00:36.221717Z,2026-06-16T15:00:36.250191Z,2026-06-16T15:00:36.227511Z,2026-06-16T15:00:36.24798Z,,,,,,,fc81333f-0640-4362-80a8-c747cdd9083c,ESTC260717P00060000,us_option,,2,2,4.2,simple,market,market,buy,buy_to_open,day,,,filled,False,,,,,,access_key,2026-06-16T20:00:00Z
b7f7277e-737a-4f6d-a140-834101450d3c,814e541a-d648-4a56-afc1-bc83fc7e50be,2026-06-16T14:59:19.197349Z,2026-06-16T14:59:19.294871Z,2026-06-16T14:59:19.203012Z,2026-06-16T14:59:19.292663Z,,,,,,,f9f87f35-36a6-4ccb-9588-44c59a17d892,WBD260717C00027000,us_option,,1,1,0.8,simple,market,market,sell,sell_to_close,day,,,filled,False,,,,,,access_key,2026-06-16T20:00:00Z
c39c6af0-5a47-4780-841e-fad7d2491a77,92db4cf1-52c5-41f1-9bc5-efc2e745f2e9,2026-06-16T14:38:37.022265Z,2026-06-16T14:38:37.089732Z,2026-06-16T14:38:37.028285Z,2026-06-16T14:38:37.087468Z,,,,,,,4dfdb4d7-8c9a-4c67-851e-b91446cd5caf,SMH260710C00662500,us_option,,1,1,23.9,simple,market,market,buy,buy_to_open,day,,,filled,False,,,,,,access_key,2026-06-16T20:15:00Z
2a8e187d-8fc0-4b1d-9034-b0ef435a871f,cd03a4e8-94dd-4df7-9c7f-77077f8a2ea1,2026-06-16T14:38:18.631164Z,2026-06-16T14:38:18.660001Z,2026-06-16T14:38:18.638479Z,2026-06-16T14:38:18.657944Z,,,,,,,4edea85f-4247-4e58-9c59-e3d0f87c3e50,XLF260717C00050000,us_option,,3,3,4.3,simple,market,market,buy,buy_to_open,day,,,filled,False,,,,,,access_key,2026-06-16T20:15:00Z
17a5b1d2-4c01-44f3-9b06-c99a5efb9949,37edbaea-aa3a-46bc-8584-f1b1f36c0bbe,2026-06-16T14:37:59.755407Z,2026-06-16T14:37:59.830285Z,2026-06-16T14:37:59.763543Z,2026-06-16T14:37:59.827783Z,,,,,,,11bf2a95-6d49-4def-b423-082fd177f685,META260717C00600000,us_option,,1,1,21.25,simple,market,market,buy,buy_to_open,day,,,filled,False,,,,,,access_key,2026-06-16T20:00:00Z
a9e8d3fa-7c9a-43a4-af85-3fb132b457ea,63b52a94-434f-488b-a572-dbc88b0091d4,2026-06-16T14:36:09.226637Z,2026-06-16T14:36:09.345845Z,2026-06-16T14:36:09.231723Z,2026-06-16T14:36:09.34384Z,,,,,,,127d38c5-5033-45c3-9872-b366e5d26c0f,ESTC260717C00065000,us_option,,2,2,2,simple,market,market,sell,sell_to_close,day,,,filled,False,,,,,,access_key,2026-06-16T20:00:00Z
f449c9d5-3ab8-4c0f-8020-0b4c7b2c0b04,d6092b1c-5199-4a27-b64c-edc727a5c635,2026-06-16T14:35:42.314855Z,2026-06-16T14:35:42.344934Z,2026-06-16T14:35:42.321327Z,2026-06-16T14:35:42.342677Z,,,,,,,9f280406-0134-4838-ad2d-b69788cb29bf,META260717C00620000,us_option,,1,1,13.5,simple,market,market,sell,sell_to_close,day,,,filled,False,,,,,,access_key,2026-06-16T20:00:00Z
b1421f07-55b2-411c-ac81-c2f282e83531,9ba75c76-a595-419c-b9ec-ad4ea3ec9715,2026-06-16T14:35:37.024888Z,2026-06-16T14:35:37.139061Z,2026-06-16T14:35:37.029761Z,2026-06-16T14:35:37.136947Z,,,,,,,c1a00788-2727-4522-9f52-b50d7ed61807,SMH260717C00640000,us_option,,1,1,35.7,simple,market,market,sell,sell_to_close,day,,,filled,False,,,,,,access_key,2026-06-16T20:15:00Z
8a11e0d8-c41f-4512-b3f3-a56952eabdc8,dbf7663d-7a87-4fd7-a9bb-75eaa311b739,2026-06-16T13:56:31.393346Z,2026-06-16T13:56:31.437465Z,2026-06-16T13:56:31.398922Z,2026-06-16T13:56:31.43529Z,,,,,,,4e50f387-f4d4-4e3e-a21d-59e0f320f801,JNJ260717P00230000,us_option,,2,2,5.7,simple,market,market,buy,buy_to_open,day,,,filled,False,,,,,,access_key,2026-06-16T20:00:00Z
1925ad55-ba7f-4a89-ae3b-da021553014a,10f3e664-0763-4d40-b7f2-7662b345cbe0,2026-06-16T13:56:13.443235Z,2026-06-16T13:56:13.539503Z,2026-06-16T13:56:13.448922Z,2026-06-16T13:56:13.537235Z,,,,,,,07dd90f2-679d-4520-8a12-ebdb1f4cb5fa,SNOW260717C00250000,us_option,,1,1,15.5,simple,market,market,buy,buy_to_open,day,,,filled,False,,,,,,access_key,2026-06-16T20:00:00Z
89262d4c-de92-4e6b-9e86-580270f2b463,707e81c8-a9c6-4d5f-9230-ded870c82c5e,2026-06-16T13:55:54.544698Z,2026-06-16T13:55:54.63308Z,2026-06-16T13:55:54.550036Z,2026-06-16T13:55:54.631128Z,,,,,,,0a059277-3564-4606-ac63-e8df4a8d6f23,NKE260717C00047500,us_option,,2,2,2.2,simple,market,market,buy,buy_to_open,day,,,filled,False,,,,,,access_key,2026-06-16T20:00:00Z
2b75392c-ce3f-4d20-adc5-0196a5b1b165,07c756c4-c37a-4010-90a2-0f4b221b07c7,2026-06-16T13:55:35.212369Z,2026-06-16T13:55:35.241802Z,2026-06-16T13:55:35.21713Z,2026-06-16T13:55:35.239805Z,,,,,,,0a139683-65af-4b2e-820c-52daabaa65e0,INTC260717C00130000,us_option,,1,1,12.25,simple,market,market,buy,buy_to_open,day,,,filled,False,,,,,,access_key,2026-06-16T20:00:00Z
fdb3443f-a052-4340-b15c-9b825727c785,7b27fe27-b1a0-4085-acd5-02c6ec93cb01,2026-06-16T13:52:51.065581Z,2026-06-16T13:52:51.116971Z,2026-06-16T13:52:51.071362Z,2026-06-16T13:52:51.114791Z,,,,,,,603861f6-fa0e-499a-bab3-a898b51325ef,PFE260717C00026000,us_option,,1,1,0.51,simple,market,market,sell,sell_to_close,day,,,filled,False,,,,,,access_key,2026-06-16T20:00:00Z
89392e3c-9cab-4351-9029-8f1d2cfe9532,e991f4f9-87dd-4d36-8264-db731d58acd0,2026-06-16T13:31:18.156814Z,2026-06-16T13:31:18.315351Z,2026-06-16T13:31:18.16134Z,2026-06-16T13:31:18.313399Z,,,,,,,1422a013-21c3-4272-842c-57d45d3da738,INTC260717C00120000,us_option,,3,3,15.35,simple,market,market,sell,sell_to_close,day,,,filled,False,,,,,,access_key,2026-06-16T20:00:00Z
8f51896f-b60d-46df-8343-5c9861c938d1,b40978ac-f3ad-49b2-8836-4c30e253e46d,2026-06-15T18:14:58.428961Z,2026-06-15T18:14:58.546371Z,2026-06-15T18:14:58.437159Z,2026-06-15T18:14:58.544112Z,,,,,,,0391253d-7d00-43e3-ad6b-fe2182770e31,XLF260717C00054000,us_option,,1,1,0.81,simple,market,market,sell,sell_to_close,day,,,filled,False,,,,,,access_key,2026-06-15T20:15:00Z
a76f9af5-80e4-420e-bb93-02430088729b,9d1e56d3-49a0-4543-88c2-180c758b7a61,2026-06-15T16:07:00.353023Z,2026-06-15T16:07:00.455066Z,2026-06-15T16:07:00.358592Z,2026-06-15T16:07:00.453051Z,,,,,,,127d38c5-5033-45c3-9872-b366e5d26c0f,ESTC260717C00065000,us_option,,2,2,3.8,simple,market,market,buy,buy_to_open,day,,,filled,False,,,,,,access_key,2026-06-15T20:00:00Z
c137e6f1-2e95-4782-ae27-d189bb4ea380,16d94d8b-8c7f-4155-b25e-23e3a7a1e2fd,2026-06-15T15:58:32.942336Z,2026-06-15T15:58:33.066746Z,2026-06-15T15:58:32.947991Z,2026-06-15T15:58:33.064373Z,,,,,,,a051d2fa-7a56-4906-a3e4-f7a8c5903ad6,LLY260717P01080000,us_option,,1,1,22.1,simple,market,market,buy,buy_to_open,day,,,filled,False,,,,,,access_key,2026-06-15T20:00:00Z
ae57606d-e72b-4eca-aca8-4eb9952a0d15,fe16609b-3448-4ac0-99b7-9de83c508ec3,2026-06-15T15:58:13.701507Z,2026-06-15T15:58:13.797857Z,2026-06-15T15:58:13.708155Z,2026-06-15T15:58:13.795492Z,,,,,,,b8e6959f-13d5-41dd-b946-66f0bdcea8f7,SAP260717P00160000,us_option,,2,2,5.1,simple,market,market,buy,buy_to_open,day,,,filled,False,,,,,,access_key,2026-06-15T20:00:00Z
695169b5-4c29-44e9-a3a1-5add83b07e95,bea6aa71-c959-46b8-84e8-323c86a4acdf,2026-06-15T15:57:54.597195Z,2026-06-15T15:57:54.710159Z,2026-06-15T15:57:54.602196Z,2026-06-15T15:57:54.70804Z,,,,,,,9c086ca9-bd99-434b-a26b-94104ff8ee95,UBER260717C00075000,us_option,,2,2,2.35,simple,market,market,buy,buy_to_open,day,,,filled,False,,,,,,access_key,2026-06-15T20:00:00Z
b8df72d7-a1a2-4ce3-b4c2-9be528465141,9e9074d5-0b2d-487e-b7ee-6233a7dc6dac,2026-06-15T15:57:35.942101Z,2026-06-15T15:57:35.984884Z,2026-06-15T15:57:35.950853Z,2026-06-15T15:57:35.982703Z,,,,,,,907ef6c5-5c05-4901-84ff-bc5557d66598,ADBE260717P00200000,us_option,,2,2,5.5,simple,market,market,buy,buy_to_open,day,,,filled,False,,,,,,access_key,2026-06-15T20:00:00Z
f94ea609-7e56-4528-994a-ca346a2b3d50,499a93a2-75cb-42b2-bf5c-d9c7b492fb62,2026-06-15T15:57:17.534604Z,2026-06-15T15:57:17.626547Z,2026-06-15T15:57:17.548585Z,2026-06-15T15:57:17.623863Z,,,,,,,f39b68f8-2b36-4fd6-a610-5a4efe3cffa7,TXN260717C00320000,us_option,,1,1,15.15,simple,market,market,buy,buy_to_open,day,,,filled,False,,,,,,access_key,2026-06-15T20:00:00Z
87345def-f805-4f86-9190-e25ec7e35d79,b7e50fd8-bea4-4930-b87d-a8ffac731a15,2026-06-15T15:56:59.488219Z,2026-06-15T15:56:59.61047Z,2026-06-15T15:56:59.495155Z,2026-06-15T15:56:59.607753Z,,,,,,,f72cee42-dec6-4c33-9931-3d12db7d96c4,IBM260717P00260000,us_option,,2,2,8.6,simple,market,market,buy,buy_to_open,day,,,filled,False,,,,,,access_key,2026-06-15T20:00:00Z
400d89a2-425e-4dc1-b53f-86d70d2cf5d0,64383f97-fad0-4163-b98a-fdf1b761311e,2026-06-15T15:56:41.862258Z,2026-06-15T15:56:41.9157Z,2026-06-15T15:56:41.870752Z,2026-06-15T15:56:41.912722Z,,,,,,,b3624b5a-01db-4885-bc62-1a77986c623d,ORCL260717P00190000,us_option,,1,1,10.35,simple,market,market,buy,buy_to_open,day,,,filled,False,,,,,,access_key,2026-06-15T20:00:00Z
87f32caa-29a6-41d4-8e80-414a9b1a2347,104287cf-6f5a-4900-b18c-85f6fef0e96e,2026-06-15T15:56:23.960561Z,2026-06-15T15:56:24.041479Z,2026-06-15T15:56:23.9673Z,2026-06-15T15:56:24.037379Z,,,,,,,391d341c-bdf6-4fe2-ade4-36229196dc3a,COIN260710C00170000,us_option,,1,1,14.65,simple,market,market,buy,buy_to_open,day,,,filled,False,,,,,,access_key,2026-06-15T20:00:00Z
7c9c7d9c-6839-4abd-8ff0-bc1555e412ee,804d46cb-3323-497f-97e0-87242585e747,2026-06-15T15:56:06.94091Z,2026-06-15T15:56:07.014659Z,2026-06-15T15:56:06.946953Z,2026-06-15T15:56:07.01158Z,,,,,,,ea5fe416-a814-4041-80e7-ba340917980c,NET260717C00250000,us_option,,2,2,11.45,simple,market,market,buy,buy_to_open,day,,,filled,False,,,,,,access_key,2026-06-15T20:00:00Z
27c65141-f591-4c3f-9530-db003645e049,58d24890-63b8-40eb-a085-1bf2b9152ab7,2026-06-15T15:51:28.316785Z,2026-06-15T15:51:28.416883Z,2026-06-15T15:51:28.32627Z,2026-06-15T15:51:28.414559Z,,,,,,,6b884ecd-1c02-40b1-b175-05b77c7d16a4,ORCL260717P00200000,us_option,,1,1,15.1,simple,market,market,sell,sell_to_close,day,,,filled,False,,,,,,access_key,2026-06-15T20:00:00Z
6c063403-caa7-41c3-9a9a-a89a070f2a59,d8251749-9991-425c-a394-b77303b384aa,2026-06-15T15:22:48.628457Z,2026-06-15T15:22:48.7094Z,2026-06-15T15:22:48.634084Z,2026-06-15T15:22:48.707374Z,,,,,,,a4e6fa39-fbd6-452c-8c75-6e1ab43484ea,NEE260717C00087500,us_option,,1,1,1.81,simple,market,market,buy,buy_to_open,day,,,filled,False,,,,,,access_key,2026-06-15T20:00:00Z
67d42cae-bf31-4736-873e-385acd1dcb5f,f0fc94d2-4366-4338-baad-661c92dcfad0,2026-06-15T15:02:57.552701Z,2026-06-15T15:02:57.655366Z,2026-06-15T15:02:57.557166Z,2026-06-15T15:02:57.652837Z,,,,,,,ff156b3a-cece-4f2a-933e-68119fd42b67,AMD260717C00430000,us_option,,1,1,127.6,simple,market,market,sell,sell_to_close,day,,,filled,False,,,,,,,2026-06-15T20:00:00Z
568d23a3-c183-476c-88ed-37b0335e6218,0573bd46-2a1a-40c8-b7f6-f291e53dd318,2026-06-15T15:02:52.322346Z,2026-06-15T15:02:54.185013Z,2026-06-15T15:02:52.339833Z,2026-06-15T15:02:54.182944Z,,,,,,,87266a27-1b34-47bd-b236-bd3a9f59b138,LLY,us_equity,,4,4,1133.16,,market,market,sell,sell_to_close,day,,,filled,False,,,,,,,2026-06-15T20:00:00Z
8a7b5227-3073-496a-958c-3939f816357e,0e8b9c54-580c-4292-b5f8-847a495469a5,2026-06-15T15:01:14.313432Z,2026-06-15T15:01:14.413872Z,2026-06-15T15:01:14.322275Z,2026-06-15T15:01:14.411869Z,,,,,,,f0a40360-d57c-4673-b1a8-a8058b4efc39,CVX260717P00190000,us_option,,2,2,11.2,simple,market,market,buy,buy_to_open,day,,,filled,False,,,,,,access_key,2026-06-15T20:00:00Z
ad4e2e1b-cad3-4a72-89bd-215b8611829c,96c5d036-2de4-4312-9c7e-ea7f8eed1eba,2026-06-15T15:00:58.432452Z,2026-06-15T15:00:58.541337Z,2026-06-15T15:00:58.437774Z,2026-06-15T15:00:58.538977Z,,,,,,,f9f87f35-36a6-4ccb-9588-44c59a17d892,WBD260717C00027000,us_option,,1,1,1.37,simple,market,market,buy,buy_to_open,day,,,filled,False,,,,,,access_key,2026-06-15T20:00:00Z
4973fb05-9509-4105-804e-e238d43b8d3f,bbb2e185-64cc-4bf0-a873-07be16644280,2026-06-15T15:00:42.264458Z,2026-06-15T15:00:42.394269Z,2026-06-15T15:00:42.269395Z,2026-06-15T15:00:42.390206Z,,,,,,,79b8c27b-ae0b-4392-ada9-0d17cd27bf44,XLE260717P00057000,us_option,,2,2,2.46,simple,market,market,buy,buy_to_open,day,,,filled,False,,,,,,access_key,2026-06-15T20:15:00Z
a7c3c58b-a2ad-406e-ad2d-1c98e11eb48f,b4490aa7-2212-48cf-aa05-a8d1371b46df,2026-06-15T15:00:24.35198Z,2026-06-15T15:00:24.405687Z,2026-06-15T15:00:24.356707Z,2026-06-15T15:00:24.40282Z,,,,,,,1039fd76-4c0d-48ac-a7a3-d0771a16ed67,SPY260710C00736000,us_option,,1,1,23.85,simple,market,market,buy,buy_to_open,day,,,filled,False,,,,,,access_key,2026-06-15T20:15:00Z
2f4a3333-73f6-41d4-86d1-ff097fe856e4,f1b61350-c852-47c7-b943-54908cbcec29,2026-06-15T15:00:03.818218Z,2026-06-15T15:00:03.861414Z,2026-06-15T15:00:03.826791Z,2026-06-15T15:00:03.858999Z,,,,,,,552c90e9-8ded-4b0f-9aeb-c7135c7aec09,XLK260717C00170000,us_option,,1,1,23.15,simple,market,market,buy,buy_to_open,day,,,filled,False,,,,,,access_key,2026-06-15T20:15:00Z
d2e6ecbf-4b9f-4903-a5e4-95873eda134b,d099d9ca-c088-43ba-ad4e-46a68cdb342f,2026-06-15T14:59:46.005074Z,2026-06-15T14:59:46.117407Z,2026-06-15T14:59:46.010775Z,2026-06-15T14:59:46.114866Z,,,,,,,101fe387-b330-4d07-bc0e-80b38794a7ab,GOOGL260717C00375000,us_option,,1,1,12.35,simple,market,market,buy,buy_to_open,day,,,filled,False,,,,,,access_key,2026-06-15T20:00:00Z
6258999e-9ad5-4ae6-8efb-6617b1aad5c9,88169183-0f01-40ef-8ebd-c8cd3954f86b,2026-06-15T14:59:30.865204Z,2026-06-15T14:59:30.953489Z,2026-06-15T14:59:30.873347Z,2026-06-15T14:59:30.951398Z,,,,,,,c70df6fa-bc46-4720-814e-4f1166c93900,TGT260717C00125000,us_option,,2,2,12,simple,market,market,buy,buy_to_open,day,,,filled,False,,,,,,access_key,2026-06-15T20:00:00Z
389786f3-8f26-4c53-9beb-c24f8557a395,ad7b2363-f001-426c-b3a2-f93206601494,2026-06-15T14:59:15.71646Z,2026-06-15T14:59:15.774961Z,2026-06-15T14:59:15.724376Z,2026-06-15T14:59:15.772611Z,,,,,,,bef33b4a-0c14-48d9-a229-b86901328827,DIS260717C00105000,us_option,,1,1,1.49,simple,market,market,buy,buy_to_open,day,,,filled,False,,,,,,access_key,2026-06-15T20:00:00Z
127ddf63-bd4b-4c33-8bf1-5b5433bbfbb1,64623de6-a522-4e34-9e52-1cb1df8b3194,2026-06-15T14:59:01.13761Z,2026-06-15T14:59:01.264263Z,2026-06-15T14:59:01.143401Z,2026-06-15T14:59:01.26135Z,,,,,,,5f0b6bf7-1cc2-4826-ae05-881c361714d7,SCHW260717C00092500,us_option,,2,2,3.25,simple,market,market,buy,buy_to_open,day,,,filled,False,,,,,,access_key,2026-06-15T20:00:00Z
49bc7bfc-1130-4179-8ac5-262b39e8e1cf,430c9d26-9229-439b-9504-aeabc6508216,2026-06-15T14:58:46.649652Z,2026-06-15T14:58:46.906584Z,2026-06-15T14:58:46.656589Z,2026-06-15T14:58:46.904233Z,,,,,,,6bdcc7e8-4c82-4c78-a936-529eec39d7ce,BA260717C00230000,us_option,,2,2,8.95,simple,market,market,buy,buy_to_open,day,,,filled,False,,,,,,access_key,2026-06-15T20:00:00Z
61e794b1-292e-40e4-892d-0913cb91b74c,12e3510f-e9fb-4692-b718-2c8ca9531419,2026-06-15T14:58:32.368743Z,2026-06-15T14:58:32.49425Z,2026-06-15T14:58:32.375709Z,2026-06-15T14:58:32.492111Z,,,,,,,e4f1f709-8030-4bf9-9500-33fa2c46e6cf,XOM260717P00155000,us_option,,1,1,14.9,simple,market,market,buy,buy_to_open,day,,,filled,False,,,,,,access_key,2026-06-15T20:00:00Z
2a758caa-8588-4465-830f-8f34a9b4883b,aaf6b9d9-fde8-4425-86f8-e7b35c9147be,2026-06-15T14:58:18.569782Z,2026-06-15T14:58:18.617235Z,2026-06-15T14:58:18.580368Z,2026-06-15T14:58:18.615032Z,,,,,,,8f1041a1-19f3-46ee-8fbb-672af4afbaef,OXY260717P00055000,us_option,,2,2,2.39,simple,market,market,buy,buy_to_open,day,,,filled,False,,,,,,access_key,2026-06-15T20:00:00Z
34a96d1b-2018-48f9-8786-4f95e025982f,3c83b8cf-47ce-49e9-b1bc-f158eaa7ee0c,2026-06-15T14:58:05.057704Z,2026-06-15T14:58:05.174076Z,2026-06-15T14:58:05.063008Z,2026-06-15T14:58:05.17172Z,,,,,,,94df1905-83d4-42f5-9e4d-2d8d6e0c7134,WFC260717C00085000,us_option,,1,1,2.71,simple,market,market,buy,buy_to_open,day,,,filled,False,,,,,,access_key,2026-06-15T20:00:00Z
1156ebce-3cfd-42e6-b115-04a7aebfb35f,a3dc680d-d44a-4f19-86cb-4c1394702e31,2026-06-15T14:57:51.798352Z,2026-06-15T14:57:51.824901Z,2026-06-15T14:57:51.803854Z,2026-06-15T14:57:51.822755Z,,,,,,,af8994b1-bdf5-424f-8ccb-99c2605d7ac1,GE260717C00340000,us_option,,1,1,19.4,simple,market,market,buy,buy_to_open,day,,,filled,False,,,,,,access_key,2026-06-15T20:00:00Z
c7a427c0-8a42-4b64-aec6-a0b17b8b06a4,3da9355e-d150-4a0b-8884-2eb76f42d7a5,2026-06-15T14:57:38.784654Z,2026-06-15T14:57:38.892148Z,2026-06-15T14:57:38.789673Z,2026-06-15T14:57:38.889913Z,,,,,,,603861f6-fa0e-499a-bab3-a898b51325ef,PFE260717C00026000,us_option,,1,1,0.9,simple,market,market,buy,buy_to_open,day,,,filled,False,,,,,,access_key,2026-06-15T20:00:00Z
cb6d4b91-bcd6-42a8-9a93-00ab9a716c1f,1b3c8656-1e0e-4585-94de-080eb361c73f,2026-06-15T14:57:25.956001Z,2026-06-15T14:57:26.029343Z,2026-06-15T14:57:25.965088Z,2026-06-15T14:57:26.026947Z,,,,,,,3bebf709-c100-4d8b-91a3-3b61840d97f3,IWM260710C00310000,us_option,,2,2,1.72,simple,market,market,buy,buy_to_open,day,,,filled,False,,,,,,access_key,2026-06-15T20:15:00Z
f5fb9862-03d9-4d3b-890a-08bc2a5af444,5f704663-61d8-4a6f-90c0-22bccc0922d8,2026-06-15T14:57:13.54594Z,2026-06-15T14:57:13.667025Z,2026-06-15T14:57:13.554036Z,2026-06-15T14:57:13.664847Z,,,,,,,9f280406-0134-4838-ad2d-b69788cb29bf,META260717C00620000,us_option,,1,1,14.1,simple,market,market,buy,buy_to_open,day,,,filled,False,,,,,,access_key,2026-06-15T20:00:00Z
8283c381-75ff-4961-9bef-28147a78d505,4182d196-5838-4416-9e17-1df78d6f4865,2026-06-15T14:57:01.413592Z,2026-06-15T14:57:01.520004Z,2026-06-15T14:57:01.418115Z,2026-06-15T14:57:01.518072Z,,,,,,,535c9165-7fc7-4f9e-8219-01b2a9f646f3,QQQ260710C00745000,us_option,,1,1,16.62,simple,market,market,buy,buy_to_open,day,,,filled,False,,,,,,access_key,2026-06-15T20:15:00Z
77e3d247-cdbd-4f10-90ff-fb336a975040,0ab30807-2787-472c-8225-9046580e282d,2026-06-15T14:56:49.638969Z,2026-06-15T14:56:49.730182Z,2026-06-15T14:56:49.644054Z,2026-06-15T14:56:49.727812Z,,,,,,,2f36ad6c-1292-4a20-871c-5f13794f1d30,BAC260717C00055000,us_option,,2,2,2.6,simple,market,market,buy,buy_to_open,day,,,filled,False,,,,,,access_key,2026-06-15T20:00:00Z
c1616781-a993-438e-aa0a-ba6b436ce434,e2648a7a-b291-4998-a6d8-694ac5e92d17,2026-06-15T14:56:38.16336Z,2026-06-15T14:56:38.212681Z,2026-06-15T14:56:38.168473Z,2026-06-15T14:56:38.210423Z,,,,,,,80d192be-8288-4827-954a-dbceeed270d1,DIA260710C00516000,us_option,,2,2,9.45,simple,market,market,buy,buy_to_open,day,,,filled,False,,,,,,access_key,2026-06-15T20:15:00Z
4a4d1bca-e329-48d5-960f-424b2f7b6712,a25d876b-e0c1-4f13-b012-69d760acadc1,2026-06-15T13:54:05.355926Z,2026-06-15T13:54:05.509288Z,2026-06-15T13:54:05.36181Z,2026-06-15T13:54:05.507335Z,,,,,,,f3b59087-203a-41c3-a0d5-a6d1058ab867,BAC260717C00057500,us_option,,1,1,1.24,simple,market,market,sell,sell_to_close,day,,,filled,False,,,,,,access_key,2026-06-15T20:00:00Z
5a245328-aff7-40cc-a350-5b081c96b78c,e341d1bb-9b5c-4a82-98d9-f1d76eec3ea0,2026-06-15T13:33:48.411499Z,2026-06-15T13:33:48.429833Z,2026-06-15T13:33:48.417525Z,2026-06-15T13:33:48.427714Z,,,,,,,4518d138-5ffc-4396-bc04-439e6c71dd13,CVX260717C00195000,us_option,,1,1,1.2,simple,market,market,sell,sell_to_close,day,,,filled,False,,,,,,access_key,2026-06-15T20:00:00Z
8cb106a7-5e56-47b6-bda0-bbd2b2a3c66e,831aff3f-f314-46e4-af6b-3156e5aad047,2026-06-12T19:12:38.768566Z,2026-06-12T19:12:38.836547Z,2026-06-12T19:12:38.774684Z,2026-06-12T19:12:38.834095Z,,,,,,,4518d138-5ffc-4396-bc04-439e6c71dd13,CVX260717C00195000,us_option,,1,1,3.7,simple,market,market,buy,buy_to_open,day,,,filled,False,,,,,,access_key,2026-06-12T20:00:00Z
ced24914-b689-425a-9555-47ffea5bff2c,f4f6c55a-ece1-4a48-a034-93e2bce86496,2026-06-12T18:59:58.26286Z,2026-06-12T18:59:58.277526Z,2026-06-12T18:59:58.269462Z,2026-06-12T18:59:58.275597Z,,,,,,,b8312408-8fe8-4ba2-babd-8d66066b572f,IWM260717C00296000,us_option,,1,1,6.96,simple,market,market,sell,sell_to_close,day,,,filled,False,,,,,,access_key,2026-06-12T20:15:00Z
c0a0da23-beb6-4198-93fc-1a4a8b061c0f,ae9dfbed-64b8-4de2-b77d-b3af5d14a140,2026-06-12T14:01:21.307395Z,2026-06-12T14:01:21.379196Z,2026-06-12T14:01:21.312401Z,2026-06-12T14:01:21.377346Z,,,,,,,db7b97f3-7dc8-466c-b30b-13506d7d1ee8,PEP260717C00145000,us_option,,1,1,4.35,simple,market,market,buy,buy_to_open,day,,,filled,False,,,,,,access_key,2026-06-12T20:00:00Z
aedd5a59-5661-46f7-8611-3c570d5e340c,5e5fa7c7-fce2-46d7-9862-d40def32ed57,2026-06-12T14:01:09.356374Z,2026-06-12T14:01:09.393379Z,2026-06-12T14:01:09.361546Z,2026-06-12T14:01:09.391204Z,,,,,,,c1a00788-2727-4522-9f52-b50d7ed61807,SMH260717C00640000,us_option,,1,1,30.3,simple,market,market,buy,buy_to_open,day,,,filled,False,,,,,,access_key,2026-06-12T20:15:00Z
58628f46-a904-40fb-91e0-a646c9ed91cf,2806606f-9bd7-4497-8bdd-30cb73e464b1,2026-06-12T14:00:55.874808Z,2026-06-12T14:00:55.981578Z,2026-06-12T14:00:55.880346Z,2026-06-12T14:00:55.979443Z,,,,,,,0391253d-7d00-43e3-ad6b-fe2182770e31,XLF260717C00054000,us_option,,1,1,0.7,simple,market,market,buy,buy_to_open,day,,,filled,False,,,,,,access_key,2026-06-12T20:15:00Z
567176b6-07ae-43ff-9397-9596f7bf471c,e229a119-e57c-4471-b211-a344cd38cb5a,2026-06-12T14:00:43.895419Z,2026-06-12T14:00:43.955411Z,2026-06-12T14:00:43.900646Z,2026-06-12T14:00:43.953095Z,,,,,,,d33ff655-4cb2-4994-871e-afff28c097f5,JPM260717C00315000,us_option,,2,2,12.65,simple,market,market,buy,buy_to_open,day,,,filled,False,,,,,,access_key,2026-06-12T20:00:00Z
b04ddc37-d904-4a43-99b4-27b7da8aef45,83079ec1-2b01-4516-965e-1c0785cc7170,2026-06-12T14:00:31.96863Z,2026-06-12T14:00:32.02836Z,2026-06-12T14:00:31.972964Z,2026-06-12T14:00:32.02498Z,,,,,,,6b884ecd-1c02-40b1-b175-05b77c7d16a4,ORCL260717P00200000,us_option,,1,1,25.35,simple,market,market,buy,buy_to_open,day,,,filled,False,,,,,,access_key,2026-06-12T20:00:00Z
17de01f9-62ff-4b1a-b80a-3fe938bc24a4,5422258a-3cb2-4a8d-a933-1a5cbb0e4de6,2026-06-12T14:00:18.143414Z,2026-06-12T14:00:18.169201Z,2026-06-12T14:00:18.147985Z,2026-06-12T14:00:18.167365Z,,,,,,,be2c2252-3bdd-4212-be30-13a49d5c61b7,NFLX260717P00090000,us_option,,2,2,11.5,simple,market,market,buy,buy_to_open,day,,,filled,False,,,,,,access_key,2026-06-12T20:00:00Z
6159526a-1431-49ea-9476-c3d2d6589098,77152659-d81a-45ba-bb6a-8d54f6d31174,2026-06-12T14:00:05.149828Z,2026-06-12T14:00:05.221238Z,2026-06-12T14:00:05.159139Z,2026-06-12T14:00:05.219338Z,,,,,,,581a6ca4-f920-4218-ada2-04bfbba5359c,TSLA260717C00370000,us_option,,1,1,41.95,simple,market,market,buy,buy_to_open,day,,,filled,False,,,,,,access_key,2026-06-12T20:00:00Z
338d4770-7214-4665-9f30-a6316846631a,8ecf8464-01be-41cd-9415-9fcf7d6dae71,2026-06-12T13:47:01.639999Z,2026-06-12T13:47:01.762105Z,2026-06-12T13:47:01.646042Z,2026-06-12T13:47:01.759925Z,,,,,,,588d0399-b32b-440f-bcf9-f1b4674a2ac4,NKE260717C00042500,us_option,,1,1,4.55,simple,market,market,sell,sell_to_close,day,,,filled,False,,,,,,access_key,2026-06-12T20:00:00Z
985570ee-c4e0-4593-ae14-7fe9e1521087,4de2f07f-3687-4cac-a754-612e55f69bdd,2026-06-12T13:31:53.687848Z,2026-06-12T13:31:53.860153Z,2026-06-12T13:31:53.695735Z,2026-06-12T13:31:53.857967Z,,,,,,,319090bd-b726-43a7-8080-88859f5a8e2f,BA260717C00225000,us_option,,2,2,7.45,simple,market,market,sell,sell_to_close,day,,,filled,False,,,,,,access_key,2026-06-12T20:00:00Z
ac777ca2-bbb6-45db-af38-8fbbaae30962,816e9184-709c-4088-97eb-e1676d031c9c,2026-06-11T19:52:30.928375Z,2026-06-11T19:52:31.002683Z,2026-06-11T19:52:30.934727Z,2026-06-11T19:52:30.998759Z,,,,,,,7d08e50e-bf65-48fc-8098-702e888ebde7,TXN260717C00300000,us_option,,2,2,16.9,simple,market,market,sell,sell_to_close,day,,,filled,False,,,,,,access_key,2026-06-11T20:00:00Z
ad04fb6e-bd8f-4a88-af20-47917cc32369,9d4811ff-9242-48b2-9db9-7ea21cb6c5b1,2026-06-11T19:52:14.135089Z,2026-06-11T19:52:14.245749Z,2026-06-11T19:52:14.140753Z,2026-06-11T19:52:14.243501Z,,,,,,,603861f6-fa0e-499a-bab3-a898b51325ef,PFE260717C00026000,us_option,,1,1,0.88,simple,market,market,sell,sell_to_close,day,,,filled,False,,,,,,access_key,2026-06-11T20:00:00Z
9c9c10d2-966e-49cb-9d14-ee2e5f443851,fb60bb60-8472-4e90-a102-b757cfdd07eb,2026-06-11T19:51:55.816632Z,2026-06-11T19:51:55.930402Z,2026-06-11T19:51:55.823004Z,2026-06-11T19:51:55.926088Z,,,,,,,807df2d8-673a-464e-8100-de04f1efb986,JNJ260717C00230000,us_option,,2,2,12.55,simple,market,market,sell,sell_to_close,day,,,filled,False,,,,,,access_key,2026-06-11T20:00:00Z
d3a35b1d-b7d1-49b6-a8b0-6e27fd7f5ddd,014d6fdd-0ce2-4cec-a1bd-4d0bc2264573,2026-06-11T19:36:30.138916Z,2026-06-11T19:36:30.201057Z,2026-06-11T19:36:30.146421Z,2026-06-11T19:36:30.198683Z,,,,,,,39296dad-fbd9-404a-be8f-727ea6dd9430,GOOGL260717P00345000,us_option,,2,2,8.45,simple,market,market,sell,sell_to_close,day,,,filled,False,,,,,,access_key,2026-06-11T20:00:00Z
832278f7-b097-483f-82aa-05ec73e825f6,988344df-4c66-403e-830d-b8dcca5d413d,2026-06-11T18:47:13.528836Z,2026-06-11T18:47:13.597755Z,2026-06-11T18:47:13.534728Z,2026-06-11T18:47:13.595463Z,,,,,,,2a420127-7ed6-46da-b443-f5ba3bff11e3,DUK260717C00130000,us_option,,1,1,1.05,simple,market,market,sell,sell_to_close,day,,,filled,False,,,,,,access_key,2026-06-11T20:00:00Z
291a41b7-3945-44a6-ae95-314ed0181942,0e2963cf-e962-4339-b8c6-6c96c96069fd,2026-06-11T18:31:13.604393Z,2026-06-11T18:31:13.690444Z,2026-06-11T18:31:13.609633Z,2026-06-11T18:31:13.688064Z,,,,,,,319090bd-b726-43a7-8080-88859f5a8e2f,BA260717C00225000,us_option,,2,2,7.5,simple,market,market,buy,buy_to_open,day,,,filled,False,,,,,,access_key,2026-06-11T20:00:00Z
cc3080d1-03e3-49a5-831f-3e64bb9483de,412925f0-197f-43c9-a52a-88bde32c6e3f,2026-06-11T18:28:11.531834Z,2026-06-11T18:28:11.617927Z,2026-06-11T18:28:11.577418Z,2026-06-11T18:28:11.615252Z,,,,,,,afebe856-6cf0-411c-b96c-41381562fad8,SAP260717P00195000,us_option,,3,3,30.6,simple,market,market,sell,sell_to_close,day,,,filled,False,,,,,,access_key,2026-06-11T20:00:00Z
ac727f65-ad58-47bf-a3f2-5a818e707ec4,3d22beaa-ba37-428a-af69-03472af0f483,2026-06-11T18:12:54.439895Z,2026-06-11T18:12:54.505374Z,2026-06-11T18:12:54.445697Z,2026-06-11T18:12:54.503299Z,,,,,,,2a420127-7ed6-46da-b443-f5ba3bff11e3,DUK260717C00130000,us_option,,1,1,1.35,simple,market,market,buy,buy_to_open,day,,,filled,False,,,,,,access_key,2026-06-11T20:00:00Z
ea1033a9-d471-4779-90ad-50bfdf9ad030,460e01e4-9ca2-42c7-9c26-c7454fb0bb17,2026-06-11T18:12:43.714156Z,2026-06-11T18:12:43.787168Z,2026-06-11T18:12:43.723848Z,2026-06-11T18:12:43.78494Z,,,,,,,51c0af07-6bc4-4ad4-8779-9f392877f5de,SOFI260717P00016000,us_option,,2,2,1.05,simple,market,market,buy,buy_to_open,day,,,filled,False,,,,,,access_key,2026-06-11T20:00:00Z
8b27e16f-f193-447e-a6d7-a8333d42a3d7,03bfbc86-364c-4fc1-98c6-9418bfba1fe4,2026-06-11T18:09:37.2373Z,2026-06-11T18:09:37.292206Z,2026-06-11T18:09:37.244599Z,2026-06-11T18:09:37.289832Z,,,,,,,02e2f8ce-b020-4e14-8561-61e6a06e2b46,SMH260717C00620000,us_option,,2,2,29.6,simple,market,market,sell,sell_to_close,day,,,filled,False,,,,,,access_key,2026-06-11T20:15:00Z
b8c23ccd-ed71-4487-92b0-d779b2245dc7,70c0115d-cb6a-4c5d-8f99-c6be09064e50,2026-06-11T18:09:34.381782Z,2026-06-11T18:09:34.530708Z,2026-06-11T18:09:34.386877Z,2026-06-11T18:09:34.528184Z,,,,,,,cd6e1e1a-3627-492c-920d-dc476c9fba8a,TGT260717C00135000,us_option,,2,2,3.6,simple,market,market,sell,sell_to_close,day,,,filled,False,,,,,,access_key,2026-06-11T20:00:00Z
6f4d1f83-0478-4d65-8e1c-d9606f44fb35,d5fe0cf1-2b35-4e19-8bed-c662fda749fa,2026-06-11T17:54:24.059897Z,2026-06-11T17:54:24.149092Z,2026-06-11T17:54:24.06571Z,2026-06-11T17:54:24.146183Z,,,,,,,63b4d1ec-415c-471c-aabf-87b6107dd53a,SO260717C00080000,us_option,,1,1,15.2,simple,market,market,buy,buy_to_open,day,,,filled,False,,,,,,access_key,2026-06-11T20:00:00Z
1c759159-8bcd-42ca-921d-66e05b71f0f1,16444315-710c-4a57-b5bc-4ed26eee6dc3,2026-06-11T17:54:12.409217Z,2026-06-11T17:54:12.560489Z,2026-06-11T17:54:12.41891Z,2026-06-11T17:54:12.558037Z,,,,,,,faacd695-1400-4095-86a5-9f7eae3a9e8e,SPG260717C00190000,us_option,,1,1,28.3,simple,market,market,buy,buy_to_open,day,,,filled,False,,,,,,access_key,2026-06-11T20:00:00Z
3de53782-f0bf-46a7-90f2-53fd46bd9a5f,5f4e7c50-8bf3-4a93-9ce5-6d528cd66098,2026-06-11T17:54:01.141937Z,2026-06-11T17:54:01.252729Z,2026-06-11T17:54:01.151281Z,2026-06-11T17:54:01.250283Z,,,,,,,011738cb-540c-490d-bb7e-b8b34aa1850d,MMM260717C00160000,us_option,,2,2,5.6,simple,market,market,buy,buy_to_open,day,,,filled,False,,,,,,access_key,2026-06-11T20:00:00Z
c7797580-f04f-471e-a001-9094ccac2e07,ee0e2195-6431-42ea-afd8-9f147db21716,2026-06-11T17:53:50.201246Z,2026-06-11T17:53:50.301054Z,2026-06-11T17:53:50.205742Z,2026-06-11T17:53:50.298662Z,,,,,,,7d08e50e-bf65-48fc-8098-702e888ebde7,TXN260717C00300000,us_option,,2,2,18.05,simple,market,market,buy,buy_to_open,day,,,filled,False,,,,,,access_key,2026-06-11T20:00:00Z
bbd658a8-39c6-4af4-94ca-0cd27bd66f3f,328f6e3d-541f-4ebb-82f2-180491c2c1a2,2026-06-11T17:53:39.828646Z,2026-06-11T17:53:39.887055Z,2026-06-11T17:53:39.833351Z,2026-06-11T17:53:39.884008Z,,,,,,,0a6d4674-7c27-4bb7-8be0-f9bc35544ebf,MRK260717C00110000,us_option,,2,2,13.3,simple,market,market,buy,buy_to_open,day,,,filled,False,,,,,,access_key,2026-06-11T20:00:00Z
927a778e-cab2-4c31-a222-a4ee464753e2,eafa0710-6ea9-4aac-aeeb-297ecef7c534,2026-06-11T17:53:29.469433Z,2026-06-11T17:53:29.60798Z,2026-06-11T17:53:29.476203Z,2026-06-11T17:53:29.60566Z,,,,,,,f3b59087-203a-41c3-a0d5-a6d1058ab867,BAC260717C00057500,us_option,,1,1,1.13,simple,market,market,buy,buy_to_open,day,,,filled,False,,,,,,access_key,2026-06-11T20:00:00Z
1ce09772-8201-44d2-96dc-12d60890e169,f0618734-9ace-4f8c-92c3-3ee3552e6a4e,2026-06-11T17:53:19.757934Z,2026-06-11T17:53:19.853392Z,2026-06-11T17:53:19.76321Z,2026-06-11T17:53:19.834841Z,,,,,,,320378ca-192c-45ca-b76e-ee5623ab0d2d,AVGO260717P00410000,us_option,,1,1,38.7,simple,market,market,buy,buy_to_open,day,,,filled,False,,,,,,access_key,2026-06-11T20:00:00Z
1f8760c7-ad19-4d7f-8ced-ab5d85889097,315cf4b5-6b5d-4d67-bbec-afba7bb19a97,2026-06-11T17:53:10.103842Z,2026-06-11T17:53:10.218875Z,2026-06-11T17:53:10.108769Z,2026-06-11T17:53:10.216255Z,,,,,,,39296dad-fbd9-404a-be8f-727ea6dd9430,GOOGL260717P00345000,us_option,,2,2,10.8,simple,market,market,buy,buy_to_open,day,,,filled,False,,,,,,access_key,2026-06-11T20:00:00Z
9d3c5cc6-392f-4c70-bd29-0af9397f319d,0254310e-9ac6-42c1-868c-146fa765e7af,2026-06-11T17:53:00.891844Z,2026-06-11T17:53:00.968658Z,2026-06-11T17:53:00.898533Z,2026-06-11T17:53:00.966367Z,,,,,,,410682eb-639a-4b0c-8b6d-e3362015a962,RIVN260717P00015000,us_option,,3,3,1.03,simple,market,market,buy,buy_to_open,day,,,filled,False,,,,,,access_key,2026-06-11T20:00:00Z
60ba4acb-468f-4f16-843e-86f35683750d,37343ce1-cb06-43cb-9176-8bec6472c02f,2026-06-11T17:52:51.842294Z,2026-06-11T17:52:51.911819Z,2026-06-11T17:52:51.851358Z,2026-06-11T17:52:51.909485Z,,,,,,,f3c8e9dc-0150-4c54-8e14-ba9d9ead0e46,WMT260717C00125000,us_option,,2,2,2.43,simple,market,market,buy,buy_to_open,day,,,filled,False,,,,,,access_key,2026-06-11T20:00:00Z
8b98b9c6-c247-4b57-ae96-7a9271215d0a,225a64b3-c8d6-43d5-ac1c-c4a64580bc22,2026-06-11T17:52:43.011598Z,2026-06-11T17:52:43.096333Z,2026-06-11T17:52:43.01915Z,2026-06-11T17:52:43.093334Z,,,,,,,e9196073-65af-45d9-a47b-b9817009ac1d,C260717C00120000,us_option,,2,2,19.5,simple,market,market,buy,buy_to_open,day,,,filled,False,,,,,,access_key,2026-06-11T20:00:00Z
ba25b5c3-a4d4-4c20-91a1-ebbc2b586ef4,3e663c25-76a5-4de8-b8a3-bc6da8a96f94,2026-06-11T17:52:34.715429Z,2026-06-11T17:52:34.847434Z,2026-06-11T17:52:34.721821Z,2026-06-11T17:52:34.844718Z,,,,,,,b8312408-8fe8-4ba2-babd-8d66066b572f,IWM260717C00296000,us_option,,1,1,5.8,simple,market,market,buy,buy_to_open,day,,,filled,False,,,,,,access_key,2026-06-11T20:15:00Z
e69653a4-739e-4491-a4c4-f63f555ad7cc,091bcf70-535e-45ed-88f9-2e2930c3e94a,2026-06-11T17:45:30.269454Z,2026-06-11T17:45:30.369654Z,2026-06-11T17:45:30.277385Z,2026-06-11T17:45:30.366714Z,,,,,,,b3624b5a-01db-4885-bc62-1a77986c623d,ORCL260717P00190000,us_option,,2,2,18.7,simple,market,market,sell,sell_to_close,day,,,filled,False,,,,,,access_key,2026-06-11T20:00:00Z
e58513f0-1ecf-4a3d-bfeb-37251b5a4293,cafee4ae-f65a-4447-9312-bc28530d7492,2026-06-11T17:45:23.368076Z,2026-06-11T17:45:23.463842Z,2026-06-11T17:45:23.373635Z,2026-06-11T17:45:23.461467Z,,,,,,,2ce322a0-b3e0-449c-beb7-74d4803756ca,GE260717P00320000,us_option,,2,2,11.35,simple,market,market,sell,sell_to_close,day,,,filled,False,,,,,,access_key,2026-06-11T20:00:00Z
5a557db3-492c-47ed-8d1b-2d34926eed27,6fa31d6b-8c90-445f-84be-8929e900e0b3,2026-06-11T17:45:18.080336Z,2026-06-11T17:45:18.174411Z,2026-06-11T17:45:18.085686Z,2026-06-11T17:45:18.171845Z,,,,,,,c7632806-fdee-4f2e-aa66-94528544f467,OXY260717C00060000,us_option,,1,1,1.3,simple,market,market,sell,sell_to_close,day,,,filled,False,,,,,,access_key,2026-06-11T20:00:00Z
a8ef5053-46c2-4a0d-bd00-f306a1b2c25c,fd78349a-203d-466e-822d-654e773b2c09,2026-06-11T17:45:15.879226Z,2026-06-11T17:45:16.010202Z,2026-06-11T17:45:15.884674Z,2026-06-11T17:45:16.008077Z,,,,,,,3d56582f-3cbe-4bd9-a259-bb574258467d,NET260717P00220000,us_option,,2,2,14.55,simple,market,market,sell,sell_to_close,day,,,filled,False,,,,,,access_key,2026-06-11T20:00:00Z
31794b1e-f2ef-4b5d-91f0-3caaefe3e4e3,119e0178-42ac-4392-a2e3-ed9ddab345d1,2026-06-11T17:45:12.986093Z,2026-06-11T17:45:13.199836Z,2026-06-11T17:45:12.994108Z,2026-06-11T17:45:13.188784Z,,,,,,,779e5d1f-5f11-4239-a3ee-8dd3142b40d9,IBM260717P00325000,us_option,,2,2,49.7,simple,market,market,sell,sell_to_close,day,,,filled,False,,,,,,access_key,2026-06-11T20:00:00Z
350420a6-07e9-4fa2-aa46-2de423645663,58e7d50e-8e10-4b9d-abeb-b96258e13056,2026-06-11T17:45:08.171225Z,2026-06-11T17:45:08.266999Z,2026-06-11T17:45:08.178181Z,2026-06-11T17:45:08.264843Z,,,,,,,4518d138-5ffc-4396-bc04-439e6c71dd13,CVX260717C00195000,us_option,,1,1,3.75,simple,market,market,sell,sell_to_close,day,,,filled,False,,,,,,access_key,2026-06-11T20:00:00Z
a1ea2f67-c901-4e48-94a6-1912c07f8c42,53e11fb3-2153-4f05-a344-55de3f39891c,2026-06-11T17:45:01.176375Z,2026-06-11T17:45:01.213999Z,2026-06-11T17:45:01.181772Z,2026-06-11T17:45:01.211024Z,,,,,,,6cce87d9-a5d9-4ce6-ba60-8004d2c1101e,XLK260717P00175000,us_option,,2,2,5.1,simple,market,market,sell,sell_to_close,day,,,filled,False,,,,,,access_key,2026-06-11T20:15:00Z
93316072-02eb-4f90-bbf3-44361ad1791c,79ca6d41-061c-40fc-99c1-fac215d082d3,2026-06-11T17:44:55.612499Z,2026-06-11T17:44:55.860082Z,2026-06-11T17:44:55.62021Z,2026-06-11T17:44:55.856636Z,,,,,,,9d1cf80b-6a7f-4d14-ad87-db43fdd889ce,ADBE260717P00225000,us_option,,3,3,14.6,simple,market,market,sell,sell_to_close,day,,,filled,False,,,,,,access_key,2026-06-11T20:00:00Z
fec52711-4ce6-4b8e-8e0b-8ae42746d110,eca46142-42b6-4f8f-a45d-2afdf9507a59,2026-06-11T17:44:51.19268Z,2026-06-11T17:44:51.253363Z,2026-06-11T17:44:51.200041Z,2026-06-11T17:44:51.25044Z,,,,,,,041d471c-c380-42e3-9663-d69a41712ff3,TSLA260717P00380000,us_option,,2,2,16.45,simple,market,market,sell,sell_to_close,day,,,filled,False,,,,,,access_key,2026-06-11T20:00:00Z
4d22662d-8a2c-4656-98f8-e5ae2486ccb1,493adc99-f01a-4809-85a8-5cc59005eb53,2026-06-11T17:44:50.121739Z,2026-06-11T17:44:50.168163Z,2026-06-11T17:44:50.126045Z,2026-06-11T17:44:50.165701Z,,,,,,,a80b22a7-3a9a-4819-84dc-2944e8c871f2,UBER260717P00070000,us_option,,2,2,3.35,simple,market,market,sell,sell_to_close,day,,,filled,False,,,,,,access_key,2026-06-11T20:00:00Z
e118ecc1-5315-4613-90fa-9fecfbedf5e0,35eb20c5-39d8-4856-9a01-313f50e04f34,2026-06-11T17:44:48.25799Z,2026-06-11T17:44:48.358618Z,2026-06-11T17:44:48.265317Z,2026-06-11T17:44:48.355319Z,,,,,,,9fdcfd98-8ced-4b16-ac71-d3edeeaca166,XLE260717C00060000,us_option,,1,1,0.9,simple,market,market,sell,sell_to_close,day,,,filled,False,,,,,,access_key,2026-06-11T20:15:00Z
91edd215-8f2a-4a2d-81bd-294d5610262a,f9726720-fb85-465f-820d-a345bd201de9,2026-06-11T17:44:46.371493Z,2026-06-11T17:44:46.418376Z,2026-06-11T17:44:46.377739Z,2026-06-11T17:44:46.416052Z,,,,,,,d46b8b79-8b53-4d0f-a7bb-43543cdf44b3,META260717P00650000,us_option,,1,1,83.25,simple,market,market,sell,sell_to_close,day,,,filled,False,,,,,,access_key,2026-06-11T20:00:00Z
d75b9a8d-b083-46eb-b652-c8edb55fd91f,b1239fcc-a6d7-4345-9615-2d2581e6e026,2026-06-11T17:28:38.352597Z,2026-06-11T17:28:38.394714Z,2026-06-11T17:28:38.360832Z,2026-06-11T17:28:38.39232Z,,,,,,,b3acc032-973a-42e5-a7d8-317e1d080702,PLTR260717P00125000,us_option,,3,3,6.15,simple,market,market,buy,buy_to_open,day,,,filled,False,,,,,,access_key,2026-06-11T20:00:00Z
52af9726-e78b-473b-9b7f-0b594883e6e7,49e3239a-6c11-40c0-99b4-08563aa25be7,2026-06-11T17:20:30.231274Z,2026-06-11T17:20:30.354657Z,2026-06-11T17:20:30.237314Z,2026-06-11T17:20:30.352253Z,,,,,,,054d6a25-7e53-4170-a5f3-d0967edc54e4,PEP260717C00150000,us_option,,1,1,3.05,simple,market,market,sell,sell_to_close,day,,,filled,False,,,,,,access_key,2026-06-11T20:00:00Z
83f7cd5d-abbc-465b-b04b-28f95447ca12,2e2dc925-8c8b-45f6-a10e-93104ab844bc,2026-06-11T16:38:29.285451Z,2026-06-11T16:38:29.326194Z,2026-06-11T16:38:29.298109Z,2026-06-11T16:38:29.323408Z,,,,,,,b3624b5a-01db-4885-bc62-1a77986c623d,ORCL260717P00190000,us_option,,2,2,19.6,simple,market,market,buy,buy_to_open,day,,,filled,False,,,,,,access_key,2026-06-11T20:00:00Z
f0472f16-ba2e-47c0-8d1d-f89ac2aea00c,c4616139-2e2f-4630-b3ae-f1777cf52cfd,2026-06-11T16:38:17.941614Z,2026-06-11T16:38:18.029507Z,2026-06-11T16:38:17.948582Z,2026-06-11T16:38:18.026997Z,,,,,,,603861f6-fa0e-499a-bab3-a898b51325ef,PFE260717C00026000,us_option,,1,1,0.93,simple,market,market,buy,buy_to_open,day,,,filled,False,,,,,,access_key,2026-06-11T20:00:00Z
6c71e7b5-0e16-4bb3-866e-5a688c7885cf,7518cde3-2836-421f-9001-ce13315aa369,2026-06-11T16:24:18.922486Z,2026-06-11T16:24:19.095061Z,2026-06-11T16:24:18.931314Z,2026-06-11T16:24:19.090733Z,,,,,,,cd7cf45e-6e0f-49c2-a417-43b72177cfd2,OKTA260717P00115000,us_option,,3,3,7.65,simple,market,market,buy,buy_to_open,day,,,filled,False,,,,,,access_key,2026-06-11T20:00:00Z
202a439d-0602-4ad2-ada1-add44d04e911,18ced0e6-2061-4cb2-a1f7-dd353cc95187,2026-06-11T16:20:09.166993Z,2026-06-11T16:20:09.204203Z,2026-06-11T16:20:09.175135Z,2026-06-11T16:20:09.201606Z,,,,,,,39296dad-fbd9-404a-be8f-727ea6dd9430,GOOGL260717P00345000,us_option,,2,2,11.35,simple,market,market,sell,sell_to_close,day,,,filled,False,,,,,,access_key,2026-06-11T20:00:00Z
9e8d8c09-42b1-4835-bbee-5700858c10c0,4b59d5ee-118a-4699-85ad-827306ebd4d4,2026-06-11T16:20:04.259611Z,2026-06-11T16:20:04.398327Z,2026-06-11T16:20:04.26506Z,2026-06-11T16:20:04.396067Z,,,,,,,a69b52d7-cbc5-441b-b114-0f9493c689ac,AVGO260717P00430000,us_option,,2,2,56.1,simple,market,market,sell,sell_to_close,day,,,filled,False,,,,,,access_key,2026-06-11T20:00:00Z
11a8fcf9-c6bc-4872-80b8-d76e17162590,1a9368af-085d-4eb7-b822-c0eaabd42e27,2026-06-11T16:19:57.663233Z,2026-06-11T16:19:57.731035Z,2026-06-11T16:19:57.669676Z,2026-06-11T16:19:57.728471Z,,,,,,,e586f293-74cd-48bf-b641-a18bafc83bd6,PLTR260717P00145000,us_option,,3,3,17.4,simple,market,market,sell,sell_to_close,day,,,filled,False,,,,,,access_key,2026-06-11T20:00:00Z
4e565542-9b29-4da9-bade-323f804244d3,c62e9de4-25f7-4f23-ab2a-2692ab5e47e1,2026-06-11T16:04:22.391419Z,2026-06-11T16:04:22.510079Z,2026-06-11T16:04:22.396928Z,2026-06-11T16:04:22.508003Z,,,,,,,6302d605-acc2-4419-9717-85d125048423,INTU260821P00310000,us_option,,3,3,50.3,simple,market,market,buy,buy_to_open,day,,,filled,False,,,,,,access_key,2026-06-11T20:00:00Z
5c360f0b-a733-486d-a4e2-bc97771cec19,42aad946-6cc1-434a-94a1-016d0f88ea34,2026-06-11T15:58:06.87295Z,2026-06-11T15:58:06.937981Z,2026-06-11T15:58:06.885791Z,2026-06-11T15:58:06.935107Z,,,,,,,2a420127-7ed6-46da-b443-f5ba3bff11e3,DUK260717C00130000,us_option,,1,1,1.25,simple,market,market,sell,sell_to_close,day,,,filled,False,,,,,,access_key,2026-06-11T20:00:00Z
a1714035-73e0-40c0-b413-3e42e700c435,b96207dc-8b96-441b-94b1-ee09b6133f03,2026-06-11T15:41:34.320011Z,2026-06-11T15:41:34.369286Z,2026-06-11T15:41:34.32594Z,2026-06-11T15:41:34.366983Z,,,,,,,2ce322a0-b3e0-449c-beb7-74d4803756ca,GE260717P00320000,us_option,,2,2,15.6,simple,market,market,buy,buy_to_open,day,,,filled,False,,,,,,access_key,2026-06-11T20:00:00Z
1b4a3a74-2075-4e4d-8e13-78d72196be65,45d0a7ee-8d5e-4483-9018-1eafb49308e2,2026-06-11T15:34:09.399151Z,2026-06-11T15:34:09.449284Z,2026-06-11T15:34:09.404107Z,2026-06-11T15:34:09.447027Z,,,,,,,51c0af07-6bc4-4ad4-8779-9f392877f5de,SOFI260717P00016000,us_option,,3,3,1.16,simple,market,market,sell,sell_to_close,day,,,filled,False,,,,,,access_key,2026-06-11T20:00:00Z
1ced3aa0-2394-43af-a587-cfea27933ef3,a4c3d420-0225-44dd-8045-e53608afd063,2026-06-11T15:17:48.468443Z,2026-06-11T15:17:48.532317Z,2026-06-11T15:17:48.477358Z,2026-06-11T15:17:48.530231Z,,,,,,,2a420127-7ed6-46da-b443-f5ba3bff11e3,DUK260717C00130000,us_option,,1,1,1.55,simple,market,market,buy,buy_to_open,day,,,filled,False,,,,,,access_key,2026-06-11T20:00:00Z
be701136-1ff1-474f-8a8f-7588ba1ef5b5,605d0e09-290f-4540-a6f0-4465d027997a,2026-06-11T15:10:23.094065Z,2026-06-11T15:10:23.146564Z,2026-06-11T15:10:23.108497Z,2026-06-11T15:10:23.136571Z,,,,,,,410682eb-639a-4b0c-8b6d-e3362015a962,RIVN260717P00015000,us_option,,3,3,1.12,simple,market,market,sell,sell_to_close,day,,,filled,False,,,,,,access_key,2026-06-11T20:00:00Z
79245d91-4d4a-4fd9-b9c4-2c5731b366fd,0335a6e6-b6c9-4dc3-97f4-23fc0d5c5406,2026-06-11T14:53:41.23661Z,2026-06-11T14:53:41.319948Z,2026-06-11T14:53:41.244515Z,2026-06-11T14:53:41.317635Z,,,,,,,34529bd2-fe44-48ee-95f5-6c305b6766d3,GM260717P00080000,us_option,,3,3,4.05,simple,market,market,buy,buy_to_open,day,,,filled,False,,,,,,access_key,2026-06-11T20:00:00Z
be13442c-42ca-4873-bf37-6f6e6cc273c1,f9fbc710-c8fb-4378-8e08-1750b858f5cf,2026-06-11T14:53:29.844405Z,2026-06-11T14:53:29.949099Z,2026-06-11T14:53:29.850411Z,2026-06-11T14:53:29.942839Z,,,,,,,5f3c8353-a33b-45ab-83fe-f3533cbc98d9,ZS260821P00135000,us_option,,3,3,21.2,simple,market,market,buy,buy_to_open,day,,,filled,False,,,,,,access_key,2026-06-11T20:00:00Z
ef951871-9198-428c-8af1-ff7e7d105af8,65320688-a2ad-469a-b9b6-a6710b5a683a,2026-06-11T14:53:18.7316Z,2026-06-11T14:53:18.804531Z,2026-06-11T14:53:18.742283Z,2026-06-11T14:53:18.802251Z,,,,,,,c7632806-fdee-4f2e-aa66-94528544f467,OXY260717C00060000,us_option,,1,1,1.95,simple,market,market,buy,buy_to_open,day,,,filled,False,,,,,,access_key,2026-06-11T20:00:00Z
430fa818-8ce9-42de-b82f-a09f028d2d82,1b348ce4-7fd7-4a0a-9d67-ccf138a5acfb,2026-06-11T14:44:22.885889Z,2026-06-11T14:44:22.919682Z,2026-06-11T14:44:22.894052Z,2026-06-11T14:44:22.917392Z,,,,,,,f3c8e9dc-0150-4c54-8e14-ba9d9ead0e46,WMT260717C00125000,us_option,,1,1,2.52,simple,market,market,sell,sell_to_close,day,,,filled,False,,,,,,access_key,2026-06-11T20:00:00Z
c4f5bdd5-4458-4831-894f-121c32737f96,1d6520cf-f73f-4a35-b91d-d5c081b0cdce,2026-06-11T14:44:11.573456Z,2026-06-11T14:44:11.626356Z,2026-06-11T14:44:11.580357Z,2026-06-11T14:44:11.623835Z,,,,,,,b3624b5a-01db-4885-bc62-1a77986c623d,ORCL260717P00190000,us_option,,2,2,17.45,simple,market,market,sell,sell_to_close,day,,,filled,False,,,,,,access_key,2026-06-11T20:00:00Z
d6a8c725-dbf1-405e-b39a-cd72d85edc16,75a61b95-e31e-49b1-8948-8a971535c1ff,2026-06-11T14:43:59.835247Z,2026-06-11T14:43:59.952046Z,2026-06-11T14:43:59.843357Z,2026-06-11T14:43:59.949322Z,,,,,,,babc7dc0-deb0-4ff2-8164-177d0d043b49,PFE260717C00027000,us_option,,1,1,0.45,simple,market,market,sell,sell_to_close,day,,,filled,False,,,,,,access_key,2026-06-11T20:00:00Z
f2d15f23-5e6a-416c-a1b7-d81201eee3da,9344f0bd-9adc-4487-85f0-55c49c719cb2,2026-06-11T14:09:56.666925Z,2026-06-11T14:09:56.775417Z,2026-06-11T14:09:56.672056Z,2026-06-11T14:09:56.772802Z,,,,,,,3d56582f-3cbe-4bd9-a259-bb574258467d,NET260717P00220000,us_option,,2,2,16,simple,market,market,buy,buy_to_open,day,,,filled,False,,,,,,access_key,2026-06-11T20:00:00Z
595bb4dd-4e57-47df-af7b-7bd80449abd4,b5c622ca-da00-4625-ad41-c04bd9282a70,2026-06-11T14:09:45.237662Z,2026-06-11T14:09:45.569534Z,2026-06-11T14:09:45.243692Z,2026-06-11T14:09:45.567101Z,,,,,,,99855ebd-59c9-4f95-8edc-c5c4f9a9a613,ZM260717P00105000,us_option,,3,3,14.25,simple,market,market,buy,buy_to_open,day,,,filled,False,,,,,,access_key,2026-06-11T20:00:00Z
800e9aeb-d5bf-4d11-9e59-6d93d6a6fa33,cd72f46e-2ad8-4ae6-a196-e569fcdec880,2026-06-11T14:09:34.181176Z,2026-06-11T14:09:34.275054Z,2026-06-11T14:09:34.186426Z,2026-06-11T14:09:34.272382Z,,,,,,,779e5d1f-5f11-4239-a3ee-8dd3142b40d9,IBM260717P00325000,us_option,,2,2,54.15,simple,market,market,buy,buy_to_open,day,,,filled,False,,,,,,access_key,2026-06-11T20:00:00Z
ebeca874-9baa-44ff-be33-81abc33e92e6,276d9777-0ed4-4703-a3c7-1e93f0266665,2026-06-11T14:09:23.387043Z,2026-06-11T14:09:23.433047Z,2026-06-11T14:09:23.39164Z,2026-06-11T14:09:23.429541Z,,,,,,,afebe856-6cf0-411c-b96c-41381562fad8,SAP260717P00195000,us_option,,3,3,32.3,simple,market,market,buy,buy_to_open,day,,,filled,False,,,,,,access_key,2026-06-11T20:00:00Z
ccb55795-c06f-4583-b7e7-9ad6921d1919,1b1b56e4-d947-4f06-8178-362ec2cffa2a,2026-06-11T14:09:12.88013Z,2026-06-11T14:09:12.935444Z,2026-06-11T14:09:12.884769Z,2026-06-11T14:09:12.933318Z,,,,,,,59ea3574-079a-48dd-af3c-58d101db8e4d,COST260717C00930000,us_option,,1,1,69.8,simple,market,market,buy,buy_to_open,day,,,filled,False,,,,,,access_key,2026-06-11T20:00:00Z
9c09e51e-b954-4a38-8390-d0847635eeb2,d7b26f05-fddf-4914-9738-cb18903c61ee,2026-06-11T14:09:02.74519Z,2026-06-11T14:09:02.826173Z,2026-06-11T14:09:02.753659Z,2026-06-11T14:09:02.824012Z,,,,,,,4518d138-5ffc-4396-bc04-439e6c71dd13,CVX260717C00195000,us_option,,1,1,5.6,simple,market,market,buy,buy_to_open,day,,,filled,False,,,,,,access_key,2026-06-11T20:00:00Z
f07644ac-b406-45e6-a84f-8ece8c80a5a8,65fa931e-87f8-450c-bb6f-a39f6a139ad3,2026-06-11T14:08:52.778488Z,2026-06-11T14:08:52.861321Z,2026-06-11T14:08:52.785743Z,2026-06-11T14:08:52.856452Z,,,,,,,410682eb-639a-4b0c-8b6d-e3362015a962,RIVN260717P00015000,us_option,,3,3,1.2,simple,market,market,buy,buy_to_open,day,,,filled,False,,,,,,access_key,2026-06-11T20:00:00Z
4927e471-27c8-4f07-8ce9-33f96b2d8fbb,d36c0d43-1dae-42e0-9fd2-709648531bb8,2026-06-11T14:08:43.090872Z,2026-06-11T14:08:43.175086Z,2026-06-11T14:08:43.095915Z,2026-06-11T14:08:43.172615Z,,,,,,,bc6da8df-bb34-4757-98f6-18f973572186,LYFT260821P00013000,us_option,,3,3,1.25,simple,market,market,buy,buy_to_open,day,,,filled,False,,,,,,access_key,2026-06-11T20:00:00Z
d6fc43c3-cc90-4d2b-b816-cca04ce57537,1e7a66b7-e07b-4f9f-8fe5-d0789d57ce93,2026-06-11T14:08:33.825982Z,2026-06-11T14:08:33.850908Z,2026-06-11T14:08:33.830814Z,2026-06-11T14:08:33.848721Z,,,,,,,588d0399-b32b-440f-bcf9-f1b4674a2ac4,NKE260717C00042500,us_option,,1,1,4.4,simple,market,market,buy,buy_to_open,day,,,filled,False,,,,,,access_key,2026-06-11T20:00:00Z
4bb2ca7e-0c0f-4f83-9b6e-3d64352d1b36,832b1984-cabb-4608-8dbd-cec338d29f5b,2026-06-11T14:08:24.86437Z,2026-06-11T14:08:24.953912Z,2026-06-11T14:08:24.870066Z,2026-06-11T14:08:24.9516Z,,,,,,,51c0af07-6bc4-4ad4-8779-9f392877f5de,SOFI260717P00016000,us_option,,3,3,1.21,simple,market,market,buy,buy_to_open,day,,,filled,False,,,,,,access_key,2026-06-11T20:00:00Z
d173af25-cc57-4050-836f-6102af1681d6,2864d559-205b-43a4-ac2e-f3bb1c4be707,2026-06-11T14:08:16.110993Z,2026-06-11T14:08:16.154275Z,2026-06-11T14:08:16.116739Z,2026-06-11T14:08:16.15202Z,,,,,,,6cce87d9-a5d9-4ce6-ba60-8004d2c1101e,XLK260717P00175000,us_option,,2,2,6.65,simple,market,market,buy,buy_to_open,day,,,filled,False,,,,,,access_key,2026-06-11T20:15:00Z
e07b3147-c86e-433b-8ce2-dd6c74000041,a1ab19d0-f460-4198-8dd1-1b8d8d1108bb,2026-06-11T14:08:07.836078Z,2026-06-11T14:08:07.883478Z,2026-06-11T14:08:07.842368Z,2026-06-11T14:08:07.881248Z,,,,,,,02e2f8ce-b020-4e14-8561-61e6a06e2b46,SMH260717C00620000,us_option,,2,2,31.3,simple,market,market,buy,buy_to_open,day,,,filled,False,,,,,,access_key,2026-06-11T20:15:00Z
9cd22113-f8c4-4a29-95b5-e67becd8c4f9,459c9971-1f49-46e8-90cd-08ceda1f5b17,2026-06-11T14:07:59.30267Z,2026-06-11T14:07:59.426097Z,2026-06-11T14:07:59.307937Z,2026-06-11T14:07:59.422368Z,,,,,,,a3eb34ab-7a28-4bf7-8b61-c087ecdbdda8,CRWD260724C00555000,us_option,,1,1,134.45,simple,market,market,buy,buy_to_open,day,,,filled,False,,,,,,access_key,2026-06-11T20:00:00Z
29afe18e-3668-4964-8f3b-fb01f684b6e7,34b8e525-c485-4f41-a8ec-7fa30d15183a,2026-06-11T14:07:51.282917Z,2026-06-11T14:07:51.451545Z,2026-06-11T14:07:51.307476Z,2026-06-11T14:07:51.448277Z,,,,,,,f3c8e9dc-0150-4c54-8e14-ba9d9ead0e46,WMT260717C00125000,us_option,,1,1,2.44,simple,market,market,buy,buy_to_open,day,,,filled,False,,,,,,access_key,2026-06-11T20:00:00Z
45b0e7b5-7bc1-46f2-8681-c6f4e31602be,141788a0-b3c7-40c8-bfb6-993aa89d46f7,2026-06-11T14:07:43.703738Z,2026-06-11T14:07:43.772403Z,2026-06-11T14:07:43.708167Z,2026-06-11T14:07:43.769826Z,,,,,,,9d1cf80b-6a7f-4d14-ad87-db43fdd889ce,ADBE260717P00225000,us_option,,3,3,13.9,simple,market,market,buy,buy_to_open,day,,,filled,False,,,,,,access_key,2026-06-11T20:00:00Z
5b2fcf7d-6652-4e3a-94b2-3a1186506472,22baf257-64ca-490e-bf7c-5e7721f7b5f7,2026-06-11T14:07:36.910698Z,2026-06-11T14:07:37.013382Z,2026-06-11T14:07:36.932188Z,2026-06-11T14:07:37.010577Z,,,,,,,39296dad-fbd9-404a-be8f-727ea6dd9430,GOOGL260717P00345000,us_option,,2,2,11.6,simple,market,market,buy,buy_to_open,day,,,filled,False,,,,,,access_key,2026-06-11T20:00:00Z
4f8179d0-6bb8-4647-8466-d58ff48e2585,af1ee679-5738-4920-b470-e573bbc3d7e8,2026-06-11T14:07:30.755978Z,2026-06-11T14:07:30.958657Z,2026-06-11T14:07:30.76167Z,2026-06-11T14:07:30.956517Z,,,,,,,cd6e1e1a-3627-492c-920d-dc476c9fba8a,TGT260717C00135000,us_option,,2,2,3.25,simple,market,market,buy,buy_to_open,day,,,filled,False,,,,,,access_key,2026-06-11T20:00:00Z
c3f2b507-f32a-4e96-bdf7-4791b183759d,4d4b2a0d-c562-406d-ab0c-7566a7b6381d,2026-06-11T14:07:24.722381Z,2026-06-11T14:07:24.808332Z,2026-06-11T14:07:24.73367Z,2026-06-11T14:07:24.806105Z,,,,,,,177acd9e-c79f-4d88-92ca-772d61eaac8d,DDOG260717C00230000,us_option,,2,2,20.35,simple,market,market,buy,buy_to_open,day,,,filled,False,,,,,,access_key,2026-06-11T20:00:00Z
bef1825f-e85a-4241-b95f-30b4dd01ab9a,c44e167b-cda2-4c09-af4a-e8d7034850c4,2026-06-11T14:07:18.951104Z,2026-06-11T14:07:19.113801Z,2026-06-11T14:07:18.963701Z,2026-06-11T14:07:19.111468Z,,,,,,,a69b52d7-cbc5-441b-b114-0f9493c689ac,AVGO260717P00430000,us_option,,2,2,57.5,simple,market,market,buy,buy_to_open,day,,,filled,False,,,,,,access_key,2026-06-11T20:00:00Z
55982954-250d-453d-8d49-285785b013c6,c593439a-04f9-4a8a-ad8e-189e9b31f6ce,2026-06-11T14:07:12.673516Z,2026-06-11T14:07:12.898787Z,2026-06-11T14:07:12.680542Z,2026-06-11T14:07:12.895504Z,,,,,,,041d471c-c380-42e3-9663-d69a41712ff3,TSLA260717P00380000,us_option,,2,2,19,simple,market,market,buy,buy_to_open,day,,,filled,False,,,,,,access_key,2026-06-11T20:00:00Z
2c71011e-604d-4270-931b-2bccf29061b4,2f444975-6037-453c-819b-a983b67944b5,2026-06-11T14:07:07.200947Z,2026-06-11T14:07:07.272236Z,2026-06-11T14:07:07.205941Z,2026-06-11T14:07:07.269856Z,,,,,,,b3624b5a-01db-4885-bc62-1a77986c623d,ORCL260717P00190000,us_option,,2,2,18.05,simple,market,market,buy,buy_to_open,day,,,filled,False,,,,,,access_key,2026-06-11T20:00:00Z
9013efd5-8eca-479c-a68a-7d4f1836fd19,af197f89-88f2-4e4a-aa4c-712caa3bc1fb,2026-06-11T14:07:01.324395Z,2026-06-11T14:07:01.397689Z,2026-06-11T14:07:01.329203Z,2026-06-11T14:07:01.395441Z,,,,,,,054d6a25-7e53-4170-a5f3-d0967edc54e4,PEP260717C00150000,us_option,,1,1,3.1,simple,market,market,buy,buy_to_open,day,,,filled,False,,,,,,access_key,2026-06-11T20:00:00Z
e790df49-4626-4319-a9a8-58fd6689252e,9aced3c1-0a75-4150-8641-8b078e3328cb,2026-06-11T14:06:56.132448Z,2026-06-11T14:06:56.258503Z,2026-06-11T14:06:56.14004Z,2026-06-11T14:06:56.256038Z,,,,,,,a80b22a7-3a9a-4819-84dc-2944e8c871f2,UBER260717P00070000,us_option,,2,2,4.2,simple,market,market,buy,buy_to_open,day,,,filled,False,,,,,,access_key,2026-06-11T20:00:00Z
f5c4e57c-97b4-4bab-86df-9dec72f4e47e,af1df654-61d6-4a9f-b6da-a25fc109ad12,2026-06-11T14:06:51.437945Z,2026-06-11T14:06:51.477233Z,2026-06-11T14:06:51.443284Z,2026-06-11T14:06:51.475076Z,,,,,,,e586f293-74cd-48bf-b641-a18bafc83bd6,PLTR260717P00145000,us_option,,3,3,17.9,simple,market,market,buy,buy_to_open,day,,,filled,False,,,,,,access_key,2026-06-11T20:00:00Z
26eadf76-95d8-405e-a7b7-7da7459b54e7,9313219a-a51e-4623-85f4-f871b0e7e2ed,2026-06-11T14:06:46.999223Z,2026-06-11T14:06:47.027704Z,2026-06-11T14:06:47.004481Z,2026-06-11T14:06:47.02509Z,,,,,,,9fdcfd98-8ced-4b16-ac71-d3edeeaca166,XLE260717C00060000,us_option,,1,1,1.32,simple,market,market,buy,buy_to_open,day,,,filled,False,,,,,,access_key,2026-06-11T20:15:00Z
18e94426-4393-4405-a91c-7723340e89a6,21e03dc9-7f4e-4beb-90cd-e2e228c61aed,2026-06-11T14:06:42.59161Z,2026-06-11T14:06:42.739032Z,2026-06-11T14:06:42.596749Z,2026-06-11T14:06:42.735667Z,,,,,,,d46b8b79-8b53-4d0f-a7bb-43543cdf44b3,META260717P00650000,us_option,,1,1,89.95,simple,market,market,buy,buy_to_open,day,,,filled,False,,,,,,access_key,2026-06-11T20:00:00Z
4b7da293-d5e1-4c52-9eb9-72d1d117a8ad,a51659d2-c782-4e65-908d-97f0eca350b1,2026-06-11T14:06:38.485787Z,2026-06-11T14:06:38.546173Z,2026-06-11T14:06:38.492276Z,2026-06-11T14:06:38.543685Z,,,,,,,807df2d8-673a-464e-8100-de04f1efb986,JNJ260717C00230000,us_option,,2,2,15.25,simple,market,market,buy,buy_to_open,day,,,filled,False,,,,,,access_key,2026-06-11T20:00:00Z
321e9d53-7129-4888-9bd2-8a9d1060ed8c,6dd80191-f389-4ec6-a72c-164837e3b2b7,2026-06-11T14:06:34.747093Z,2026-06-11T14:06:34.83351Z,2026-06-11T14:06:34.75948Z,2026-06-11T14:06:34.830044Z,,,,,,,babc7dc0-deb0-4ff2-8164-177d0d043b49,PFE260717C00027000,us_option,,1,1,0.45,simple,market,market,buy,buy_to_open,day,,,filled,False,,,,,,access_key,2026-06-11T20:00:00Z
ffac6a6d-28c1-4fe9-a90d-ec3603cc9782,42d52940-eede-4b2e-aa03-16e272083484,2026-06-11T14:06:31.183658Z,2026-06-11T14:06:31.253284Z,2026-06-11T14:06:31.192917Z,2026-06-11T14:06:31.251219Z,,,,,,,ff156b3a-cece-4f2a-933e-68119fd42b67,AMD260717C00430000,us_option,,1,1,71.6,simple,market,market,buy,buy_to_open,day,,,filled,False,,,,,,access_key,2026-06-11T20:00:00Z
d233a6cd-2688-4dc9-828d-064015bbf4b6,a9f88d58-7df6-4da4-8c98-f66aa5504732,2026-06-11T14:06:27.642867Z,2026-06-11T14:06:27.672996Z,2026-06-11T14:06:27.647945Z,2026-06-11T14:06:27.671012Z,,,,,,,ec1cee3e-b968-48f8-bc6e-b4b2df4f86ef,F260717P00014000,us_option,,3,3,0.6,simple,market,market,buy,buy_to_open,day,,,filled,False,,,,,,access_key,2026-06-11T20:00:00Z
5baf60f4-76bd-44b7-99b0-939316a23aef,2ba995cf-713b-43fb-a206-e36699779d8c,2026-06-11T14:06:24.445438Z,2026-06-11T14:06:24.513449Z,2026-06-11T14:06:24.451748Z,2026-06-11T14:06:24.511175Z,,,,,,,1422a013-21c3-4272-842c-57d45d3da738,INTC260717C00120000,us_option,,3,3,12.75,simple,market,market,buy,buy_to_open,day,,,filled,False,,,,,,access_key,2026-06-11T20:00:00Z
40968aa3-d0d9-441c-9557-76d0c44d4074,ad1d3a50-9b6e-4562-85d7-986ba1dd7d44,2026-06-10T19:46:35.941841Z,2026-06-10T19:46:36.043034Z,2026-06-10T19:46:35.947448Z,2026-06-10T19:46:36.040764Z,,,,,,,7c9621e0-986f-44d7-95d3-7e6429535af0,CVS260717C00100000,us_option,,2,2,2.66,simple,market,market,sell,sell_to_close,day,,,filled,False,,,,,,access_key,2026-06-10T20:00:00Z
63dc7a5d-68b9-4696-985f-6cc6ef49ec58,93cea377-031e-4f05-8e26-add1e8f82bd8,2026-06-10T19:46:35.688289Z,2026-06-10T19:46:35.816101Z,2026-06-10T19:46:35.694101Z,2026-06-10T19:46:35.813567Z,,,,,,,89b1ff42-328f-4f51-bbb9-33a3dad0e65b,V260717C00335000,us_option,,1,1,5.45,simple,market,market,sell,sell_to_close,day,,,filled,False,,,,,,access_key,2026-06-10T20:00:00Z
8dea2c8b-9ab4-4ec7-a1a6-148a7043d4d4,159f8259-ab6c-4d22-8db0-bf109c5f568d,2026-06-10T19:46:35.441608Z,2026-06-10T19:46:35.589852Z,2026-06-10T19:46:35.446734Z,2026-06-10T19:46:35.587795Z,,,,,,,3a8b258b-bd3c-4175-bc98-db0773441bba,RR260710P00002500,us_option,,3,3,0.43,simple,market,market,sell,sell_to_close,day,,,filled,False,,,,,,access_key,2026-06-10T20:00:00Z
f7d0fe33-b919-4908-8387-62cb6f013355,dd5e0383-a322-4753-b621-b0efad7c5231,2026-06-10T19:46:35.224866Z,2026-06-10T19:46:35.337867Z,2026-06-10T19:46:35.230331Z,2026-06-10T19:46:35.335872Z,,,,,,,31b0b73e-7bfe-4929-b3de-8d057e524691,CVX260717C00200000,us_option,,1,1,3.8,simple,market,market,sell,sell_to_close,day,,,filled,False,,,,,,access_key,2026-06-10T20:00:00Z
40037358-adc8-4191-a704-112d9f49becc,1944e385-a59a-4601-8807-6d6ee8d608cd,2026-06-10T19:46:35.002326Z,2026-06-10T19:46:35.23295Z,2026-06-10T19:46:35.017638Z,2026-06-10T19:46:35.229458Z,,,,,,,788bccbc-3033-4931-88f6-976b9562a5ff,HD260717C00330000,us_option,,3,3,7.7,simple,market,market,sell,sell_to_close,day,,,filled,False,,,,,,access_key,2026-06-10T20:00:00Z
13479e17-1752-4a89-9eb3-ecfa1f5e6143,d6112b30-1a05-4e8c-b986-218107a1087a,2026-06-10T19:46:34.748744Z,2026-06-10T19:46:34.873018Z,2026-06-10T19:46:34.754093Z,2026-06-10T19:46:34.870762Z,,,,,,,34f80d75-d28f-41a9-9153-6c973059153c,SO260710C00096000,us_option,,2,2,1.5,simple,market,market,sell,sell_to_close,day,,,filled,False,,,,,,access_key,2026-06-10T20:00:00Z
e65c881d-d9d6-4bfb-920a-24a3ae8fbf22,ef027193-7076-4170-b6d8-87076d3c80f0,2026-06-10T19:46:34.369618Z,2026-06-10T19:46:34.407631Z,2026-06-10T19:46:34.382009Z,2026-06-10T19:46:34.405473Z,,,,,,,db7b97f3-7dc8-466c-b30b-13506d7d1ee8,PEP260717C00145000,us_option,,2,2,4.7,simple,market,market,sell,sell_to_close,day,,,filled,False,,,,,,access_key,2026-06-10T20:00:00Z
4d79e7c0-94eb-4d0b-a7c9-0dd0630e27c1,8b085913-ad2d-4c44-b800-1eba63c6b396,2026-06-10T19:46:33.825844Z,2026-06-10T19:46:33.955834Z,2026-06-10T19:46:33.831739Z,2026-06-10T19:46:33.953622Z,,,,,,,29e4a680-b196-4ddd-b2d6-0eb097a5b8c5,MRK260717P00115000,us_option,,2,2,2.75,simple,market,market,sell,sell_to_close,day,,,filled,False,,,,,,access_key,2026-06-10T20:00:00Z
7c7c75f8-c2f0-4baa-8d05-58588cb0a23e,09587c89-a642-438a-9056-251a6605a783,2026-06-10T19:46:33.607016Z,2026-06-10T19:46:33.840774Z,2026-06-10T19:46:33.616806Z,2026-06-10T19:46:33.838629Z,,,,,,,cf7eff70-92fc-48db-86f7-776dce3ffee9,JNJ260717C00250000,us_option,,2,2,3.7,simple,market,market,sell,sell_to_close,day,,,filled,False,,,,,,access_key,2026-06-10T20:00:00Z
210a9c1d-15df-4fe8-8893-5af4ac5f5e26,368c45b4-ae07-4003-b212-eb18965fc15d,2026-06-10T19:46:33.365205Z,2026-06-10T19:46:33.608944Z,2026-06-10T19:46:33.370328Z,2026-06-10T19:46:33.603493Z,,,,,,,bd054b8a-82a8-4b5a-bf51-e1fe2e4b1898,MO260717C00060000,us_option,,2,2,12.2,simple,market,market,sell,sell_to_close,day,,,filled,False,,,,,,access_key,2026-06-10T20:00:00Z
28e2f82d-d0cd-4fed-bf80-f2b49e1f754f,1251bfbc-1b36-47ef-8022-1c0318f19b99,2026-06-10T19:46:33.134352Z,2026-06-10T19:46:33.255351Z,2026-06-10T19:46:33.138481Z,2026-06-10T19:46:33.251563Z,,,,,,,2ccffd89-b86f-4f56-b92d-25b93e3c1905,KO260717C00072500,us_option,,3,3,10.4,simple,market,market,sell,sell_to_close,day,,,filled,False,,,,,,access_key,2026-06-10T20:00:00Z
a187f696-07f8-440f-912d-c96beadcdc61,b6cd7c54-df1b-429a-ac6f-fc19a1463481,2026-06-10T19:46:32.918932Z,2026-06-10T19:46:33.006895Z,2026-06-10T19:46:32.923402Z,2026-06-10T19:46:33.002154Z,,,,,,,9d1cf80b-6a7f-4d14-ad87-db43fdd889ce,ADBE260717P00225000,us_option,,2,2,11.35,simple,market,market,sell,sell_to_close,day,,,filled,False,,,,,,access_key,2026-06-10T20:00:00Z
d5cba659-0000-4104-868b-06abce4d8609,ce8ab674-c1ec-40b9-8f9e-10ffd9abd4cf,2026-06-10T19:46:32.695434Z,2026-06-10T19:46:32.774051Z,2026-06-10T19:46:32.700558Z,2026-06-10T19:46:32.771892Z,,,,,,,9987b4db-9df2-4347-805b-7bd3032bf2a5,ABBV260717C00195000,us_option,,1,1,30.75,simple,market,market,sell,sell_to_close,day,,,filled,False,,,,,,access_key,2026-06-10T20:00:00Z
7d675d79-67a7-4631-8224-61b8cc9e55a5,d4f1df55-ef4e-40b7-8fee-f38e56e28431,2026-06-10T19:46:32.477822Z,2026-06-10T19:46:32.541047Z,2026-06-10T19:46:32.485557Z,2026-06-10T19:46:32.538951Z,,,,,,,bae085b7-75ef-4935-b988-2454ff587246,UNH260717C00330000,us_option,,1,1,74.65,simple,market,market,sell,sell_to_close,day,,,filled,False,,,,,,access_key,2026-06-10T20:00:00Z
8b4242ed-799f-4a1b-b31d-8c10b78788ed,dcd14d94-bedb-440e-9ece-a5ce2eebc976,2026-06-10T19:46:32.266457Z,2026-06-10T19:46:32.297371Z,2026-06-10T19:46:32.272187Z,2026-06-10T19:46:32.295355Z,,,,,,,e73d8427-3d9c-4b3a-8f04-3383de41e5ce,CRM260717P00175000,us_option,,3,3,11.05,simple,market,market,sell,sell_to_close,day,,,filled,False,,,,,,access_key,2026-06-10T20:00:00Z
8adea66a-74cd-48c9-b737-9007d0c4bb14,4253eaee-78f9-41fb-bc6f-216203fc2d49,2026-06-10T19:46:32.05365Z,2026-06-10T19:46:32.182436Z,2026-06-10T19:46:32.060735Z,2026-06-10T19:46:32.1797Z,,,,,,,427e3b65-28a0-4ef0-9d46-52ae29b9846c,ORCL260717P00210000,us_option,,3,3,23.25,simple,market,market,sell,sell_to_close,day,,,filled,False,,,,,,access_key,2026-06-10T20:00:00Z
3ae26fc4-a62c-487d-88ba-4ee54c5f3fd5,e613cdb9-0a30-4610-b19e-707f4ffe31e4,2026-06-10T19:46:18.213351Z,2026-06-10T19:46:18.281836Z,2026-06-10T19:46:18.223556Z,2026-06-10T19:46:18.279697Z,,,,,,,21a25f00-f58f-48e9-9e70-6541ab7586fd,META260717P00570000,us_option,,2,2,22.45,simple,market,market,sell,sell_to_close,day,,,filled,False,,,,,,access_key,2026-06-10T20:00:00Z
58ff2fc6-984e-4629-8c12-66eb1ddb5e71,7016e8b4-858a-4e72-bd6f-0d75128180b5,2026-06-10T19:30:44.204921Z,2026-06-10T19:30:44.287186Z,2026-06-10T19:30:44.209098Z,2026-06-10T19:30:44.285235Z,,,,,,,5f0b6bf7-1cc2-4826-ae05-881c361714d7,SCHW260717C00092500,us_option,,1,1,2.28,simple,market,market,sell,sell_to_close,day,,,filled,False,,,,,,access_key,2026-06-10T20:00:00Z
830f5500-cb29-4b39-9aef-cb4ce55d76e8,46666323-1edc-487e-9a79-f5ea2920eb5f,2026-06-10T18:42:52.218278Z,2026-06-10T18:42:52.341264Z,2026-06-10T18:42:52.226593Z,2026-06-10T18:42:52.338981Z,,,,,,,7c9621e0-986f-44d7-95d3-7e6429535af0,CVS260717C00100000,us_option,,2,2,3.1,simple,market,market,buy,buy_to_open,day,,,filled,False,,,,,,access_key,2026-06-10T20:00:00Z
f6a4eb7b-7d18-45e9-b402-2d88a342dc48,0a4d130e-20a1-4a2b-becd-73f7a26fd5fe,2026-06-10T18:42:44.503597Z,2026-06-10T18:42:44.540161Z,2026-06-10T18:42:44.511202Z,2026-06-10T18:42:44.537812Z,,,,,,,89b1ff42-328f-4f51-bbb9-33a3dad0e65b,V260717C00335000,us_option,,1,1,6.35,simple,market,market,buy,buy_to_open,day,,,filled,False,,,,,,access_key,2026-06-10T20:00:00Z
b0bb8ae9-25e7-462e-8323-455b5a383c4f,a513008c-c3c6-429f-bb7e-3d902282cfd1,2026-06-10T18:24:41.863749Z,2026-06-10T18:24:42.002213Z,2026-06-10T18:24:41.875214Z,2026-06-10T18:24:41.999941Z,,,,,,,3a8b258b-bd3c-4175-bc98-db0773441bba,RR260710P00002500,us_option,,3,3,0.52,simple,market,market,buy,buy_to_open,day,,,filled,False,,,,,,access_key,2026-06-10T20:00:00Z
702a6875-7fd8-4a3e-a328-926bcab5b0fb,420e7f26-ee71-4dbc-bcfc-82569e93e694,2026-06-10T18:06:16.935858Z,2026-06-10T18:06:16.976429Z,2026-06-10T18:06:16.941661Z,2026-06-10T18:06:16.974327Z,,,,,,,d560b48d-15bc-46c2-8de6-67753f4044a0,AMD260717P00470000,us_option,,2,2,47.05,simple,market,market,sell,sell_to_close,day,,,filled,False,,,,,,access_key,2026-06-10T20:00:00Z
a26fff34-b912-4a37-b566-6cf28c925ff8,dfe9ca96-0e12-4a37-b468-6bf4d27189e8,2026-06-10T18:06:15.869349Z,2026-06-10T18:06:15.921478Z,2026-06-10T18:06:15.890149Z,2026-06-10T18:06:15.919341Z,,,,,,,7003af95-f226-41d1-93f0-c5c1f0f9fe3f,TSLA260717P00390000,us_option,,3,3,25.05,simple,market,market,sell,sell_to_close,day,,,filled,False,,,,,,access_key,2026-06-10T20:00:00Z
f458feb2-e9f4-413c-b6a7-8077266733af,35df807b-e31f-4e50-9964-40f760486d7b,2026-06-10T17:50:06.384437Z,2026-06-10T17:50:06.437221Z,2026-06-10T17:50:06.390446Z,2026-06-10T17:50:06.435275Z,,,,,,,6025ef33-1191-4fc0-ba93-078988632aa2,QQQ260710P00691000,us_option,,2,2,18.67,simple,market,market,sell,sell_to_close,day,,,filled,False,,,,,,access_key,2026-06-10T20:15:00Z
4bf4be30-f960-4afd-9955-564bbb3c9565,7e3f841c-ce99-495e-a8c8-3f9ad563a557,2026-06-10T17:50:05.266864Z,2026-06-10T17:50:05.358275Z,2026-06-10T17:50:05.271672Z,2026-06-10T17:50:05.356441Z,,,,,,,083bfedb-3c0c-473f-9527-f5b1035f6bca,INTC260717P00115000,us_option,,2,2,15.85,simple,market,market,sell,sell_to_close,day,,,filled,False,,,,,,access_key,2026-06-10T20:00:00Z
11bde624-3565-4507-93ac-7e31c11a3ec8,ad1fad42-917a-422a-bdb2-560d005c2cd4,2026-06-10T17:50:04.181196Z,2026-06-10T17:50:04.295976Z,2026-06-10T17:50:04.192765Z,2026-06-10T17:50:04.293757Z,,,,,,,fc6582c4-53d0-4366-ad07-c7548890c447,SPY260710P00720000,us_option,,2,2,10.72,simple,market,market,sell,sell_to_close,day,,,filled,False,,,,,,access_key,2026-06-10T20:15:00Z
6082701a-7155-4108-b4ba-3c17f4099e96,734c0d2b-bc18-4f27-b454-9b7c6aea75b8,2026-06-10T17:50:01.358712Z,2026-06-10T17:50:01.440805Z,2026-06-10T17:50:01.366772Z,2026-06-10T17:50:01.438352Z,,,,,,,9a74057c-70e6-46b0-ae34-cfe40ab2dafd,PG260717C00150000,us_option,,2,2,3.65,simple,market,market,sell,sell_to_close,day,,,filled,False,,,,,,access_key,2026-06-10T20:00:00Z
29a9ad4c-8a70-4a7f-8db3-75518295333a,ce2fcdd1-2c17-4cde-b4d5-41240bdc461e,2026-06-10T17:49:53.191371Z,2026-06-10T17:49:53.299776Z,2026-06-10T17:49:53.198943Z,2026-06-10T17:49:53.297787Z,,,,,,,85f787d5-eef8-4e56-bc37-dcd705183c58,GOOGL260717P00355000,us_option,,2,2,12.5,simple,market,market,sell,sell_to_close,day,,,filled,False,,,,,,access_key,2026-06-10T20:00:00Z
14298131-da5e-4f39-82ca-e96551acc29e,df6af7d0-0c9d-4b4d-a74c-ad481f75748e,2026-06-10T17:49:39.367512Z,2026-06-10T17:49:39.391013Z,2026-06-10T17:49:39.373507Z,2026-06-10T17:49:39.389306Z,,,,,,,52295c19-dc0f-4269-bf02-f94ca81d2e42,AVGO260717P00370000,us_option,,2,2,19.35,simple,market,market,sell,sell_to_close,day,,,filled,False,,,,,,access_key,2026-06-10T20:00:00Z
62067b95-b0a0-443c-b4e1-99b999f95fa5,83127007-2fda-4727-b0ec-92ce99199d38,2026-06-10T17:32:46.676361Z,2026-06-10T17:32:46.706427Z,2026-06-10T17:32:46.680435Z,2026-06-10T17:32:46.704264Z,,,,,,,9f5fa409-9170-4ccd-875c-dd915d3c4c6a,BAC260717C00052500,us_option,,2,2,3.6,simple,market,market,sell,sell_to_close,day,,,filled,False,,,,,,access_key,2026-06-10T20:00:00Z
4b99c30c-ccdc-4420-a45d-8c69a031b994,9eec78a2-6f39-4c75-8289-b22019fdb462,2026-06-10T17:17:44.880667Z,2026-06-10T17:17:45.005953Z,2026-06-10T17:17:44.888789Z,2026-06-10T17:17:45.003498Z,,,,,,,31b0b73e-7bfe-4929-b3de-8d057e524691,CVX260717C00200000,us_option,,1,1,4.55,simple,market,market,buy,buy_to_open,day,,,filled,False,,,,,,access_key,2026-06-10T20:00:00Z
80de571c-c26c-4587-a697-2a747da0b0a4,4af1059f-e9da-4b51-94a7-63af6f1c44e6,2026-06-10T16:26:10.232752Z,2026-06-10T16:26:10.279679Z,2026-06-10T16:26:10.238327Z,2026-06-10T16:26:10.277232Z,,,,,,,0ee8e19f-08e6-4ed5-b7d0-bcabcb47d279,ENB260717C00057500,us_option,,1,1,1,simple,market,market,sell,sell_to_close,day,,,filled,False,,,,,,access_key,2026-06-10T20:00:00Z
a8b430e5-2bc3-485e-a97d-065e588860dd,fb867bba-57bb-4811-a0cd-d9e3f5841dc6,2026-06-10T16:10:46.649872Z,2026-06-10T16:10:46.787656Z,2026-06-10T16:10:46.65481Z,2026-06-10T16:10:46.78578Z,,,,,,,788bccbc-3033-4931-88f6-976b9562a5ff,HD260717C00330000,us_option,,3,3,8.95,simple,market,market,buy,buy_to_open,day,,,filled,False,,,,,,access_key,2026-06-10T20:00:00Z
e6be75a5-ab5d-484b-a1cc-1daa36ec9d76,c454b10e-84ab-49b6-8abd-2d2a4f78ba91,2026-06-10T16:10:36.923613Z,2026-06-10T16:10:36.976332Z,2026-06-10T16:10:36.928184Z,2026-06-10T16:10:36.974088Z,,,,,,,34f80d75-d28f-41a9-9153-6c973059153c,SO260710C00096000,us_option,,2,2,1.45,simple,market,market,buy,buy_to_open,day,,,filled,False,,,,,,access_key,2026-06-10T20:00:00Z
d04bc4b0-65b8-46b5-ad26-1ae45d8f44c8,e3c5f3eb-1ef2-4ef6-92be-7bedd06532d9,2026-06-10T16:10:27.046109Z,2026-06-10T16:10:27.137465Z,2026-06-10T16:10:27.0583Z,2026-06-10T16:10:27.135018Z,,,,,,,6025ef33-1191-4fc0-ba93-078988632aa2,QQQ260710P00691000,us_option,,2,2,19.13,simple,market,market,buy,buy_to_open,day,,,filled,False,,,,,,access_key,2026-06-10T20:15:00Z
dcd0ae91-f725-431e-9860-bf9cc0ee0de4,ddb38b9c-db8b-4849-91bc-ea412205575c,2026-06-10T16:10:17.413892Z,2026-06-10T16:10:17.465548Z,2026-06-10T16:10:17.419765Z,2026-06-10T16:10:17.463423Z,,,,,,,083bfedb-3c0c-473f-9527-f5b1035f6bca,INTC260717P00115000,us_option,,2,2,16.45,simple,market,market,buy,buy_to_open,day,,,filled,False,,,,,,access_key,2026-06-10T20:00:00Z
a36f2369-1573-4a74-a405-b46a67eac9a2,b80c6557-7e4a-48b5-bbbe-d90020a49b07,2026-06-10T16:10:08.563418Z,2026-06-10T16:10:08.750096Z,2026-06-10T16:10:08.571372Z,2026-06-10T16:10:08.748Z,,,,,,,fc6582c4-53d0-4366-ad07-c7548890c447,SPY260710P00720000,us_option,,2,2,11.07,simple,market,market,buy,buy_to_open,day,,,filled,False,,,,,,access_key,2026-06-10T20:15:00Z
d292d917-ad11-4c29-8deb-d9f1056f610f,478528af-901a-4e32-8e66-fd26145183b7,2026-06-10T16:09:59.217588Z,2026-06-10T16:09:59.263614Z,2026-06-10T16:09:59.22343Z,2026-06-10T16:09:59.261414Z,,,,,,,21a25f00-f58f-48e9-9e70-6541ab7586fd,META260717P00570000,us_option,,2,2,20.65,simple,market,market,buy,buy_to_open,day,,,filled,False,,,,,,access_key,2026-06-10T20:00:00Z
4c0cb26f-ffd6-464a-b50c-e6b2d2181901,36dbd647-eaa3-41ab-9125-7142bbc69446,2026-06-10T16:09:51.274841Z,2026-06-10T16:09:51.419942Z,2026-06-10T16:09:51.287842Z,2026-06-10T16:09:51.417961Z,,,,,,,9a74057c-70e6-46b0-ae34-cfe40ab2dafd,PG260717C00150000,us_option,,2,2,4.5,simple,market,market,buy,buy_to_open,day,,,filled,False,,,,,,access_key,2026-06-10T20:00:00Z
43a0315e-cba6-42f1-be39-3005f1df8a8a,f6402d63-b714-43e8-9cfd-17b0e01849c0,2026-06-10T16:09:43.484737Z,2026-06-10T16:09:43.534981Z,2026-06-10T16:09:43.492758Z,2026-06-10T16:09:43.533034Z,,,,,,,5f0b6bf7-1cc2-4826-ae05-881c361714d7,SCHW260717C00092500,us_option,,1,1,2.2,simple,market,market,buy,buy_to_open,day,,,filled,False,,,,,,access_key,2026-06-10T20:00:00Z
5953835a-396d-45cb-9a98-0418a822a236,2a87499f-e94c-4b2b-96a6-2b1df59c6c96,2026-06-10T16:09:36.063153Z,2026-06-10T16:09:36.119722Z,2026-06-10T16:09:36.071078Z,2026-06-10T16:09:36.117744Z,,,,,,,db7b97f3-7dc8-466c-b30b-13506d7d1ee8,PEP260717C00145000,us_option,,2,2,5.2,simple,market,market,buy,buy_to_open,day,,,filled,False,,,,,,access_key,2026-06-10T20:00:00Z
2740fbc8-add1-45c7-ae28-a2eaf792c78b,7241b2db-27ad-41f6-9f8f-3bd1558d6eca,2026-06-10T16:09:28.912303Z,2026-06-10T16:09:28.934697Z,2026-06-10T16:09:28.918201Z,2026-06-10T16:09:28.932779Z,,,,,,,29e4a680-b196-4ddd-b2d6-0eb097a5b8c5,MRK260717P00115000,us_option,,2,2,3.4,simple,market,market,buy,buy_to_open,day,,,filled,False,,,,,,access_key,2026-06-10T20:00:00Z
967c3fe2-0d2b-449e-9eac-32e6c722ff58,995b8d61-1e56-4ed5-8dac-13bfe500b486,2026-06-10T16:09:21.853091Z,2026-06-10T16:09:21.978149Z,2026-06-10T16:09:21.861356Z,2026-06-10T16:09:21.975658Z,,,,,,,85f787d5-eef8-4e56-bc37-dcd705183c58,GOOGL260717P00355000,us_option,,2,2,12.4,simple,market,market,buy,buy_to_open,day,,,filled,False,,,,,,access_key,2026-06-10T20:00:00Z
8c690bd8-d68a-435b-803b-6283bcca4a46,f4c5ef3c-5f97-4c27-aee3-224bf3993809,2026-06-10T16:09:14.964835Z,2026-06-10T16:09:15.100961Z,2026-06-10T16:09:14.970783Z,2026-06-10T16:09:15.0987Z,,,,,,,cf7eff70-92fc-48db-86f7-776dce3ffee9,JNJ260717C00250000,us_option,,2,2,4.15,simple,market,market,buy,buy_to_open,day,,,filled,False,,,,,,access_key,2026-06-10T20:00:00Z
e5c87825-efd8-4085-b566-6756ce137db4,4c9492c6-8666-4329-ad03-3d51f3d0b39f,2026-06-10T16:02:35.707503Z,2026-06-10T16:02:35.784435Z,2026-06-10T16:02:35.712936Z,2026-06-10T16:02:35.782402Z,,,,,,,fc6582c4-53d0-4366-ad07-c7548890c447,SPY260710P00720000,us_option,,2,2,10.75,simple,market,market,sell,sell_to_close,day,,,filled,False,,,,,,access_key,2026-06-10T20:15:00Z
47d3f359-13c8-43a1-af3e-d676ec14c504,7dae98aa-a56c-431a-b91e-c3277795d5ca,2026-06-10T16:02:34.664848Z,2026-06-10T16:02:34.752529Z,2026-06-10T16:02:34.669849Z,2026-06-10T16:02:34.750266Z,,,,,,,4196ed0a-ab38-4b1f-a260-907334492a33,INTC260717P00105000,us_option,,2,2,9.85,simple,market,market,sell,sell_to_close,day,,,filled,False,,,,,,access_key,2026-06-10T20:00:00Z
18335c9f-4652-4425-94ac-fef12c38edd0,2e669292-376f-4fb7-9a43-1408512537ed,2026-06-10T16:02:30.225197Z,2026-06-10T16:02:30.329538Z,2026-06-10T16:02:30.231174Z,2026-06-10T16:02:30.32708Z,,,,,,,f6c074a5-72b9-47bb-b619-4f6e2281a681,PG260821C00155000,us_option,,2,2,4,simple,market,market,sell,sell_to_close,day,,,filled,False,,,,,,access_key,2026-06-10T20:00:00Z
184a2647-1b0a-464a-83ff-8939c833ead2,3bc0abf8-c4d5-4912-9da8-bf85a9459e5b,2026-06-10T16:02:25.750822Z,2026-06-10T16:02:25.787944Z,2026-06-10T16:02:25.755949Z,2026-06-10T16:02:25.785848Z,,,,,,,92aed167-6625-417c-9459-2bb62fffce10,QQQ260710P00700000,us_option,,2,2,21.81,simple,market,market,sell,sell_to_close,day,,,filled,False,,,,,,access_key,2026-06-10T20:15:00Z
be2172d4-359a-495b-bf66-d7c1b9cce389,136c9641-4e77-4b7f-9104-f396290ae8f1,2026-06-10T16:02:24.593042Z,2026-06-10T16:02:24.647546Z,2026-06-10T16:02:24.600443Z,2026-06-10T16:02:24.645235Z,,,,,,,24799c53-15ca-47a9-94e1-124896d2bab1,META260717P00575000,us_option,,2,2,22.1,simple,market,market,sell,sell_to_close,day,,,filled,False,,,,,,access_key,2026-06-10T20:00:00Z
62021738-21ed-407c-a6eb-032a84c5e39b,60bebbb6-8eee-403c-a1de-09feac3d594b,2026-06-10T15:56:11.511558Z,2026-06-10T15:56:11.619177Z,2026-06-10T15:56:11.517368Z,2026-06-10T15:56:11.617348Z,,,,,,,0ee8e19f-08e6-4ed5-b7d0-bcabcb47d279,ENB260717C00057500,us_option,,1,1,1.2,simple,market,market,buy,buy_to_open,day,,,filled,False,,,,,,access_key,2026-06-10T20:00:00Z
6fa8ae7b-9271-4777-aac9-b95656924aea,eac440a6-8438-4b80-8e4e-972efc4cd362,2026-06-10T15:56:03.893777Z,2026-06-10T15:56:03.941109Z,2026-06-10T15:56:03.89843Z,2026-06-10T15:56:03.938957Z,,,,,,,bd054b8a-82a8-4b5a-bf51-e1fe2e4b1898,MO260717C00060000,us_option,,2,2,13.6,simple,market,market,buy,buy_to_open,day,,,filled,False,,,,,,access_key,2026-06-10T20:00:00Z
2b222486-88e1-4168-b92d-aea70338fa56,b1c6b8b3-c053-47eb-84c8-c662a58c6e33,2026-06-10T15:55:56.817856Z,2026-06-10T15:55:56.851397Z,2026-06-10T15:55:56.822741Z,2026-06-10T15:55:56.848959Z,,,,,,,2ccffd89-b86f-4f56-b92d-25b93e3c1905,KO260717C00072500,us_option,,3,3,11.4,simple,market,market,buy,buy_to_open,day,,,filled,False,,,,,,access_key,2026-06-10T20:00:00Z
deed662f-838c-4934-ae8f-7e3c3852a4e4,71a0c0a0-12e4-4c9a-8e6f-d100974a7c65,2026-06-10T15:51:48.099501Z,2026-06-10T15:51:48.16858Z,2026-06-10T15:51:48.103661Z,2026-06-10T15:51:48.166716Z,,,,,,,5f0b6bf7-1cc2-4826-ae05-881c361714d7,SCHW260717C00092500,us_option,,1,1,1.96,simple,market,market,sell,sell_to_close,day,,,filled,False,,,,,,access_key,2026-06-10T20:00:00Z
fa8c9071-47e6-42ce-967c-1ac3414b4be7,196873f5-c52b-4299-be0e-dbaea46b7df8,2026-06-10T15:51:34.236356Z,2026-06-10T15:51:34.293037Z,2026-06-10T15:51:34.242125Z,2026-06-10T15:51:34.290735Z,,,,,,,054d6a25-7e53-4170-a5f3-d0967edc54e4,PEP260717C00150000,us_option,,2,2,3,simple,market,market,sell,sell_to_close,day,,,filled,False,,,,,,access_key,2026-06-10T20:00:00Z
3359b7a7-0952-40e4-9674-055d465c75cb,f158e7d8-64ca-44fb-9617-df7fa87b6329,2026-06-10T15:47:59.946726Z,2026-06-10T15:48:00.026898Z,2026-06-10T15:47:59.951437Z,2026-06-10T15:48:00.024647Z,,,,,,,7967483c-f4a5-4f85-82ca-6e738938475a,SPY260710C00729000,us_option,,1,1,16.4,simple,market,market,sell,sell_to_close,day,,,filled,False,,,,,,access_key,2026-06-10T20:15:00Z
aab0e6ef-9704-4f6a-8f8b-a720b25fca26,139f32d1-f805-4f8f-baec-672d09eeb9d6,2026-06-10T15:35:43.319054Z,2026-06-10T15:35:43.384236Z,2026-06-10T15:35:43.324107Z,2026-06-10T15:35:43.382078Z,,,,,,,9d1cf80b-6a7f-4d14-ad87-db43fdd889ce,ADBE260717P00225000,us_option,,2,2,11,simple,market,market,buy,buy_to_open,day,,,filled,False,,,,,,access_key,2026-06-10T20:00:00Z
3b2705b4-3d94-4bf8-a118-c259ab591df3,57d40f4b-4978-43ff-a205-e7b9c9606f40,2026-06-10T15:34:28.954026Z,2026-06-10T15:34:29.006074Z,2026-06-10T15:34:28.96308Z,2026-06-10T15:34:29.00385Z,,,,,,,7967483c-f4a5-4f85-82ca-6e738938475a,SPY260710C00729000,us_option,,1,1,16.74,simple,market,market,buy,buy_to_open,day,,,filled,False,,,,,,access_key,2026-06-10T20:15:00Z
28b18ca8-e93a-4fc1-9316-b5c919c980fd,a177eb1b-383a-482f-9a2a-f5e94ee3665f,2026-06-10T15:31:04.448339Z,2026-06-10T15:31:04.498113Z,2026-06-10T15:31:04.453868Z,2026-06-10T15:31:04.496088Z,,,,,,,ab1781ff-9f02-4b41-9dee-91efdff9bde3,ADBE260717P00235000,us_option,,3,3,14.3,simple,market,market,sell,sell_to_close,day,,,filled,False,,,,,,access_key,2026-06-10T20:00:00Z
e5bd1b47-4dc7-4c40-9c20-ff066f588a4d,11e18052-e20c-478e-9e60-3c9910338000,2026-06-10T15:30:43.753472Z,2026-06-10T15:30:43.818792Z,2026-06-10T15:30:43.758765Z,2026-06-10T15:30:43.816645Z,,,,,,,2ccffd89-b86f-4f56-b92d-25b93e3c1905,KO260717C00072500,us_option,,3,3,10.85,simple,market,market,sell,sell_to_close,day,,,filled,False,,,,,,access_key,2026-06-10T20:00:00Z
51b14a6c-da7d-418f-a617-03a8f930f177,f7396fde-cebe-4f39-bc7b-50d660014ba6,2026-06-10T15:17:25.950263Z,2026-06-10T15:17:26.012007Z,2026-06-10T15:17:25.957155Z,2026-06-10T15:17:26.009224Z,,,,,,,5f0b6bf7-1cc2-4826-ae05-881c361714d7,SCHW260717C00092500,us_option,,1,1,2.42,simple,market,market,buy,buy_to_open,day,,,filled,False,,,,,,access_key,2026-06-10T20:00:00Z
2c0ef295-50d0-4867-bd9f-de221e35d20f,a4003b73-1e2e-474d-b458-4ff129886fd5,2026-06-10T15:17:19.128143Z,2026-06-10T15:17:19.160776Z,2026-06-10T15:17:19.133467Z,2026-06-10T15:17:19.15877Z,,,,,,,fc6582c4-53d0-4366-ad07-c7548890c447,SPY260710P00720000,us_option,,2,2,11.16,simple,market,market,buy,buy_to_open,day,,,filled,False,,,,,,access_key,2026-06-10T20:15:00Z
e2b3afa8-4ed7-4967-8925-a539b43728e5,bd5c1110-a966-471f-9d35-9c2dd45ce08d,2026-06-10T15:13:51.085004Z,2026-06-10T15:13:51.176197Z,2026-06-10T15:13:51.089089Z,2026-06-10T15:13:51.173972Z,,,,,,,788bccbc-3033-4931-88f6-976b9562a5ff,HD260717C00330000,us_option,,2,2,8.3,simple,market,market,sell,sell_to_close,day,,,filled,False,,,,,,access_key,2026-06-10T20:00:00Z
490dd6cd-c5b2-4bdf-91a9-627c97a30f57,cf127eb1-dcbb-4657-9167-86f2b09cb6f5,2026-06-10T14:04:47.046449Z,2026-06-10T14:04:47.125173Z,2026-06-10T14:04:47.05178Z,2026-06-10T14:04:47.12313Z,,,,,,,4196ed0a-ab38-4b1f-a260-907334492a33,INTC260717P00105000,us_option,,2,2,9.7,simple,market,market,buy,buy_to_open,day,,,filled,False,,,,,,access_key,2026-06-10T20:00:00Z
ccdb9c49-7259-4343-ad87-c8b0fd7b06c4,9e21ebc4-e9db-4c6b-a868-e11859e4c5f1,2026-06-10T14:04:40.364612Z,2026-06-10T14:04:40.384963Z,2026-06-10T14:04:40.369882Z,2026-06-10T14:04:40.383054Z,,,,,,,9987b4db-9df2-4347-805b-7bd3032bf2a5,ABBV260717C00195000,us_option,,1,1,33.55,simple,market,market,buy,buy_to_open,day,,,filled,False,,,,,,access_key,2026-06-10T20:00:00Z
74e04d62-0934-41c7-8422-9fe0fa3079da,70c110b5-2ade-461b-bbc2-815a41cbf946,2026-06-10T14:04:33.645679Z,2026-06-10T14:04:33.746032Z,2026-06-10T14:04:33.649826Z,2026-06-10T14:04:33.743129Z,,,,,,,bae085b7-75ef-4935-b988-2454ff587246,UNH260717C00330000,us_option,,1,1,84,simple,market,market,buy,buy_to_open,day,,,filled,False,,,,,,access_key,2026-06-10T20:00:00Z
6caa886a-2ed6-4c84-8a81-c49c062309fa,76f89d3e-1644-4cb8-8e1e-18618b1e70ac,2026-06-10T13:56:33.779946Z,2026-06-10T13:56:33.968207Z,2026-06-10T13:56:33.784487Z,2026-06-10T13:56:33.966243Z,,,,,,,f6c074a5-72b9-47bb-b619-4f6e2281a681,PG260821C00155000,us_option,,2,2,4.2,simple,market,market,buy,buy_to_open,day,,,filled,False,,,,,,access_key,2026-06-10T20:00:00Z
940b0ea0-57bd-415b-885f-804ef9c61ade,cf56cbab-f735-418f-b831-fc9b56c41ef7,2026-06-10T13:56:26.388859Z,2026-06-10T13:56:26.485973Z,2026-06-10T13:56:26.39328Z,2026-06-10T13:56:26.483958Z,,,,,,,788bccbc-3033-4931-88f6-976b9562a5ff,HD260717C00330000,us_option,,2,2,8.8,simple,market,market,buy,buy_to_open,day,,,filled,False,,,,,,access_key,2026-06-10T20:00:00Z
d3ff04d2-cbd7-48e9-9d8d-c1968c2bc276,84bfd69d-f998-47f0-a17a-92204c9185bd,2026-06-10T13:56:20.818224Z,2026-06-10T13:56:20.93068Z,2026-06-10T13:56:20.826798Z,2026-06-10T13:56:20.928873Z,,,,,,,ab1781ff-9f02-4b41-9dee-91efdff9bde3,ADBE260717P00235000,us_option,,3,3,15.2,simple,market,market,buy,buy_to_open,day,,,filled,False,,,,,,access_key,2026-06-10T20:00:00Z
1934e26b-061e-46b0-8460-61126110aec4,95dcb0bc-d3ef-42cb-8fa8-eacc25521ef4,2026-06-10T13:56:15.229003Z,2026-06-10T13:56:15.300635Z,2026-06-10T13:56:15.233386Z,2026-06-10T13:56:15.298566Z,,,,,,,d560b48d-15bc-46c2-8de6-67753f4044a0,AMD260717P00470000,us_option,,2,2,42.85,simple,market,market,buy,buy_to_open,day,,,filled,False,,,,,,access_key,2026-06-10T20:00:00Z
d3446c96-2a83-4836-bcac-65230e95ca72,b873d91a-3298-42ab-bf35-90d7f717a618,2026-06-10T13:56:09.889805Z,2026-06-10T13:56:09.957066Z,2026-06-10T13:56:09.896476Z,2026-06-10T13:56:09.954757Z,,,,,,,52295c19-dc0f-4269-bf02-f94ca81d2e42,AVGO260717P00370000,us_option,,2,2,21.3,simple,market,market,buy,buy_to_open,day,,,filled,False,,,,,,access_key,2026-06-10T20:00:00Z
4dcc9c4d-fed1-40e4-87f5-544f84057951,601ffdea-6459-41f4-b888-7ece048a6c0f,2026-06-10T13:56:04.610154Z,2026-06-10T13:56:04.716595Z,2026-06-10T13:56:04.614006Z,2026-06-10T13:56:04.714376Z,,,,,,,054d6a25-7e53-4170-a5f3-d0967edc54e4,PEP260717C00150000,us_option,,2,2,3.1,simple,market,market,buy,buy_to_open,day,,,filled,False,,,,,,access_key,2026-06-10T20:00:00Z
a801cd02-0f1b-4b31-b7ca-69c0ef0e632b,0d3005ed-34ef-4744-ad6a-45c7d4a5d23e,2026-06-10T13:55:59.478033Z,2026-06-10T13:55:59.569154Z,2026-06-10T13:55:59.481756Z,2026-06-10T13:55:59.567056Z,,,,,,,92aed167-6625-417c-9459-2bb62fffce10,QQQ260710P00700000,us_option,,2,2,18.7,simple,market,market,buy,buy_to_open,day,,,filled,False,,,,,,access_key,2026-06-10T20:15:00Z
77a0a6fd-d948-4f5d-8032-f1521de4d044,5d3b91b6-fccb-4104-aab0-f648fb5fe906,2026-06-10T13:55:54.906127Z,2026-06-10T13:55:54.954124Z,2026-06-10T13:55:54.912839Z,2026-06-10T13:55:54.952062Z,,,,,,,24799c53-15ca-47a9-94e1-124896d2bab1,META260717P00575000,us_option,,2,2,18.6,simple,market,market,buy,buy_to_open,day,,,filled,False,,,,,,access_key,2026-06-10T20:00:00Z
2a4b700c-4a4a-422a-bece-eeb923f69c67,a4e8ba8e-08f6-4815-b0f1-f2efe5b0a399,2026-06-10T13:55:50.732606Z,2026-06-10T13:55:50.878203Z,2026-06-10T13:55:50.738546Z,2026-06-10T13:55:50.876495Z,,,,,,,7003af95-f226-41d1-93f0-c5c1f0f9fe3f,TSLA260717P00390000,us_option,,3,3,21.75,simple,market,market,buy,buy_to_open,day,,,filled,False,,,,,,access_key,2026-06-10T20:00:00Z
28962c16-326a-4205-8bfa-54aef8f44632,f51fb463-0a9c-4af5-a41d-f847236c8878,2026-06-10T13:55:46.658416Z,2026-06-10T13:55:46.751063Z,2026-06-10T13:55:46.669458Z,2026-06-10T13:55:46.747725Z,,,,,,,e73d8427-3d9c-4b3a-8f04-3383de41e5ce,CRM260717P00175000,us_option,,3,3,10.05,simple,market,market,buy,buy_to_open,day,,,filled,False,,,,,,access_key,2026-06-10T20:00:00Z
1675433e-d844-49d2-b864-6abae3743724,33cf0a30-1b70-4497-b1f8-750de397a7d7,2026-06-10T13:55:42.387718Z,2026-06-10T13:55:42.440862Z,2026-06-10T13:55:42.391953Z,2026-06-10T13:55:42.438439Z,,,,,,,427e3b65-28a0-4ef0-9d46-52ae29b9846c,ORCL260717P00210000,us_option,,3,3,20.4,simple,market,market,buy,buy_to_open,day,,,filled,False,,,,,,access_key,2026-06-10T20:00:00Z
7d6f65c9-6028-4629-99b0-b61b91858063,30520e8d-059c-4b3a-a6c7-d1f20cd000ee,2026-06-10T13:55:38.617113Z,2026-06-10T13:55:38.708173Z,2026-06-10T13:55:38.621252Z,2026-06-10T13:55:38.705842Z,,,,,,,9f5fa409-9170-4ccd-875c-dd915d3c4c6a,BAC260717C00052500,us_option,,2,2,3.75,simple,market,market,buy,buy_to_open,day,,,filled,False,,,,,,access_key,2026-06-10T20:00:00Z
defe74fc-b2f4-4b70-bd32-39e433467af4,e699bf34-dd3c-4451-9a5b-91538d98ca55,2026-06-10T13:55:35.237429Z,2026-06-10T13:55:35.326931Z,2026-06-10T13:55:35.242056Z,2026-06-10T13:55:35.324936Z,,,,,,,2ccffd89-b86f-4f56-b92d-25b93e3c1905,KO260717C00072500,us_option,,3,3,10.7,simple,market,market,buy,buy_to_open,day,,,filled,False,,,,,,access_key,2026-06-10T20:00:00Z
675e9672-4914-4de0-b631-265ff41d0d37,18728dd6-e24c-43d1-8ad5-882c3bd08460,2026-06-09T19:45:24.279264Z,2026-06-09T19:45:24.294933Z,2026-06-09T19:45:24.283415Z,2026-06-09T19:45:24.293063Z,,,,,,,7314ffd5-afd2-4107-845c-0b2069add7f6,KO260717C00075000,us_option,,2,2,6.05,simple,market,market,sell,sell_to_close,day,,,filled,False,,,,,,access_key,2026-06-09T20:00:00Z
57e84e3a-1fc9-4be7-8456-f23452a8a999,0c7fa5cc-4aed-4d27-be6e-ebfdf83244f6,2026-06-09T19:45:24.066047Z,2026-06-09T19:45:24.184331Z,2026-06-09T19:45:24.071575Z,2026-06-09T19:45:24.182303Z,,,,,,,5e65f664-40ff-4ed5-a3f6-0da839f37a28,XOM260717P00145000,us_option,,2,2,4.05,simple,market,market,sell,sell_to_close,day,,,filled,False,,,,,,access_key,2026-06-09T20:00:00Z
b6e8c494-ad35-4b79-b821-d198327322c3,51d72726-309a-409a-a040-955053b5ca86,2026-06-09T19:45:23.831554Z,2026-06-09T19:45:24.070755Z,2026-06-09T19:45:23.836301Z,2026-06-09T19:45:24.0691Z,,,,,,,a9424b2b-d370-4015-998b-6b62cc700614,HD260717C00310000,us_option,,2,2,18.2,simple,market,market,sell,sell_to_close,day,,,filled,False,,,,,,access_key,2026-06-09T20:00:00Z
f2be80d3-56e5-4baa-b25a-8033cc36327d,47df493f-38cc-4b3b-9a02-8a725c88962d,2026-06-09T19:45:23.611047Z,2026-06-09T19:45:23.714662Z,2026-06-09T19:45:23.616963Z,2026-06-09T19:45:23.712783Z,,,,,,,22915048-ade8-4a9e-b0ce-b54facdccfc7,UNH260717C00400000,us_option,,3,3,22.15,simple,market,market,sell,sell_to_close,day,,,filled,False,,,,,,access_key,2026-06-09T20:00:00Z
b30d8524-9fdb-4a34-9564-297f490bf139,aae5807b-bed0-4d8b-aecd-48cc9c7fae1d,2026-06-09T19:45:19.020019Z,2026-06-09T19:45:19.145296Z,2026-06-09T19:45:19.030659Z,2026-06-09T19:45:19.143384Z,,,,,,,ba680b83-2f68-4bbc-bb74-700c3e60a736,ABT260717C00095000,us_option,,2,2,1.95,simple,market,market,sell,sell_to_close,day,,,filled,False,,,,,,access_key,2026-06-09T20:00:00Z
3b91a5e2-161d-40d2-a944-4923f4a07847,7f3a2957-5d0a-48ca-b069-358fb35b8845,2026-06-09T19:30:09.249778Z,2026-06-09T19:30:09.349485Z,2026-06-09T19:30:09.255939Z,2026-06-09T19:30:09.347472Z,,,,,,,7c9621e0-986f-44d7-95d3-7e6429535af0,CVS260717C00100000,us_option,,2,2,2.5,simple,market,market,sell,sell_to_close,day,,,filled,False,,,,,,access_key,2026-06-09T20:00:00Z
33f66998-74a9-45c9-806d-e45a2d31f725,dc2def30-33b1-4e8e-8509-fde1fb1445be,2026-06-09T18:06:55.121576Z,2026-06-09T18:06:55.252582Z,2026-06-09T18:06:55.129717Z,2026-06-09T18:06:55.250669Z,,,,,,,da3413bb-932d-42cc-8d3f-9f3ecd3b3346,ADBE260717P00240000,us_option,,3,3,17.6,simple,market,market,sell,sell_to_close,day,,,filled,False,,,,,,access_key,2026-06-09T20:00:00Z
c1ae5326-a58a-46fd-a76c-2b1a7a217f9b,808d6c75-e309-4f2e-8a5b-5a6b4d08a40e,2026-06-09T17:49:58.13666Z,2026-06-09T17:49:58.160847Z,2026-06-09T17:49:58.14135Z,2026-06-09T17:49:58.158916Z,,,,,,,e5a8e69d-1eaf-4233-b9aa-e8a0268f1c1c,META260717P00680000,us_option,,1,1,92.9,simple,market,market,sell,sell_to_close,day,,,filled,False,,,,,,access_key,2026-06-09T20:00:00Z
e1cf5b79-970f-4771-8fb6-62c8174e9817,4dea771d-8899-4b50-af90-cca537489c0d,2026-06-09T17:33:36.738987Z,2026-06-09T17:33:36.850408Z,2026-06-09T17:33:36.744177Z,2026-06-09T17:33:36.848152Z,,,,,,,2ca98a9a-b45a-4204-b8f2-c5b31c8da43b,QQQ260710P00680000,us_option,,2,2,14.24,simple,market,market,sell,sell_to_close,day,,,filled,False,,,,,,access_key,2026-06-09T20:15:00Z
a96aa91c-e024-4150-958b-f6da1e5c3451,46a70928-9543-4f93-8ee3-bf6f558f9da2,2026-06-09T17:33:25.837669Z,2026-06-09T17:33:25.919575Z,2026-06-09T17:33:25.84316Z,2026-06-09T17:33:25.91748Z,,,,,,,427e3b65-28a0-4ef0-9d46-52ae29b9846c,ORCL260717P00210000,us_option,,2,2,22,simple,market,market,sell,sell_to_close,day,,,filled,False,,,,,,access_key,2026-06-09T20:00:00Z
8e45e458-7d8b-46d4-94bd-b92de53bca65,f2b6626b-8108-4f03-b746-18fdb0191408,2026-06-09T17:33:23.105757Z,2026-06-09T17:33:23.228846Z,2026-06-09T17:33:23.111358Z,2026-06-09T17:33:23.226276Z,,,,,,,693d9517-1be5-470f-9ca5-8e6852238a94,CRM260717P00170000,us_option,,3,3,7.75,simple,market,market,sell,sell_to_close,day,,,filled,False,,,,,,access_key,2026-06-09T20:00:00Z
569eae47-1336-4bfb-93ba-5b3b6df0ad93,2e83f1f2-c355-4b80-816c-da5b342930dc,2026-06-09T17:17:17.527484Z,2026-06-09T17:17:17.644992Z,2026-06-09T17:17:17.532484Z,2026-06-09T17:17:17.642956Z,,,,,,,174ce366-2961-470f-a5a3-ef154aba54d1,GOOGL260717P00360000,us_option,,2,2,13.25,simple,market,market,sell,sell_to_close,day,,,filled,False,,,,,,access_key,2026-06-09T20:00:00Z
d9446b1f-77c3-4a89-a92f-9b432801b76a,a97016d7-7ef3-4f1e-a248-c9070277bf36,2026-06-09T17:17:11.217287Z,2026-06-09T17:17:11.248127Z,2026-06-09T17:17:11.222247Z,2026-06-09T17:17:11.2461Z,,,,,,,9f50e2d8-79ca-487f-a1a6-6ac2e47b1d6b,AVGO260717P00390000,us_option,,2,2,28.85,simple,market,market,sell,sell_to_close,day,,,filled,False,,,,,,access_key,2026-06-09T20:00:00Z
59b56d72-ebbb-4a23-bb0b-b3e7e097f123,712e5082-a033-424b-b8aa-41b2dc2a2424,2026-06-09T17:17:08.269492Z,2026-06-09T17:17:08.291637Z,2026-06-09T17:17:08.274023Z,2026-06-09T17:17:08.289735Z,,,,,,,9a74057c-70e6-46b0-ae34-cfe40ab2dafd,PG260717C00150000,us_option,,2,2,3.75,simple,market,market,sell,sell_to_close,day,,,filled,False,,,,,,access_key,2026-06-09T20:00:00Z
6b00ee68-1a53-4593-a8c0-379ae65d561c,8f52f6f2-faed-4efc-a0aa-2f4bd55add7c,2026-06-09T17:17:07.220241Z,2026-06-09T17:17:07.283664Z,2026-06-09T17:17:07.230411Z,2026-06-09T17:17:07.281877Z,,,,,,,96bd4116-6dc8-4ea8-932e-e48b6d1b10b9,JNJ260717C00240000,us_option,,2,2,6.15,simple,market,market,sell,sell_to_close,day,,,filled,False,,,,,,access_key,2026-06-09T20:00:00Z
79630b42-d068-4613-a828-bcb974d23ee9,6bbadfe3-7075-47e6-a132-20f97d67bd73,2026-06-09T17:17:00.515077Z,2026-06-09T17:17:00.608462Z,2026-06-09T17:17:00.52017Z,2026-06-09T17:17:00.606358Z,,,,,,,f7388c80-062a-4401-8b68-82b7e5f929ae,AMD260717P00520000,us_option,,1,1,83.65,simple,market,market,sell,sell_to_close,day,,,filled,False,,,,,,access_key,2026-06-09T20:00:00Z
ab3f3744-3e53-45f0-84f8-33752bc96a0a,5958422d-b865-4a79-bd3e-86998305906b,2026-06-09T17:01:56.98367Z,2026-06-09T17:01:57.03445Z,2026-06-09T17:01:56.988665Z,2026-06-09T17:01:57.032383Z,,,,,,,2ca98a9a-b45a-4204-b8f2-c5b31c8da43b,QQQ260710P00680000,us_option,,2,2,17.78,simple,market,market,buy,buy_to_open,day,,,filled,False,,,,,,access_key,2026-06-09T20:15:00Z
802ad461-1398-49a1-914d-b7034d8797cc,cedff35a-1796-4200-b128-4c802d6050a3,2026-06-09T16:59:31.463217Z,2026-06-09T16:59:31.574075Z,2026-06-09T16:59:31.467838Z,2026-06-09T16:59:31.572006Z,,,,,,,fc6582c4-53d0-4366-ad07-c7548890c447,SPY260710P00720000,us_option,,2,2,12.58,simple,market,market,sell,sell_to_close,day,,,filled,False,,,,,,access_key,2026-06-09T20:15:00Z
c5b2bd86-281d-4b9a-912a-07c01aa13b91,14fc7c60-ea46-4bd8-8884-d55e91b3368f,2026-06-09T16:59:09.775357Z,2026-06-09T16:59:09.86179Z,2026-06-09T16:59:09.780491Z,2026-06-09T16:59:09.859742Z,,,,,,,4a2cc3a4-c441-4143-9751-7d36d8f6eb30,TSLA260717P00405000,us_option,,1,1,33.85,simple,market,market,sell,sell_to_close,day,,,filled,False,,,,,,access_key,2026-06-09T20:00:00Z
d36ef55d-de2a-4ece-ba1f-43c2278f469a,f16ce75e-6ad4-4cd0-b9bd-193cb5edd8d0,2026-06-09T16:08:04.543458Z,2026-06-09T16:08:04.652853Z,2026-06-09T16:08:04.549395Z,2026-06-09T16:08:04.650959Z,,,,,,,7314ffd5-afd2-4107-845c-0b2069add7f6,KO260717C00075000,us_option,,2,2,6.75,simple,market,market,buy,buy_to_open,day,,,filled,False,,,,,,access_key,2026-06-09T20:00:00Z
6b02b18b-9d22-4d7e-a469-6e5412a1b7a3,87bbdff6-1d8c-4e8d-b779-f61e23a7f771,2026-06-09T16:07:57.290941Z,2026-06-09T16:07:57.362493Z,2026-06-09T16:07:57.29531Z,2026-06-09T16:07:57.36043Z,,,,,,,5e65f664-40ff-4ed5-a3f6-0da839f37a28,XOM260717P00145000,us_option,,2,2,4.4,simple,market,market,buy,buy_to_open,day,,,filled,False,,,,,,access_key,2026-06-09T20:00:00Z
2147c127-0aa6-4e23-8350-85e5befc0b97,90213d23-1f76-49ad-bc60-94e2c9b35f96,2026-06-09T16:07:50.415044Z,2026-06-09T16:07:50.456847Z,2026-06-09T16:07:50.420953Z,2026-06-09T16:07:50.454839Z,,,,,,,fc6582c4-53d0-4366-ad07-c7548890c447,SPY260710P00720000,us_option,,2,2,11.25,simple,market,market,buy,buy_to_open,day,,,filled,False,,,,,,access_key,2026-06-09T20:15:00Z
663f17b4-a4b8-46de-922d-f3b5fc966fa6,2ea3fbd3-92e2-4616-806b-5fbaee770321,2026-06-09T16:07:43.918089Z,2026-06-09T16:07:44.021131Z,2026-06-09T16:07:43.925395Z,2026-06-09T16:07:44.019004Z,,,,,,,174ce366-2961-470f-a5a3-ef154aba54d1,GOOGL260717P00360000,us_option,,2,2,14.4,simple,market,market,buy,buy_to_open,day,,,filled,False,,,,,,access_key,2026-06-09T20:00:00Z
55543ad0-81d4-4274-872a-7f3de4efd66c,89ed642d-cd1d-485b-9968-504a8aa0438e,2026-06-09T16:07:38.216347Z,2026-06-09T16:07:38.33547Z,2026-06-09T16:07:38.225451Z,2026-06-09T16:07:38.333062Z,,,,,,,7c9621e0-986f-44d7-95d3-7e6429535af0,CVS260717C00100000,us_option,,2,2,2.71,simple,market,market,buy,buy_to_open,day,,,filled,False,,,,,,access_key,2026-06-09T20:00:00Z
b0e9f54b-d2b7-4909-aeab-acf45799c8ce,b7393a03-d521-4b12-91f1-d33e2bcdac7f,2026-06-09T16:03:13.528372Z,2026-06-09T16:03:13.566795Z,2026-06-09T16:03:13.535998Z,2026-06-09T16:03:13.565037Z,,,,,,,7c9621e0-986f-44d7-95d3-7e6429535af0,CVS260717C00100000,us_option,,2,2,2.35,simple,market,market,sell,sell_to_close,day,,,filled,False,,,,,,access_key,2026-06-09T20:00:00Z
3dd49930-bc64-48d1-841e-45f60720eb6c,0763017e-9fbe-4c8e-9a64-b763cea7085c,2026-06-09T15:24:44.487404Z,2026-06-09T15:24:44.51657Z,2026-06-09T15:24:44.492086Z,2026-06-09T15:24:44.514659Z,,,,,,,ba680b83-2f68-4bbc-bb74-700c3e60a736,ABT260717C00095000,us_option,,2,2,2.6,simple,market,market,buy,buy_to_open,day,,,filled,False,,,,,,access_key,2026-06-09T20:00:00Z
3f6389e5-8bd6-45a5-8430-17479edf3b19,c6eb118b-cc4f-4383-9fcf-ac6d584e78a0,2026-06-09T15:15:58.808099Z,2026-06-09T15:15:58.932529Z,2026-06-09T15:15:58.813485Z,2026-06-09T15:15:58.92951Z,,,,,,,a9424b2b-d370-4015-998b-6b62cc700614,HD260717C00310000,us_option,,2,2,20.6,simple,market,market,buy,buy_to_open,day,,,filled,False,,,,,,access_key,2026-06-09T20:00:00Z
9d259d02-aaf3-4f27-8cac-07f0f11635e7,ebcafe19-a952-4c92-8353-332045b8a994,2026-06-09T15:15:53.444428Z,2026-06-09T15:15:53.541676Z,2026-06-09T15:15:53.451579Z,2026-06-09T15:15:53.539422Z,,,,,,,9f50e2d8-79ca-487f-a1a6-6ac2e47b1d6b,AVGO260717P00390000,us_option,,2,2,25.25,simple,market,market,buy,buy_to_open,day,,,filled,False,,,,,,access_key,2026-06-09T20:00:00Z
302c2dc3-f2b5-48ea-abff-1d661d041808,f7b3ace8-3a13-4846-8f70-093294fb9654,2026-06-09T15:15:48.189269Z,2026-06-09T15:15:48.280067Z,2026-06-09T15:15:48.194222Z,2026-06-09T15:15:48.277788Z,,,,,,,427e3b65-28a0-4ef0-9d46-52ae29b9846c,ORCL260717P00210000,us_option,,2,2,19.8,simple,market,market,buy,buy_to_open,day,,,filled,False,,,,,,access_key,2026-06-09T20:00:00Z
9be9b06c-cc51-4b12-8182-8597e371308e,3f404239-f6eb-4ace-8b8c-b324f3e14bbd,2026-06-09T15:15:43.19619Z,2026-06-09T15:15:43.298483Z,2026-06-09T15:15:43.201542Z,2026-06-09T15:15:43.296555Z,,,,,,,9a74057c-70e6-46b0-ae34-cfe40ab2dafd,PG260717C00150000,us_option,,2,2,3.45,simple,market,market,buy,buy_to_open,day,,,filled,False,,,,,,access_key,2026-06-09T20:00:00Z
68d0b6ac-0fba-49e8-895e-d700b788b1fb,6e4d9c6a-411c-49f4-bf67-d3fd47a09bfd,2026-06-09T15:15:38.48905Z,2026-06-09T15:15:38.556638Z,2026-06-09T15:15:38.493436Z,2026-06-09T15:15:38.554643Z,,,,,,,96bd4116-6dc8-4ea8-932e-e48b6d1b10b9,JNJ260717C00240000,us_option,,2,2,5.45,simple,market,market,buy,buy_to_open,day,,,filled,False,,,,,,access_key,2026-06-09T20:00:00Z
d414f36f-2272-455f-af4d-c5f6e368b0b2,d6cf5015-adcc-4f75-b366-5561fc44b739,2026-06-09T15:15:33.472453Z,2026-06-09T15:15:33.601398Z,2026-06-09T15:15:33.478017Z,2026-06-09T15:15:33.599536Z,,,,,,,e5a8e69d-1eaf-4233-b9aa-e8a0268f1c1c,META260717P00680000,us_option,,1,1,91.15,simple,market,market,buy,buy_to_open,day,,,filled,False,,,,,,access_key,2026-06-09T20:00:00Z
45a10d4b-7b2d-451e-8151-f256385894ab,940aec8d-55b5-4fe1-ba46-26798b6457fd,2026-06-09T15:15:27.741964Z,2026-06-09T15:15:27.839266Z,2026-06-09T15:15:27.747843Z,2026-06-09T15:15:27.837167Z,,,,,,,693d9517-1be5-470f-9ca5-8e6852238a94,CRM260717P00170000,us_option,,3,3,6.95,simple,market,market,buy,buy_to_open,day,,,filled,False,,,,,,access_key,2026-06-09T20:00:00Z
49a2eb59-3d08-4bf6-9235-32b84b1914c0,faf16746-fbe4-4e76-873b-ecee6819c877,2026-06-09T15:15:22.859799Z,2026-06-09T15:15:22.899859Z,2026-06-09T15:15:22.864615Z,2026-06-09T15:15:22.89799Z,,,,,,,da3413bb-932d-42cc-8d3f-9f3ecd3b3346,ADBE260717P00240000,us_option,,3,3,16.8,simple,market,market,buy,buy_to_open,day,,,filled,False,,,,,,access_key,2026-06-09T20:00:00Z
56889377-c66f-42f5-a76a-5c39a67420c7,f0122ef9-9114-46f2-961b-444666ec8a27,2026-06-09T15:15:18.974303Z,2026-06-09T15:15:19.081202Z,2026-06-09T15:15:18.979946Z,2026-06-09T15:15:19.078968Z,,,,,,,f7388c80-062a-4401-8b68-82b7e5f929ae,AMD260717P00520000,us_option,,1,1,67.8,simple,market,market,buy,buy_to_open,day,,,filled,False,,,,,,access_key,2026-06-09T20:00:00Z
9f05865e-3bd3-4670-a208-031b42ab8962,23df13e0-c021-43d9-809e-ec118e3b7487,2026-06-09T15:15:15.194804Z,2026-06-09T15:15:15.264682Z,2026-06-09T15:15:15.199055Z,2026-06-09T15:15:15.262665Z,,,,,,,4a2cc3a4-c441-4143-9751-7d36d8f6eb30,TSLA260717P00405000,us_option,,1,1,25.85,simple,market,market,buy,buy_to_open,day,,,filled,False,,,,,,access_key,2026-06-09T20:00:00Z
57e10b07-82e1-434d-a28e-75f962d5b643,d681037f-15b0-40e8-b577-39f67d4196ed,2026-06-09T15:15:08.186842Z,2026-06-09T15:15:08.219551Z,2026-06-09T15:15:08.191588Z,2026-06-09T15:15:08.217629Z,,,,,,,7c9621e0-986f-44d7-95d3-7e6429535af0,CVS260717C00100000,us_option,,2,2,3,simple,market,market,buy,buy_to_open,day,,,filled,False,,,,,,access_key,2026-06-09T20:00:00Z
1ac8fcdd-adc9-4944-be07-3c529d3635b3,a0466c32-2aab-4319-a118-8e7830972bf9,2026-06-09T15:15:04.268063Z,2026-06-09T15:15:04.397446Z,2026-06-09T15:15:04.272621Z,2026-06-09T15:15:04.395279Z,,,,,,,22915048-ade8-4a9e-b0ce-b54facdccfc7,UNH260717C00400000,us_option,,3,3,24.9,simple,market,market,buy,buy_to_open,day,,,filled,False,,,,,,access_key,2026-06-09T20:00:00Z
41b43761-b250-4da0-b9af-adcc0e2acf66,26284ad8-bf09-4409-acca-55633d556f98,2026-06-09T13:33:13.752974Z,2026-06-09T13:33:13.829458Z,2026-06-09T13:33:13.758771Z,2026-06-09T13:33:13.827485Z,,,,,,,ce9d99f0-cfb8-4d45-be7e-fae0055d0be7,MU260717P00950000,us_option,,1,1,107,simple,market,market,sell,sell_to_close,day,,,filled,False,,,,,,access_key,2026-06-09T20:00:00Z
f31b67c2-c9df-47a2-b459-52716ee7fbf6,72891d19-3a9e-4e15-91eb-8814643fc9ff,2026-06-08T19:53:39.271826Z,2026-06-08T19:53:39.36166Z,2026-06-08T19:53:39.276514Z,2026-06-08T19:53:39.35833Z,,,,,,,86683c20-fda9-4e2a-b6d7-6645d15f0c10,MO260717C00065000,us_option,,2,2,6.25,simple,market,market,sell,sell_to_close,day,,,filled,False,,,,,,access_key,2026-06-08T20:00:00Z
5254be60-6330-473d-a5b1-4e2c63fa87ff,dd6814c0-76a2-40b7-97ba-b143eccac8cb,2026-06-08T19:53:39.057849Z,2026-06-08T19:53:39.129744Z,2026-06-08T19:53:39.062362Z,2026-06-08T19:53:39.127539Z,,,,,,,dc3feb8c-c0a9-4d9b-9d43-dd46a15290a8,ABT260821C00095000,us_option,,1,1,3.4,simple,market,market,sell,sell_to_close,day,,,filled,False,,,,,,access_key,2026-06-08T20:00:00Z
d17c06af-fc79-4719-99f0-9b36c49d478c,1b431784-11a3-47cf-9748-a85a842becd7,2026-06-08T19:53:38.849539Z,2026-06-08T19:53:38.896991Z,2026-06-08T19:53:38.854029Z,2026-06-08T19:53:38.895188Z,,,,,,,00d9cfa7-896e-4d83-ab93-186298146027,GSK260821C00045000,us_option,,1,1,6.5,simple,market,market,sell,sell_to_close,day,,,filled,False,,,,,,access_key,2026-06-08T20:00:00Z
ebda564d-1c33-4cad-8e7f-acc5b549fe6e,b535f87d-92b2-4978-b979-1ff8bb9b546f,2026-06-08T19:53:38.61546Z,2026-06-08T19:53:38.674813Z,2026-06-08T19:53:38.627714Z,2026-06-08T19:53:38.672863Z,,,,,,,e208681d-5efe-4224-b309-4d5445c77c5a,QQQ260710P00719000,us_option,,1,1,20.36,simple,market,market,sell,sell_to_close,day,,,filled,False,,,,,,access_key,2026-06-08T20:15:00Z
2c08a107-f57a-467f-a0ce-e59dc8f51708,e1b4078c-9d14-45c1-98d5-baca680b0f8a,2026-06-08T19:53:38.407389Z,2026-06-08T19:53:38.452974Z,2026-06-08T19:53:38.412143Z,2026-06-08T19:53:38.451009Z,,,,,,,3efc71e4-c4b3-4d1d-846a-1781578284f9,SCHW260717C00090000,us_option,,1,1,2.73,simple,market,market,sell,sell_to_close,day,,,filled,False,,,,,,access_key,2026-06-08T20:00:00Z
ee1fe026-fdca-4f17-8a43-be78a6b96db7,1825c4e3-dfb5-44b4-892e-3d3dd3d27801,2026-06-08T19:53:38.187375Z,2026-06-08T19:53:38.221354Z,2026-06-08T19:53:38.193521Z,2026-06-08T19:53:38.219287Z,,,,,,,cad72c6e-1edd-4964-a134-e3b956f8918a,MDT260717C00080000,us_option,,1,1,2.76,simple,market,market,sell,sell_to_close,day,,,filled,False,,,,,,access_key,2026-06-08T20:00:00Z
79126914-555e-499f-baf7-8a3a88abb285,92a09049-6d84-4a53-93fc-cdaaeeea6d19,2026-06-08T19:53:37.981904Z,2026-06-08T19:53:38.108752Z,2026-06-08T19:53:37.986415Z,2026-06-08T19:53:38.106506Z,,,,,,,93c32f03-e55d-4a1c-8970-0769f5ec375c,CVS260821C00100000,us_option,,1,1,4.75,simple,market,market,sell,sell_to_close,day,,,filled,False,,,,,,access_key,2026-06-08T20:00:00Z
c0fb8aa3-2284-4aa3-b713-76b949f06280,caf686f0-23db-415a-8c55-9d6cdaccf230,2026-06-08T19:23:08.0191Z,2026-06-08T19:23:08.114253Z,2026-06-08T19:23:08.026119Z,2026-06-08T19:23:08.112107Z,,,,,,,b22309a1-f539-4eeb-b312-7121ae187a84,SPY260710C00745000,us_option,,1,1,10.69,simple,market,market,sell,sell_to_close,day,,,filled,False,,,,,,access_key,2026-06-08T20:15:00Z
64c3c179-dcde-43ed-aa52-2b9a706712f6,bffca037-c774-4928-865d-155935412cd0,2026-06-08T17:20:30.216902Z,2026-06-08T17:20:30.269299Z,2026-06-08T17:20:30.224701Z,2026-06-08T17:20:30.267316Z,,,,,,,2e52c18b-765b-4f25-b33c-61f4f0a2fac9,SO260821C00095000,us_option,,1,1,1.8,simple,market,market,sell,sell_to_close,day,,,filled,False,,,,,,access_key,2026-06-08T20:00:00Z
64b2a9a3-08ba-4189-b3e5-976a164c93da,e8e45de5-ec36-49b8-8a16-2c26611f0c47,2026-06-08T17:04:58.975789Z,2026-06-08T17:04:59.001442Z,2026-06-08T17:04:58.983555Z,2026-06-08T17:04:58.999366Z,,,,,,,bc43e2c3-f4f0-4d95-923e-fba1900e1891,SPY260710C00752000,us_option,,1,1,7.96,simple,market,market,sell,sell_to_close,day,,,filled,False,,,,,,access_key,2026-06-08T20:15:00Z
64528575-30a5-49be-ab53-a3d427dcd285,36f62e20-1bb2-4843-9316-22c9cc2eea17,2026-06-08T16:49:33.214959Z,2026-06-08T16:49:33.295946Z,2026-06-08T16:49:33.221939Z,2026-06-08T16:49:33.293696Z,,,,,,,b1ebf16c-f6ed-4bbf-96ee-eec3452c66f2,ENB260717C00055000,us_option,,1,1,1.7,simple,market,market,sell,sell_to_close,day,,,filled,False,,,,,,access_key,2026-06-08T20:00:00Z
8f9569e4-d084-464b-9151-ccce16410fe2,9861bb75-eecd-4f2d-8375-2224af38412a,2026-06-08T16:48:58.2498Z,2026-06-08T16:48:58.309421Z,2026-06-08T16:48:58.257184Z,2026-06-08T16:48:58.307451Z,,,,,,,b22309a1-f539-4eeb-b312-7121ae187a84,SPY260710C00745000,us_option,,1,1,12.39,simple,market,market,buy,buy_to_open,day,,,filled,False,,,,,,access_key,2026-06-08T20:15:00Z
7f8022e1-9ad4-47dc-a3d8-78bb05c719e1,c40d600b-5ff4-4bdf-88a5-6f1fcbfb0aa8,2026-06-08T16:34:25.255749Z,2026-06-08T16:34:25.295159Z,2026-06-08T16:34:25.260521Z,2026-06-08T16:34:25.292731Z,,,,,,,2e52c18b-765b-4f25-b33c-61f4f0a2fac9,SO260821C00095000,us_option,,1,1,2.2,simple,market,market,buy,buy_to_open,day,,,filled,False,,,,,,access_key,2026-06-08T20:00:00Z
816470e9-eaaf-42f6-947b-ffe895b70dae,e2b122f2-6885-477f-a28d-6f58cd244db3,2026-06-08T16:33:47.557212Z,2026-06-08T16:33:47.656828Z,2026-06-08T16:33:47.561652Z,2026-06-08T16:33:47.654659Z,,,,,,,aa35f268-38bb-4b0c-8411-591a7f625de9,SNY260717C00045000,us_option,,1,1,1,simple,market,market,sell,sell_to_close,day,,,filled,False,,,,,,access_key,2026-06-08T20:00:00Z
f370b293-3659-4568-a7d9-b0de75575172,c3f6451b-7a20-4718-84db-5ba0e7174a63,2026-06-08T16:14:17.102746Z,2026-06-08T16:14:17.208671Z,2026-06-08T16:14:17.108466Z,2026-06-08T16:14:17.206517Z,,,,,,,2e52c18b-765b-4f25-b33c-61f4f0a2fac9,SO260821C00095000,us_option,,1,1,1.95,simple,market,market,sell,sell_to_close,day,,,filled,False,,,,,,access_key,2026-06-08T20:00:00Z
285ee40c-38ac-4a91-b991-fc35ed687afd,beb62ccf-0cb0-4444-8127-5dcdccff7006,2026-06-08T15:59:02.048016Z,2026-06-08T15:59:02.195029Z,2026-06-08T15:59:02.056335Z,2026-06-08T15:59:02.193166Z,,,,,,,86683c20-fda9-4e2a-b6d7-6645d15f0c10,MO260717C00065000,us_option,,2,2,6.8,simple,market,market,buy,buy_to_open,day,,,filled,False,,,,,,access_key,2026-06-08T20:00:00Z
ffcda10c-1ab4-41ee-b016-aa52e2134a0c,eb83e9ea-0824-402d-96df-b7c495e06aec,2026-06-08T15:45:23.558375Z,2026-06-08T15:45:23.604061Z,2026-06-08T15:45:23.563063Z,2026-06-08T15:45:23.602174Z,,,,,,,ce9d99f0-cfb8-4d45-be7e-fae0055d0be7,MU260717P00950000,us_option,,1,1,122.3,simple,market,market,buy,buy_to_open,day,,,filled,False,,,,,,access_key,2026-06-08T20:00:00Z
5288ea54-9694-455f-810c-eda37a2cdae4,5c2e4014-6b20-4481-a02b-8d42731b0fbd,2026-06-08T15:40:39.898657Z,2026-06-08T15:40:39.942239Z,2026-06-08T15:40:39.904174Z,2026-06-08T15:40:39.939006Z,,,,,,,2361bf29-28c9-4689-9304-079eb0191513,MO260717C00072500,us_option,,1,1,1.31,simple,market,market,sell,sell_to_close,day,,,filled,False,,,,,,access_key,2026-06-08T20:00:00Z
aec635b3-2d31-43c6-8f6c-0959246f661a,df4f79f4-9d72-48e4-af65-e8e5c26bd02f,2026-06-08T15:27:07.023719Z,2026-06-08T15:27:07.048688Z,2026-06-08T15:27:07.027747Z,2026-06-08T15:27:07.046973Z,,,,,,,dc3feb8c-c0a9-4d9b-9d43-dd46a15290a8,ABT260821C00095000,us_option,,1,1,3.8,simple,market,market,buy,buy_to_open,day,,,filled,False,,,,,,access_key,2026-06-08T20:00:00Z
11f3b64d-84d2-4c39-aa8b-6b44f8cfcfbc,1028b982-c3e1-4950-a06b-45cdc4fcde8b,2026-06-08T15:25:24.397386Z,2026-06-08T15:25:24.483701Z,2026-06-08T15:25:24.401943Z,2026-06-08T15:25:24.481644Z,,,,,,,00d9cfa7-896e-4d83-ab93-186298146027,GSK260821C00045000,us_option,,1,1,7.2,simple,market,market,buy,buy_to_open,day,,,filled,False,,,,,,access_key,2026-06-08T20:00:00Z
808d5c92-374e-43af-b15f-e4952a691ddf,df95ed7f-411d-4894-87d5-93e5266e0285,2026-06-08T15:25:21.837155Z,2026-06-08T15:25:21.913699Z,2026-06-08T15:25:21.841442Z,2026-06-08T15:25:21.911691Z,,,,,,,2e52c18b-765b-4f25-b33c-61f4f0a2fac9,SO260821C00095000,us_option,,1,1,2.45,simple,market,market,buy,buy_to_open,day,,,filled,False,,,,,,access_key,2026-06-08T20:00:00Z
6e531ff4-60a9-4ba9-a5da-86d207e9abb6,505804e1-7427-4628-90c3-57e108504b7a,2026-06-08T15:25:19.498744Z,2026-06-08T15:25:19.574245Z,2026-06-08T15:25:19.503665Z,2026-06-08T15:25:19.572323Z,,,,,,,2361bf29-28c9-4689-9304-079eb0191513,MO260717C00072500,us_option,,1,1,1.67,simple,market,market,buy,buy_to_open,day,,,filled,False,,,,,,access_key,2026-06-08T20:00:00Z
8c047b2d-4a6a-4468-9e08-5281497f56d9,80843182-87f0-4fbe-b552-537c70cfe50f,2026-06-08T15:25:17.084002Z,2026-06-08T15:25:17.126478Z,2026-06-08T15:25:17.089211Z,2026-06-08T15:25:17.124612Z,,,,,,,bc43e2c3-f4f0-4d95-923e-fba1900e1891,SPY260710C00752000,us_option,,1,1,9.69,simple,market,market,buy,buy_to_open,day,,,filled,False,,,,,,access_key,2026-06-08T20:15:00Z
11fd9507-713f-43e8-b187-401b03a6c721,ec3d1436-66ef-44da-bc10-fc47d70104f9,2026-06-08T15:25:14.758798Z,2026-06-08T15:25:14.796084Z,2026-06-08T15:25:14.76298Z,2026-06-08T15:25:14.793976Z,,,,,,,e208681d-5efe-4224-b309-4d5445c77c5a,QQQ260710P00719000,us_option,,1,1,17.79,simple,market,market,buy,buy_to_open,day,,,filled,False,,,,,,access_key,2026-06-08T20:15:00Z
e4266496-5727-41df-a72b-dfd1b244da18,daedefe6-f955-4c4f-8bd2-1ac13d2908c7,2026-06-08T15:25:12.352519Z,2026-06-08T15:25:12.466181Z,2026-06-08T15:25:12.357172Z,2026-06-08T15:25:12.464274Z,,,,,,,b1ebf16c-f6ed-4bbf-96ee-eec3452c66f2,ENB260717C00055000,us_option,,1,1,2.3,simple,market,market,buy,buy_to_open,day,,,filled,False,,,,,,access_key,2026-06-08T20:00:00Z
c82299ed-f6d0-4467-b9c2-33974144dff5,048fd74b-2604-465e-a3eb-457058ac56e5,2026-06-08T15:25:09.87923Z,2026-06-08T15:25:09.91386Z,2026-06-08T15:25:09.890526Z,2026-06-08T15:25:09.911635Z,,,,,,,3efc71e4-c4b3-4d1d-846a-1781578284f9,SCHW260717C00090000,us_option,,1,1,2.94,simple,market,market,buy,buy_to_open,day,,,filled,False,,,,,,access_key,2026-06-08T20:00:00Z
405a0be0-e25c-4bd1-bd45-c9c5939c23ed,9b669cfd-2153-489e-9759-d0dfd0e64e96,2026-06-08T15:22:13.604845Z,2026-06-08T15:22:13.680521Z,2026-06-08T15:22:13.61321Z,2026-06-08T15:22:13.678206Z,,,,,,,cad72c6e-1edd-4964-a134-e3b956f8918a,MDT260717C00080000,us_option,,1,1,2.9,simple,market,market,buy,buy_to_open,day,,,filled,False,,,,,,access_key,2026-06-08T20:00:00Z
a1e9238f-72ab-4eee-a8ff-e259150e9e36,b6f1b15a-b2a4-448d-8a67-2580c4defd8a,2026-06-08T15:12:42.564851Z,2026-06-08T15:12:42.61078Z,2026-06-08T15:12:42.569709Z,2026-06-08T15:12:42.608644Z,,,,,,,a6219079-5f98-439e-bed9-d53447044ac9,AMD260821C00420000,us_option,,1,1,106.45,simple,market,market,sell,sell_to_close,day,,,filled,False,,,,,,access_key,2026-06-08T20:00:00Z
538bccb4-46db-4e8d-952e-2f2c5246681e,8e991939-fe72-48c4-8285-1e538f6b508d,2026-06-08T14:51:41.389406Z,2026-06-08T14:51:41.477554Z,2026-06-08T14:51:41.39462Z,2026-06-08T14:51:41.475366Z,,,,,,,93c32f03-e55d-4a1c-8970-0769f5ec375c,CVS260821C00100000,us_option,,1,1,4.3,simple,market,market,buy,buy_to_open,day,,,filled,False,,,,,,access_key,2026-06-08T20:00:00Z
e695392a-72d8-40fb-aa72-2fa5edce124c,8d397269-4a0e-4631-896c-4e21a3ccaf12,2026-06-08T14:51:38.994449Z,2026-06-08T14:51:39.049046Z,2026-06-08T14:51:39.000928Z,2026-06-08T14:51:39.046924Z,,,,,,,aa35f268-38bb-4b0c-8411-591a7f625de9,SNY260717C00045000,us_option,,1,1,1.1,simple,market,market,buy,buy_to_open,day,,,filled,False,,,,,,access_key,2026-06-08T20:00:00Z
82f9acfa-a7e8-4c59-a90e-f66eacda08a7,610cb6ce-7dc1-4522-a536-41e84261ce1b,2026-05-05T01:46:02.590306Z,2026-05-05T13:30:04.962008Z,2026-05-05T13:30:03.524053Z,2026-05-05T13:30:04.955978Z,,,,,,,621de95b-b3f4-4d36-8eb1-bb7088f87ed3,RTX260821C00200000,us_option,,2,2,3.6,simple,limit,limit,buy,buy_to_open,day,3.82,,filled,False,,,,,,access_key,2026-05-05T20:00:00Z
7a4e9f37-6717-4f71-8046-9916bc7d5467,bd3c739f-6206-4aa4-a409-b1613476af93,2026-05-05T02:13:42.735525Z,2026-05-05T13:30:43.695668Z,2026-05-05T08:00:21.354449Z,2026-05-05T13:30:43.693717Z,,,,,,,2e24c584-029a-46b3-9f68-5ccacfc4ed84,IONQ,us_equity,,1,1,46.09,,market,market,buy,buy_to_open,day,,,filled,False,,,,,,access_key,2026-05-05T20:00:00Z
4ba147d7-64de-4a2f-8f7d-b9c7b77dc525,a35f01ad-d396-488f-82b1-f8a600d5a82f,2026-05-05T00:00:41.548928Z,2026-05-05T13:31:30.676184Z,2026-05-05T08:00:21.342585Z,2026-05-05T13:31:30.674459Z,,,,,,,87266a27-1b34-47bd-b236-bd3a9f59b138,LLY,us_equity,,1,1,965.93,,market,market,buy,buy_to_open,day,,,filled,False,,,,,,access_key,2026-05-05T20:00:00Z
4657a715-84f7-4efb-b2c5-36f951ec77f2,e624a704-cf6e-47ef-8835-b77bdb527764,2026-05-05T00:00:10.484115Z,2026-05-05T13:30:43.562646Z,2026-05-05T08:00:21.334738Z,2026-05-05T13:30:43.560714Z,,,,,,,4d8f7f83-d998-4839-9134-38473cd13123,RTX,us_equity,,1,1,173.97,,market,market,buy,buy_to_open,day,,,filled,False,,,,,,access_key,2026-05-05T20:00:00Z
3e94c7b3-a50c-4d3b-81e8-cdab1c6f9c1a,288dbdc2-041c-4ed1-8453-bebf0f1fc90a,2026-05-05T00:00:42.132009Z,2026-05-05T13:30:05.941222Z,2026-05-05T08:00:21.326792Z,2026-05-05T13:30:05.93768Z,,,,,,,4d8f7f83-d998-4839-9134-38473cd13123,RTX,us_equity,,1,1,174,,market,market,buy,buy_to_open,day,,,filled,False,,,,,,access_key,2026-05-05T20:00:00Z
ca5b79df-10b3-4bea-80b7-0b3fc8c1cf01,727eba3e-26ef-42cf-876b-eac9ce5d2f41,2026-05-05T02:13:42.237976Z,2026-05-05T13:30:25.439216Z,2026-05-05T08:00:20.959052Z,2026-05-05T13:30:25.435816Z,,,,,,,ca43f7b9-bc0c-4cd5-a930-a4c823be5bb7,CARR,us_equity,,1,1,66.41,,market,market,buy,buy_to_open,day,,,filled,False,,,,,,access_key,2026-05-05T20:00:00Z
c99ab043-ab91-4822-a529-d36ae4a75e9a,178c2e5d-34a0-46a2-bfe1-200231cb7af5,2026-05-01T03:49:31.458342Z,2026-05-01T13:30:04.614119Z,2026-05-01T13:30:04.469943Z,2026-05-01T13:30:04.611466Z,,,,,,,a6219079-5f98-439e-bed9-d53447044ac9,AMD260821C00420000,us_option,,1,1,31.6,simple,limit,limit,buy,buy_to_open,day,34.18,,filled,False,,,,,,access_key,2026-05-01T20:00:00Z
2baf724c-e280-4151-8e64-ccc71c6bf1a8,fcb2725b-a78f-4484-ab35-4bd1f973c748,2026-05-01T03:30:09.212866Z,2026-05-01T13:30:04.647781Z,2026-05-01T13:30:04.46543Z,2026-05-01T13:30:04.645255Z,,,,,,,ee128b9d-1c4e-4a53-bdd9-84498d448647,AAPL260821C00325000,us_option,,1,1,4.2,simple,limit,limit,buy,buy_to_open,day,10,,filled,False,,,,,,access_key,2026-05-01T20:00:00Z
bbb49e78-42d8-43d8-988d-3198bc283f2c,307269b7-259d-4d89-bce9-97463e1789c8,2026-05-01T03:43:32.105226Z,2026-05-01T13:30:04.634187Z,2026-05-01T13:30:04.456289Z,2026-05-01T13:30:04.63217Z,,,,,,,49f56977-0c9e-458a-b586-8ff4f0b53bb6,NVDA260821C00250000,us_option,,1,1,4.9,simple,limit,limit,buy,buy_to_open,day,10,,filled,False,,,,,,access_key,2026-05-01T20:00:00Z
7d07c82f-b985-4ac6-b7d8-a87e619c976c,d95ead4f-254b-457f-8c38-fe4a4be706c4,2026-05-01T03:24:28.828228Z,2026-05-01T13:30:04.468685Z,2026-05-01T13:30:04.437831Z,2026-05-01T13:30:04.465399Z,,,,,,,ee128b9d-1c4e-4a53-bdd9-84498d448647,AAPL260821C00325000,us_option,,1,1,4.2,simple,limit,limit,buy,buy_to_open,day,10,,filled,False,,,,,,access_key,2026-05-01T20:00:00Z
e7e063c0-fb29-410b-8a0b-b730691b863e,0cd761ac-6cc4-430b-9391-16d075b6aa43,2026-05-01T03:36:21.67822Z,2026-05-01T20:00:09.860963Z,2026-05-01T13:30:04.428543Z,,2026-05-01T20:00:09.85933Z,,,,,,5ddbc37d-3052-4722-ba36-58ac94cb72f7,TSLA260821C00430000,us_option,,1,0,,simple,limit,limit,buy,buy_to_open,day,10,,expired,False,,,,,,access_key,2026-05-01T20:00:00Z
eb73b85b-4534-40cb-87cf-523dbf1da777,6c29fb48-9dd0-4429-a075-609f715dde67,2026-05-01T02:13:21.06599Z,2026-05-01T13:31:07.169829Z,2026-05-01T08:00:46.382148Z,2026-05-01T13:31:07.165109Z,,,,,,,f801f835-bfe6-4a9d-a6b1-ccbb84bfd75f,AMZN,us_equity,,1,1,263.76,,market,market,buy,buy_to_open,day,,,filled,False,,,,,,access_key,2026-05-01T20:00:00Z
da2590e8-07fc-446e-97e3-5e4b14328cff,93e8fb15-8f92-430b-b068-f8471bc418cc,2026-05-01T02:16:54.697683Z,2026-05-01T13:31:26.471432Z,2026-05-01T08:00:46.377174Z,2026-05-01T13:31:26.469424Z,,,,,,,f801f835-bfe6-4a9d-a6b1-ccbb84bfd75f,AMZN,us_equity,,1,1,263.54,,market,market,buy,buy_to_open,day,,,filled,False,,,,,,access_key,2026-05-01T20:00:00Z
c9b5d35d-2143-444a-a09d-488db8590686,797e3288-11f3-419f-b8af-72ff3696e662,2026-05-01T02:13:25.129876Z,2026-05-01T13:30:17.662921Z,2026-05-01T08:00:46.37299Z,2026-05-01T13:30:17.660382Z,,,,,,,87266a27-1b34-47bd-b236-bd3a9f59b138,LLY,us_equity,,1,1,948.46,,market,market,buy,buy_to_open,day,,,filled,False,,,,,,access_key,2026-05-01T20:00:00Z
76bc43eb-51ad-479f-918d-19f1e43a8500,c9c92c9b-b0ef-4800-9dc4-39aabe23cd66,2026-05-01T02:17:37.523351Z,2026-05-01T13:32:01.223712Z,2026-05-01T08:00:46.368991Z,2026-05-01T13:32:01.221637Z,,,,,,,b6d1aa75-5c9c-4353-a305-9e2caa1925ab,MSFT,us_equity,,1,1,414.22,,market,market,buy,buy_to_open,day,,,filled,False,,,,,,access_key,2026-05-01T20:00:00Z
44fc66b2-2b2f-4e4e-b5d0-18828c6b7012,95c6ddc0-a6cd-44cd-a8fc-82c449af6855,2026-05-01T02:17:03.749619Z,2026-05-01T13:32:02.169803Z,2026-05-01T08:00:46.364106Z,2026-05-01T13:32:02.167772Z,,,,,,,b6d1aa75-5c9c-4353-a305-9e2caa1925ab,MSFT,us_equity,,1,1,414.22,,market,market,buy,buy_to_open,day,,,filled,False,,,,,,access_key,2026-05-01T20:00:00Z
3ac5f076-d14d-4462-b6a7-8c3c1b5599f5,f1bba98a-7a87-45aa-8e2e-23198dea9c40,2026-05-01T02:16:58.864047Z,2026-05-01T13:30:21.610819Z,2026-05-01T08:00:46.360084Z,2026-05-01T13:30:21.608344Z,,,,,,,87266a27-1b34-47bd-b236-bd3a9f59b138,LLY,us_equity,,1,1,948.46,,market,market,buy,buy_to_open,day,,,filled,False,,,,,,access_key,2026-05-01T20:00:00Z
394abe32-f69d-4f80-9804-f16c9e6a096a,13c6c09a-58be-42bc-8e6d-540c3ba1b16e,2026-05-01T02:17:28.741981Z,2026-05-01T13:31:30.940237Z,2026-05-01T08:00:46.356081Z,2026-05-01T13:31:30.938165Z,,,,,,,f801f835-bfe6-4a9d-a6b1-ccbb84bfd75f,AMZN,us_equity,,1,1,263.4,,market,market,buy,buy_to_open,day,,,filled,False,,,,,,access_key,2026-05-01T20:00:00Z
2af340d4-1f54-4b58-9bd7-8708abe8586f,9f2d1137-b103-4364-a984-a28df61dfa0f,2026-05-01T02:17:33.158613Z,2026-05-01T13:30:41.856193Z,2026-05-01T08:00:46.352195Z,2026-05-01T13:30:41.854094Z,,,,,,,87266a27-1b34-47bd-b236-bd3a9f59b138,LLY,us_equity,,1,1,952.94,,market,market,buy,buy_to_open,day,,,filled,False,,,,,,access_key,2026-05-01T20:00:00Z
f730a1c3-3833-49d4-bd12-eeeb1d5ddaf1,90763e81-afb0-4c74-8030-ec95eb2b83c7,2026-05-01T02:13:29.962498Z,2026-05-01T13:31:08.236308Z,2026-05-01T08:00:46.314213Z,2026-05-01T13:31:08.233275Z,,,,,,,4d8f7f83-d998-4839-9134-38473cd13123,RTX,us_equity,,1,1,176.41,,market,market,buy,buy_to_open,day,,,filled,False,,,,,,access_key,2026-05-01T20:00:00Z
ec51130c-7c08-4a2d-9cd6-74b8a692a22f,276d1f3e-439d-4e91-990e-94b20c4581d8,2025-10-13T18:34:19.03593Z,2025-10-13T18:34:19.102354Z,2025-10-13T18:34:19.04074Z,2025-10-13T18:34:19.100497Z,,,,,,,027c4594-4873-41fa-b26f-0196a3efa04f,IREN251219C00060000,us_option,,80,80,17.3,simple,market,market,buy,buy_to_open,day,,,filled,False,,,,,,,2025-10-13T20:00:00Z
d57254f8-403a-4bc6-93e1-ee0205c528dd,f73fd1ab-b07e-40b0-b495-477f4722d8c3,2025-10-07T19:48:15.028261Z,2025-10-07T19:48:15.115658Z,2025-10-07T19:48:15.03336Z,2025-10-07T19:48:15.113466Z,,,,,,,027c4594-4873-41fa-b26f-0196a3efa04f,IREN251219C00060000,us_option,,1,1,15.45,simple,limit,limit,buy,buy_to_open,day,15.73,,filled,False,,,,,,,2025-10-07T20:00:00Z
a33ca503-9c52-41e9-908d-2bd8a4b60946,5b426f5d-fdaa-496f-83ba-aedbf6f5546f,2025-09-24T15:38:07.600943Z,2025-09-24T15:38:08.247717Z,2025-09-24T15:38:07.610567Z,2025-09-24T15:38:08.244445Z,,,,,,,b0940983-b0c6-42f1-97d5-b1b580e4431b,PFE,us_equity,,100,100,24.12,,market,market,buy,buy_to_close,day,,,filled,False,,,,,,,2025-09-24T20:00:00Z
877f9e17-b747-48fa-ad5c-a1d8e7ef0f49,e479cca1-d872-42b3-81df-ef5e14a562fe,2025-09-02T15:36:27.865687Z,2025-09-02T15:36:28.048417Z,2025-09-02T15:36:27.87002Z,2025-09-02T15:36:28.046213Z,,,,,,,b0b6dd9d-8b9b-48a9-ba46-b9d54906e415,AAPL,us_equity,,43,43,227.4,,market,market,sell,sell_to_close,day,,,filled,False,,,,,,access_key,2025-09-02T20:00:00Z
eda849d9-069b-4560-b443-781edce8eb70,eb0bd296-e407-4673-a12e-8529fef9ff5c,2025-09-02T12:57:00.550932Z,2025-09-02T13:32:33.626605Z,2025-09-02T12:57:00.686752Z,2025-09-02T13:32:33.624964Z,,,,,,,f801f835-bfe6-4a9d-a6b1-ccbb84bfd75f,AMZN,us_equity,,43,43,223.895116,,market,market,buy,buy_to_close,day,,,filled,False,,,,,,access_key,2025-09-02T20:00:00Z
b2bb9306-8769-496f-b51c-2d8a01d030d6,84732324-8093-43b4-9aa0-98c2a81d66dc,2025-09-02T12:40:25.047589Z,2025-09-02T13:30:46.03862Z,2025-09-02T12:40:25.054996Z,2025-09-02T13:30:46.036709Z,,,,,,,69b15845-7c63-4586-b274-1cfdfe9df3d8,GOOGL,us_equity,,47,47,208.69,,market,market,sell,sell_to_close,day,,,filled,False,,,,,,access_key,2025-09-02T20:00:00Z
af752a0a-ac79-47f2-b1bd-bca307b9ee86,96dc26da-37b7-4699-9e4a-7857b49984f8,2025-08-29T19:59:34.103384Z,2025-08-29T20:00:58.325784Z,2025-08-29T19:59:34.633696Z,,2025-08-29T20:00:58.324075Z,,,,,,69b15845-7c63-4586-b274-1cfdfe9df3d8,GOOGL,us_equity,,47,0,,bracket,limit,limit,sell,sell_to_close,day,221.97,,expired,False,,,,,,access_key,2025-08-29T20:00:00Z
88424cd8-8ab6-4f73-990e-0b396808377a,1d08d080-b115-456e-9efb-401ab45f2dbb,2025-08-29T19:59:34.103384Z,2025-08-29T19:59:34.615989Z,2025-08-29T19:59:34.109285Z,2025-08-29T19:59:34.614033Z,,,,,,,69b15845-7c63-4586-b274-1cfdfe9df3d8,GOOGL,us_equity,,47,47,212.834255,bracket,market,market,buy,buy_to_open,day,,,filled,False,,,,,,access_key,2025-08-29T20:00:00Z
8a396998-5971-4f15-9f8b-902807d894c9,941e5d82-8d4f-49d4-96b1-ae246ec874c7,2025-08-29T19:59:34.103384Z,2025-08-29T20:00:58.325843Z,2025-08-29T19:59:34.103384Z,,,2025-08-29T20:00:58.325843Z,,,,,69b15845-7c63-4586-b274-1cfdfe9df3d8,GOOGL,us_equity,,47,0,,bracket,stop,stop,sell,sell_to_close,day,,207.17,canceled,False,,,,,,access_key,2025-08-29T20:00:00Z
82169236-02c3-44d8-9fe5-07c1fdc5383e,4390e37a-413f-4cde-9659-2c5cee230dfe,2025-08-29T19:59:23.951637Z,2025-08-29T20:00:52.644301Z,2025-08-29T19:59:24.13932Z,,2025-08-29T20:00:52.642763Z,,,,,,b0940983-b0c6-42f1-97d5-b1b580e4431b,PFE,us_equity,,100,0,,bracket,limit,limit,buy,buy_to_close,day,23.41,,expired,False,,,,,,access_key,2025-08-29T20:00:00Z
b01d8610-b6f0-455f-9fe8-90c0f8ace495,b3b78cd5-f8b6-4976-a1f7-8eac06bc114e,2025-08-29T19:59:23.951637Z,2025-08-29T19:59:24.127109Z,2025-08-29T19:59:23.957255Z,2025-08-29T19:59:24.125114Z,,,,,,,b0940983-b0c6-42f1-97d5-b1b580e4431b,PFE,us_equity,,100,100,24.74,bracket,market,market,sell,sell_to_open,day,,,filled,False,,,,,,access_key,2025-08-29T20:00:00Z
2d6e4bec-95b8-42d5-bf1e-1452f3fc8793,24bf45a7-3e5a-4962-b2fe-7be69d72238f,2025-08-29T19:59:23.951637Z,2025-08-29T20:00:52.644351Z,2025-08-29T19:59:23.951637Z,,,2025-08-29T20:00:52.64435Z,,,,,b0940983-b0c6-42f1-97d5-b1b580e4431b,PFE,us_equity,,100,0,,bracket,stop,stop,buy,buy_to_close,day,,25.13,canceled,False,,,,,,access_key,2025-08-29T20:00:00Z
ce3d4a56-d371-449e-9888-c6e71e00d860,182e48ed-c1d1-40ee-9817-c294943df04f,2025-08-29T19:59:11.031609Z,2025-08-29T20:00:58.427604Z,2025-08-29T19:59:11.197923Z,,2025-08-29T20:00:58.425883Z,,,,,,f801f835-bfe6-4a9d-a6b1-ccbb84bfd75f,AMZN,us_equity,,43,0,,bracket,limit,limit,buy,buy_to_close,day,219.35,,expired,False,,,,,,access_key,2025-08-29T20:00:00Z
637ec1e0-3052-489e-90ff-9e4e16cd3412,db8ddb2f-1358-4afe-a1e1-8269347be101,2025-08-29T19:59:11.031609Z,2025-08-29T19:59:11.182116Z,2025-08-29T19:59:11.037247Z,2025-08-29T19:59:11.180025Z,,,,,,,f801f835-bfe6-4a9d-a6b1-ccbb84bfd75f,AMZN,us_equity,,43,43,228.77,bracket,market,market,sell,sell_to_open,day,,,filled,False,,,,,,access_key,2025-08-29T20:00:00Z
f86aa991-aaee-4ec4-a27a-3f87df3e5426,3dff37ea-1038-4aea-9e33-969aee390690,2025-08-29T19:59:11.031609Z,2025-08-29T20:00:58.427656Z,2025-08-29T19:59:11.031609Z,,,2025-08-29T20:00:58.427655Z,,,,,f801f835-bfe6-4a9d-a6b1-ccbb84bfd75f,AMZN,us_equity,,43,0,,bracket,stop,stop,buy,buy_to_close,day,,235.52,canceled,False,,,,,,access_key,2025-08-29T20:00:00Z
9008ba55-b85b-4c3e-b931-fd7dbc6d237b,0674976d-66dc-4080-9d65-19f3cad08a30,2025-08-29T19:59:08.328148Z,2025-08-29T20:01:03.55733Z,2025-08-29T19:59:09.015434Z,,2025-08-29T20:01:03.555494Z,,,,,,b0b6dd9d-8b9b-48a9-ba46-b9d54906e415,AAPL,us_equity,,43,0,,bracket,limit,limit,sell,sell_to_close,day,243.61,,expired,False,,,,,,access_key,2025-08-29T20:00:00Z
c52981a1-01c0-4688-9ca8-e0e5665d3dd4,4a6cf497-ba4f-4600-bb4b-b14aae8399a5,2025-08-29T19:59:08.328148Z,2025-08-29T19:59:09.010317Z,2025-08-29T19:59:08.341551Z,2025-08-29T19:59:09.007931Z,,,,,,,b0b6dd9d-8b9b-48a9-ba46-b9d54906e415,AAPL,us_equity,,43,43,232.08,bracket,market,market,buy,buy_to_open,day,,,filled,False,,,,,,access_key,2025-08-29T20:00:00Z
5bc61c19-f9b9-46ee-978a-2339bdd1b7a4,e910fad3-dcab-4148-8b13-337e1334daa1,2025-08-29T19:59:08.328148Z,2025-08-29T20:01:03.557395Z,2025-08-29T19:59:08.328148Z,,,2025-08-29T20:01:03.557394Z,,,,,b0b6dd9d-8b9b-48a9-ba46-b9d54906e415,AAPL,us_equity,,43,0,,bracket,stop,stop,sell,sell_to_close,day,,227.37,canceled,False,,,,,,access_key,2025-08-29T20:00:00Z
