activity_sub_type,activity_type,created_at,cum_qty,currency,cusip,date,description,execution_id,group_id,id,leaves_qty,net_amount,order_id,order_status,price,qty,side,status,symbol,transaction_time,type
,FILL,,3,,,,,,,20260617102945098::418d188d-81eb-44fa-abaf-fbe40f7e2b48,0,,2613a52b-b9f4-46df-a08a-59c23542f0a9,filled,8.15,3,buy,,IONQ260717P00060000,2026-06-17T14:29:45.098757Z,fill
,FILL,,2,,,,,,,20260617102919330::c05eefbd-b644-48c6-841d-3c43a77f30bc,0,,49a6c67d-618d-4391-bbdb-84a8733d5bb4,filled,9.1,2,buy,,NVDA260717P00210000,2026-06-17T14:29:19.330926Z,fill
,FILL,,3,,,,,,,20260617102854476::14225d5f-ccf6-4280-8f8e-391b6c8b2e67,0,,1a2cbcd2-22ef-46b7-9507-6892ddd8da8f,filled,2.31,1,buy,,MO260717P00070000,2026-06-17T14:28:54.476356Z,fill
,FILL,,2,,,,,,,20260617102854355::01142d14-dda1-4766-8830-907d3f31ceba,1,,1a2cbcd2-22ef-46b7-9507-6892ddd8da8f,partially_filled,2.31,2,buy,,MO260717P00070000,2026-06-17T14:28:54.35586Z,partial_fill
,FILL,,1,,,,,,,20260617102829854::7237542d-de4a-4a9b-b532-125cb07c1010,0,,7d7d16c5-07d1-4cee-b741-d302aec21774,filled,16.7,1,buy,,MSFT260717P00395000,2026-06-17T14:28:29.85408Z,fill
,FILL,,3,,,,,,,20260617102718176::30240993-ab71-4164-8179-243c2ee2a204,0,,60d50695-43f2-4732-ab10-704a70c769ba,filled,3.6,3,buy,,COP260717P00110000,2026-06-17T14:27:18.176784Z,fill
,FILL,,3,,,,,,,20260617102654364::4bc3c575-0dfd-4e33-8abd-3d980e8c41dd,0,,d78a56b5-3e15-4e17-9d59-aae4296ead03,filled,4.25,3,buy,,ZM260717P00090000,2026-06-17T14:26:54.364481Z,fill
,FILL,,2,,,,,,,20260617102632219::1b31dcb6-1c06-489e-b9c2-a04ca39c7d2c,0,,c33bf3e9-e77c-48d5-be55-c723d9a0563f,filled,3.6,2,buy,,MRK260717P00115000,2026-06-17T14:26:32.219981Z,fill
,FILL,,3,,,,,,,20260617102520100::f3d44b62-4e1f-477d-bccc-c8cd77e229bb,0,,10932fe9-0160-488b-a53d-37ac97d2f2cc,filled,1.95,3,buy,,KO260717P00080000,2026-06-17T14:25:20.10063Z,fill
,FILL,,3,,,,,,,20260617102433755::c5289ecf-b459-4f53-b58b-ae597f784034,0,,f9029544-cb26-43f4-b111-e029f36af14b,filled,1.06,3,buy,,F260717P00015000,2026-06-17T14:24:33.755663Z,fill
,FILL,,3,,,,,,,20260617102410921::9ceed124-3505-418f-b9f7-b283edd916e3,0,,977e283c-1adb-4595-9eac-25a37d3431e5,filled,5.9,3,buy,,CSCO260717P00120000,2026-06-17T14:24:10.921804Z,fill
,FILL,,1,,,,,,,20260617102347958::4bf6cf61-addd-4bcf-8246-7cc839bf43ab,0,,4a0b9b1f-80c3-4cec-820b-2f9ddb13f98b,filled,16.55,1,buy,,SNOW260717P00240000,2026-06-17T14:23:47.958797Z,fill
,FILL,,3,,,,,,,20260617102303887::209d57d6-ef0e-42b3-8027-53ad302cbea6,0,,467e8521-9cff-4e63-8652-c7ecdbfbd18c,filled,6.95,3,buy,,CRM260717P00160000,2026-06-17T14:23:03.887973Z,fill
,FILL,,1,,,,,,,20260617102158639::d079915b-c4fb-448b-9edd-ed48d3209ccd,0,,445aa325-0d64-454e-84ae-82592a085d9e,filled,20.8,1,buy,,TSLA260717P00405000,2026-06-17T14:21:58.639865Z,fill
,FILL,,3,,,,,,,20260617102115936::ef269552-7f43-47ba-8c38-9ccc01de4bf6,0,,81cb615b-0ccd-4ed0-be8a-ea2135adff6b,filled,1.7,3,buy,,XLE260717P00055000,2026-06-17T14:21:15.936699Z,fill
,FILL,,3,,,,,,,20260617101951123::816927a7-267e-4013-9ded-c54b38c164d0,0,,1d0f7d86-fa0f-497c-9ad4-7eec5a3607ab,filled,5.75,3,buy,,CVX260717P00180000,2026-06-17T14:19:51.123643Z,fill
,FILL,,1,,,,,,,20260617101930051::1ffe90cd-8c5e-4565-8555-63562087a118,0,,a08dea4b-a9c3-476b-9d0f-bfb829d89ebd,filled,6.5,1,buy,,TLT260717C00080000,2026-06-17T14:19:30.051922Z,fill
,FILL,,1,,,,,,,20260617101909331::f754c70e-7dcd-4ddd-82d0-9bce21490fdc,0,,141f8a7d-4993-4f4b-afd5-e49ed6577f28,filled,15.7,1,buy,,GE260717C00360000,2026-06-17T14:19:09.331971Z,fill
,FILL,,1,,,,,,,20260617101848927::28dfb939-ea1e-4126-b3aa-ba0d5b74c95f,0,,4138be00-f2e4-4edc-8754-cb275621e6a5,filled,18.9,1,buy,,AVGO260717C00400000,2026-06-17T14:18:48.927853Z,fill
,FILL,,2,,,,,,,20260617101829281::7a06f6ff-4c4d-466e-988f-c58153579bc6,0,,a5567190-6577-4ea1-ab0b-83e30125e10f,filled,10.55,2,buy,,PLTR260717C00130000,2026-06-17T14:18:29.281285Z,fill
,FILL,,1,,,,,,,20260617093436228::376ef365-1e35-4afd-9994-93135c87cb0b,0,,a9df439c-89c2-46b4-98bc-49c510f4fcff,filled,9,1,sell,,SNOW260717C00250000,2026-06-17T13:34:36.228747Z,fill
,FILL,,2,,,,,,,20260617093426813::affb9a0b-d484-4242-a5bd-155f54cc4894,0,,40ba2bf0-c2ff-4e0e-8715-454aa4372406,filled,6.8,2,sell,,NET260717C00250000,2026-06-17T13:34:26.813144Z,fill
,FILL,,1,,,,,,,20260616130204536::d32088c7-4436-44f4-a94c-0440e6597157,0,,a49dc1c7-5d80-4d8c-a1b9-4d8e2db32638,filled,1.86,1,sell,,NEE260717C00087500,2026-06-16T17:02:04.536469Z,fill
,FILL,,2,,,,,,,20260616115812077::28f28f43-fe57-40f8-936f-1c1fbc662acf,0,,5c563090-5399-44f1-98a6-b887e6a253c5,filled,2.6,2,buy,,TLT260717C00084000,2026-06-16T15:58:12.077849Z,fill
,FILL,,1,,,,,,,20260616111326624::11ccd50e-2fa3-4b4e-84c7-a47ed6bbdc5b,0,,e2095e66-eecc-4b76-871e-6441a453c8f9,filled,5.1,1,sell,,PEP260717C00145000,2026-06-16T15:13:26.624248Z,fill
,FILL,,2,,,,,,,20260616110036247::eb81c838-f3c6-44d7-870c-afa9b51bf60b,0,,a671234f-7d9a-4371-8139-ea2c042a330e,filled,4.2,2,buy,,ESTC260717P00060000,2026-06-16T15:00:36.24798Z,fill
,FILL,,1,,,,,,,20260616105919292::06eb9770-5b64-4d5f-b0e6-b0ff6eacf897,0,,b7f7277e-737a-4f6d-a140-834101450d3c,filled,0.8,1,sell,,WBD260717C00027000,2026-06-16T14:59:19.292663Z,fill
,FILL,,1,,,,,,,20260616103837087::8dc5ba2a-afe8-47e0-85c5-6ea601f5f10a,0,,c39c6af0-5a47-4780-841e-fad7d2491a77,filled,23.9,1,buy,,SMH260710C00662500,2026-06-16T14:38:37.087468Z,fill
,FILL,,3,,,,,,,20260616103818657::c51e0c19-54c5-43bc-a749-f9cd12c0edd9,0,,2a8e187d-8fc0-4b1d-9034-b0ef435a871f,filled,4.3,3,buy,,XLF260717C00050000,2026-06-16T14:38:18.657944Z,fill
,FILL,,1,,,,,,,20260616103759827::46dad05f-4f27-46bb-9995-e327ca4c0fd9,0,,17a5b1d2-4c01-44f3-9b06-c99a5efb9949,filled,21.25,1,buy,,META260717C00600000,2026-06-16T14:37:59.827783Z,fill
,FILL,,2,,,,,,,20260616103609343::066c7061-81b6-4594-91f1-217620b3f026,0,,a9e8d3fa-7c9a-43a4-af85-3fb132b457ea,filled,2,2,sell,,ESTC260717C00065000,2026-06-16T14:36:09.34384Z,fill
,FILL,,1,,,,,,,20260616103542342::2ab3a465-8a50-4db6-9d90-8e29792c0c34,0,,f449c9d5-3ab8-4c0f-8020-0b4c7b2c0b04,filled,13.5,1,sell,,META260717C00620000,2026-06-16T14:35:42.342677Z,fill
,FILL,,1,,,,,,,20260616103537136::9dd1cdc2-3e2d-4d63-b174-db4769a5b2e5,0,,b1421f07-55b2-411c-ac81-c2f282e83531,filled,35.7,1,sell,,SMH260717C00640000,2026-06-16T14:35:37.136947Z,fill
,FILL,,2,,,,,,,20260616095631435::1ae08c93-7ec7-4445-92c7-28d6a5b4b92d,0,,8a11e0d8-c41f-4512-b3f3-a56952eabdc8,filled,5.7,2,buy,,JNJ260717P00230000,2026-06-16T13:56:31.43529Z,fill
,FILL,,1,,,,,,,20260616095613537::75c26c6a-12ea-4808-806d-15823b428447,0,,1925ad55-ba7f-4a89-ae3b-da021553014a,filled,15.5,1,buy,,SNOW260717C00250000,2026-06-16T13:56:13.537235Z,fill
,FILL,,2,,,,,,,20260616095554631::d72096c7-ef25-4d9f-836b-1aca5b26db4f,0,,89262d4c-de92-4e6b-9e86-580270f2b463,filled,2.2,2,buy,,NKE260717C00047500,2026-06-16T13:55:54.631128Z,fill
,FILL,,1,,,,,,,20260616095535239::c5b1a956-98b5-4965-89b0-dc9cf7a4111a,0,,2b75392c-ce3f-4d20-adc5-0196a5b1b165,filled,12.25,1,buy,,INTC260717C00130000,2026-06-16T13:55:35.239805Z,fill
,FILL,,1,,,,,,,20260616095251114::393fb58b-6fb6-4f79-8a2f-1caaf91352de,0,,fdb3443f-a052-4340-b15c-9b825727c785,filled,0.51,1,sell,,PFE260717C00026000,2026-06-16T13:52:51.114791Z,fill
,FILL,,3,,,,,,,20260616093118313::1bd60bf6-bba9-412a-abc0-dfee083558c7,0,,89392e3c-9cab-4351-9029-8f1d2cfe9532,filled,15.35,1,sell,,INTC260717C00120000,2026-06-16T13:31:18.313399Z,fill
,FILL,,2,,,,,,,20260616093118197::83c4aea6-d931-45c7-ab67-2fb15004d4c8,1,,89392e3c-9cab-4351-9029-8f1d2cfe9532,partially_filled,15.35,2,sell,,INTC260717C00120000,2026-06-16T13:31:18.197296Z,partial_fill
OCC,FEE,2026-06-17T08:23:07.394481Z,,USD,,2026-06-16,OCC Clearing Fee,9dd1cdc2-3e2d-4d63-b174-db4769a5b2e5,,20260616000000000::ec9ec010-a5be-43d8-992d-305016cb68dd,,-0.02,b1421f07-55b2-411c-ac81-c2f282e83531,,,,,executed,,,
OCC,FEE,2026-06-17T08:23:15.549857Z,,USD,,2026-06-16,OCC Clearing Fee,8dc5ba2a-afe8-47e0-85c5-6ea601f5f10a,,20260616000000000::ea8fa063-e153-408a-b5d3-c988fbf11c6d,,-0.02,c39c6af0-5a47-4780-841e-fad7d2491a77,,,,,executed,,,
OCC,FEE,2026-06-17T08:23:15.549857Z,,USD,,2026-06-16,OCC Clearing Fee,393fb58b-6fb6-4f79-8a2f-1caaf91352de,,20260616000000000::e5d41a78-0ca5-4f16-a0b1-7fc3ff5ba392,,-0.02,fdb3443f-a052-4340-b15c-9b825727c785,,,,,executed,,,
OCC,FEE,2026-06-17T08:23:15.549857Z,,USD,,2026-06-16,OCC Clearing Fee,c51e0c19-54c5-43bc-a749-f9cd12c0edd9,,20260616000000000::e4889e64-1cd4-4555-ac23-1aeeae062210,,-0.06,2a8e187d-8fc0-4b1d-9034-b0ef435a871f,,,,,executed,,,
TAF,FEE,2026-06-17T08:23:23.141136Z,,USD,,2026-06-16,OPT TAF fee for proceed of 11 contracts (9 trades) on 2026-06-16 by PA3NJU1Y90R3,,,20260616000000000::dc68dbce-570f-4760-9f01-f98671276ec4,,-0.04,,,,,,executed,,,
OCC,FEE,2026-06-17T08:24:04.117571Z,,USD,,2026-06-16,OCC Clearing Fee,28f28f43-fe57-40f8-936f-1c1fbc662acf,,20260616000000000::d4c4bb3c-40ea-4100-b95d-2636160c5163,,-0.04,5c563090-5399-44f1-98a6-b887e6a253c5,,,,,executed,,,
OCC,FEE,2026-06-17T08:24:19.01184Z,,USD,,2026-06-16,OCC Clearing Fee,d32088c7-4436-44f4-a94c-0440e6597157,,20260616000000000::cc201fc4-a78f-4942-9c5d-ee8402282b04,,-0.02,a49dc1c7-5d80-4d8c-a1b9-4d8e2db32638,,,,,executed,,,
OCC,FEE,2026-06-17T08:23:19.303371Z,,USD,,2026-06-16,OCC Clearing Fee,c5b1a956-98b5-4965-89b0-dc9cf7a4111a,,20260616000000000::b8f37357-4f43-499f-b4bc-9c9425454494,,-0.02,2b75392c-ce3f-4d20-adc5-0196a5b1b165,,,,,executed,,,
OCC,FEE,2026-06-17T08:23:19.303371Z,,USD,,2026-06-16,OCC Clearing Fee,75c26c6a-12ea-4808-806d-15823b428447,,20260616000000000::a0a32bbb-0225-4267-b84b-df701e2faf91,,-0.02,1925ad55-ba7f-4a89-ae3b-da021553014a,,,,,executed,,,
CAT,FEE,2026-06-17T08:24:40.997084Z,,USD,,2026-06-16,CAT fee for proceed of 18 trades on 2026-06-16 by PA3NJU1Y90R3,,,20260616000000000::8f3043e4-ab6f-4400-afa7-f39614da23f4,,-0.01,,,,,,executed,,,
OCC,FEE,2026-06-17T08:23:15.549857Z,,USD,,2026-06-16,OCC Clearing Fee,066c7061-81b6-4594-91f1-217620b3f026,,20260616000000000::8a491fa1-2547-4a27-b5a9-3b6597456904,,-0.04,a9e8d3fa-7c9a-43a4-af85-3fb132b457ea,,,,,executed,,,
OCC,FEE,2026-06-17T08:22:22.506543Z,,USD,,2026-06-16,OCC Clearing Fee,83c4aea6-d931-45c7-ab67-2fb15004d4c8,,20260616000000000::88911c5b-26c6-4e9c-bddf-127f2baf03ef,,-0.04,89392e3c-9cab-4351-9029-8f1d2cfe9532,,,,,executed,,,
OCC,FEE,2026-06-17T08:23:23.141136Z,,USD,,2026-06-16,OCC Clearing Fee,d72096c7-ef25-4d9f-836b-1aca5b26db4f,,20260616000000000::69e0069f-9664-4d13-b902-d8b1e48b1079,,-0.04,89262d4c-de92-4e6b-9e86-580270f2b463,,,,,executed,,,
OCC,FEE,2026-06-17T08:23:47.709646Z,,USD,,2026-06-16,OCC Clearing Fee,11ccd50e-2fa3-4b4e-84c7-a47ed6bbdc5b,,20260616000000000::6953f1f4-80f7-42af-a128-7910e1d57c03,,-0.02,e2095e66-eecc-4b76-871e-6441a453c8f9,,,,,executed,,,
OCC,FEE,2026-06-17T08:23:11.641637Z,,USD,,2026-06-16,OCC Clearing Fee,46dad05f-4f27-46bb-9995-e327ca4c0fd9,,20260616000000000::6938483f-5af8-43bc-9e7f-f4dc69fd0d9d,,-0.02,17a5b1d2-4c01-44f3-9b06-c99a5efb9949,,,,,executed,,,
OCC,FEE,2026-06-17T08:23:07.394481Z,,USD,,2026-06-16,OCC Clearing Fee,2ab3a465-8a50-4db6-9d90-8e29792c0c34,,20260616000000000::55241626-82e5-4e54-8331-872639a31d20,,-0.02,f449c9d5-3ab8-4c0f-8020-0b4c7b2c0b04,,,,,executed,,,
OCC,FEE,2026-06-17T08:23:45.506751Z,,USD,,2026-06-16,OCC Clearing Fee,eb81c838-f3c6-44d7-870c-afa9b51bf60b,,20260616000000000::4fe42461-903b-404b-8c73-a61d8c3f6927,,-0.04,a671234f-7d9a-4371-8139-ea2c042a330e,,,,,executed,,,
OCC,FEE,2026-06-17T08:22:22.506543Z,,USD,,2026-06-16,OCC Clearing Fee,1bd60bf6-bba9-412a-abc0-dfee083558c7,,20260616000000000::45c825d7-1948-4df2-ae86-0989e1bba056,,-0.02,89392e3c-9cab-4351-9029-8f1d2cfe9532,,,,,executed,,,
OCC,FEE,2026-06-17T08:23:19.303371Z,,USD,,2026-06-16,OCC Clearing Fee,1ae08c93-7ec7-4445-92c7-28d6a5b4b92d,,20260616000000000::37f76302-0ba2-4231-899a-a9f04a31bcdc,,-0.04,8a11e0d8-c41f-4512-b3f3-a56952eabdc8,,,,,executed,,,
ORF,FEE,2026-06-17T08:23:23.141136Z,,USD,,2026-06-16,ORF fee for proceed of 26 contracts on 2026-06-16 by PA3NJU1Y90R3,,,20260616000000000::3575e5bc-4a2b-4fa9-9c29-16b4a3471a06,,-0.7,,,,,,executed,,,
OCC,FEE,2026-06-17T08:22:33.239306Z,,USD,,2026-06-16,OCC Clearing Fee,06eb9770-5b64-4d5f-b0e6-b0ff6eacf897,,20260616000000000::10d13bc6-bc30-420b-86fc-cc5cb07370dd,,-0.02,b7f7277e-737a-4f6d-a140-834101450d3c,,,,,executed,,,
,FILL,,1,,,,,,,20260615141458544::e7b6b443-1f99-4c77-bba7-8a56eaecbc4d,0,,8f51896f-b60d-46df-8343-5c9861c938d1,filled,0.81,1,sell,,XLF260717C00054000,2026-06-15T18:14:58.544112Z,fill
,FILL,,2,,,,,,,20260615120700453::2309ff41-32ca-4e59-a14a-48c7442e28d5,0,,a76f9af5-80e4-420e-bb93-02430088729b,filled,3.8,2,buy,,ESTC260717C00065000,2026-06-15T16:07:00.453051Z,fill
,FILL,,1,,,,,,,20260615115833064::e0adb059-de0d-4127-a09e-4d380d9539ae,0,,c137e6f1-2e95-4782-ae27-d189bb4ea380,filled,22.1,1,buy,,LLY260717P01080000,2026-06-15T15:58:33.064373Z,fill
,FILL,,2,,,,,,,20260615115813795::88bf3373-eb5b-4345-a4fa-fc6f5b532021,0,,ae57606d-e72b-4eca-aca8-4eb9952a0d15,filled,5.1,2,buy,,SAP260717P00160000,2026-06-15T15:58:13.795492Z,fill
,FILL,,2,,,,,,,20260615115754708::64c889ae-9d8b-4f1d-ab15-43705c9e7547,0,,695169b5-4c29-44e9-a3a1-5add83b07e95,filled,2.35,2,buy,,UBER260717C00075000,2026-06-15T15:57:54.70804Z,fill
,FILL,,2,,,,,,,20260615115735982::471a62a2-3f48-4f3f-86ee-2d908eb0a8f9,0,,b8df72d7-a1a2-4ce3-b4c2-9be528465141,filled,5.5,2,buy,,ADBE260717P00200000,2026-06-15T15:57:35.982703Z,fill
,FILL,,1,,,,,,,20260615115717623::fc048843-c519-48bb-80c7-57077b487ea9,0,,f94ea609-7e56-4528-994a-ca346a2b3d50,filled,15.15,1,buy,,TXN260717C00320000,2026-06-15T15:57:17.623863Z,fill
,FILL,,2,,,,,,,20260615115659607::78871a4b-1620-4c24-89cd-ab3191f6d828,0,,87345def-f805-4f86-9190-e25ec7e35d79,filled,8.6,2,buy,,IBM260717P00260000,2026-06-15T15:56:59.607753Z,fill
,FILL,,1,,,,,,,20260615115641912::3655749a-b958-44a3-a96c-793d1f8cc3dd,0,,400d89a2-425e-4dc1-b53f-86d70d2cf5d0,filled,10.35,1,buy,,ORCL260717P00190000,2026-06-15T15:56:41.912722Z,fill
,FILL,,1,,,,,,,20260615115624037::fc7850ca-59f9-4008-b25b-d045d85263ec,0,,87f32caa-29a6-41d4-8e80-414a9b1a2347,filled,14.65,1,buy,,COIN260710C00170000,2026-06-15T15:56:24.037379Z,fill
,FILL,,2,,,,,,,20260615115607011::b9a6f008-3804-4467-a318-b48a4c5dfeb8,0,,7c9c7d9c-6839-4abd-8ff0-bc1555e412ee,filled,11.45,2,buy,,NET260717C00250000,2026-06-15T15:56:07.01158Z,fill
,FILL,,1,,,,,,,20260615115128414::7d7ca22e-a81b-4f30-9159-ab5e26e36ea4,0,,27c65141-f591-4c3f-9530-db003645e049,filled,15.1,1,sell,,ORCL260717P00200000,2026-06-15T15:51:28.414559Z,fill
,FILL,,1,,,,,,,20260615112248707::48074470-c2bd-41d3-9b07-a7ce12350c31,0,,6c063403-caa7-41c3-9a9a-a89a070f2a59,filled,1.81,1,buy,,NEE260717C00087500,2026-06-15T15:22:48.707374Z,fill
,FILL,,1,,,,,,,20260615110257652::2affb8b3-5045-437f-bf12-9d99b399dd05,0,,67d42cae-bf31-4736-873e-385acd1dcb5f,filled,127.6,1,sell,,AMD260717C00430000,2026-06-15T15:02:57.652837Z,fill
,FILL,,4,,,,,,,20260615110254182::1af4bad6-1f23-4716-b560-c8537474c559,0,,568d23a3-c183-476c-88ed-37b0335e6218,filled,1133.16,1,sell,,LLY,2026-06-15T15:02:54.182944Z,fill
,FILL,,3,,,,,,,20260615110253244::9f276078-e9c8-4e7a-9a1d-19e203dcdf95,1,,568d23a3-c183-476c-88ed-37b0335e6218,partially_filled,1133.16,1,sell,,LLY,2026-06-15T15:02:53.244939Z,partial_fill
,FILL,,2,,,,,,,20260615110252851::7e571cf4-3e83-4bfa-aa11-1e35e6f4e632,2,,568d23a3-c183-476c-88ed-37b0335e6218,partially_filled,1133.16,2,sell,,LLY,2026-06-15T15:02:52.851628Z,partial_fill
,FILL,,2,,,,,,,20260615110114411::33fdbd1a-5522-4c6a-9c0f-5f8aa4c35f52,0,,8a7b5227-3073-496a-958c-3939f816357e,filled,11.2,2,buy,,CVX260717P00190000,2026-06-15T15:01:14.411869Z,fill
,FILL,,1,,,,,,,20260615110058538::e8fd8eb8-b81a-41ec-810a-f94883e2d0a9,0,,ad4e2e1b-cad3-4a72-89bd-215b8611829c,filled,1.37,1,buy,,WBD260717C00027000,2026-06-15T15:00:58.538977Z,fill
,FILL,,2,,,,,,,20260615110042390::c94403fc-7f5c-4748-b029-b3dd82ef9ad6,0,,4973fb05-9509-4105-804e-e238d43b8d3f,filled,2.46,2,buy,,XLE260717P00057000,2026-06-15T15:00:42.390206Z,fill
,FILL,,1,,,,,,,20260615110024402::07cae5e4-8863-4f40-88af-1d569bc7986e,0,,a7c3c58b-a2ad-406e-ad2d-1c98e11eb48f,filled,23.85,1,buy,,SPY260710C00736000,2026-06-15T15:00:24.40282Z,fill
,FILL,,1,,,,,,,20260615110003858::56038c78-9495-43f4-ba6a-ce2c4ae29f3d,0,,2f4a3333-73f6-41d4-86d1-ff097fe856e4,filled,23.15,1,buy,,XLK260717C00170000,2026-06-15T15:00:03.858999Z,fill
,FILL,,1,,,,,,,20260615105946114::0e9e9a67-ccfd-4991-8df7-b4343427e16f,0,,d2e6ecbf-4b9f-4903-a5e4-95873eda134b,filled,12.35,1,buy,,GOOGL260717C00375000,2026-06-15T14:59:46.114866Z,fill
,FILL,,2,,,,,,,20260615105930951::1dfeef91-6b84-4a08-9496-cccd20c67620,0,,6258999e-9ad5-4ae6-8efb-6617b1aad5c9,filled,12,2,buy,,TGT260717C00125000,2026-06-15T14:59:30.951398Z,fill
,FILL,,1,,,,,,,20260615105915772::6fe473a9-3146-4977-8614-dae6547ffd17,0,,389786f3-8f26-4c53-9beb-c24f8557a395,filled,1.49,1,buy,,DIS260717C00105000,2026-06-15T14:59:15.772611Z,fill
,FILL,,2,,,,,,,20260615105901261::bef8712a-868c-40e5-b493-93c568844d15,0,,127ddf63-bd4b-4c33-8bf1-5b5433bbfbb1,filled,3.25,2,buy,,SCHW260717C00092500,2026-06-15T14:59:01.26135Z,fill
,FILL,,2,,,,,,,20260615105846904::72dcd6a9-fc84-4d50-83e2-849f93a7b85b,0,,49bc7bfc-1130-4179-8ac5-262b39e8e1cf,filled,8.95,1,buy,,BA260717C00230000,2026-06-15T14:58:46.904233Z,fill
,FILL,,1,,,,,,,20260615105846792::89545800-9c6e-4e6d-9d6b-502b3694b027,1,,49bc7bfc-1130-4179-8ac5-262b39e8e1cf,partially_filled,8.95,1,buy,,BA260717C00230000,2026-06-15T14:58:46.792434Z,partial_fill
,FILL,,1,,,,,,,20260615105832492::02a93be7-7186-41c5-847f-f28bca509694,0,,61e794b1-292e-40e4-892d-0913cb91b74c,filled,14.9,1,buy,,XOM260717P00155000,2026-06-15T14:58:32.492111Z,fill
,FILL,,2,,,,,,,20260615105818615::e57bb9e8-37c4-44cc-8d6d-50afed024539,0,,2a758caa-8588-4465-830f-8f34a9b4883b,filled,2.39,2,buy,,OXY260717P00055000,2026-06-15T14:58:18.615032Z,fill
,FILL,,1,,,,,,,20260615105805171::c2ddb847-c229-426f-9e3a-fa5f0b232ac2,0,,34a96d1b-2018-48f9-8786-4f95e025982f,filled,2.71,1,buy,,WFC260717C00085000,2026-06-15T14:58:05.17172Z,fill
,FILL,,1,,,,,,,20260615105751822::7870dc36-e905-4284-ab0d-049454f5e646,0,,1156ebce-3cfd-42e6-b115-04a7aebfb35f,filled,19.4,1,buy,,GE260717C00340000,2026-06-15T14:57:51.822755Z,fill
,FILL,,1,,,,,,,20260615105738889::75675299-972e-4250-9a80-e530ff123409,0,,c7a427c0-8a42-4b64-aec6-a0b17b8b06a4,filled,0.9,1,buy,,PFE260717C00026000,2026-06-15T14:57:38.889913Z,fill
,FILL,,2,,,,,,,20260615105726026::119d959b-3bf5-4d46-a455-9cb764e4377c,0,,cb6d4b91-bcd6-42a8-9a93-00ab9a716c1f,filled,1.72,2,buy,,IWM260710C00310000,2026-06-15T14:57:26.026947Z,fill
,FILL,,1,,,,,,,20260615105713664::9fd461a4-f284-40f9-aadd-03f50fa46b2a,0,,f5fb9862-03d9-4d3b-890a-08bc2a5af444,filled,14.1,1,buy,,META260717C00620000,2026-06-15T14:57:13.664847Z,fill
,FILL,,1,,,,,,,20260615105701518::4c0c7a04-b515-41ab-87a3-86d102ed042e,0,,8283c381-75ff-4961-9bef-28147a78d505,filled,16.62,1,buy,,QQQ260710C00745000,2026-06-15T14:57:01.518072Z,fill
,FILL,,2,,,,,,,20260615105649727::8748fe2f-182f-48d5-b315-1b350f5a4dc2,0,,77e3d247-cdbd-4f10-90ff-fb336a975040,filled,2.6,2,buy,,BAC260717C00055000,2026-06-15T14:56:49.727812Z,fill
,FILL,,2,,,,,,,20260615105638210::26d78175-aa6a-4b88-b4b8-1df4030b8fd3,0,,c1616781-a993-438e-aa0a-ba6b436ce434,filled,9.45,2,buy,,DIA260710C00516000,2026-06-15T14:56:38.210423Z,fill
,FILL,,1,,,,,,,20260615095405507::e998cad8-bf54-4feb-a5ee-b0a971cc0e3a,0,,4a4d1bca-e329-48d5-960f-424b2f7b6712,filled,1.24,1,sell,,BAC260717C00057500,2026-06-15T13:54:05.507335Z,fill
,FILL,,1,,,,,,,20260615093348427::5f78ee40-07a1-4f93-90cf-c4014c032bee,0,,5a245328-aff7-40cc-a350-5b081c96b78c,filled,1.2,1,sell,,CVX260717C00195000,2026-06-15T13:33:48.427714Z,fill
OCC,FEE,2026-06-16T08:23:52.084823Z,,USD,,2026-06-15,OCC Clearing Fee,78871a4b-1620-4c24-89cd-ab3191f6d828,,20260615000000000::f93c818d-d06c-475a-bfbb-896305b0bf35,,-0.04,87345def-f805-4f86-9190-e25ec7e35d79,,,,,executed,,,
OCC,FEE,2026-06-16T08:24:06.799081Z,,USD,,2026-06-15,OCC Clearing Fee,89545800-9c6e-4e6d-9d6b-502b3694b027,,20260615000000000::f02e0208-89a6-4f25-b735-b2c3c94874c1,,-0.02,49bc7bfc-1130-4179-8ac5-262b39e8e1cf,,,,,executed,,,
OCC,FEE,2026-06-16T08:23:21.011782Z,,USD,,2026-06-15,OCC Clearing Fee,e998cad8-bf54-4feb-a5ee-b0a971cc0e3a,,20260615000000000::ebee1468-4a4c-4a5e-b648-09333a364de8,,-0.02,4a4d1bca-e329-48d5-960f-424b2f7b6712,,,,,executed,,,
OCC,FEE,2026-06-16T08:23:59.502538Z,,USD,,2026-06-15,OCC Clearing Fee,e0adb059-de0d-4127-a09e-4d380d9539ae,,20260615000000000::e2fd9746-9b02-49e8-aca9-efe866bba26b,,-0.02,c137e6f1-2e95-4782-ae27-d189bb4ea380,,,,,executed,,,
CAT,FEE,2026-06-16T08:25:23.497424Z,,USD,,2026-06-15,CAT fee for proceed of 40 trades on 2026-06-15 by PA3NJU1Y90R3,,,20260615000000000::de639519-ce9a-4984-9443-22c4884558fa,,-0.02,,,,,,executed,,,
OCC,FEE,2026-06-16T08:24:06.799081Z,,USD,,2026-06-15,OCC Clearing Fee,e57bb9e8-37c4-44cc-8d6d-50afed024539,,20260615000000000::dd929344-08bb-486a-b86a-1b3322980fa4,,-0.04,2a758caa-8588-4465-830f-8f34a9b4883b,,,,,executed,,,
OCC,FEE,2026-06-16T08:24:06.799081Z,,USD,,2026-06-15,OCC Clearing Fee,6fe473a9-3146-4977-8614-dae6547ffd17,,20260615000000000::da0c5ed9-d1a2-477c-9084-822f5d95765e,,-0.02,389786f3-8f26-4c53-9beb-c24f8557a395,,,,,executed,,,
TAF,FEE,2026-06-16T08:24:18.608214Z,,USD,,2026-06-15,OPT TAF fee for proceed of 5 contracts (5 trades) on 2026-06-15 by PA3NJU1Y90R3,,,20260615000000000::cdffe68c-7c7c-48f0-95e1-fc874bac0d24,,-0.02,,,,,,executed,,,
OCC,FEE,2026-06-16T08:24:06.799081Z,,USD,,2026-06-15,OCC Clearing Fee,c2ddb847-c229-426f-9e3a-fa5f0b232ac2,,20260615000000000::c57e887e-3f0a-4cda-9415-4b863054c4ef,,-0.02,34a96d1b-2018-48f9-8786-4f95e025982f,,,,,executed,,,
OCC,FEE,2026-06-16T08:24:11.693229Z,,USD,,2026-06-15,OCC Clearing Fee,2affb8b3-5045-437f-bf12-9d99b399dd05,,20260615000000000::c2ff9f2a-5e50-40e5-bced-77a4435bac61,,-0.02,67d42cae-bf31-4736-873e-385acd1dcb5f,,,,,executed,,,
OCC,FEE,2026-06-16T08:24:06.799081Z,,USD,,2026-06-15,OCC Clearing Fee,75675299-972e-4250-9a80-e530ff123409,,20260615000000000::b8151116-835c-4fbd-b12a-7861ee3bff6c,,-0.02,c7a427c0-8a42-4b64-aec6-a0b17b8b06a4,,,,,executed,,,
OCC,FEE,2026-06-16T08:24:06.799081Z,,USD,,2026-06-15,OCC Clearing Fee,7870dc36-e905-4284-ab0d-049454f5e646,,20260615000000000::b74685ff-2c95-4b2f-a122-c7c12e945340,,-0.02,1156ebce-3cfd-42e6-b115-04a7aebfb35f,,,,,executed,,,
OCC,FEE,2026-06-16T08:24:06.799081Z,,USD,,2026-06-15,OCC Clearing Fee,4c0c7a04-b515-41ab-87a3-86d102ed042e,,20260615000000000::b6b23d67-6242-4d9a-ab2a-1dde90d583f9,,-0.02,8283c381-75ff-4961-9bef-28147a78d505,,,,,executed,,,
OCC,FEE,2026-06-16T08:24:09.239568Z,,USD,,2026-06-15,OCC Clearing Fee,33fdbd1a-5522-4c6a-9c0f-5f8aa4c35f52,,20260615000000000::b23fb6bd-9d0c-46dc-9ee0-b55116f1b06b,,-0.04,8a7b5227-3073-496a-958c-3939f816357e,,,,,executed,,,
OCC,FEE,2026-06-16T08:24:06.799081Z,,USD,,2026-06-15,OCC Clearing Fee,72dcd6a9-fc84-4d50-83e2-849f93a7b85b,,20260615000000000::abeb89fc-a178-4501-ae9a-c49b0732d36f,,-0.02,49bc7bfc-1130-4179-8ac5-262b39e8e1cf,,,,,executed,,,
OCC,FEE,2026-06-16T08:24:06.799081Z,,USD,,2026-06-15,OCC Clearing Fee,bef8712a-868c-40e5-b493-93c568844d15,,20260615000000000::a8c1c0ad-bfcc-4a7f-8b16-3c32b630aeec,,-0.04,127ddf63-bd4b-4c33-8bf1-5b5433bbfbb1,,,,,executed,,,
OCC,FEE,2026-06-16T08:24:06.799081Z,,USD,,2026-06-15,OCC Clearing Fee,119d959b-3bf5-4d46-a455-9cb764e4377c,,20260615000000000::a7902e31-824e-4fc5-8a9c-1b55001b30e4,,-0.04,cb6d4b91-bcd6-42a8-9a93-00ab9a716c1f,,,,,executed,,,
OCC,FEE,2026-06-16T08:23:57.081034Z,,USD,,2026-06-15,OCC Clearing Fee,471a62a2-3f48-4f3f-86ee-2d908eb0a8f9,,20260615000000000::a565212b-0514-457a-ab4d-15edf0cc48d9,,-0.04,b8df72d7-a1a2-4ce3-b4c2-9be528465141,,,,,executed,,,
OCC,FEE,2026-06-16T08:24:06.799081Z,,USD,,2026-06-15,OCC Clearing Fee,0e9e9a67-ccfd-4991-8df7-b4343427e16f,,20260615000000000::93b75498-72f8-4e28-aa16-1971c8a04484,,-0.02,d2e6ecbf-4b9f-4903-a5e4-95873eda134b,,,,,executed,,,
OCC,FEE,2026-06-16T08:23:59.502538Z,,USD,,2026-06-15,OCC Clearing Fee,88bf3373-eb5b-4345-a4fa-fc6f5b532021,,20260615000000000::93720d43-c2bc-42dc-91d6-622a2a8cc682,,-0.04,ae57606d-e72b-4eca-aca8-4eb9952a0d15,,,,,executed,,,
OCC,FEE,2026-06-16T08:23:49.558461Z,,USD,,2026-06-15,OCC Clearing Fee,3655749a-b958-44a3-a96c-793d1f8cc3dd,,20260615000000000::7bc935de-4b43-4b01-b7b4-3c8ff7850d13,,-0.02,400d89a2-425e-4dc1-b53f-86d70d2cf5d0,,,,,executed,,,
OCC,FEE,2026-06-16T08:24:25.365676Z,,USD,,2026-06-15,OCC Clearing Fee,7d7ca22e-a81b-4f30-9159-ab5e26e36ea4,,20260615000000000::71d12c9f-6d15-4848-95b6-846b0760b308,,-0.02,27c65141-f591-4c3f-9530-db003645e049,,,,,executed,,,
OCC,FEE,2026-06-16T08:24:06.799081Z,,USD,,2026-06-15,OCC Clearing Fee,26d78175-aa6a-4b88-b4b8-1df4030b8fd3,,20260615000000000::6e0641b5-3feb-4993-99c9-a992fc5ac381,,-0.04,c1616781-a993-438e-aa0a-ba6b436ce434,,,,,executed,,,
OCC,FEE,2026-06-16T08:24:09.239568Z,,USD,,2026-06-15,OCC Clearing Fee,e8fd8eb8-b81a-41ec-810a-f94883e2d0a9,,20260615000000000::671694a5-cfa5-429e-ba36-8a9927bdcee5,,-0.02,ad4e2e1b-cad3-4a72-89bd-215b8611829c,,,,,executed,,,
TAF,FEE,2026-06-16T08:25:45.118649Z,,USD,,2026-06-15,TAF fee for proceed of 4 shares (3 trades) on 2026-06-15 by PA3NJU1Y90R3,,,20260615000000000::64a1b52d-17a0-4bba-9552-902f962dd8f0,,-0.01,,,,,,executed,,,
OCC,FEE,2026-06-16T08:24:06.799081Z,,USD,,2026-06-15,OCC Clearing Fee,8748fe2f-182f-48d5-b315-1b350f5a4dc2,,20260615000000000::5be5d252-1c64-406d-8114-5b0aa8474f56,,-0.04,77e3d247-cdbd-4f10-90ff-fb336a975040,,,,,executed,,,
OCC,FEE,2026-06-16T08:24:18.608214Z,,USD,,2026-06-15,OCC Clearing Fee,2309ff41-32ca-4e59-a14a-48c7442e28d5,,20260615000000000::5a6f5c33-277b-43a4-ae8a-75f9be8be1cc,,-0.04,a76f9af5-80e4-420e-bb93-02430088729b,,,,,executed,,,
OCC,FEE,2026-06-16T08:23:59.502538Z,,USD,,2026-06-15,OCC Clearing Fee,48074470-c2bd-41d3-9b07-a7ce12350c31,,20260615000000000::54d16b0f-04f8-463b-941e-b2389c7ca104,,-0.02,6c063403-caa7-41c3-9a9a-a89a070f2a59,,,,,executed,,,
OCC,FEE,2026-06-16T08:23:07.374103Z,,USD,,2026-06-15,OCC Clearing Fee,5f78ee40-07a1-4f93-90cf-c4014c032bee,,20260615000000000::53a6eafe-f416-4824-be22-a1787f8fcdab,,-0.02,5a245328-aff7-40cc-a350-5b081c96b78c,,,,,executed,,,
OCC,FEE,2026-06-16T08:23:49.558461Z,,USD,,2026-06-15,OCC Clearing Fee,fc7850ca-59f9-4008-b25b-d045d85263ec,,20260615000000000::51fffbff-59cf-4e5e-8665-803a3ea07b45,,-0.02,87f32caa-29a6-41d4-8e80-414a9b1a2347,,,,,executed,,,
OCC,FEE,2026-06-16T08:24:06.799081Z,,USD,,2026-06-15,OCC Clearing Fee,1dfeef91-6b84-4a08-9496-cccd20c67620,,20260615000000000::46884bcc-5345-41ff-b104-41f0f97f4541,,-0.04,6258999e-9ad5-4ae6-8efb-6617b1aad5c9,,,,,executed,,,
OCC,FEE,2026-06-16T08:24:06.799081Z,,USD,,2026-06-15,OCC Clearing Fee,9fd461a4-f284-40f9-aadd-03f50fa46b2a,,20260615000000000::39ddd0d4-3346-4d6d-be4a-ad192964806e,,-0.02,f5fb9862-03d9-4d3b-890a-08bc2a5af444,,,,,executed,,,
OCC,FEE,2026-06-16T08:23:57.081034Z,,USD,,2026-06-15,OCC Clearing Fee,fc048843-c519-48bb-80c7-57077b487ea9,,20260615000000000::337a4800-4b8e-48d5-9635-8412cfb43ca8,,-0.02,f94ea609-7e56-4528-994a-ca346a2b3d50,,,,,executed,,,
OCC,FEE,2026-06-16T08:24:09.239568Z,,USD,,2026-06-15,OCC Clearing Fee,07cae5e4-8863-4f40-88af-1d569bc7986e,,20260615000000000::2c2684de-d624-4bc7-b4b7-742fd5b5b7cb,,-0.02,a7c3c58b-a2ad-406e-ad2d-1c98e11eb48f,,,,,executed,,,
OCC,FEE,2026-06-16T08:24:06.799081Z,,USD,,2026-06-15,OCC Clearing Fee,02a93be7-7186-41c5-847f-f28bca509694,,20260615000000000::2b6501a3-d911-4292-8302-d8cd33fd1a08,,-0.02,61e794b1-292e-40e4-892d-0913cb91b74c,,,,,executed,,,
OCC,FEE,2026-06-16T08:24:09.239568Z,,USD,,2026-06-15,OCC Clearing Fee,c94403fc-7f5c-4748-b029-b3dd82ef9ad6,,20260615000000000::26fecf3e-7d97-4b76-a457-3e05994a0431,,-0.04,4973fb05-9509-4105-804e-e238d43b8d3f,,,,,executed,,,
ORF,FEE,2026-06-16T08:24:16.28735Z,,USD,,2026-06-15,ORF fee for proceed of 51 contracts on 2026-06-15 by PA3NJU1Y90R3,,,20260615000000000::1f5ea720-0c33-433e-8c47-9c6b5d58b027,,-1.37,,,,,,executed,,,
OCC,FEE,2026-06-16T08:23:40.134432Z,,USD,,2026-06-15,OCC Clearing Fee,b9a6f008-3804-4467-a318-b48a4c5dfeb8,,20260615000000000::1c6283ad-2f93-4c7f-b5cf-bf588d322779,,-0.04,7c9c7d9c-6839-4abd-8ff0-bc1555e412ee,,,,,executed,,,
OCC,FEE,2026-06-16T08:24:48.921149Z,,USD,,2026-06-15,OCC Clearing Fee,e7b6b443-1f99-4c77-bba7-8a56eaecbc4d,,20260615000000000::13e51917-f91e-4ddf-9e78-bba8decc8bbe,,-0.02,8f51896f-b60d-46df-8343-5c9861c938d1,,,,,executed,,,
OCC,FEE,2026-06-16T08:24:09.239568Z,,USD,,2026-06-15,OCC Clearing Fee,56038c78-9495-43f4-ba6a-ce2c4ae29f3d,,20260615000000000::01234c7f-d5ed-4d73-bd49-4c445ab54af0,,-0.02,2f4a3333-73f6-41d4-86d1-ff097fe856e4,,,,,executed,,,
OCC,FEE,2026-06-16T08:23:59.502538Z,,USD,,2026-06-15,OCC Clearing Fee,64c889ae-9d8b-4f1d-ab15-43705c9e7547,,20260615000000000::006125e1-33f1-47b6-bc9b-e1308bb43394,,-0.04,695169b5-4c29-44e9-a3a1-5add83b07e95,,,,,executed,,,
,FILL,,1,,,,,,,20260612151238834::a9160f56-40bd-4c7d-9f32-80b150a94434,0,,8cb106a7-5e56-47b6-bda0-bbd2b2a3c66e,filled,3.7,1,buy,,CVX260717C00195000,2026-06-12T19:12:38.834095Z,fill
,FILL,,1,,,,,,,20260612145958275::f91a3fa9-a62f-4de8-b30f-6a914c1cc324,0,,ced24914-b689-425a-9555-47ffea5bff2c,filled,6.96,1,sell,,IWM260717C00296000,2026-06-12T18:59:58.275597Z,fill
,FILL,,1,,,,,,,20260612100121377::fe1e4c1a-a135-48bd-856f-7ffce9c63edb,0,,c0a0da23-beb6-4198-93fc-1a4a8b061c0f,filled,4.35,1,buy,,PEP260717C00145000,2026-06-12T14:01:21.377346Z,fill
,FILL,,1,,,,,,,20260612100109391::d938414b-fdee-4065-9392-19648b6dc179,0,,aedd5a59-5661-46f7-8611-3c570d5e340c,filled,30.3,1,buy,,SMH260717C00640000,2026-06-12T14:01:09.391204Z,fill
,FILL,,1,,,,,,,20260612100055979::c8ba715e-aab7-4a5f-bd04-58d69aa1b740,0,,58628f46-a904-40fb-91e0-a646c9ed91cf,filled,0.7,1,buy,,XLF260717C00054000,2026-06-12T14:00:55.979443Z,fill
,FILL,,2,,,,,,,20260612100043953::31bae20e-e253-432e-b7a0-c20f60db5a08,0,,567176b6-07ae-43ff-9397-9596f7bf471c,filled,12.65,2,buy,,JPM260717C00315000,2026-06-12T14:00:43.953095Z,fill
,FILL,,1,,,,,,,20260612100032024::bab157e1-c7d2-4951-9e51-d34361397d64,0,,b04ddc37-d904-4a43-99b4-27b7da8aef45,filled,25.35,1,buy,,ORCL260717P00200000,2026-06-12T14:00:32.02498Z,fill
,FILL,,2,,,,,,,20260612100018167::d85be646-5806-49c7-9584-05d55135f324,0,,17de01f9-62ff-4b1a-b80a-3fe938bc24a4,filled,11.5,2,buy,,NFLX260717P00090000,2026-06-12T14:00:18.167365Z,fill
,FILL,,1,,,,,,,20260612100005219::1858566f-03de-4d1a-9404-d138ad716188,0,,6159526a-1431-49ea-9476-c3d2d6589098,filled,41.95,1,buy,,TSLA260717C00370000,2026-06-12T14:00:05.219338Z,fill
,FILL,,1,,,,,,,20260612094701759::5266a3e8-c555-48ac-98c5-077869982a3b,0,,338d4770-7214-4665-9f30-a6316846631a,filled,4.55,1,sell,,NKE260717C00042500,2026-06-12T13:47:01.759925Z,fill
,FILL,,2,,,,,,,20260612093153857::2e5ddba2-cad1-41fc-a418-baa3184e14c9,0,,985570ee-c4e0-4593-ae14-7fe9e1521087,filled,7.45,1,sell,,BA260717C00225000,2026-06-12T13:31:53.857967Z,fill
,FILL,,1,,,,,,,20260612093153748::e906b399-f04d-4790-aa1b-172400afdacd,1,,985570ee-c4e0-4593-ae14-7fe9e1521087,partially_filled,7.45,1,sell,,BA260717C00225000,2026-06-12T13:31:53.748472Z,partial_fill
OCC,FEE,2026-06-13T08:23:15.112136Z,,USD,,2026-06-12,OCC Clearing Fee,2e5ddba2-cad1-41fc-a418-baa3184e14c9,,20260612000000000::f6fd3f0e-f06f-43ba-943e-6662d0399226,,-0.02,985570ee-c4e0-4593-ae14-7fe9e1521087,,,,,executed,,,
OCC,FEE,2026-06-13T08:23:36.924237Z,,USD,,2026-06-12,OCC Clearing Fee,c8ba715e-aab7-4a5f-bd04-58d69aa1b740,,20260612000000000::edabee05-9416-4a8c-b9f8-86b968a49928,,-0.02,58628f46-a904-40fb-91e0-a646c9ed91cf,,,,,executed,,,
OCC,FEE,2026-06-13T08:23:34.797352Z,,USD,,2026-06-12,OCC Clearing Fee,1858566f-03de-4d1a-9404-d138ad716188,,20260612000000000::da37b2be-5b6a-4ae5-9ad4-b8d83bbf83d5,,-0.02,6159526a-1431-49ea-9476-c3d2d6589098,,,,,executed,,,
ORF,FEE,2026-06-13T08:22:46.084965Z,,USD,,2026-06-12,ORF fee for proceed of 14 contracts on 2026-06-12 by PA3NJU1Y90R3,,,20260612000000000::d4918e0c-bc9e-452e-b308-7658f023a544,,-0.38,,,,,,executed,,,
OCC,FEE,2026-06-13T08:23:52.966842Z,,USD,,2026-06-12,OCC Clearing Fee,f91a3fa9-a62f-4de8-b30f-6a914c1cc324,,20260612000000000::c36fcc20-46a4-43c7-9e44-d25a64cdd34c,,-0.02,ced24914-b689-425a-9555-47ffea5bff2c,,,,,executed,,,
OCC,FEE,2026-06-13T08:23:36.924237Z,,USD,,2026-06-12,OCC Clearing Fee,d938414b-fdee-4065-9392-19648b6dc179,,20260612000000000::ae5c8e5b-f281-42b5-b377-b22fceba7bf5,,-0.02,aedd5a59-5661-46f7-8611-3c570d5e340c,,,,,executed,,,
CAT,FEE,2026-06-13T08:24:13.766463Z,,USD,,2026-06-12,CAT fee for proceed of 12 trades on 2026-06-12 by PA3NJU1Y90R3,,,20260612000000000::a1a9cb8e-3d5e-44c7-b18c-7e1eec09b592,,-0.01,,,,,,executed,,,
OCC,FEE,2026-06-13T08:23:34.797352Z,,USD,,2026-06-12,OCC Clearing Fee,bab157e1-c7d2-4951-9e51-d34361397d64,,20260612000000000::9d1feb28-baa9-4e1b-bfcc-9fa829e8b35f,,-0.02,b04ddc37-d904-4a43-99b4-27b7da8aef45,,,,,executed,,,
OCC,FEE,2026-06-13T08:23:15.112136Z,,USD,,2026-06-12,OCC Clearing Fee,e906b399-f04d-4790-aa1b-172400afdacd,,20260612000000000::85c603be-99b6-460e-ba38-02764ce0760e,,-0.02,985570ee-c4e0-4593-ae14-7fe9e1521087,,,,,executed,,,
TAF,FEE,2026-06-13T08:22:46.084965Z,,USD,,2026-06-12,OPT TAF fee for proceed of 4 contracts (4 trades) on 2026-06-12 by PA3NJU1Y90R3,,,20260612000000000::6d5c838c-3ca9-4fa1-baef-e85cdeee72e4,,-0.02,,,,,,executed,,,
OCC,FEE,2026-06-13T08:23:36.924237Z,,USD,,2026-06-12,OCC Clearing Fee,fe1e4c1a-a135-48bd-856f-7ffce9c63edb,,20260612000000000::44534c4c-c29b-4aeb-a51e-2f679c24f52c,,-0.02,c0a0da23-beb6-4198-93fc-1a4a8b061c0f,,,,,executed,,,
OCC,FEE,2026-06-13T08:23:34.797352Z,,USD,,2026-06-12,OCC Clearing Fee,d85be646-5806-49c7-9584-05d55135f324,,20260612000000000::4052ebe7-d192-4c2e-9735-cf8f9b2b9453,,-0.04,17de01f9-62ff-4b1a-b80a-3fe938bc24a4,,,,,executed,,,
OCC,FEE,2026-06-13T08:23:52.966842Z,,USD,,2026-06-12,OCC Clearing Fee,a9160f56-40bd-4c7d-9f32-80b150a94434,,20260612000000000::1f212516-e7a3-49f2-8cfc-ab57437b1f11,,-0.02,8cb106a7-5e56-47b6-bda0-bbd2b2a3c66e,,,,,executed,,,
OCC,FEE,2026-06-13T08:23:32.714114Z,,USD,,2026-06-12,OCC Clearing Fee,5266a3e8-c555-48ac-98c5-077869982a3b,,20260612000000000::18c5c172-2ff2-472f-9a5b-d28bceff1852,,-0.02,338d4770-7214-4665-9f30-a6316846631a,,,,,executed,,,
OCC,FEE,2026-06-13T08:23:34.797352Z,,USD,,2026-06-12,OCC Clearing Fee,31bae20e-e253-432e-b7a0-c20f60db5a08,,20260612000000000::0578aaf3-e000-4464-ae6c-a6745013a228,,-0.04,567176b6-07ae-43ff-9397-9596f7bf471c,,,,,executed,,,
,FILL,,2,,,,,,,20260611155230998::10024510-10d1-474b-ae4f-c19220ba9567,0,,ac777ca2-bbb6-45db-af38-8fbbaae30962,filled,16.9,2,sell,,TXN260717C00300000,2026-06-11T19:52:30.998759Z,fill
,FILL,,1,,,,,,,20260611155214243::4561d9e1-551f-4cd7-b20e-2675a8a01a0e,0,,ad04fb6e-bd8f-4a88-af20-47917cc32369,filled,0.88,1,sell,,PFE260717C00026000,2026-06-11T19:52:14.243501Z,fill
,FILL,,2,,,,,,,20260611155155926::868910cb-92a8-4780-8b1f-8dc533012263,0,,9c9c10d2-966e-49cb-9d14-ee2e5f443851,filled,12.55,2,sell,,JNJ260717C00230000,2026-06-11T19:51:55.926088Z,fill
,FILL,,2,,,,,,,20260611153630198::89998ce4-a5ef-4fc4-9c16-7e8a20fd4097,0,,d3a35b1d-b7d1-49b6-a8b0-6e27fd7f5ddd,filled,8.45,2,sell,,GOOGL260717P00345000,2026-06-11T19:36:30.198683Z,fill
,FILL,,1,,,,,,,20260611144713595::01ca9e3c-df40-4e64-beef-3c51e6a76538,0,,832278f7-b097-483f-82aa-05ec73e825f6,filled,1.05,1,sell,,DUK260717C00130000,2026-06-11T18:47:13.595463Z,fill
,FILL,,2,,,,,,,20260611143113688::08647e67-e3f0-4617-aaab-ea5a4312ff59,0,,291a41b7-3945-44a6-ae95-314ed0181942,filled,7.5,2,buy,,BA260717C00225000,2026-06-11T18:31:13.688064Z,fill
,FILL,,3,,,,,,,20260611142811615::781c2570-fbbd-41dc-a6b7-646423f212b3,0,,cc3080d1-03e3-49a5-831f-3e64bb9483de,filled,30.6,3,sell,,SAP260717P00195000,2026-06-11T18:28:11.615252Z,fill
,FILL,,1,,,,,,,20260611141254503::ed7ce78a-ca6e-4262-8915-0d14debc58a2,0,,ac727f65-ad58-47bf-a3f2-5a818e707ec4,filled,1.35,1,buy,,DUK260717C00130000,2026-06-11T18:12:54.503299Z,fill
,FILL,,2,,,,,,,20260611141243784::85ebe572-60f4-427b-a48a-e9ec79759a71,0,,ea1033a9-d471-4779-90ad-50bfdf9ad030,filled,1.05,2,buy,,SOFI260717P00016000,2026-06-11T18:12:43.78494Z,fill
,FILL,,2,,,,,,,20260611140937289::99108048-2953-4d98-9ead-7ff132a6a3b1,0,,8b27e16f-f193-447e-a6d7-a8333d42a3d7,filled,29.6,2,sell,,SMH260717C00620000,2026-06-11T18:09:37.289832Z,fill
,FILL,,2,,,,,,,20260611140934528::d029926c-82b0-4695-af1b-8f9ac1908957,0,,b8c23ccd-ed71-4487-92b0-d779b2245dc7,filled,3.6,2,sell,,TGT260717C00135000,2026-06-11T18:09:34.528184Z,fill
,FILL,,1,,,,,,,20260611135424146::5b9465fb-749e-40e9-a891-0f9b571f8ba9,0,,6f4d1f83-0478-4d65-8e1c-d9606f44fb35,filled,15.2,1,buy,,SO260717C00080000,2026-06-11T17:54:24.146183Z,fill
,FILL,,1,,,,,,,20260611135412558::fad636c1-b31b-423b-8a7d-cf8af229fa5f,0,,1c759159-8bcd-42ca-921d-66e05b71f0f1,filled,28.3,1,buy,,SPG260717C00190000,2026-06-11T17:54:12.558037Z,fill
,FILL,,2,,,,,,,20260611135401250::6c7f2c51-7676-46c5-a995-fe11566cfe3a,0,,3de53782-f0bf-46a7-90f2-53fd46bd9a5f,filled,5.6,2,buy,,MMM260717C00160000,2026-06-11T17:54:01.250283Z,fill
,FILL,,2,,,,,,,20260611135350298::05336085-3e4a-4ca2-a3ff-ff14bddcc9d8,0,,c7797580-f04f-471e-a001-9094ccac2e07,filled,18.05,2,buy,,TXN260717C00300000,2026-06-11T17:53:50.298662Z,fill
,FILL,,2,,,,,,,20260611135339884::368c4f3f-4451-413f-92dd-004955c23141,0,,bbd658a8-39c6-4af4-94ca-0cd27bd66f3f,filled,13.3,2,buy,,MRK260717C00110000,2026-06-11T17:53:39.884008Z,fill
,FILL,,1,,,,,,,20260611135329605::40aa7bc3-5778-4681-b16d-a82e01ea84a0,0,,927a778e-cab2-4c31-a222-a4ee464753e2,filled,1.13,1,buy,,BAC260717C00057500,2026-06-11T17:53:29.60566Z,fill
,FILL,,1,,,,,,,20260611135319834::1074bb0b-4cc4-4ed0-a415-acc3a97fa7c9,0,,1ce09772-8201-44d2-96dc-12d60890e169,filled,38.7,1,buy,,AVGO260717P00410000,2026-06-11T17:53:19.834841Z,fill
,FILL,,2,,,,,,,20260611135310216::2c31d6ce-77d6-47b7-ac33-719d96ff7b0f,0,,1f8760c7-ad19-4d7f-8ced-ab5d85889097,filled,10.8,2,buy,,GOOGL260717P00345000,2026-06-11T17:53:10.216255Z,fill
,FILL,,3,,,,,,,20260611135300966::cef49344-228f-4435-948a-70998854e8ba,0,,9d3c5cc6-392f-4c70-bd29-0af9397f319d,filled,1.03,3,buy,,RIVN260717P00015000,2026-06-11T17:53:00.966367Z,fill
,FILL,,2,,,,,,,20260611135251909::addab01d-7f2e-4d28-b884-5b04b1933b39,0,,60ba4acb-468f-4f16-843e-86f35683750d,filled,2.43,2,buy,,WMT260717C00125000,2026-06-11T17:52:51.909485Z,fill
,FILL,,2,,,,,,,20260611135243093::af3f242d-4c06-465d-9b3a-a4b93cc7e894,0,,8b98b9c6-c247-4b57-ae96-7a9271215d0a,filled,19.5,2,buy,,C260717C00120000,2026-06-11T17:52:43.093334Z,fill
,FILL,,1,,,,,,,20260611135234844::d344c816-1625-4ad8-8390-de7bd2961f94,0,,ba25b5c3-a4d4-4c20-91a1-ebbc2b586ef4,filled,5.8,1,buy,,IWM260717C00296000,2026-06-11T17:52:34.844718Z,fill
,FILL,,2,,,,,,,20260611134530366::641911a5-8b4e-4e86-8158-3d540313d2b7,0,,e69653a4-739e-4491-a4c4-f63f555ad7cc,filled,18.7,2,sell,,ORCL260717P00190000,2026-06-11T17:45:30.366714Z,fill
,FILL,,2,,,,,,,20260611134523461::f28f2914-9ede-4962-af3a-fa89b9d0b238,0,,e58513f0-1ecf-4a3d-bfeb-37251b5a4293,filled,11.35,2,sell,,GE260717P00320000,2026-06-11T17:45:23.461467Z,fill
,FILL,,1,,,,,,,20260611134518171::79554c2c-81aa-4c8a-9f63-480648b1800c,0,,5a557db3-492c-47ed-8d1b-2d34926eed27,filled,1.3,1,sell,,OXY260717C00060000,2026-06-11T17:45:18.171845Z,fill
,FILL,,2,,,,,,,20260611134516008::5c0e1a18-d5b0-4b3b-bb5e-cdb329463b36,0,,a8ef5053-46c2-4a0d-bd00-f306a1b2c25c,filled,14.55,2,sell,,NET260717P00220000,2026-06-11T17:45:16.008077Z,fill
,FILL,,2,,,,,,,20260611134513188::a62fe808-d0e4-4271-8c88-f4add24095af,0,,31794b1e-f2ef-4b5d-91f0-3caaefe3e4e3,filled,49.7,1,sell,,IBM260717P00325000,2026-06-11T17:45:13.188784Z,fill
,FILL,,1,,,,,,,20260611134513062::6cbd6fae-74b9-47be-bfc6-82b86ebc9b30,1,,31794b1e-f2ef-4b5d-91f0-3caaefe3e4e3,partially_filled,49.7,1,sell,,IBM260717P00325000,2026-06-11T17:45:13.062794Z,partial_fill
,FILL,,1,,,,,,,20260611134508264::72060cf3-f39f-4dc2-9171-2912ff434113,0,,350420a6-07e9-4fa2-aa46-2de423645663,filled,3.75,1,sell,,CVX260717C00195000,2026-06-11T17:45:08.264843Z,fill
,FILL,,2,,,,,,,20260611134501211::f74d1636-0755-4012-9491-e827ed8f1792,0,,a1ea2f67-c901-4e48-94a6-1912c07f8c42,filled,5.1,2,sell,,XLK260717P00175000,2026-06-11T17:45:01.211024Z,fill
,FILL,,3,,,,,,,20260611134455856::4444d28e-9bd7-4560-a0e7-3c4fdd3e083e,0,,93316072-02eb-4f90-bbf3-44361ad1791c,filled,14.6,1,sell,,ADBE260717P00225000,2026-06-11T17:44:55.856636Z,fill
,FILL,,2,,,,,,,20260611134455717::5af95631-2370-46d5-88bc-9b9da6ac1f67,1,,93316072-02eb-4f90-bbf3-44361ad1791c,partially_filled,14.6,2,sell,,ADBE260717P00225000,2026-06-11T17:44:55.717334Z,partial_fill
,FILL,,2,,,,,,,20260611134451250::c5d72b29-fa16-46b8-a6dd-a95320a94c59,0,,fec52711-4ce6-4b8e-8e0b-8ae42746d110,filled,16.45,2,sell,,TSLA260717P00380000,2026-06-11T17:44:51.25044Z,fill
,FILL,,2,,,,,,,20260611134450165::350c35ea-ba8b-4149-8779-f1df4bbfc795,0,,4d22662d-8a2c-4656-98f8-e5ae2486ccb1,filled,3.35,2,sell,,UBER260717P00070000,2026-06-11T17:44:50.165701Z,fill
,FILL,,1,,,,,,,20260611134448355::ffd49c82-cf56-4228-bb71-eab5dfd8739c,0,,e118ecc1-5315-4613-90fa-9fecfbedf5e0,filled,0.9,1,sell,,XLE260717C00060000,2026-06-11T17:44:48.355319Z,fill
,FILL,,1,,,,,,,20260611134446416::b14f58d1-01e5-46d9-a22d-46afb624814a,0,,91edd215-8f2a-4a2d-81bd-294d5610262a,filled,83.25,1,sell,,META260717P00650000,2026-06-11T17:44:46.416052Z,fill
,FILL,,3,,,,,,,20260611132838392::c8d5990a-922c-4ba3-82c3-49fc084a2ce7,0,,d75b9a8d-b083-46eb-b652-c8edb55fd91f,filled,6.15,3,buy,,PLTR260717P00125000,2026-06-11T17:28:38.39232Z,fill
,FILL,,1,,,,,,,20260611132030352::4d230ca5-afc3-415b-ba68-34b96affaf4f,0,,52af9726-e78b-473b-9b7f-0b594883e6e7,filled,3.05,1,sell,,PEP260717C00150000,2026-06-11T17:20:30.352253Z,fill
,FILL,,2,,,,,,,20260611123829323::0277c8d1-faa5-41df-896e-d28ef7976511,0,,83f7cd5d-abbc-465b-b04b-28f95447ca12,filled,19.6,2,buy,,ORCL260717P00190000,2026-06-11T16:38:29.323408Z,fill
,FILL,,1,,,,,,,20260611123818026::e3d12783-d7b1-4f9a-9068-a064b5e76caf,0,,f0472f16-ba2e-47c0-8d1d-f89ac2aea00c,filled,0.93,1,buy,,PFE260717C00026000,2026-06-11T16:38:18.026997Z,fill
,FILL,,3,,,,,,,20260611122419090::7402c440-81bf-473e-9cfd-08f0b9fa7568,0,,6c71e7b5-0e16-4bb3-866e-5a688c7885cf,filled,7.65,2,buy,,OKTA260717P00115000,2026-06-11T16:24:19.090733Z,fill
,FILL,,1,,,,,,,20260611122418971::2d72edb9-96a3-4dec-80ed-e6797496dbb4,2,,6c71e7b5-0e16-4bb3-866e-5a688c7885cf,partially_filled,7.65,1,buy,,OKTA260717P00115000,2026-06-11T16:24:18.971908Z,partial_fill
,FILL,,2,,,,,,,20260611122009201::6c7626cc-6348-468f-95c6-0b67222fe9d3,0,,202a439d-0602-4ad2-ada1-add44d04e911,filled,11.35,2,sell,,GOOGL260717P00345000,2026-06-11T16:20:09.201606Z,fill
,FILL,,2,,,,,,,20260611122004396::65acd55c-bfd4-4447-ab56-503ab1cced9a,0,,9e8d8c09-42b1-4835-bbee-5700858c10c0,filled,56.1,2,sell,,AVGO260717P00430000,2026-06-11T16:20:04.396067Z,fill
,FILL,,3,,,,,,,20260611121957728::13cb25cf-4b77-45d4-b933-82157e794de5,0,,11a8fcf9-c6bc-4872-80b8-d76e17162590,filled,17.4,3,sell,,PLTR260717P00145000,2026-06-11T16:19:57.728471Z,fill
,FILL,,3,,,,,,,20260611120422508::4b79d22b-e69e-486b-88f6-b984864de796,0,,4e565542-9b29-4da9-bade-323f804244d3,filled,50.3,3,buy,,INTU260821P00310000,2026-06-11T16:04:22.508003Z,fill
,FILL,,1,,,,,,,20260611115806935::a4348344-f499-4d56-8e24-88aaa1b2ab6f,0,,5c360f0b-a733-486d-a4e2-bc97771cec19,filled,1.25,1,sell,,DUK260717C00130000,2026-06-11T15:58:06.935107Z,fill
,FILL,,2,,,,,,,20260611114134366::addeda3f-21ec-404c-bc8e-f40120f5bdf9,0,,a1714035-73e0-40c0-b413-3e42e700c435,filled,15.6,2,buy,,GE260717P00320000,2026-06-11T15:41:34.366983Z,fill
,FILL,,3,,,,,,,20260611113409447::1374ed4d-a014-451a-b68c-766fea52adb0,0,,1b4a3a74-2075-4e4d-8e13-78d72196be65,filled,1.16,3,sell,,SOFI260717P00016000,2026-06-11T15:34:09.447027Z,fill
,FILL,,1,,,,,,,20260611111748530::22641bb7-17d3-4739-80b9-037aff979fc9,0,,1ced3aa0-2394-43af-a587-cfea27933ef3,filled,1.55,1,buy,,DUK260717C00130000,2026-06-11T15:17:48.530231Z,fill
,FILL,,3,,,,,,,20260611111023136::83b4472c-fa84-40e2-9233-c0c64e237a0e,0,,be701136-1ff1-474f-8a8f-7588ba1ef5b5,filled,1.12,3,sell,,RIVN260717P00015000,2026-06-11T15:10:23.136571Z,fill
,FILL,,3,,,,,,,20260611105341317::07c67dd7-ad47-4e45-a1c4-7651f1b3bb6f,0,,79245d91-4d4a-4fd9-b9c4-2c5731b366fd,filled,4.05,3,buy,,GM260717P00080000,2026-06-11T14:53:41.317635Z,fill
,FILL,,3,,,,,,,20260611105329942::7c535f44-b608-4072-a609-8cc575534576,0,,be13442c-42ca-4873-bf37-6f6e6cc273c1,filled,21.2,3,buy,,ZS260821P00135000,2026-06-11T14:53:29.942839Z,fill
,FILL,,1,,,,,,,20260611105318802::0363b7fc-8a9d-42be-bffd-0ad2a3c1d10e,0,,ef951871-9198-428c-8af1-ff7e7d105af8,filled,1.95,1,buy,,OXY260717C00060000,2026-06-11T14:53:18.802251Z,fill
,FILL,,1,,,,,,,20260611104422917::b65b1993-9a23-410f-abd7-3105f84d0f8f,0,,430fa818-8ce9-42de-b82f-a09f028d2d82,filled,2.52,1,sell,,WMT260717C00125000,2026-06-11T14:44:22.917392Z,fill
,FILL,,2,,,,,,,20260611104411623::511ef046-95b0-48b0-abb7-59b5f9820a66,0,,c4f5bdd5-4458-4831-894f-121c32737f96,filled,17.45,2,sell,,ORCL260717P00190000,2026-06-11T14:44:11.623835Z,fill
,FILL,,1,,,,,,,20260611104359949::e84c5c9c-b315-45b8-aad6-f22e2ee4f40f,0,,d6a8c725-dbf1-405e-b39a-cd72d85edc16,filled,0.45,1,sell,,PFE260717C00027000,2026-06-11T14:43:59.949322Z,fill
,FILL,,2,,,,,,,20260611100956772::59aa85a9-200e-433e-acb7-0638fa6ded32,0,,f2d15f23-5e6a-416c-a1b7-d81201eee3da,filled,16,2,buy,,NET260717P00220000,2026-06-11T14:09:56.772802Z,fill
,FILL,,3,,,,,,,20260611100945567::a87c840b-01f1-4554-a01e-ec58b65958fe,0,,595bb4dd-4e57-47df-af7b-7bd80449abd4,filled,14.25,1,buy,,ZM260717P00105000,2026-06-11T14:09:45.567101Z,fill
,FILL,,2,,,,,,,20260611100945457::2f94705d-c6b1-41a1-92fd-154d72964140,1,,595bb4dd-4e57-47df-af7b-7bd80449abd4,partially_filled,14.25,1,buy,,ZM260717P00105000,2026-06-11T14:09:45.457768Z,partial_fill
,FILL,,1,,,,,,,20260611100945333::a2a5257a-99ef-44e7-92db-1fe574862dbf,2,,595bb4dd-4e57-47df-af7b-7bd80449abd4,partially_filled,14.25,1,buy,,ZM260717P00105000,2026-06-11T14:09:45.333373Z,partial_fill
,FILL,,2,,,,,,,20260611100934272::a3414c9e-55e0-41b0-94fd-e8084e3f4cc1,0,,800e9aeb-d5bf-4d11-9e59-6d93d6a6fa33,filled,54.15,2,buy,,IBM260717P00325000,2026-06-11T14:09:34.272382Z,fill
,FILL,,3,,,,,,,20260611100923429::443212e3-242a-4a31-951b-d57ce3603ede,0,,ebeca874-9baa-44ff-be33-81abc33e92e6,filled,32.3,3,buy,,SAP260717P00195000,2026-06-11T14:09:23.429541Z,fill
,FILL,,1,,,,,,,20260611100912933::be2e8fb7-b249-4e2c-8033-30b23e50b14e,0,,ccb55795-c06f-4583-b7e7-9ad6921d1919,filled,69.8,1,buy,,COST260717C00930000,2026-06-11T14:09:12.933318Z,fill
,FILL,,1,,,,,,,20260611100902824::9b76abbc-d31d-46af-a3a2-66d6b7e08ace,0,,9c09e51e-b954-4a38-8390-d0847635eeb2,filled,5.6,1,buy,,CVX260717C00195000,2026-06-11T14:09:02.824012Z,fill
,FILL,,3,,,,,,,20260611100852856::ac8508ba-15f4-4bc3-8f84-6638076d1e94,0,,f07644ac-b406-45e6-a84f-8ece8c80a5a8,filled,1.2,3,buy,,RIVN260717P00015000,2026-06-11T14:08:52.856452Z,fill
,FILL,,3,,,,,,,20260611100843172::a4746c5d-c0fa-4461-800b-10b9fecbbf05,0,,4927e471-27c8-4f07-8ce9-33f96b2d8fbb,filled,1.25,3,buy,,LYFT260821P00013000,2026-06-11T14:08:43.172615Z,fill
,FILL,,1,,,,,,,20260611100833848::b73adc16-1493-4e9d-8bae-b34f20f4614f,0,,d6fc43c3-cc90-4d2b-b816-cca04ce57537,filled,4.4,1,buy,,NKE260717C00042500,2026-06-11T14:08:33.848721Z,fill
,FILL,,3,,,,,,,20260611100824951::2a80f228-1f6c-4608-829f-8e3f9475df07,0,,4bb2ca7e-0c0f-4f83-9b6e-3d64352d1b36,filled,1.21,3,buy,,SOFI260717P00016000,2026-06-11T14:08:24.9516Z,fill
,FILL,,2,,,,,,,20260611100816152::a0cef21a-a635-4605-bc31-92ba4bb09e8d,0,,d173af25-cc57-4050-836f-6102af1681d6,filled,6.65,2,buy,,XLK260717P00175000,2026-06-11T14:08:16.15202Z,fill
,FILL,,2,,,,,,,20260611100807881::b19e18d7-1bbb-4aea-9f3f-56e70ccfb10f,0,,e07b3147-c86e-433b-8ce2-dd6c74000041,filled,31.3,2,buy,,SMH260717C00620000,2026-06-11T14:08:07.881248Z,fill
,FILL,,1,,,,,,,20260611100759422::9af50e1f-22e4-42ae-a2d4-83f3ef2d7c1b,0,,9cd22113-f8c4-4a29-95b5-e67becd8c4f9,filled,134.45,1,buy,,CRWD260724C00555000,2026-06-11T14:07:59.422368Z,fill
,FILL,,1,,,,,,,20260611100751448::15f49f01-b67c-4a4b-b1d8-6b3e9ea1b79a,0,,29afe18e-3668-4964-8f3b-fb01f684b6e7,filled,2.44,1,buy,,WMT260717C00125000,2026-06-11T14:07:51.448277Z,fill
,FILL,,3,,,,,,,20260611100743769::5d321865-87c5-4201-a957-d36f5b2217d3,0,,45b0e7b5-7bc1-46f2-8681-c6f4e31602be,filled,13.9,3,buy,,ADBE260717P00225000,2026-06-11T14:07:43.769826Z,fill
,FILL,,2,,,,,,,20260611100737010::fbc0e8ba-2da2-4bcf-a4fa-f44f9eac1678,0,,5b2fcf7d-6652-4e3a-94b2-3a1186506472,filled,11.6,2,buy,,GOOGL260717P00345000,2026-06-11T14:07:37.010577Z,fill
,FILL,,2,,,,,,,20260611100730956::ec16373e-6f93-4c17-ae01-bef0d470fa7a,0,,4f8179d0-6bb8-4647-8466-d58ff48e2585,filled,3.25,1,buy,,TGT260717C00135000,2026-06-11T14:07:30.956517Z,fill
,FILL,,1,,,,,,,20260611100730845::c31a9f2d-3cb2-4be1-9a02-a1f3eec92c59,1,,4f8179d0-6bb8-4647-8466-d58ff48e2585,partially_filled,3.25,1,buy,,TGT260717C00135000,2026-06-11T14:07:30.845449Z,partial_fill
,FILL,,2,,,,,,,20260611100724806::78ddc406-a441-42e0-a8aa-a88f4f8dd0c0,0,,c3f2b507-f32a-4e96-bdf7-4791b183759d,filled,20.35,2,buy,,DDOG260717C00230000,2026-06-11T14:07:24.806105Z,fill
,FILL,,2,,,,,,,20260611100719111::ed10b549-cd10-4677-9253-78564fb98350,0,,bef1825f-e85a-4241-b95f-30b4dd01ab9a,filled,57.45,1,buy,,AVGO260717P00430000,2026-06-11T14:07:19.111468Z,fill
,FILL,,1,,,,,,,20260611100719003::2989168d-5f57-4939-8d4f-da2e054325c8,1,,bef1825f-e85a-4241-b95f-30b4dd01ab9a,partially_filled,57.55,1,buy,,AVGO260717P00430000,2026-06-11T14:07:19.003401Z,partial_fill
,FILL,,2,,,,,,,20260611100712895::ea9e0725-4d9f-4d83-9109-1a6c73c06603,0,,55982954-250d-453d-8d49-285785b013c6,filled,19,1,buy,,TSLA260717P00380000,2026-06-11T14:07:12.895504Z,fill
,FILL,,1,,,,,,,20260611100712753::82c34a32-18e4-46d1-8070-12a3d23428ce,1,,55982954-250d-453d-8d49-285785b013c6,partially_filled,19,1,buy,,TSLA260717P00380000,2026-06-11T14:07:12.753663Z,partial_fill
,FILL,,2,,,,,,,20260611100707269::a7e5ae6f-43a5-412b-ad6e-76fb6f99590e,0,,2c71011e-604d-4270-931b-2bccf29061b4,filled,18.05,2,buy,,ORCL260717P00190000,2026-06-11T14:07:07.269856Z,fill
,FILL,,1,,,,,,,20260611100701395::c8244ed0-3ccf-443b-8825-3ee61062a49a,0,,9013efd5-8eca-479c-a68a-7d4f1836fd19,filled,3.1,1,buy,,PEP260717C00150000,2026-06-11T14:07:01.395441Z,fill
,FILL,,2,,,,,,,20260611100656256::b37b85ae-8512-47a7-aacc-ad233b6ab479,0,,e790df49-4626-4319-a9a8-58fd6689252e,filled,4.2,2,buy,,UBER260717P00070000,2026-06-11T14:06:56.256038Z,fill
,FILL,,3,,,,,,,20260611100651475::cd89da8a-de9a-4b04-a695-bf46ce8f7c65,0,,f5c4e57c-97b4-4bab-86df-9dec72f4e47e,filled,17.9,3,buy,,PLTR260717P00145000,2026-06-11T14:06:51.475076Z,fill
,FILL,,1,,,,,,,20260611100647025::149413bc-875a-41bf-a0e2-40ba77f17dc6,0,,26eadf76-95d8-405e-a7b7-7da7459b54e7,filled,1.32,1,buy,,XLE260717C00060000,2026-06-11T14:06:47.02509Z,fill
,FILL,,1,,,,,,,20260611100642735::721be21d-28f5-4b9d-8e53-1e33b3c8b421,0,,18e94426-4393-4405-a91c-7723340e89a6,filled,89.95,1,buy,,META260717P00650000,2026-06-11T14:06:42.735667Z,fill
,FILL,,2,,,,,,,20260611100638543::775a506c-315f-4d9c-9aaf-d1d2747cdd72,0,,4b7da293-d5e1-4c52-9eb9-72d1d117a8ad,filled,15.25,2,buy,,JNJ260717C00230000,2026-06-11T14:06:38.543685Z,fill
,FILL,,1,,,,,,,20260611100634830::66ceeeb2-8d80-468c-89be-d8e5f6e2d72b,0,,321e9d53-7129-4888-9bd2-8a9d1060ed8c,filled,0.45,1,buy,,PFE260717C00027000,2026-06-11T14:06:34.830044Z,fill
,FILL,,1,,,,,,,20260611100631251::edf65979-6246-477d-929f-7d41f3804dd5,0,,ffac6a6d-28c1-4fe9-a90d-ec3603cc9782,filled,71.6,1,buy,,AMD260717C00430000,2026-06-11T14:06:31.251219Z,fill
,FILL,,3,,,,,,,20260611100627671::ec834f0f-c263-4043-9dfc-6084d9bbcad2,0,,d233a6cd-2688-4dc9-828d-064015bbf4b6,filled,0.6,3,buy,,F260717P00014000,2026-06-11T14:06:27.671012Z,fill
,FILL,,3,,,,,,,20260611100624511::3581c219-d190-4488-a14b-d95f0e477bed,0,,5baf60f4-76bd-44b7-99b0-939316a23aef,filled,12.75,3,buy,,INTC260717C00120000,2026-06-11T14:06:24.511175Z,fill
OCC,FEE,2026-06-12T08:23:44.797868Z,,USD,,2026-06-11,OCC Clearing Fee,be2e8fb7-b249-4e2c-8033-30b23e50b14e,,20260611000000000::ffd00064-0133-41e1-83a1-21c7ceaf8e2a,,-0.02,ccb55795-c06f-4583-b7e7-9ad6921d1919,,,,,executed,,,
OCC,FEE,2026-06-12T08:23:42.660007Z,,USD,,2026-06-11,OCC Clearing Fee,ed10b549-cd10-4677-9253-78564fb98350,,20260611000000000::fc4d2700-4458-484b-b49f-54211e2d8d68,,-0.02,bef1825f-e85a-4241-b95f-30b4dd01ab9a,,,,,executed,,,
OCC,FEE,2026-06-12T08:24:05.231547Z,,USD,,2026-06-11,OCC Clearing Fee,07c67dd7-ad47-4e45-a1c4-7651f1b3bb6f,,20260611000000000::fbb943f0-d6c4-4e98-85c2-5a000532cf46,,-0.06,79245d91-4d4a-4fd9-b9c4-2c5731b366fd,,,,,executed,,,
OCC,FEE,2026-06-12T08:24:13.265989Z,,USD,,2026-06-11,OCC Clearing Fee,83b4472c-fa84-40e2-9233-c0c64e237a0e,,20260611000000000::fbaad672-23e5-40f5-a6e2-5bec5c477891,,-0.06,be701136-1ff1-474f-8a8f-7588ba1ef5b5,,,,,executed,,,
OCC,FEE,2026-06-12T08:23:42.660007Z,,USD,,2026-06-11,OCC Clearing Fee,c31a9f2d-3cb2-4be1-9a02-a1f3eec92c59,,20260611000000000::fb346a54-8a12-44d9-8c04-125cf4cc54bb,,-0.02,4f8179d0-6bb8-4647-8466-d58ff48e2585,,,,,executed,,,
OCC,FEE,2026-06-12T08:23:42.660007Z,,USD,,2026-06-11,OCC Clearing Fee,edf65979-6246-477d-929f-7d41f3804dd5,,20260611000000000::f821900a-9b56-47fb-8958-7792a70f3fea,,-0.02,ffac6a6d-28c1-4fe9-a90d-ec3603cc9782,,,,,executed,,,
OCC,FEE,2026-06-12T08:24:22.786988Z,,USD,,2026-06-11,OCC Clearing Fee,85ebe572-60f4-427b-a48a-e9ec79759a71,,20260611000000000::f485aa51-c957-45af-8afb-50a44c1e4954,,-0.04,ea1033a9-d471-4779-90ad-50bfdf9ad030,,,,,executed,,,
OCC,FEE,2026-06-12T08:23:59.316331Z,,USD,,2026-06-11,OCC Clearing Fee,1074bb0b-4cc4-4ed0-a415-acc3a97fa7c9,,20260611000000000::ee15de54-1e1a-4d8e-b2e2-25993d6b710c,,-0.02,1ce09772-8201-44d2-96dc-12d60890e169,,,,,executed,,,
OCC,FEE,2026-06-12T08:23:24.187748Z,,USD,,2026-06-11,OCC Clearing Fee,4444d28e-9bd7-4560-a0e7-3c4fdd3e083e,,20260611000000000::edb50ab5-bfc0-4907-b1ca-bc135c64b33f,,-0.02,93316072-02eb-4f90-bbf3-44361ad1791c,,,,,executed,,,
OCC,FEE,2026-06-12T08:23:42.660007Z,,USD,,2026-06-11,OCC Clearing Fee,2989168d-5f57-4939-8d4f-da2e054325c8,,20260611000000000::ecb85f88-baaa-4e70-994d-e85f7cd576c4,,-0.02,bef1825f-e85a-4241-b95f-30b4dd01ab9a,,,,,executed,,,
OCC,FEE,2026-06-12T08:23:24.187748Z,,USD,,2026-06-11,OCC Clearing Fee,72060cf3-f39f-4dc2-9171-2912ff434113,,20260611000000000::e7bd5df2-4bd5-499c-9676-873f2d42ecf8,,-0.02,350420a6-07e9-4fa2-aa46-2de423645663,,,,,executed,,,
OCC,FEE,2026-06-12T08:23:26.822949Z,,USD,,2026-06-11,OCC Clearing Fee,0277c8d1-faa5-41df-896e-d28ef7976511,,20260611000000000::e763445a-fe02-4ce9-8f06-dc61f45d9625,,-0.04,83f7cd5d-abbc-465b-b04b-28f95447ca12,,,,,executed,,,
OCC,FEE,2026-06-12T08:23:21.451752Z,,USD,,2026-06-11,OCC Clearing Fee,b14f58d1-01e5-46d9-a22d-46afb624814a,,20260611000000000::e56489e8-a7aa-41ef-b3de-dbd0b2b389e7,,-0.02,91edd215-8f2a-4a2d-81bd-294d5610262a,,,,,executed,,,
TAF,FEE,2026-06-12T08:23:55.166331Z,,USD,,2026-06-11,OPT TAF fee for proceed of 55 contracts (32 trades) on 2026-06-11 by PA3NJU1Y90R3,,,20260611000000000::e4ec0d15-3b59-4be4-8f0e-eabb11f19840,,-0.16,,,,,,executed,,,
OCC,FEE,2026-06-12T08:23:42.660007Z,,USD,,2026-06-11,OCC Clearing Fee,ec16373e-6f93-4c17-ae01-bef0d470fa7a,,20260611000000000::e4127f69-a7b3-4c8a-b29f-20d83154b4db,,-0.02,4f8179d0-6bb8-4647-8466-d58ff48e2585,,,,,executed,,,
OCC,FEE,2026-06-12T08:23:42.660007Z,,USD,,2026-06-11,OCC Clearing Fee,82c34a32-18e4-46d1-8070-12a3d23428ce,,20260611000000000::dfc4a00a-ea98-4f3d-8e02-ed6d2796244b,,-0.02,55982954-250d-453d-8d49-285785b013c6,,,,,executed,,,
OCC,FEE,2026-06-12T08:23:42.660007Z,,USD,,2026-06-11,OCC Clearing Fee,ea9e0725-4d9f-4d83-9109-1a6c73c06603,,20260611000000000::debff2b7-c73b-4c2a-be8d-aaca8120365b,,-0.02,55982954-250d-453d-8d49-285785b013c6,,,,,executed,,,
OCC,FEE,2026-06-12T08:24:05.231547Z,,USD,,2026-06-11,OCC Clearing Fee,7c535f44-b608-4072-a609-8cc575534576,,20260611000000000::dd58eaba-2826-4f87-baea-eb7ab50a6269,,-0.06,be13442c-42ca-4873-bf37-6f6e6cc273c1,,,,,executed,,,
OCC,FEE,2026-06-12T08:24:18.989397Z,,USD,,2026-06-11,OCC Clearing Fee,c8d5990a-922c-4ba3-82c3-49fc084a2ce7,,20260611000000000::dad5f7ca-55fa-4846-be18-166b08148f43,,-0.06,d75b9a8d-b083-46eb-b652-c8edb55fd91f,,,,,executed,,,
OCC,FEE,2026-06-12T08:23:42.660007Z,,USD,,2026-06-11,OCC Clearing Fee,a3414c9e-55e0-41b0-94fd-e8084e3f4cc1,,20260611000000000::d54d2ecb-d378-4664-8bb9-814009d2601a,,-0.04,800e9aeb-d5bf-4d11-9e59-6d93d6a6fa33,,,,,executed,,,
OCC,FEE,2026-06-12T08:24:35.74345Z,,USD,,2026-06-11,OCC Clearing Fee,10024510-10d1-474b-ae4f-c19220ba9567,,20260611000000000::cf779bd5-82f3-466a-8871-71b774198e5b,,-0.04,ac777ca2-bbb6-45db-af38-8fbbaae30962,,,,,executed,,,
OCC,FEE,2026-06-12T08:23:21.451752Z,,USD,,2026-06-11,OCC Clearing Fee,5af95631-2370-46d5-88bc-9b9da6ac1f67,,20260611000000000::c89a3d94-3504-4ec5-9b89-d451da6a6071,,-0.04,93316072-02eb-4f90-bbf3-44361ad1791c,,,,,executed,,,
OCC,FEE,2026-06-12T08:24:03.256213Z,,USD,,2026-06-11,OCC Clearing Fee,e84c5c9c-b315-45b8-aad6-f22e2ee4f40f,,20260611000000000::c35b80a1-9d21-4b3d-826e-41331ab2b510,,-0.02,d6a8c725-dbf1-405e-b39a-cd72d85edc16,,,,,executed,,,
OCC,FEE,2026-06-12T08:23:24.187748Z,,USD,,2026-06-11,OCC Clearing Fee,a62fe808-d0e4-4271-8c88-f4add24095af,,20260611000000000::c0beb5a1-9d15-4774-8586-10fcc8af5dd9,,-0.02,31794b1e-f2ef-4b5d-91f0-3caaefe3e4e3,,,,,executed,,,
CAT,FEE,2026-06-12T08:24:50.82961Z,,USD,,2026-06-11,CAT fee for proceed of 94 trades on 2026-06-11 by PA3NJU1Y90R3,,,20260611000000000::c07ac44e-a7e6-44e9-a8e6-b862433b6385,,-0.05,,,,,,executed,,,
OCC,FEE,2026-06-12T08:23:42.660007Z,,USD,,2026-06-11,OCC Clearing Fee,b19e18d7-1bbb-4aea-9f3f-56e70ccfb10f,,20260611000000000::bb34bb19-cc49-4f74-9971-36455912fce2,,-0.04,e07b3147-c86e-433b-8ce2-dd6c74000041,,,,,executed,,,
OCC,FEE,2026-06-12T08:23:13.157148Z,,USD,,2026-06-11,OCC Clearing Fee,2d72edb9-96a3-4dec-80ed-e6797496dbb4,,20260611000000000::bac35e69-f126-41d5-a828-a5ef3d77c761,,-0.02,6c71e7b5-0e16-4bb3-866e-5a688c7885cf,,,,,executed,,,
OCC,FEE,2026-06-12T08:23:21.451752Z,,USD,,2026-06-11,OCC Clearing Fee,350c35ea-ba8b-4149-8779-f1df4bbfc795,,20260611000000000::ba10b9aa-5836-4a41-a0f9-b8177c2ba0b2,,-0.04,4d22662d-8a2c-4656-98f8-e5ae2486ccb1,,,,,executed,,,
OCC,FEE,2026-06-12T08:23:24.187748Z,,USD,,2026-06-11,OCC Clearing Fee,6cbd6fae-74b9-47be-bfc6-82b86ebc9b30,,20260611000000000::b84ce399-3065-4cb7-8f2d-52803c29717c,,-0.02,31794b1e-f2ef-4b5d-91f0-3caaefe3e4e3,,,,,executed,,,
OCC,FEE,2026-06-12T08:23:44.797868Z,,USD,,2026-06-11,OCC Clearing Fee,443212e3-242a-4a31-951b-d57ce3603ede,,20260611000000000::b82c25c8-c7ea-4c8e-bfa3-382a20cac044,,-0.06,ebeca874-9baa-44ff-be33-81abc33e92e6,,,,,executed,,,
OCC,FEE,2026-06-12T08:24:35.74345Z,,USD,,2026-06-11,OCC Clearing Fee,4561d9e1-551f-4cd7-b20e-2675a8a01a0e,,20260611000000000::b5a3d674-7ed6-4f87-b3da-8929a7606f6c,,-0.02,ad04fb6e-bd8f-4a88-af20-47917cc32369,,,,,executed,,,
OCC,FEE,2026-06-12T08:24:17.083359Z,,USD,,2026-06-11,OCC Clearing Fee,22641bb7-17d3-4739-80b9-037aff979fc9,,20260611000000000::b2751de8-7bc2-44ea-8ec9-97df92ebc55f,,-0.02,1ced3aa0-2394-43af-a587-cfea27933ef3,,,,,executed,,,
OCC,FEE,2026-06-12T08:23:42.660007Z,,USD,,2026-06-11,OCC Clearing Fee,775a506c-315f-4d9c-9aaf-d1d2747cdd72,,20260611000000000::aeebdf59-b88b-4c3f-b0f2-5feb2982fb23,,-0.04,4b7da293-d5e1-4c52-9eb9-72d1d117a8ad,,,,,executed,,,
OCC,FEE,2026-06-12T08:24:26.526557Z,,USD,,2026-06-11,OCC Clearing Fee,01ca9e3c-df40-4e64-beef-3c51e6a76538,,20260611000000000::ad213356-374a-46a3-9dbd-6a6c8d23d1ed,,-0.02,832278f7-b097-483f-82aa-05ec73e825f6,,,,,executed,,,
OCC,FEE,2026-06-12T08:23:42.660007Z,,USD,,2026-06-11,OCC Clearing Fee,b37b85ae-8512-47a7-aacc-ad233b6ab479,,20260611000000000::a638b7eb-158e-4b31-a2b4-6753d3b2abd2,,-0.04,e790df49-4626-4319-a9a8-58fd6689252e,,,,,executed,,,
OCC,FEE,2026-06-12T08:23:42.660007Z,,USD,,2026-06-11,OCC Clearing Fee,2a80f228-1f6c-4608-829f-8e3f9475df07,,20260611000000000::a53030af-780a-416a-8214-c97df502c92a,,-0.06,4bb2ca7e-0c0f-4f83-9b6e-3d64352d1b36,,,,,executed,,,
OCC,FEE,2026-06-12T08:23:21.451752Z,,USD,,2026-06-11,OCC Clearing Fee,ffd49c82-cf56-4228-bb71-eab5dfd8739c,,20260611000000000::9a2b87c9-4242-4181-964e-26f29ce87c02,,-0.02,e118ecc1-5315-4613-90fa-9fecfbedf5e0,,,,,executed,,,
OCC,FEE,2026-06-12T08:23:59.316331Z,,USD,,2026-06-11,OCC Clearing Fee,2c31d6ce-77d6-47b7-ac33-719d96ff7b0f,,20260611000000000::977582a4-d04b-4f92-87e9-11af83ef69cf,,-0.04,1f8760c7-ad19-4d7f-8ced-ab5d85889097,,,,,executed,,,
OCC,FEE,2026-06-12T08:23:59.316331Z,,USD,,2026-06-11,OCC Clearing Fee,40aa7bc3-5778-4681-b16d-a82e01ea84a0,,20260611000000000::96439dea-b25b-413e-a3de-7cb30365a844,,-0.02,927a778e-cab2-4c31-a222-a4ee464753e2,,,,,executed,,,
OCC,FEE,2026-06-12T08:24:01.307395Z,,USD,,2026-06-11,OCC Clearing Fee,6c7f2c51-7676-46c5-a995-fe11566cfe3a,,20260611000000000::9536af9c-31b5-49ae-b25c-0ec123939ea9,,-0.04,3de53782-f0bf-46a7-90f2-53fd46bd9a5f,,,,,executed,,,
OCC,FEE,2026-06-12T08:23:26.822949Z,,USD,,2026-06-11,OCC Clearing Fee,f28f2914-9ede-4962-af3a-fa89b9d0b238,,20260611000000000::91c5d812-d73f-4ae3-97ea-cb49e25991d5,,-0.04,e58513f0-1ecf-4a3d-bfeb-37251b5a4293,,,,,executed,,,
OCC,FEE,2026-06-12T08:24:20.866287Z,,USD,,2026-06-11,OCC Clearing Fee,d344c816-1625-4ad8-8390-de7bd2961f94,,20260611000000000::8e2d177a-a1eb-4cab-9138-18e70b56583d,,-0.02,ba25b5c3-a4d4-4c20-91a1-ebbc2b586ef4,,,,,executed,,,
OCC,FEE,2026-06-12T08:24:24.666374Z,,USD,,2026-06-11,OCC Clearing Fee,781c2570-fbbd-41dc-a6b7-646423f212b3,,20260611000000000::8d53cd9a-4d9e-4d1a-b9b2-b39cb84950b6,,-0.06,cc3080d1-03e3-49a5-831f-3e64bb9483de,,,,,executed,,,
OCC,FEE,2026-06-12T08:22:31.310495Z,,USD,,2026-06-11,OCC Clearing Fee,1374ed4d-a014-451a-b68c-766fea52adb0,,20260611000000000::888b37f8-2559-4648-8840-bdad5714b202,,-0.06,1b4a3a74-2075-4e4d-8e13-78d72196be65,,,,,executed,,,
OCC,FEE,2026-06-12T08:24:01.307395Z,,USD,,2026-06-11,OCC Clearing Fee,368c4f3f-4451-413f-92dd-004955c23141,,20260611000000000::869f84ec-4671-4146-bbe6-d56a1ccc2769,,-0.04,bbd658a8-39c6-4af4-94ca-0cd27bd66f3f,,,,,executed,,,
OCC,FEE,2026-06-12T08:24:01.307395Z,,USD,,2026-06-11,OCC Clearing Fee,fad636c1-b31b-423b-8a7d-cf8af229fa5f,,20260611000000000::845370eb-7f2c-4b46-8673-16c24ac1160c,,-0.02,1c759159-8bcd-42ca-921d-66e05b71f0f1,,,,,executed,,,
OCC,FEE,2026-06-12T08:24:05.231547Z,,USD,,2026-06-11,OCC Clearing Fee,0363b7fc-8a9d-42be-bffd-0ad2a3c1d10e,,20260611000000000::81bbbdef-762c-4946-931d-4ec69505648b,,-0.02,ef951871-9198-428c-8af1-ff7e7d105af8,,,,,executed,,,
OCC,FEE,2026-06-12T08:23:26.822949Z,,USD,,2026-06-11,OCC Clearing Fee,e3d12783-d7b1-4f9a-9068-a064b5e76caf,,20260611000000000::803a23ae-ab6d-48ab-a26f-c683b4e5f669,,-0.02,f0472f16-ba2e-47c0-8d1d-f89ac2aea00c,,,,,executed,,,
OCC,FEE,2026-06-12T08:23:05.333531Z,,USD,,2026-06-11,OCC Clearing Fee,6c7626cc-6348-468f-95c6-0b67222fe9d3,,20260611000000000::8028e66f-8c9d-4d97-831e-89ec84a8112e,,-0.04,202a439d-0602-4ad2-ada1-add44d04e911,,,,,executed,,,
OCC,FEE,2026-06-12T08:24:03.256213Z,,USD,,2026-06-11,OCC Clearing Fee,511ef046-95b0-48b0-abb7-59b5f9820a66,,20260611000000000::7a8f747f-77b7-4204-8890-a8eb3db4cb31,,-0.04,c4f5bdd5-4458-4831-894f-121c32737f96,,,,,executed,,,
OCC,FEE,2026-06-12T08:23:13.157148Z,,USD,,2026-06-11,OCC Clearing Fee,7402c440-81bf-473e-9cfd-08f0b9fa7568,,20260611000000000::7a115610-6668-468a-8ba9-ae0fe2c64b9b,,-0.04,6c71e7b5-0e16-4bb3-866e-5a688c7885cf,,,,,executed,,,
OCC,FEE,2026-06-12T08:24:01.307395Z,,USD,,2026-06-11,OCC Clearing Fee,05336085-3e4a-4ca2-a3ff-ff14bddcc9d8,,20260611000000000::769b28c9-8453-4a26-bd07-76aed262e5af,,-0.04,c7797580-f04f-471e-a001-9094ccac2e07,,,,,executed,,,
OCC,FEE,2026-06-12T08:23:05.333531Z,,USD,,2026-06-11,OCC Clearing Fee,13cb25cf-4b77-45d4-b933-82157e794de5,,20260611000000000::7656deb3-6319-4465-a0c1-3b51718d190a,,-0.06,11a8fcf9-c6bc-4872-80b8-d76e17162590,,,,,executed,,,
OCC,FEE,2026-06-12T08:24:03.256213Z,,USD,,2026-06-11,OCC Clearing Fee,5b9465fb-749e-40e9-a891-0f9b571f8ba9,,20260611000000000::75ccaf6b-eec7-4500-90a2-2e168a534696,,-0.02,6f4d1f83-0478-4d65-8e1c-d9606f44fb35,,,,,executed,,,
OCC,FEE,2026-06-12T08:23:42.660007Z,,USD,,2026-06-11,OCC Clearing Fee,66ceeeb2-8d80-468c-89be-d8e5f6e2d72b,,20260611000000000::732e5fa3-cbf7-4865-b26a-712d649e0337,,-0.02,321e9d53-7129-4888-9bd2-8a9d1060ed8c,,,,,executed,,,
OCC,FEE,2026-06-12T08:23:59.316331Z,,USD,,2026-06-11,OCC Clearing Fee,cef49344-228f-4435-948a-70998854e8ba,,20260611000000000::6f85a31a-74d7-4cb2-9ef9-d61fd5520d28,,-0.06,9d3c5cc6-392f-4c70-bd29-0af9397f319d,,,,,executed,,,
OCC,FEE,2026-06-12T08:23:42.660007Z,,USD,,2026-06-11,OCC Clearing Fee,a87c840b-01f1-4554-a01e-ec58b65958fe,,20260611000000000::6e40069d-422a-4181-be59-08ee5e27e7ce,,-0.02,595bb4dd-4e57-47df-af7b-7bd80449abd4,,,,,executed,,,
OCC,FEE,2026-06-12T08:24:22.786988Z,,USD,,2026-06-11,OCC Clearing Fee,ed7ce78a-ca6e-4262-8915-0d14debc58a2,,20260611000000000::6b9618a9-5d16-45a5-aac9-04b5e2e9e709,,-0.02,ac727f65-ad58-47bf-a3f2-5a818e707ec4,,,,,executed,,,
ORF,FEE,2026-06-12T08:23:57.295724Z,,USD,,2026-06-11,ORF fee for proceed of 163 contracts on 2026-06-11 by PA3NJU1Y90R3,,,20260611000000000::67cf6f33-79ef-4a59-b489-b3890f135bf3,,-4.38,,,,,,executed,,,
OCC,FEE,2026-06-12T08:23:21.451752Z,,USD,,2026-06-11,OCC Clearing Fee,c5d72b29-fa16-46b8-a6dd-a95320a94c59,,20260611000000000::673850bb-49b4-4f06-b238-145d1d4a6304,,-0.04,fec52711-4ce6-4b8e-8e0b-8ae42746d110,,,,,executed,,,
OCC,FEE,2026-06-12T08:23:09.848811Z,,USD,,2026-06-11,OCC Clearing Fee,65acd55c-bfd4-4447-ab56-503ab1cced9a,,20260611000000000::63f91858-b233-4375-bf5b-fc64d73ceeea,,-0.04,9e8d8c09-42b1-4835-bbee-5700858c10c0,,,,,executed,,,
OCC,FEE,2026-06-12T08:23:57.295724Z,,USD,,2026-06-11,OCC Clearing Fee,addab01d-7f2e-4d28-b884-5b04b1933b39,,20260611000000000::62fd79e2-a879-498a-84b6-2dfbba4ef77a,,-0.04,60ba4acb-468f-4f16-843e-86f35683750d,,,,,executed,,,
OCC,FEE,2026-06-12T08:23:26.822949Z,,USD,,2026-06-11,OCC Clearing Fee,5c0e1a18-d5b0-4b3b-bb5e-cdb329463b36,,20260611000000000::611f7e20-c74d-4d3b-9362-1a17fbe6dbcd,,-0.04,a8ef5053-46c2-4a0d-bd00-f306a1b2c25c,,,,,executed,,,
OCC,FEE,2026-06-12T08:23:42.660007Z,,USD,,2026-06-11,OCC Clearing Fee,78ddc406-a441-42e0-a8aa-a88f4f8dd0c0,,20260611000000000::60e73325-9c36-4390-93c8-efbd7d2b40f8,,-0.04,c3f2b507-f32a-4e96-bdf7-4791b183759d,,,,,executed,,,
OCC,FEE,2026-06-12T08:23:42.660007Z,,USD,,2026-06-11,OCC Clearing Fee,cd89da8a-de9a-4b04-a695-bf46ce8f7c65,,20260611000000000::5c69426a-9eb8-45de-a496-b9f6ee422ec2,,-0.06,f5c4e57c-97b4-4bab-86df-9dec72f4e47e,,,,,executed,,,
OCC,FEE,2026-06-12T08:23:42.660007Z,,USD,,2026-06-11,OCC Clearing Fee,c8244ed0-3ccf-443b-8825-3ee61062a49a,,20260611000000000::56681b3d-80d8-48f4-8289-6558cb090880,,-0.02,9013efd5-8eca-479c-a68a-7d4f1836fd19,,,,,executed,,,
OCC,FEE,2026-06-12T08:23:44.797868Z,,USD,,2026-06-11,OCC Clearing Fee,2f94705d-c6b1-41a1-92fd-154d72964140,,20260611000000000::52238c5a-c4b4-4c96-8bfb-6603062f5f0f,,-0.02,595bb4dd-4e57-47df-af7b-7bd80449abd4,,,,,executed,,,
OCC,FEE,2026-06-12T08:23:42.660007Z,,USD,,2026-06-11,OCC Clearing Fee,a4746c5d-c0fa-4461-800b-10b9fecbbf05,,20260611000000000::51b9f983-1f25-4dea-a321-8d992eae86f1,,-0.06,4927e471-27c8-4f07-8ce9-33f96b2d8fbb,,,,,executed,,,
OCC,FEE,2026-06-12T08:23:42.660007Z,,USD,,2026-06-11,OCC Clearing Fee,a0cef21a-a635-4605-bc31-92ba4bb09e8d,,20260611000000000::50ca557b-aa9f-44a3-87ac-f7e0a2d2d5e7,,-0.04,d173af25-cc57-4050-836f-6102af1681d6,,,,,executed,,,
OCC,FEE,2026-06-12T08:24:33.924134Z,,USD,,2026-06-11,OCC Clearing Fee,89998ce4-a5ef-4fc4-9c16-7e8a20fd4097,,20260611000000000::5076c03c-cce8-445e-9264-4a7cecfb1657,,-0.04,d3a35b1d-b7d1-49b6-a8b0-6e27fd7f5ddd,,,,,executed,,,
OCC,FEE,2026-06-12T08:23:42.660007Z,,USD,,2026-06-11,OCC Clearing Fee,9b76abbc-d31d-46af-a3a2-66d6b7e08ace,,20260611000000000::4fa988ce-2b6d-47f4-81b6-6e4637a533f2,,-0.02,9c09e51e-b954-4a38-8390-d0847635eeb2,,,,,executed,,,
OCC,FEE,2026-06-12T08:24:35.74345Z,,USD,,2026-06-11,OCC Clearing Fee,868910cb-92a8-4780-8b1f-8dc533012263,,20260611000000000::4df0a175-0013-4615-973a-330e9c3199f0,,-0.04,9c9c10d2-966e-49cb-9d14-ee2e5f443851,,,,,executed,,,
OCC,FEE,2026-06-12T08:23:42.660007Z,,USD,,2026-06-11,OCC Clearing Fee,fbc0e8ba-2da2-4bcf-a4fa-f44f9eac1678,,20260611000000000::4ccceae1-87f9-468f-9173-1735f6134002,,-0.04,5b2fcf7d-6652-4e3a-94b2-3a1186506472,,,,,executed,,,
OCC,FEE,2026-06-12T08:23:42.660007Z,,USD,,2026-06-11,OCC Clearing Fee,3581c219-d190-4488-a14b-d95f0e477bed,,20260611000000000::4c72d1d0-6711-421e-ad75-4905798b691a,,-0.06,5baf60f4-76bd-44b7-99b0-939316a23aef,,,,,executed,,,
OCC,FEE,2026-06-12T08:22:43.92682Z,,USD,,2026-06-11,OCC Clearing Fee,a4348344-f499-4d56-8e24-88aaa1b2ab6f,,20260611000000000::4bcb6ded-6a72-4c8d-a911-99b1655c7310,,-0.02,5c360f0b-a733-486d-a4e2-bc97771cec19,,,,,executed,,,
OCC,FEE,2026-06-12T08:24:03.256213Z,,USD,,2026-06-11,OCC Clearing Fee,b65b1993-9a23-410f-abd7-3105f84d0f8f,,20260611000000000::48ca9052-77e0-4548-9c28-8b835e819df2,,-0.02,430fa818-8ce9-42de-b82f-a09f028d2d82,,,,,executed,,,
OCC,FEE,2026-06-12T08:23:42.660007Z,,USD,,2026-06-11,OCC Clearing Fee,9af50e1f-22e4-42ae-a2d4-83f3ef2d7c1b,,20260611000000000::305c0524-59e0-47e0-b014-7bfe30a2bb39,,-0.02,9cd22113-f8c4-4a29-95b5-e67becd8c4f9,,,,,executed,,,
OCC,FEE,2026-06-12T08:23:42.660007Z,,USD,,2026-06-11,OCC Clearing Fee,5d321865-87c5-4201-a957-d36f5b2217d3,,20260611000000000::2edadb67-cebf-4a3a-959d-d8d6c5f6f8cd,,-0.06,45b0e7b5-7bc1-46f2-8681-c6f4e31602be,,,,,executed,,,
OCC,FEE,2026-06-12T08:23:57.295724Z,,USD,,2026-06-11,OCC Clearing Fee,af3f242d-4c06-465d-9b3a-a4b93cc7e894,,20260611000000000::2a437dfb-b0a9-4148-ace1-45f1723a3b58,,-0.04,8b98b9c6-c247-4b57-ae96-7a9271215d0a,,,,,executed,,,
OCC,FEE,2026-06-12T08:23:26.822949Z,,USD,,2026-06-11,OCC Clearing Fee,641911a5-8b4e-4e86-8158-3d540313d2b7,,20260611000000000::29cb29b6-8e04-40a7-af9c-9763ca4c283f,,-0.04,e69653a4-739e-4491-a4c4-f63f555ad7cc,,,,,executed,,,
OCC,FEE,2026-06-12T08:23:44.797868Z,,USD,,2026-06-11,OCC Clearing Fee,b73adc16-1493-4e9d-8bae-b34f20f4614f,,20260611000000000::25f1eb4c-3c87-4c75-8306-0e60fa1db5eb,,-0.02,d6fc43c3-cc90-4d2b-b816-cca04ce57537,,,,,executed,,,
OCC,FEE,2026-06-12T08:23:42.660007Z,,USD,,2026-06-11,OCC Clearing Fee,a2a5257a-99ef-44e7-92db-1fe574862dbf,,20260611000000000::217f23f6-65c2-40a6-802a-393002770f7b,,-0.02,595bb4dd-4e57-47df-af7b-7bd80449abd4,,,,,executed,,,
OCC,FEE,2026-06-12T08:23:42.660007Z,,USD,,2026-06-11,OCC Clearing Fee,ac8508ba-15f4-4bc3-8f84-6638076d1e94,,20260611000000000::214ba868-402d-4a38-9f54-076255b28e77,,-0.06,f07644ac-b406-45e6-a84f-8ece8c80a5a8,,,,,executed,,,
OCC,FEE,2026-06-12T08:22:36.458009Z,,USD,,2026-06-11,OCC Clearing Fee,addeda3f-21ec-404c-bc8e-f40120f5bdf9,,20260611000000000::210e1082-d13a-4cc9-921f-67d4016aae62,,-0.04,a1714035-73e0-40c0-b413-3e42e700c435,,,,,executed,,,
OCC,FEE,2026-06-12T08:24:20.866287Z,,USD,,2026-06-11,OCC Clearing Fee,d029926c-82b0-4695-af1b-8f9ac1908957,,20260611000000000::2034c176-7321-4eaf-b2e5-f3a2fdbeb4e7,,-0.04,b8c23ccd-ed71-4487-92b0-d779b2245dc7,,,,,executed,,,
OCC,FEE,2026-06-12T08:23:42.660007Z,,USD,,2026-06-11,OCC Clearing Fee,721be21d-28f5-4b9d-8e53-1e33b3c8b421,,20260611000000000::1ff5aad4-dc6b-4393-ae38-348589b3bba4,,-0.02,18e94426-4393-4405-a91c-7723340e89a6,,,,,executed,,,
OCC,FEE,2026-06-12T08:24:20.866287Z,,USD,,2026-06-11,OCC Clearing Fee,99108048-2953-4d98-9ead-7ff132a6a3b1,,20260611000000000::16e93f3c-25b0-442e-a1e7-2b58e694597a,,-0.04,8b27e16f-f193-447e-a6d7-a8333d42a3d7,,,,,executed,,,
OCC,FEE,2026-06-12T08:23:42.660007Z,,USD,,2026-06-11,OCC Clearing Fee,15f49f01-b67c-4a4b-b1d8-6b3e9ea1b79a,,20260611000000000::1351ced9-0c92-4888-a49c-1f56ae55ae73,,-0.02,29afe18e-3668-4964-8f3b-fb01f684b6e7,,,,,executed,,,
OCC,FEE,2026-06-12T08:23:42.660007Z,,USD,,2026-06-11,OCC Clearing Fee,a7e5ae6f-43a5-412b-ad6e-76fb6f99590e,,20260611000000000::10454d71-047f-43aa-b610-aaea6cb4d7ca,,-0.04,2c71011e-604d-4270-931b-2bccf29061b4,,,,,executed,,,
OCC,FEE,2026-06-12T08:23:42.660007Z,,USD,,2026-06-11,OCC Clearing Fee,ec834f0f-c263-4043-9dfc-6084d9bbcad2,,20260611000000000::0da54498-ba2f-4cb3-8139-5bd7c60b0740,,-0.06,d233a6cd-2688-4dc9-828d-064015bbf4b6,,,,,executed,,,
OCC,FEE,2026-06-12T08:24:11.284926Z,,USD,,2026-06-11,OCC Clearing Fee,4d230ca5-afc3-415b-ba68-34b96affaf4f,,20260611000000000::0d18439e-40e7-4a88-9a39-a70dc8c14db5,,-0.02,52af9726-e78b-473b-9b7f-0b594883e6e7,,,,,executed,,,
OCC,FEE,2026-06-12T08:23:26.822949Z,,USD,,2026-06-11,OCC Clearing Fee,79554c2c-81aa-4c8a-9f63-480648b1800c,,20260611000000000::0ac20167-b96a-4f5d-a814-51829a7033ea,,-0.02,5a557db3-492c-47ed-8d1b-2d34926eed27,,,,,executed,,,
OCC,FEE,2026-06-12T08:22:47.073593Z,,USD,,2026-06-11,OCC Clearing Fee,4b79d22b-e69e-486b-88f6-b984864de796,,20260611000000000::0a8ec759-693a-47ae-a7f8-2337493d8a6c,,-0.06,4e565542-9b29-4da9-bade-323f804244d3,,,,,executed,,,
OCC,FEE,2026-06-12T08:23:24.187748Z,,USD,,2026-06-11,OCC Clearing Fee,f74d1636-0755-4012-9491-e827ed8f1792,,20260611000000000::03904880-792c-4e1b-999b-5c51ae70b00d,,-0.04,a1ea2f67-c901-4e48-94a6-1912c07f8c42,,,,,executed,,,
OCC,FEE,2026-06-12T08:23:44.797868Z,,USD,,2026-06-11,OCC Clearing Fee,59aa85a9-200e-433e-acb7-0638fa6ded32,,20260611000000000::033adf13-8fc1-4613-9018-2a7395dc8e16,,-0.04,f2d15f23-5e6a-416c-a1b7-d81201eee3da,,,,,executed,,,
OCC,FEE,2026-06-12T08:23:42.660007Z,,USD,,2026-06-11,OCC Clearing Fee,149413bc-875a-41bf-a0e2-40ba77f17dc6,,20260611000000000::010e9925-ccbb-4de7-9b33-54494790c2bf,,-0.02,26eadf76-95d8-405e-a7b7-7da7459b54e7,,,,,executed,,,
OCC,FEE,2026-06-12T08:24:24.666374Z,,USD,,2026-06-11,OCC Clearing Fee,08647e67-e3f0-4617-aaab-ea5a4312ff59,,20260611000000000::000579f4-9015-4504-82fc-2a64fb2c128a,,-0.04,291a41b7-3945-44a6-ae95-314ed0181942,,,,,executed,,,
,FILL,,2,,,,,,,20260610154636040::81eb4908-ede1-4d63-87b8-8b0570379a3a,0,,40968aa3-d0d9-441c-9557-76d0c44d4074,filled,2.66,2,sell,,CVS260717C00100000,2026-06-10T19:46:36.040764Z,fill
,FILL,,1,,,,,,,20260610154635813::95a8d15c-193b-41e8-83c7-f53dae19549e,0,,63dc7a5d-68b9-4696-985f-6cc6ef49ec58,filled,5.45,1,sell,,V260717C00335000,2026-06-10T19:46:35.813567Z,fill
,FILL,,3,,,,,,,20260610154635587::4c18cda2-0a0c-44f0-896c-9c77bb4cc31a,0,,8dea2c8b-9ab4-4ec7-a1a6-148a7043d4d4,filled,0.43,1,sell,,RR260710P00002500,2026-06-10T19:46:35.587795Z,fill
,FILL,,2,,,,,,,20260610154635457::88fd861e-cf01-4149-9b5b-75196d52315e,1,,8dea2c8b-9ab4-4ec7-a1a6-148a7043d4d4,partially_filled,0.43,2,sell,,RR260710P00002500,2026-06-10T19:46:35.457226Z,partial_fill
,FILL,,1,,,,,,,20260610154635335::57888b52-9fe8-4bec-bdf2-0969daa762a9,0,,f7d0fe33-b919-4908-8387-62cb6f013355,filled,3.8,1,sell,,CVX260717C00200000,2026-06-10T19:46:35.335872Z,fill
,FILL,,3,,,,,,,20260610154635229::30db0abf-2d32-499d-be11-19afff3057e2,0,,40037358-adc8-4191-a704-112d9f49becc,filled,7.7,1,sell,,HD260717C00330000,2026-06-10T19:46:35.229458Z,fill
,FILL,,2,,,,,,,20260610154635105::ed484492-980c-4a99-9f07-059bc54d9a97,1,,40037358-adc8-4191-a704-112d9f49becc,partially_filled,7.7,2,sell,,HD260717C00330000,2026-06-10T19:46:35.105378Z,partial_fill
,FILL,,2,,,,,,,20260610154634870::2bbcbcf0-3034-4b71-81df-165cba298c0c,0,,13479e17-1752-4a89-9eb3-ecfa1f5e6143,filled,1.5,2,sell,,SO260710C00096000,2026-06-10T19:46:34.870762Z,fill
,FILL,,2,,,,,,,20260610154634405::4e481ef1-b133-44ed-b343-1586a4a89d5d,0,,e65c881d-d9d6-4bfb-920a-24a3ae8fbf22,filled,4.7,2,sell,,PEP260717C00145000,2026-06-10T19:46:34.405473Z,fill
,FILL,,2,,,,,,,20260610154633953::dede6fcb-b122-4591-91da-86a949bb2d60,0,,4d79e7c0-94eb-4d0b-a7c9-0dd0630e27c1,filled,2.75,2,sell,,MRK260717P00115000,2026-06-10T19:46:33.953622Z,fill
,FILL,,2,,,,,,,20260610154633838::5c53ec2a-dab2-40ac-9a0a-d24836f2ae0f,0,,7c7c75f8-c2f0-4baa-8d05-58588cb0a23e,filled,3.7,1,sell,,JNJ260717C00250000,2026-06-10T19:46:33.838629Z,fill
,FILL,,1,,,,,,,20260610154633719::9384af19-4f55-46c6-bab1-8a452a82fb0d,1,,7c7c75f8-c2f0-4baa-8d05-58588cb0a23e,partially_filled,3.7,1,sell,,JNJ260717C00250000,2026-06-10T19:46:33.719428Z,partial_fill
,FILL,,2,,,,,,,20260610154633603::e74f541a-ae0b-41d9-ba32-398ddd58ea56,0,,210a9c1d-15df-4fe8-8893-5af4ac5f5e26,filled,12.2,1,sell,,MO260717C00060000,2026-06-10T19:46:33.603493Z,fill
,FILL,,1,,,,,,,20260610154633482::b62c734c-12d5-4346-a777-e3469af01c21,1,,210a9c1d-15df-4fe8-8893-5af4ac5f5e26,partially_filled,12.2,1,sell,,MO260717C00060000,2026-06-10T19:46:33.482829Z,partial_fill
,FILL,,3,,,,,,,20260610154633251::9a2077e8-3f38-4530-b01d-b102bc2f12dc,0,,28e2f82d-d0cd-4fed-bf80-f2b49e1f754f,filled,10.4,3,sell,,KO260717C00072500,2026-06-10T19:46:33.251563Z,fill
,FILL,,2,,,,,,,20260610154633002::6a35f373-7dd2-4e65-b2f7-9487b490cc61,0,,a187f696-07f8-440f-912d-c96beadcdc61,filled,11.35,2,sell,,ADBE260717P00225000,2026-06-10T19:46:33.002154Z,fill
,FILL,,1,,,,,,,20260610154632771::26c2f652-27b2-4f38-bb6e-f1d37be50d96,0,,d5cba659-0000-4104-868b-06abce4d8609,filled,30.75,1,sell,,ABBV260717C00195000,2026-06-10T19:46:32.771892Z,fill
,FILL,,1,,,,,,,20260610154632538::3b9a9185-3170-43c6-98c7-d4929210dbd4,0,,7d675d79-67a7-4631-8224-61b8cc9e55a5,filled,74.65,1,sell,,UNH260717C00330000,2026-06-10T19:46:32.538951Z,fill
,FILL,,3,,,,,,,20260610154632295::3f6cc530-0329-4d12-b987-e03a1239f078,0,,8b4242ed-799f-4a1b-b31d-8c10b78788ed,filled,11.05,3,sell,,CRM260717P00175000,2026-06-10T19:46:32.295355Z,fill
,FILL,,3,,,,,,,20260610154632179::a803ac68-4cb0-4902-b53e-1e819065de86,0,,8adea66a-74cd-48c9-b737-9007d0c4bb14,filled,23.25,3,sell,,ORCL260717P00210000,2026-06-10T19:46:32.1797Z,fill
,FILL,,2,,,,,,,20260610154618279::ccbe55b3-86a0-4e74-82ee-a614e0d285c6,0,,3ae26fc4-a62c-487d-88ba-4ee54c5f3fd5,filled,22.45,2,sell,,META260717P00570000,2026-06-10T19:46:18.279697Z,fill
,FILL,,1,,,,,,,20260610153044285::7bfe88d2-4180-4766-9297-73276e22937b,0,,58ff2fc6-984e-4629-8c12-66eb1ddb5e71,filled,2.28,1,sell,,SCHW260717C00092500,2026-06-10T19:30:44.285235Z,fill
,FILL,,2,,,,,,,20260610144252338::3964b6c4-75df-4424-a080-0ea5e8b5743b,0,,830f5500-cb29-4b39-9aef-cb4ce55d76e8,filled,3.1,2,buy,,CVS260717C00100000,2026-06-10T18:42:52.338981Z,fill
,FILL,,1,,,,,,,20260610144244537::c0b05258-268b-4f6f-aba8-1f16a29d6718,0,,f6a4eb7b-7d18-45e9-b402-2d88a342dc48,filled,6.35,1,buy,,V260717C00335000,2026-06-10T18:42:44.537812Z,fill
,FILL,,3,,,,,,,20260610142441999::daf1c6ce-e3f4-49e5-920b-83b19a12159b,0,,b0bb8ae9-25e7-462e-8323-455b5a383c4f,filled,0.52,3,buy,,RR260710P00002500,2026-06-10T18:24:41.999941Z,fill
,FILL,,2,,,,,,,20260610140616974::7cddc49b-a501-4fa0-8c26-8156a29b7e85,0,,702a6875-7fd8-4a3e-a328-926bcab5b0fb,filled,47.05,2,sell,,AMD260717P00470000,2026-06-10T18:06:16.974327Z,fill
,FILL,,3,,,,,,,20260610140615919::cd74fb9b-1b61-4083-802d-e8085631b030,0,,a26fff34-b912-4a37-b566-6cf28c925ff8,filled,25.05,3,sell,,TSLA260717P00390000,2026-06-10T18:06:15.919341Z,fill
,FILL,,2,,,,,,,20260610135006435::cf83b5a6-b6d6-4cb1-a666-742ffc6bc692,0,,f458feb2-e9f4-413c-b6a7-8077266733af,filled,18.67,2,sell,,QQQ260710P00691000,2026-06-10T17:50:06.435275Z,fill
,FILL,,2,,,,,,,20260610135005356::d2320d74-0e10-4245-9da5-da3d34ff01dd,0,,4bf4be30-f960-4afd-9955-564bbb3c9565,filled,15.85,2,sell,,INTC260717P00115000,2026-06-10T17:50:05.356441Z,fill
,FILL,,2,,,,,,,20260610135004293::755859df-a629-4136-b35f-adcd48fdef36,0,,11bde624-3565-4507-93ac-7e31c11a3ec8,filled,10.72,2,sell,,SPY260710P00720000,2026-06-10T17:50:04.293757Z,fill
,FILL,,2,,,,,,,20260610135001438::f942a9ff-bfb7-42e3-90fe-4afcc305acac,0,,6082701a-7155-4108-b4ba-3c17f4099e96,filled,3.65,2,sell,,PG260717C00150000,2026-06-10T17:50:01.438352Z,fill
,FILL,,2,,,,,,,20260610134953297::f127234c-3d46-4ef6-aee7-25211821c6a7,0,,29a9ad4c-8a70-4a7f-8db3-75518295333a,filled,12.5,2,sell,,GOOGL260717P00355000,2026-06-10T17:49:53.297787Z,fill
,FILL,,2,,,,,,,20260610134939389::8ac07244-90b3-4256-99da-a3296c9aeff9,0,,14298131-da5e-4f39-82ca-e96551acc29e,filled,19.35,2,sell,,AVGO260717P00370000,2026-06-10T17:49:39.389306Z,fill
,FILL,,2,,,,,,,20260610133246704::36611229-ec51-426b-8e5d-63eaacf1e0bf,0,,62067b95-b0a0-443c-b4e1-99b999f95fa5,filled,3.6,2,sell,,BAC260717C00052500,2026-06-10T17:32:46.704264Z,fill
,FILL,,1,,,,,,,20260610131745003::b91b62f8-60f0-4cca-b8ee-1b7d3bba952f,0,,4b99c30c-ccdc-4420-a45d-8c69a031b994,filled,4.55,1,buy,,CVX260717C00200000,2026-06-10T17:17:45.003498Z,fill
,FILL,,1,,,,,,,20260610122610277::e9345c66-686e-405e-ad4d-8811a4732728,0,,80de571c-c26c-4587-a697-2a747da0b0a4,filled,1,1,sell,,ENB260717C00057500,2026-06-10T16:26:10.277232Z,fill
,FILL,,3,,,,,,,20260610121046785::6001e201-f23f-4f23-828f-f821db880948,0,,a8b430e5-2bc3-485e-a97d-065e588860dd,filled,8.95,3,buy,,HD260717C00330000,2026-06-10T16:10:46.78578Z,fill
,FILL,,2,,,,,,,20260610121036974::a9368290-b130-4d96-b5a7-38cec5816219,0,,e6be75a5-ab5d-484b-a1cc-1daa36ec9d76,filled,1.45,2,buy,,SO260710C00096000,2026-06-10T16:10:36.974088Z,fill
,FILL,,2,,,,,,,20260610121027135::d0aa8777-539d-4e60-966f-1dd876de6f0a,0,,d04bc4b0-65b8-46b5-ad26-1ae45d8f44c8,filled,19.13,2,buy,,QQQ260710P00691000,2026-06-10T16:10:27.135018Z,fill
,FILL,,2,,,,,,,20260610121017463::914cbc35-e679-4e01-845a-f257e6a6e706,0,,dcd0ae91-f725-431e-9860-bf9cc0ee0de4,filled,16.45,2,buy,,INTC260717P00115000,2026-06-10T16:10:17.463423Z,fill
,FILL,,2,,,,,,,20260610121008748::11049405-8fa7-4963-833e-2750eddef353,0,,a36f2369-1573-4a74-a405-b46a67eac9a2,filled,11.07,1,buy,,SPY260710P00720000,2026-06-10T16:10:08.748Z,fill
,FILL,,1,,,,,,,20260610121008639::27198c0c-4eda-4325-9a00-e7f33e570c01,1,,a36f2369-1573-4a74-a405-b46a67eac9a2,partially_filled,11.07,1,buy,,SPY260710P00720000,2026-06-10T16:10:08.639739Z,partial_fill
,FILL,,2,,,,,,,20260610120959261::ad3f0870-4158-4168-8668-16a16f37cdf9,0,,d292d917-ad11-4c29-8deb-d9f1056f610f,filled,20.65,2,buy,,META260717P00570000,2026-06-10T16:09:59.261414Z,fill
,FILL,,2,,,,,,,20260610120951417::6f6a59be-f152-47b8-aed2-f831212af2ae,0,,4c0cb26f-ffd6-464a-b50c-e6b2d2181901,filled,4.5,2,buy,,PG260717C00150000,2026-06-10T16:09:51.417961Z,fill
,FILL,,1,,,,,,,20260610120943533::720ba0c9-019b-4951-9f72-1f02a05f4dfb,0,,43a0315e-cba6-42f1-be39-3005f1df8a8a,filled,2.2,1,buy,,SCHW260717C00092500,2026-06-10T16:09:43.533034Z,fill
,FILL,,2,,,,,,,20260610120936117::b9e9b545-3ba6-4347-a15c-b38ac5b9e825,0,,5953835a-396d-45cb-9a98-0418a822a236,filled,5.2,2,buy,,PEP260717C00145000,2026-06-10T16:09:36.117744Z,fill
,FILL,,2,,,,,,,20260610120928932::366ee12c-a70b-49e5-83ef-7814fef20f0b,0,,2740fbc8-add1-45c7-ae28-a2eaf792c78b,filled,3.4,2,buy,,MRK260717P00115000,2026-06-10T16:09:28.932779Z,fill
,FILL,,2,,,,,,,20260610120921975::3ace4ddc-e2cf-4e8e-9a6d-5256cb845fd3,0,,967c3fe2-0d2b-449e-9eac-32e6c722ff58,filled,12.4,2,buy,,GOOGL260717P00355000,2026-06-10T16:09:21.975658Z,fill
,FILL,,2,,,,,,,20260610120915098::c2ac2f5a-dac0-46fe-a89b-6035234b6d17,0,,8c690bd8-d68a-435b-803b-6283bcca4a46,filled,4.15,2,buy,,JNJ260717C00250000,2026-06-10T16:09:15.0987Z,fill
,FILL,,2,,,,,,,20260610120235782::45f2ec36-521e-453a-b2bd-6ff88fc5e506,0,,e5c87825-efd8-4085-b566-6756ce137db4,filled,10.75,2,sell,,SPY260710P00720000,2026-06-10T16:02:35.782402Z,fill
,FILL,,2,,,,,,,20260610120234750::3af1bae5-9d61-4bed-b48a-7ca6dc0afd1c,0,,47d3f359-13c8-43a1-af3e-d676ec14c504,filled,9.85,2,sell,,INTC260717P00105000,2026-06-10T16:02:34.750266Z,fill
,FILL,,2,,,,,,,20260610120230327::2eaa26bf-84af-4361-a3dc-d2f3119434fb,0,,18335c9f-4652-4425-94ac-fef12c38edd0,filled,4,2,sell,,PG260821C00155000,2026-06-10T16:02:30.32708Z,fill
,FILL,,2,,,,,,,20260610120225785::eb3b64e6-7dd9-4bff-bd85-ffde1d3b117f,0,,184a2647-1b0a-464a-83ff-8939c833ead2,filled,21.81,2,sell,,QQQ260710P00700000,2026-06-10T16:02:25.785848Z,fill
,FILL,,2,,,,,,,20260610120224645::41d3346b-2953-4710-a29f-318c1750acb8,0,,be2172d4-359a-495b-bf66-d7c1b9cce389,filled,22.1,2,sell,,META260717P00575000,2026-06-10T16:02:24.645235Z,fill
,FILL,,1,,,,,,,20260610115611617::7b98d480-56b4-48ca-8c42-ca0470660565,0,,62021738-21ed-407c-a6eb-032a84c5e39b,filled,1.2,1,buy,,ENB260717C00057500,2026-06-10T15:56:11.617348Z,fill
,FILL,,2,,,,,,,20260610115603938::9b2be5e3-b35a-4553-85f6-53f4365e1c92,0,,6fa8ae7b-9271-4777-aac9-b95656924aea,filled,13.6,2,buy,,MO260717C00060000,2026-06-10T15:56:03.938957Z,fill
,FILL,,3,,,,,,,20260610115556848::70779dcb-a804-4442-ba3c-d7675a71c912,0,,2b222486-88e1-4168-b92d-aea70338fa56,filled,11.4,3,buy,,KO260717C00072500,2026-06-10T15:55:56.848959Z,fill
,FILL,,1,,,,,,,20260610115148166::0d9ab24a-54f3-46aa-8bdc-e021f036d365,0,,deed662f-838c-4934-ae8f-7e3c3852a4e4,filled,1.96,1,sell,,SCHW260717C00092500,2026-06-10T15:51:48.166716Z,fill
,FILL,,2,,,,,,,20260610115134290::a00819d4-8bf4-4e2b-b107-afe662ac24be,0,,fa8c9071-47e6-42ce-967c-1ac3414b4be7,filled,3,2,sell,,PEP260717C00150000,2026-06-10T15:51:34.290735Z,fill
,FILL,,1,,,,,,,20260610114800024::74221ec7-49c2-4f89-872b-efe69092dc4f,0,,3359b7a7-0952-40e4-9674-055d465c75cb,filled,16.4,1,sell,,SPY260710C00729000,2026-06-10T15:48:00.024647Z,fill
,FILL,,2,,,,,,,20260610113543382::9325babd-7c6e-40f6-8b48-1829f1bc6f4f,0,,aab0e6ef-9704-4f6a-8f8b-a720b25fca26,filled,11,2,buy,,ADBE260717P00225000,2026-06-10T15:35:43.382078Z,fill
,FILL,,1,,,,,,,20260610113429003::ea7fd699-8716-40d8-82d5-354fe117a4e2,0,,3b2705b4-3d94-4bf8-a118-c259ab591df3,filled,16.74,1,buy,,SPY260710C00729000,2026-06-10T15:34:29.00385Z,fill
,FILL,,3,,,,,,,20260610113104496::706f350d-0ae2-4930-a114-520e888cb486,0,,28b18ca8-e93a-4fc1-9316-b5c919c980fd,filled,14.3,3,sell,,ADBE260717P00235000,2026-06-10T15:31:04.496088Z,fill
,FILL,,3,,,,,,,20260610113043816::179115bc-6954-4fa1-a1f6-34a9cc0f611f,0,,e5bd1b47-4dc7-4c40-9c20-ff066f588a4d,filled,10.85,3,sell,,KO260717C00072500,2026-06-10T15:30:43.816645Z,fill
,FILL,,1,,,,,,,20260610111726009::2f9a4cce-25b0-4206-959a-a55bff1347c7,0,,51b14a6c-da7d-418f-a617-03a8f930f177,filled,2.42,1,buy,,SCHW260717C00092500,2026-06-10T15:17:26.009224Z,fill
,FILL,,2,,,,,,,20260610111719158::87920547-a7f1-4b1b-9f12-e00f7c1cbe1f,0,,2c0ef295-50d0-4867-bd9f-de221e35d20f,filled,11.16,2,buy,,SPY260710P00720000,2026-06-10T15:17:19.15877Z,fill
,FILL,,2,,,,,,,20260610111351173::cda11ead-465c-4b3e-bd63-29ee7889e85e,0,,e2b3afa8-4ed7-4967-8925-a539b43728e5,filled,8.3,2,sell,,HD260717C00330000,2026-06-10T15:13:51.173972Z,fill
,FILL,,2,,,,,,,20260610100447123::2158d9c1-4b36-47c4-b657-9bae1573d67b,0,,490dd6cd-c5b2-4bdf-91a9-627c97a30f57,filled,9.7,2,buy,,INTC260717P00105000,2026-06-10T14:04:47.12313Z,fill
,FILL,,1,,,,,,,20260610100440383::bd013449-f742-4441-b8e4-fab41c02abe9,0,,ccdb9c49-7259-4343-ad87-c8b0fd7b06c4,filled,33.55,1,buy,,ABBV260717C00195000,2026-06-10T14:04:40.383054Z,fill
,FILL,,1,,,,,,,20260610100433743::4aea34b9-c9ad-4ffe-8c08-feecc0c4e4c7,0,,74e04d62-0934-41c7-8422-9fe0fa3079da,filled,84,1,buy,,UNH260717C00330000,2026-06-10T14:04:33.743129Z,fill
,FILL,,2,,,,,,,20260610095633966::f303f2ee-1f1a-4bb5-9224-5688a6b23076,0,,6caa886a-2ed6-4c84-8a81-c49c062309fa,filled,4.2,1,buy,,PG260821C00155000,2026-06-10T13:56:33.966243Z,fill
,FILL,,1,,,,,,,20260610095633853::2b9a1db6-642e-4932-8ad6-8a4a8a91a672,1,,6caa886a-2ed6-4c84-8a81-c49c062309fa,partially_filled,4.2,1,buy,,PG260821C00155000,2026-06-10T13:56:33.853012Z,partial_fill
,FILL,,2,,,,,,,20260610095626483::ea77273a-a8cd-4026-b564-0106dfe0fcc5,0,,940b0ea0-57bd-415b-885f-804ef9c61ade,filled,8.8,2,buy,,HD260717C00330000,2026-06-10T13:56:26.483958Z,fill
,FILL,,3,,,,,,,20260610095620928::254fb722-c86f-4450-9654-2caf7ade055e,0,,d3ff04d2-cbd7-48e9-9d8d-c1968c2bc276,filled,15.2,3,buy,,ADBE260717P00235000,2026-06-10T13:56:20.928873Z,fill
,FILL,,2,,,,,,,20260610095615298::077cdbb4-f58d-45f5-93b1-07dcac67d2c1,0,,1934e26b-061e-46b0-8460-61126110aec4,filled,42.85,2,buy,,AMD260717P00470000,2026-06-10T13:56:15.298566Z,fill
,FILL,,2,,,,,,,20260610095609954::599ef721-5abe-4d26-84b4-f4a64284ce68,0,,d3446c96-2a83-4836-bcac-65230e95ca72,filled,21.3,2,buy,,AVGO260717P00370000,2026-06-10T13:56:09.954757Z,fill
,FILL,,2,,,,,,,20260610095604714::89f6d860-238c-41bd-aa6e-047f87b2af2d,0,,4dcc9c4d-fed1-40e4-87f5-544f84057951,filled,3.1,2,buy,,PEP260717C00150000,2026-06-10T13:56:04.714376Z,fill
,FILL,,2,,,,,,,20260610095559567::7e9af9d2-a3ca-4a13-b35b-d1e2a4a76895,0,,a801cd02-0f1b-4b31-b7ca-69c0ef0e632b,filled,18.7,2,buy,,QQQ260710P00700000,2026-06-10T13:55:59.567056Z,fill
,FILL,,2,,,,,,,20260610095554952::67cc2d72-68b2-467d-8aad-70434b5e478a,0,,77a0a6fd-d948-4f5d-8032-f1521de4d044,filled,18.6,2,buy,,META260717P00575000,2026-06-10T13:55:54.952062Z,fill
,FILL,,3,,,,,,,20260610095550876::a38554e8-9dc3-426b-899f-ee657ef94d16,0,,2a4b700c-4a4a-422a-bece-eeb923f69c67,filled,21.75,2,buy,,TSLA260717P00390000,2026-06-10T13:55:50.876495Z,fill
,FILL,,1,,,,,,,20260610095550760::c9e1c545-528d-460d-b84f-8488b2431107,2,,2a4b700c-4a4a-422a-bece-eeb923f69c67,partially_filled,21.75,1,buy,,TSLA260717P00390000,2026-06-10T13:55:50.760219Z,partial_fill
,FILL,,3,,,,,,,20260610095546747::7077d9cb-d7c0-4308-92ad-dd35f2ab8788,0,,28962c16-326a-4205-8bfa-54aef8f44632,filled,10.05,3,buy,,CRM260717P00175000,2026-06-10T13:55:46.747725Z,fill
,FILL,,3,,,,,,,20260610095542438::bbf88b77-1e1d-4ab4-bea7-850c614827fc,0,,1675433e-d844-49d2-b864-6abae3743724,filled,20.4,3,buy,,ORCL260717P00210000,2026-06-10T13:55:42.438439Z,fill
,FILL,,2,,,,,,,20260610095538705::3dafefe6-6cdc-4e01-8a7d-58c7aef2a7fa,0,,7d6f65c9-6028-4629-99b0-b61b91858063,filled,3.75,2,buy,,BAC260717C00052500,2026-06-10T13:55:38.705842Z,fill
,FILL,,3,,,,,,,20260610095535324::1c899752-7041-4931-a008-42bb24bae069,0,,defe74fc-b2f4-4b70-bd32-39e433467af4,filled,10.7,3,buy,,KO260717C00072500,2026-06-10T13:55:35.324936Z,fill
OCC,FEE,2026-06-11T08:22:46.544413Z,,USD,,2026-06-10,OCC Clearing Fee,3dafefe6-6cdc-4e01-8a7d-58c7aef2a7fa,,20260610000000000::f7e288a8-2244-434d-b936-17fa884d94bc,,-0.04,7d6f65c9-6028-4629-99b0-b61b91858063,,,,,executed,,,
TAF,FEE,2026-06-11T08:24:30.332457Z,,USD,,2026-06-10,OPT TAF fee for proceed of 78 contracts (43 trades) on 2026-06-10 by PA3NJU1Y90R3,,,20260610000000000::f0cae825-950a-4093-a30a-abb50a28aae2,,-0.22,,,,,,executed,,,
OCC,FEE,2026-06-11T08:24:30.332457Z,,USD,,2026-06-10,OCC Clearing Fee,cd74fb9b-1b61-4083-802d-e8085631b030,,20260610000000000::eb9abb3e-e612-4a48-b8e4-77d473f2bc4d,,-0.06,a26fff34-b912-4a37-b566-6cf28c925ff8,,,,,executed,,,
OCC,FEE,2026-06-11T08:23:51.008839Z,,USD,,2026-06-10,OCC Clearing Fee,706f350d-0ae2-4930-a114-520e888cb486,,20260610000000000::e5ae3b3e-35d5-411a-935f-01d9b7cbd3d8,,-0.06,28b18ca8-e93a-4fc1-9316-b5c919c980fd,,,,,executed,,,
OCC,FEE,2026-06-11T08:24:00.050617Z,,USD,,2026-06-10,OCC Clearing Fee,3af1bae5-9d61-4bed-b48a-7ca6dc0afd1c,,20260610000000000::e31c45fc-63ab-43b5-818b-fc1429f30c85,,-0.04,47d3f359-13c8-43a1-af3e-d676ec14c504,,,,,executed,,,
OCC,FEE,2026-06-11T08:24:00.050617Z,,USD,,2026-06-10,OCC Clearing Fee,914cbc35-e679-4e01-845a-f257e6a6e706,,20260610000000000::deb6fd81-d267-483f-b46d-0444adfbf11c,,-0.04,dcd0ae91-f725-431e-9860-bf9cc0ee0de4,,,,,executed,,,
OCC,FEE,2026-06-11T08:24:00.050617Z,,USD,,2026-06-10,OCC Clearing Fee,45f2ec36-521e-453a-b2bd-6ff88fc5e506,,20260610000000000::dc005bbd-7885-4def-af8b-08e14c8a8403,,-0.04,e5c87825-efd8-4085-b566-6756ce137db4,,,,,executed,,,
OCC,FEE,2026-06-11T08:24:26.609623Z,,USD,,2026-06-10,OCC Clearing Fee,6a35f373-7dd2-4e65-b2f7-9487b490cc61,,20260610000000000::d6384fe9-9257-44c3-9f9a-787e1cb66bb2,,-0.04,a187f696-07f8-440f-912d-c96beadcdc61,,,,,executed,,,
OCC,FEE,2026-06-11T08:23:04.458055Z,,USD,,2026-06-10,OCC Clearing Fee,daf1c6ce-e3f4-49e5-920b-83b19a12159b,,20260610000000000::d3822abf-fee9-45f4-9afd-cd623fac7465,,-0.06,b0bb8ae9-25e7-462e-8323-455b5a383c4f,,,,,executed,,,
OCC,FEE,2026-06-11T08:24:00.050617Z,,USD,,2026-06-10,OCC Clearing Fee,a9368290-b130-4d96-b5a7-38cec5816219,,20260610000000000::cf1af8e1-f691-4b58-842a-3fcb4906e26f,,-0.04,e6be75a5-ab5d-484b-a1cc-1daa36ec9d76,,,,,executed,,,
OCC,FEE,2026-06-11T08:24:00.050617Z,,USD,,2026-06-10,OCC Clearing Fee,b9e9b545-3ba6-4347-a15c-b38ac5b9e825,,20260610000000000::cc963278-8057-49dd-a11a-cac9c788ecbf,,-0.04,5953835a-396d-45cb-9a98-0418a822a236,,,,,executed,,,
OCC,FEE,2026-06-11T08:24:26.609623Z,,USD,,2026-06-10,OCC Clearing Fee,ed484492-980c-4a99-9f07-059bc54d9a97,,20260610000000000::ca6f4f8e-cbbf-4357-b678-90a022b03915,,-0.04,40037358-adc8-4191-a704-112d9f49becc,,,,,executed,,,
OCC,FEE,2026-06-11T08:24:26.609623Z,,USD,,2026-06-10,OCC Clearing Fee,88fd861e-cf01-4149-9b5b-75196d52315e,,20260610000000000::c8afe12c-2e92-4bab-8b48-7d8d0b191572,,-0.04,8dea2c8b-9ab4-4ec7-a1a6-148a7043d4d4,,,,,executed,,,
OCC,FEE,2026-06-11T08:24:00.050617Z,,USD,,2026-06-10,OCC Clearing Fee,27198c0c-4eda-4325-9a00-e7f33e570c01,,20260610000000000::c8a3f9fb-e6c3-4576-90d8-3894f3e35756,,-0.02,a36f2369-1573-4a74-a405-b46a67eac9a2,,,,,executed,,,
OCC,FEE,2026-06-11T08:22:55.714075Z,,USD,,2026-06-10,OCC Clearing Fee,bd013449-f742-4441-b8e4-fab41c02abe9,,20260610000000000::c72c1a20-e6a9-4e68-982b-269be3b9208f,,-0.02,ccdb9c49-7259-4343-ad87-c8b0fd7b06c4,,,,,executed,,,
OCC,FEE,2026-06-11T08:24:26.609623Z,,USD,,2026-06-10,OCC Clearing Fee,b62c734c-12d5-4346-a777-e3469af01c21,,20260610000000000::bc868ec0-ea5b-477e-9970-5c6042c7f2ed,,-0.02,210a9c1d-15df-4fe8-8893-5af4ac5f5e26,,,,,executed,,,
ORF,FEE,2026-06-11T08:24:28.507577Z,,USD,,2026-06-10,ORF fee for proceed of 156 contracts on 2026-06-10 by PA3NJU1Y90R3,,,20260610000000000::bbd65d09-673a-4c82-89eb-53cb4482c486,,-4.19,,,,,,executed,,,
OCC,FEE,2026-06-11T08:23:48.704955Z,,USD,,2026-06-10,OCC Clearing Fee,cda11ead-465c-4b3e-bd63-29ee7889e85e,,20260610000000000::bafb5e79-c2f1-4a36-aabe-a14fc63f3715,,-0.04,e2b3afa8-4ed7-4967-8925-a539b43728e5,,,,,executed,,,
OCC,FEE,2026-06-11T08:22:46.544413Z,,USD,,2026-06-10,OCC Clearing Fee,077cdbb4-f58d-45f5-93b1-07dcac67d2c1,,20260610000000000::b9fc2832-e814-4dfb-a7b2-d546e0ca2ad7,,-0.04,1934e26b-061e-46b0-8460-61126110aec4,,,,,executed,,,
OCC,FEE,2026-06-11T08:24:26.609623Z,,USD,,2026-06-10,OCC Clearing Fee,26c2f652-27b2-4f38-bb6e-f1d37be50d96,,20260610000000000::b6580abf-affc-43c6-b44f-a5a2f23ac670,,-0.02,d5cba659-0000-4104-868b-06abce4d8609,,,,,executed,,,
OCC,FEE,2026-06-11T08:23:48.704955Z,,USD,,2026-06-10,OCC Clearing Fee,9325babd-7c6e-40f6-8b48-1829f1bc6f4f,,20260610000000000::b2766cf6-d029-4e1c-901b-1fc051303c5b,,-0.04,aab0e6ef-9704-4f6a-8f8b-a720b25fca26,,,,,executed,,,
OCC,FEE,2026-06-11T08:22:46.544413Z,,USD,,2026-06-10,OCC Clearing Fee,89f6d860-238c-41bd-aa6e-047f87b2af2d,,20260610000000000::ae860293-a143-49ba-9f61-24859f4082c8,,-0.04,4dcc9c4d-fed1-40e4-87f5-544f84057951,,,,,executed,,,
OCC,FEE,2026-06-11T08:24:26.609623Z,,USD,,2026-06-10,OCC Clearing Fee,57888b52-9fe8-4bec-bdf2-0969daa762a9,,20260610000000000::ac8433b3-a3e2-4660-9752-74be1e5915f6,,-0.02,f7d0fe33-b919-4908-8387-62cb6f013355,,,,,executed,,,
OCC,FEE,2026-06-11T08:22:46.544413Z,,USD,,2026-06-10,OCC Clearing Fee,2b9a1db6-642e-4932-8ad6-8a4a8a91a672,,20260610000000000::ab33e52d-46ba-4832-b655-c6feac7df03e,,-0.02,6caa886a-2ed6-4c84-8a81-c49c062309fa,,,,,executed,,,
OCC,FEE,2026-06-11T08:24:26.609623Z,,USD,,2026-06-10,OCC Clearing Fee,cf83b5a6-b6d6-4cb1-a666-742ffc6bc692,,20260610000000000::a9ac77d9-4e5c-4a45-a0c0-a244ab57e173,,-0.04,f458feb2-e9f4-413c-b6a7-8077266733af,,,,,executed,,,
OCC,FEE,2026-06-11T08:24:26.609623Z,,USD,,2026-06-10,OCC Clearing Fee,4e481ef1-b133-44ed-b343-1586a4a89d5d,,20260610000000000::a7948157-45fc-4e9e-a1dc-ef01dfb0715d,,-0.04,e65c881d-d9d6-4bfb-920a-24a3ae8fbf22,,,,,executed,,,
OCC,FEE,2026-06-11T08:24:00.050617Z,,USD,,2026-06-10,OCC Clearing Fee,366ee12c-a70b-49e5-83ef-7814fef20f0b,,20260610000000000::a57c4001-f495-455c-b276-61d873bfe349,,-0.04,2740fbc8-add1-45c7-ae28-a2eaf792c78b,,,,,executed,,,
OCC,FEE,2026-06-11T08:24:00.050617Z,,USD,,2026-06-10,OCC Clearing Fee,eb3b64e6-7dd9-4bff-bd85-ffde1d3b117f,,20260610000000000::a47a9907-8715-4557-84cd-946318a38683,,-0.04,184a2647-1b0a-464a-83ff-8939c833ead2,,,,,executed,,,
OCC,FEE,2026-06-11T08:23:48.704955Z,,USD,,2026-06-10,OCC Clearing Fee,2f9a4cce-25b0-4206-959a-a55bff1347c7,,20260610000000000::a238330b-02a8-4761-9a32-846b2c281b30,,-0.02,51b14a6c-da7d-418f-a617-03a8f930f177,,,,,executed,,,
OCC,FEE,2026-06-11T08:23:51.008839Z,,USD,,2026-06-10,OCC Clearing Fee,ea7fd699-8716-40d8-82d5-354fe117a4e2,,20260610000000000::a1c2e743-5daa-4892-9591-468a1c5f6fd0,,-0.02,3b2705b4-3d94-4bf8-a118-c259ab591df3,,,,,executed,,,
OCC,FEE,2026-06-11T08:24:26.609623Z,,USD,,2026-06-10,OCC Clearing Fee,81eb4908-ede1-4d63-87b8-8b0570379a3a,,20260610000000000::a18c4a47-88b3-449b-a83d-c49dfb036ce1,,-0.04,40968aa3-d0d9-441c-9557-76d0c44d4074,,,,,executed,,,
OCC,FEE,2026-06-11T08:24:13.358849Z,,USD,,2026-06-10,OCC Clearing Fee,7bfe88d2-4180-4766-9297-73276e22937b,,20260610000000000::9f98e607-85ee-49f2-9201-7217ae1cca7b,,-0.02,58ff2fc6-984e-4629-8c12-66eb1ddb5e71,,,,,executed,,,
OCC,FEE,2026-06-11T08:24:26.609623Z,,USD,,2026-06-10,OCC Clearing Fee,755859df-a629-4136-b35f-adcd48fdef36,,20260610000000000::9c5a0274-d333-48bd-9b45-4d4808efdcea,,-0.04,11bde624-3565-4507-93ac-7e31c11a3ec8,,,,,executed,,,
OCC,FEE,2026-06-11T08:22:46.544413Z,,USD,,2026-06-10,OCC Clearing Fee,254fb722-c86f-4450-9654-2caf7ade055e,,20260610000000000::98f67137-6341-49ff-aa27-fd1d34e7e884,,-0.06,d3ff04d2-cbd7-48e9-9d8d-c1968c2bc276,,,,,executed,,,
OCC,FEE,2026-06-11T08:23:33.38843Z,,USD,,2026-06-10,OCC Clearing Fee,3964b6c4-75df-4424-a080-0ea5e8b5743b,,20260610000000000::911981c9-65f0-4f6c-968c-0c2181d0049d,,-0.04,830f5500-cb29-4b39-9aef-cb4ce55d76e8,,,,,executed,,,
OCC,FEE,2026-06-11T08:24:00.050617Z,,USD,,2026-06-10,OCC Clearing Fee,6f6a59be-f152-47b8-aed2-f831212af2ae,,20260610000000000::8f574c04-d308-43b2-951e-3acac135b82e,,-0.04,4c0cb26f-ffd6-464a-b50c-e6b2d2181901,,,,,executed,,,
OCC,FEE,2026-06-11T08:22:46.544413Z,,USD,,2026-06-10,OCC Clearing Fee,599ef721-5abe-4d26-84b4-f4a64284ce68,,20260610000000000::85f21569-41e1-4d13-a989-8b9679bd5abe,,-0.04,d3446c96-2a83-4836-bcac-65230e95ca72,,,,,executed,,,
OCC,FEE,2026-06-11T08:24:26.609623Z,,USD,,2026-06-10,OCC Clearing Fee,3f6cc530-0329-4d12-b987-e03a1239f078,,20260610000000000::84072946-1be3-4ece-94ec-f718a6120406,,-0.06,8b4242ed-799f-4a1b-b31d-8c10b78788ed,,,,,executed,,,
OCC,FEE,2026-06-11T08:24:00.050617Z,,USD,,2026-06-10,OCC Clearing Fee,0d9ab24a-54f3-46aa-8bdc-e021f036d365,,20260610000000000::820041f1-21cc-4720-bfd1-99d0c36262d4,,-0.02,deed662f-838c-4934-ae8f-7e3c3852a4e4,,,,,executed,,,
OCC,FEE,2026-06-11T08:24:00.050617Z,,USD,,2026-06-10,OCC Clearing Fee,ad3f0870-4158-4168-8668-16a16f37cdf9,,20260610000000000::8009e7db-12bc-44fb-b2e9-12b2fff341dc,,-0.04,d292d917-ad11-4c29-8deb-d9f1056f610f,,,,,executed,,,
OCC,FEE,2026-06-11T08:24:00.050617Z,,USD,,2026-06-10,OCC Clearing Fee,41d3346b-2953-4710-a29f-318c1750acb8,,20260610000000000::7e127cc9-898d-4c75-87fd-5df77b07afc5,,-0.04,be2172d4-359a-495b-bf66-d7c1b9cce389,,,,,executed,,,
OCC,FEE,2026-06-11T08:24:00.050617Z,,USD,,2026-06-10,OCC Clearing Fee,9b2be5e3-b35a-4553-85f6-53f4365e1c92,,20260610000000000::7b4e0ebb-fe41-4715-8d96-bee81afc7438,,-0.04,6fa8ae7b-9271-4777-aac9-b95656924aea,,,,,executed,,,
OCC,FEE,2026-06-11T08:24:26.609623Z,,USD,,2026-06-10,OCC Clearing Fee,e74f541a-ae0b-41d9-ba32-398ddd58ea56,,20260610000000000::7af747a3-2338-4174-810c-60f39bba99e7,,-0.02,210a9c1d-15df-4fe8-8893-5af4ac5f5e26,,,,,executed,,,
OCC,FEE,2026-06-11T08:22:46.544413Z,,USD,,2026-06-10,OCC Clearing Fee,67cc2d72-68b2-467d-8aad-70434b5e478a,,20260610000000000::7476f19b-715a-4c6a-8f90-e68f484b2401,,-0.04,77a0a6fd-d948-4f5d-8032-f1521de4d044,,,,,executed,,,
OCC,FEE,2026-06-11T08:24:26.609623Z,,USD,,2026-06-10,OCC Clearing Fee,ccbe55b3-86a0-4e74-82ee-a614e0d285c6,,20260610000000000::7368cba0-0897-4a4e-9189-2cfa56e4b858,,-0.04,3ae26fc4-a62c-487d-88ba-4ee54c5f3fd5,,,,,executed,,,
OCC,FEE,2026-06-11T08:24:26.609623Z,,USD,,2026-06-10,OCC Clearing Fee,2bbcbcf0-3034-4b71-81df-165cba298c0c,,20260610000000000::69782752-a557-4d60-9235-fb8d0719fd34,,-0.04,13479e17-1752-4a89-9eb3-ecfa1f5e6143,,,,,executed,,,
OCC,FEE,2026-06-11T08:24:00.050617Z,,USD,,2026-06-10,OCC Clearing Fee,a00819d4-8bf4-4e2b-b107-afe662ac24be,,20260610000000000::680ad6ed-beb0-4a0c-b47c-c4479be4c84c,,-0.04,fa8c9071-47e6-42ce-967c-1ac3414b4be7,,,,,executed,,,
OCC,FEE,2026-06-11T08:24:26.609623Z,,USD,,2026-06-10,OCC Clearing Fee,f942a9ff-bfb7-42e3-90fe-4afcc305acac,,20260610000000000::6778abdd-7b04-4089-89d7-20bf21ae9e0d,,-0.04,6082701a-7155-4108-b4ba-3c17f4099e96,,,,,executed,,,
OCC,FEE,2026-06-11T08:24:00.050617Z,,USD,,2026-06-10,OCC Clearing Fee,2eaa26bf-84af-4361-a3dc-d2f3119434fb,,20260610000000000::67690ade-7ec3-4271-b07d-3cba0e1468be,,-0.04,18335c9f-4652-4425-94ac-fef12c38edd0,,,,,executed,,,
OCC,FEE,2026-06-11T08:24:00.050617Z,,USD,,2026-06-10,OCC Clearing Fee,720ba0c9-019b-4951-9f72-1f02a05f4dfb,,20260610000000000::63a8aff2-35ec-4db1-a1b9-5d7322f39631,,-0.02,43a0315e-cba6-42f1-be39-3005f1df8a8a,,,,,executed,,,
OCC,FEE,2026-06-11T08:24:26.609623Z,,USD,,2026-06-10,OCC Clearing Fee,3b9a9185-3170-43c6-98c7-d4929210dbd4,,20260610000000000::6364dfab-2d0e-4a1e-856e-71692081c3b1,,-0.02,7d675d79-67a7-4631-8224-61b8cc9e55a5,,,,,executed,,,
OCC,FEE,2026-06-11T08:22:46.544413Z,,USD,,2026-06-10,OCC Clearing Fee,a38554e8-9dc3-426b-899f-ee657ef94d16,,20260610000000000::5a4e49fd-9860-4200-83d8-bb4583d112d8,,-0.04,2a4b700c-4a4a-422a-bece-eeb923f69c67,,,,,executed,,,
OCC,FEE,2026-06-11T08:24:00.050617Z,,USD,,2026-06-10,OCC Clearing Fee,11049405-8fa7-4963-833e-2750eddef353,,20260610000000000::591c9fbb-d110-47b8-a359-c13a2f70cb84,,-0.02,a36f2369-1573-4a74-a405-b46a67eac9a2,,,,,executed,,,
OCC,FEE,2026-06-11T08:22:46.544413Z,,USD,,2026-06-10,OCC Clearing Fee,ea77273a-a8cd-4026-b564-0106dfe0fcc5,,20260610000000000::56b89354-f961-46c4-89ec-276f914fa528,,-0.04,940b0ea0-57bd-415b-885f-804ef9c61ade,,,,,executed,,,
OCC,FEE,2026-06-11T08:24:00.050617Z,,USD,,2026-06-10,OCC Clearing Fee,d0aa8777-539d-4e60-966f-1dd876de6f0a,,20260610000000000::53ba1e0f-5d9f-459b-b3d7-62b4c3907ca7,,-0.04,d04bc4b0-65b8-46b5-ad26-1ae45d8f44c8,,,,,executed,,,
OCC,FEE,2026-06-11T08:23:33.38843Z,,USD,,2026-06-10,OCC Clearing Fee,c0b05258-268b-4f6f-aba8-1f16a29d6718,,20260610000000000::5384aea1-60ba-41df-b95d-490de9792803,,-0.02,f6a4eb7b-7d18-45e9-b402-2d88a342dc48,,,,,executed,,,
OCC,FEE,2026-06-11T08:24:26.609623Z,,USD,,2026-06-10,OCC Clearing Fee,dede6fcb-b122-4591-91da-86a949bb2d60,,20260610000000000::516b825a-4f96-4dc9-954c-4a0880cddad0,,-0.04,4d79e7c0-94eb-4d0b-a7c9-0dd0630e27c1,,,,,executed,,,
OCC,FEE,2026-06-11T08:24:26.609623Z,,USD,,2026-06-10,OCC Clearing Fee,30db0abf-2d32-499d-be11-19afff3057e2,,20260610000000000::50ef7fd4-fd2e-4172-9c82-5f2ca7fc932c,,-0.02,40037358-adc8-4191-a704-112d9f49becc,,,,,executed,,,
OCC,FEE,2026-06-11T08:24:00.050617Z,,USD,,2026-06-10,OCC Clearing Fee,70779dcb-a804-4442-ba3c-d7675a71c912,,20260610000000000::5009ff1e-6290-4420-a7d9-b38a921e0df6,,-0.06,2b222486-88e1-4168-b92d-aea70338fa56,,,,,executed,,,
OCC,FEE,2026-06-11T08:24:26.609623Z,,USD,,2026-06-10,OCC Clearing Fee,5c53ec2a-dab2-40ac-9a0a-d24836f2ae0f,,20260610000000000::4e52ca7b-0923-490f-9245-2c4ee423cdbf,,-0.02,7c7c75f8-c2f0-4baa-8d05-58588cb0a23e,,,,,executed,,,
OCC,FEE,2026-06-11T08:24:00.050617Z,,USD,,2026-06-10,OCC Clearing Fee,c2ac2f5a-dac0-46fe-a89b-6035234b6d17,,20260610000000000::4a43bd27-9bc6-42d1-b978-86031c0235dc,,-0.04,8c690bd8-d68a-435b-803b-6283bcca4a46,,,,,executed,,,
OCC,FEE,2026-06-11T08:24:26.609623Z,,USD,,2026-06-10,OCC Clearing Fee,a803ac68-4cb0-4902-b53e-1e819065de86,,20260610000000000::48f6ce68-666c-49d1-83b9-38e1e7578a5e,,-0.06,8adea66a-74cd-48c9-b737-9007d0c4bb14,,,,,executed,,,
OCC,FEE,2026-06-11T08:24:21.205085Z,,USD,,2026-06-10,OCC Clearing Fee,b91b62f8-60f0-4cca-b8ee-1b7d3bba952f,,20260610000000000::489e3768-6863-4346-b3d7-b4204a9588f8,,-0.02,4b99c30c-ccdc-4420-a45d-8c69a031b994,,,,,executed,,,
OCC,FEE,2026-06-11T08:22:46.544413Z,,USD,,2026-06-10,OCC Clearing Fee,c9e1c545-528d-460d-b84f-8488b2431107,,20260610000000000::462788df-aa4a-4fad-8aa5-d0d5102e64b1,,-0.02,2a4b700c-4a4a-422a-bece-eeb923f69c67,,,,,executed,,,
OCC,FEE,2026-06-11T08:24:00.050617Z,,USD,,2026-06-10,OCC Clearing Fee,74221ec7-49c2-4f89-872b-efe69092dc4f,,20260610000000000::461ca974-80f5-4df5-84d3-678e451f3823,,-0.02,3359b7a7-0952-40e4-9674-055d465c75cb,,,,,executed,,,
OCC,FEE,2026-06-11T08:22:46.544413Z,,USD,,2026-06-10,OCC Clearing Fee,bbf88b77-1e1d-4ab4-bea7-850c614827fc,,20260610000000000::43a9e4ba-8bbb-402f-8e4f-9db83f10c6fc,,-0.06,1675433e-d844-49d2-b864-6abae3743724,,,,,executed,,,
OCC,FEE,2026-06-11T08:24:26.609623Z,,USD,,2026-06-10,OCC Clearing Fee,f127234c-3d46-4ef6-aee7-25211821c6a7,,20260610000000000::42981b4c-6c31-465b-b18b-4bafe1ff07e2,,-0.04,29a9ad4c-8a70-4a7f-8db3-75518295333a,,,,,executed,,,
OCC,FEE,2026-06-11T08:22:46.544413Z,,USD,,2026-06-10,OCC Clearing Fee,f303f2ee-1f1a-4bb5-9224-5688a6b23076,,20260610000000000::408175f9-2441-46be-9273-5616d8b6dc2d,,-0.02,6caa886a-2ed6-4c84-8a81-c49c062309fa,,,,,executed,,,
OCC,FEE,2026-06-11T08:24:26.609623Z,,USD,,2026-06-10,OCC Clearing Fee,9a2077e8-3f38-4530-b01d-b102bc2f12dc,,20260610000000000::3e17d604-13f3-4526-8833-b9c6498a27d5,,-0.06,28e2f82d-d0cd-4fed-bf80-f2b49e1f754f,,,,,executed,,,
OCC,FEE,2026-06-11T08:24:00.050617Z,,USD,,2026-06-10,OCC Clearing Fee,6001e201-f23f-4f23-828f-f821db880948,,20260610000000000::3cb7d63b-d7c0-4512-905b-3253be98d4d8,,-0.06,a8b430e5-2bc3-485e-a97d-065e588860dd,,,,,executed,,,
OCC,FEE,2026-06-11T08:24:26.609623Z,,USD,,2026-06-10,OCC Clearing Fee,95a8d15c-193b-41e8-83c7-f53dae19549e,,20260610000000000::35cf84e3-97c4-4fbf-aebd-d84a683301ea,,-0.02,63dc7a5d-68b9-4696-985f-6cc6ef49ec58,,,,,executed,,,
OCC,FEE,2026-06-11T08:24:30.332457Z,,USD,,2026-06-10,OCC Clearing Fee,7cddc49b-a501-4fa0-8c26-8156a29b7e85,,20260610000000000::34b18e28-940d-4cfd-b66d-5fd0e633ca9a,,-0.04,702a6875-7fd8-4a3e-a328-926bcab5b0fb,,,,,executed,,,
OCC,FEE,2026-06-11T08:24:26.609623Z,,USD,,2026-06-10,OCC Clearing Fee,d2320d74-0e10-4245-9da5-da3d34ff01dd,,20260610000000000::31a1765b-ca15-4808-84da-4692a7902c1a,,-0.04,4bf4be30-f960-4afd-9955-564bbb3c9565,,,,,executed,,,
OCC,FEE,2026-06-11T08:24:23.08929Z,,USD,,2026-06-10,OCC Clearing Fee,36611229-ec51-426b-8e5d-63eaacf1e0bf,,20260610000000000::2f4e8274-da7f-4a08-a225-3fc464afbc05,,-0.04,62067b95-b0a0-443c-b4e1-99b999f95fa5,,,,,executed,,,
OCC,FEE,2026-06-11T08:24:00.050617Z,,USD,,2026-06-10,OCC Clearing Fee,7b98d480-56b4-48ca-8c42-ca0470660565,,20260610000000000::296915ac-f2bd-4c1e-ac92-4e017c1d7f18,,-0.02,62021738-21ed-407c-a6eb-032a84c5e39b,,,,,executed,,,
CAT,FEE,2026-06-11T08:24:58.046003Z,,USD,,2026-06-10,CAT fee for proceed of 85 trades on 2026-06-10 by PA3NJU1Y90R3,,,20260610000000000::2414a6e1-0270-4cea-8ef6-93fbaa2877a8,,-0.05,,,,,,executed,,,
OCC,FEE,2026-06-11T08:22:46.544413Z,,USD,,2026-06-10,OCC Clearing Fee,7e9af9d2-a3ca-4a13-b35b-d1e2a4a76895,,20260610000000000::23936933-f935-43b8-a045-967f882514d9,,-0.04,a801cd02-0f1b-4b31-b7ca-69c0ef0e632b,,,,,executed,,,
OCC,FEE,2026-06-11T08:23:48.704955Z,,USD,,2026-06-10,OCC Clearing Fee,179115bc-6954-4fa1-a1f6-34a9cc0f611f,,20260610000000000::20d306ab-6f8a-4d17-aad1-d68cbea71532,,-0.06,e5bd1b47-4dc7-4c40-9c20-ff066f588a4d,,,,,executed,,,
OCC,FEE,2026-06-11T08:23:48.704955Z,,USD,,2026-06-10,OCC Clearing Fee,87920547-a7f1-4b1b-9f12-e00f7c1cbe1f,,20260610000000000::209b415d-d071-4072-b8b8-1c483745e624,,-0.04,2c0ef295-50d0-4867-bd9f-de221e35d20f,,,,,executed,,,
OCC,FEE,2026-06-11T08:24:26.609623Z,,USD,,2026-06-10,OCC Clearing Fee,4c18cda2-0a0c-44f0-896c-9c77bb4cc31a,,20260610000000000::2077900f-9a2e-444f-bf24-64a60fb98f87,,-0.02,8dea2c8b-9ab4-4ec7-a1a6-148a7043d4d4,,,,,executed,,,
OCC,FEE,2026-06-11T08:24:26.609623Z,,USD,,2026-06-10,OCC Clearing Fee,8ac07244-90b3-4256-99da-a3296c9aeff9,,20260610000000000::1a9bb16c-25c0-4348-93b7-7a47ad89ff61,,-0.04,14298131-da5e-4f39-82ca-e96551acc29e,,,,,executed,,,
OCC,FEE,2026-06-11T08:22:55.714075Z,,USD,,2026-06-10,OCC Clearing Fee,4aea34b9-c9ad-4ffe-8c08-feecc0c4e4c7,,20260610000000000::1a905f62-bb3f-438a-97ce-d5f0675e2457,,-0.02,74e04d62-0934-41c7-8422-9fe0fa3079da,,,,,executed,,,
OCC,FEE,2026-06-11T08:24:00.050617Z,,USD,,2026-06-10,OCC Clearing Fee,3ace4ddc-e2cf-4e8e-9a6d-5256cb845fd3,,20260610000000000::185157d4-f91c-47a4-a1d7-9822bc135d0d,,-0.04,967c3fe2-0d2b-449e-9eac-32e6c722ff58,,,,,executed,,,
OCC,FEE,2026-06-11T08:24:11.359048Z,,USD,,2026-06-10,OCC Clearing Fee,e9345c66-686e-405e-ad4d-8811a4732728,,20260610000000000::1180d868-9913-4b4d-a23b-762f215fa06b,,-0.02,80de571c-c26c-4587-a697-2a747da0b0a4,,,,,executed,,,
OCC,FEE,2026-06-11T08:22:55.714075Z,,USD,,2026-06-10,OCC Clearing Fee,2158d9c1-4b36-47c4-b657-9bae1573d67b,,20260610000000000::0b9538f6-ca05-44f6-b1bd-16aec864bfea,,-0.04,490dd6cd-c5b2-4bdf-91a9-627c97a30f57,,,,,executed,,,
OCC,FEE,2026-06-11T08:22:46.544413Z,,USD,,2026-06-10,OCC Clearing Fee,1c899752-7041-4931-a008-42bb24bae069,,20260610000000000::0858bce4-f37b-46e2-a644-a9ae65ed6f64,,-0.06,defe74fc-b2f4-4b70-bd32-39e433467af4,,,,,executed,,,
OCC,FEE,2026-06-11T08:22:46.544413Z,,USD,,2026-06-10,OCC Clearing Fee,7077d9cb-d7c0-4308-92ad-dd35f2ab8788,,20260610000000000::07dfec86-c418-4d07-a6c0-db1e98706f64,,-0.06,28962c16-326a-4205-8bfa-54aef8f44632,,,,,executed,,,
OCC,FEE,2026-06-11T08:24:26.609623Z,,USD,,2026-06-10,OCC Clearing Fee,9384af19-4f55-46c6-bab1-8a452a82fb0d,,20260610000000000::04b74657-fc6a-4f44-a749-6ec32e78b1de,,-0.02,7c7c75f8-c2f0-4baa-8d05-58588cb0a23e,,,,,executed,,,
,FILL,,2,,,,,,,20260609154524293::a4b31370-8099-4983-99e4-d107238d1991,0,,675e9672-4914-4de0-b631-265ff41d0d37,filled,6.05,2,sell,,KO260717C00075000,2026-06-09T19:45:24.293063Z,fill
,FILL,,2,,,,,,,20260609154524182::efa99235-b87a-4543-be37-d0fc85f49027,0,,57e84e3a-1fc9-4be7-8456-f23452a8a999,filled,4.05,2,sell,,XOM260717P00145000,2026-06-09T19:45:24.182303Z,fill
,FILL,,2,,,,,,,20260609154524069::98ab0492-660a-457d-9173-b14b9538834e,0,,b6e8c494-ad35-4b79-b821-d198327322c3,filled,18.2,1,sell,,HD260717C00310000,2026-06-09T19:45:24.0691Z,fill
,FILL,,1,,,,,,,20260609154523938::795cc9a4-abf5-4358-baad-4c3f86681825,1,,b6e8c494-ad35-4b79-b821-d198327322c3,partially_filled,18.2,1,sell,,HD260717C00310000,2026-06-09T19:45:23.938309Z,partial_fill
,FILL,,3,,,,,,,20260609154523712::ae543a97-0311-49f1-8b94-3aa4fccb15cd,0,,f2be80d3-56e5-4baa-b25a-8033cc36327d,filled,22.15,3,sell,,UNH260717C00400000,2026-06-09T19:45:23.712783Z,fill
,FILL,,2,,,,,,,20260609154519143::8f7913aa-f34e-4459-a058-f6890c617b27,0,,b30d8524-9fdb-4a34-9564-297f490bf139,filled,1.95,2,sell,,ABT260717C00095000,2026-06-09T19:45:19.143384Z,fill
,FILL,,2,,,,,,,20260609153009347::a8d8a8a5-0e1d-4ced-ac1e-dc8741be19b1,0,,3b91a5e2-161d-40d2-a944-4923f4a07847,filled,2.5,2,sell,,CVS260717C00100000,2026-06-09T19:30:09.347472Z,fill
,FILL,,3,,,,,,,20260609140655250::624ac86e-3706-49a0-905f-a8de31ce229e,0,,33f66998-74a9-45c9-806d-e45a2d31f725,filled,17.6,3,sell,,ADBE260717P00240000,2026-06-09T18:06:55.250669Z,fill
,FILL,,1,,,,,,,20260609134958158::1d4ff5af-0826-457f-a1cf-2472d4bb2bf2,0,,c1ae5326-a58a-46fd-a76c-2b1a7a217f9b,filled,92.9,1,sell,,META260717P00680000,2026-06-09T17:49:58.158916Z,fill
,FILL,,2,,,,,,,20260609133336848::84f137df-c501-46ab-8def-3f08be77ecba,0,,e1cf5b79-970f-4771-8fb6-62c8174e9817,filled,14.24,2,sell,,QQQ260710P00680000,2026-06-09T17:33:36.848152Z,fill
,FILL,,2,,,,,,,20260609133325917::abf8398c-b0e2-4953-b0dc-88761a94eb7a,0,,a96aa91c-e024-4150-958b-f6da1e5c3451,filled,22,2,sell,,ORCL260717P00210000,2026-06-09T17:33:25.91748Z,fill
,FILL,,3,,,,,,,20260609133323226::6aa3ae57-b89a-4d90-ab23-7b6e5a50a317,0,,8e45e458-7d8b-46d4-94bd-b92de53bca65,filled,7.75,3,sell,,CRM260717P00170000,2026-06-09T17:33:23.226276Z,fill
,FILL,,2,,,,,,,20260609131717642::793b1049-c097-407b-8734-384773dbc142,0,,569eae47-1336-4bfb-93ba-5b3b6df0ad93,filled,13.25,2,sell,,GOOGL260717P00360000,2026-06-09T17:17:17.642956Z,fill
,FILL,,2,,,,,,,20260609131711246::2d7c90a8-ff28-4dcc-80b4-bc29af5e10e4,0,,d9446b1f-77c3-4a89-a92f-9b432801b76a,filled,28.85,2,sell,,AVGO260717P00390000,2026-06-09T17:17:11.2461Z,fill
,FILL,,2,,,,,,,20260609131708289::7ccc68bd-a4c3-4480-bba5-0dff3dd88643,0,,59b56d72-ebbb-4a23-bb0b-b3e7e097f123,filled,3.75,2,sell,,PG260717C00150000,2026-06-09T17:17:08.289735Z,fill
,FILL,,2,,,,,,,20260609131707281::7772b2d5-d202-4f9f-aa84-4c6e6ed117c5,0,,6b00ee68-1a53-4593-a8c0-379ae65d561c,filled,6.15,2,sell,,JNJ260717C00240000,2026-06-09T17:17:07.281877Z,fill
,FILL,,1,,,,,,,20260609131700606::54e69ce1-d7eb-4c20-aa52-37b5d0532376,0,,79630b42-d068-4613-a828-bcb974d23ee9,filled,83.65,1,sell,,AMD260717P00520000,2026-06-09T17:17:00.606358Z,fill
,FILL,,2,,,,,,,20260609130157032::6e6ab373-dabe-4198-8a27-561c7f9dadb1,0,,ab3f3744-3e53-45f0-84f8-33752bc96a0a,filled,17.78,2,buy,,QQQ260710P00680000,2026-06-09T17:01:57.032383Z,fill
,FILL,,2,,,,,,,20260609125931572::1800fe84-afc0-4d01-b66f-0f01f27fb54e,0,,802ad461-1398-49a1-914d-b7034d8797cc,filled,12.58,2,sell,,SPY260710P00720000,2026-06-09T16:59:31.572006Z,fill
,FILL,,1,,,,,,,20260609125909859::ee2449cc-702d-4586-98e1-5490e711b086,0,,c5b2bd86-281d-4b9a-912a-07c01aa13b91,filled,33.85,1,sell,,TSLA260717P00405000,2026-06-09T16:59:09.859742Z,fill
,FILL,,2,,,,,,,20260609120804650::096f1b22-5e35-4dc8-8a9e-b34b9167218e,0,,d36ef55d-de2a-4ece-ba1f-43c2278f469a,filled,6.75,2,buy,,KO260717C00075000,2026-06-09T16:08:04.650959Z,fill
,FILL,,2,,,,,,,20260609120757360::f76ea1d3-3ac6-4511-a16e-e4b93542fa66,0,,6b02b18b-9d22-4d7e-a469-6e5412a1b7a3,filled,4.4,2,buy,,XOM260717P00145000,2026-06-09T16:07:57.36043Z,fill
,FILL,,2,,,,,,,20260609120750454::a53ccc14-ef8a-48a4-be4e-f6adee842cd2,0,,2147c127-0aa6-4e23-8350-85e5befc0b97,filled,11.25,2,buy,,SPY260710P00720000,2026-06-09T16:07:50.454839Z,fill
,FILL,,2,,,,,,,20260609120744019::0b216afe-e7d7-42d5-866a-9caf3b126490,0,,663f17b4-a4b8-46de-922d-f3b5fc966fa6,filled,14.4,2,buy,,GOOGL260717P00360000,2026-06-09T16:07:44.019004Z,fill
,FILL,,2,,,,,,,20260609120738333::9b89f538-e9f6-449f-8dae-47fd22bb46b7,0,,55543ad0-81d4-4274-872a-7f3de4efd66c,filled,2.71,2,buy,,CVS260717C00100000,2026-06-09T16:07:38.333062Z,fill
,FILL,,2,,,,,,,20260609120313565::90d8527e-72e3-432c-bc4e-6c27dce63b40,0,,b0e9f54b-d2b7-4909-aeab-acf45799c8ce,filled,2.35,2,sell,,CVS260717C00100000,2026-06-09T16:03:13.565037Z,fill
,FILL,,2,,,,,,,20260609112444514::d167592f-540d-4240-a505-71d689cccc08,0,,3dd49930-bc64-48d1-841e-45f60720eb6c,filled,2.6,2,buy,,ABT260717C00095000,2026-06-09T15:24:44.514659Z,fill
,FILL,,2,,,,,,,20260609111558929::b9b37ebd-8743-459b-a89a-0ddebf38098f,0,,3f6389e5-8bd6-45a5-8430-17479edf3b19,filled,20.6,2,buy,,HD260717C00310000,2026-06-09T15:15:58.92951Z,fill
,FILL,,2,,,,,,,20260609111553539::77edfbf2-c514-4e3e-8df8-79db667bc540,0,,9d259d02-aaf3-4f27-8cac-07f0f11635e7,filled,25.25,2,buy,,AVGO260717P00390000,2026-06-09T15:15:53.539422Z,fill
,FILL,,2,,,,,,,20260609111548277::4836f6ff-b9f0-4aa2-87cf-345976233208,0,,302c2dc3-f2b5-48ea-abff-1d661d041808,filled,19.8,2,buy,,ORCL260717P00210000,2026-06-09T15:15:48.277788Z,fill
,FILL,,2,,,,,,,20260609111543296::4bcb338b-d3d4-4842-9505-9bb49e2e8231,0,,9be9b06c-cc51-4b12-8182-8597e371308e,filled,3.45,2,buy,,PG260717C00150000,2026-06-09T15:15:43.296555Z,fill
,FILL,,2,,,,,,,20260609111538554::0da9c705-6122-4f7f-81a2-af5f88819a50,0,,68d0b6ac-0fba-49e8-895e-d700b788b1fb,filled,5.45,2,buy,,JNJ260717C00240000,2026-06-09T15:15:38.554643Z,fill
,FILL,,1,,,,,,,20260609111533599::2f576d86-e5dc-48e9-898d-d5489dea7e68,0,,d414f36f-2272-455f-af4d-c5f6e368b0b2,filled,91.15,1,buy,,META260717P00680000,2026-06-09T15:15:33.599536Z,fill
,FILL,,3,,,,,,,20260609111527837::de3b365e-3a26-4220-9791-22bba4af483f,0,,45a10d4b-7b2d-451e-8151-f256385894ab,filled,6.95,3,buy,,CRM260717P00170000,2026-06-09T15:15:27.837167Z,fill
,FILL,,3,,,,,,,20260609111522897::50d97ea6-1f9c-4bb5-9fe8-77824ce1532e,0,,49a2eb59-3d08-4bf6-9235-32b84b1914c0,filled,16.8,3,buy,,ADBE260717P00240000,2026-06-09T15:15:22.89799Z,fill
,FILL,,1,,,,,,,20260609111519078::cac15fa8-da69-4c87-83d1-b5dca910c125,0,,56889377-c66f-42f5-a76a-5c39a67420c7,filled,67.8,1,buy,,AMD260717P00520000,2026-06-09T15:15:19.078968Z,fill
,FILL,,1,,,,,,,20260609111515262::38dabef5-c3a0-4984-86e2-e4f9fc46321a,0,,9f05865e-3bd3-4670-a208-031b42ab8962,filled,25.85,1,buy,,TSLA260717P00405000,2026-06-09T15:15:15.262665Z,fill
,FILL,,2,,,,,,,20260609111508217::d9b5dcf3-c3fb-4f1c-8695-4125af7240ae,0,,57e10b07-82e1-434d-a28e-75f962d5b643,filled,3,2,buy,,CVS260717C00100000,2026-06-09T15:15:08.217629Z,fill
,FILL,,3,,,,,,,20260609111504395::9054e909-b238-4f03-b462-bc1ea790ad23,0,,1ac8fcdd-adc9-4944-be07-3c529d3635b3,filled,24.9,3,buy,,UNH260717C00400000,2026-06-09T15:15:04.395279Z,fill
,FILL,,1,,,,,,,20260609093313827::655af1ee-58b5-4bfd-841f-9b52fca5d584,0,,41b43761-b250-4da0-b9af-adcc0e2acf66,filled,107,1,sell,,MU260717P00950000,2026-06-09T13:33:13.827485Z,fill
OCC,FEE,2026-06-10T08:25:17.440448Z,,USD,,2026-06-09,OCC Clearing Fee,efa99235-b87a-4543-be37-d0fc85f49027,,20260609000000000::fb342a11-b8f2-4710-8bae-3fce4446e19f,,-0.04,57e84e3a-1fc9-4be7-8456-f23452a8a999,,,,,executed,,,
OCC,FEE,2026-06-10T08:24:30.973431Z,,USD,,2026-06-09,OCC Clearing Fee,cac15fa8-da69-4c87-83d1-b5dca910c125,,20260609000000000::fac0d1cc-5481-493d-abf6-c4c9d7b48d92,,-0.02,56889377-c66f-42f5-a76a-5c39a67420c7,,,,,executed,,,
OCC,FEE,2026-06-10T08:24:40.340422Z,,USD,,2026-06-09,OCC Clearing Fee,a53ccc14-ef8a-48a4-be4e-f6adee842cd2,,20260609000000000::f4d717f6-060d-4993-b449-0f1c68defd55,,-0.04,2147c127-0aa6-4e23-8350-85e5befc0b97,,,,,executed,,,
OCC,FEE,2026-06-10T08:25:04.406071Z,,USD,,2026-06-09,OCC Clearing Fee,ee2449cc-702d-4586-98e1-5490e711b086,,20260609000000000::f2933397-1a92-48a3-86d7-5906f3d0f7dd,,-0.02,c5b2bd86-281d-4b9a-912a-07c01aa13b91,,,,,executed,,,
OCC,FEE,2026-06-10T08:25:00.067131Z,,USD,,2026-06-09,OCC Clearing Fee,a8d8a8a5-0e1d-4ced-ac1e-dc8741be19b1,,20260609000000000::eba11826-cf72-4278-9af0-076c080b3acf,,-0.04,3b91a5e2-161d-40d2-a944-4923f4a07847,,,,,executed,,,
OCC,FEE,2026-06-10T08:24:30.973431Z,,USD,,2026-06-09,OCC Clearing Fee,77edfbf2-c514-4e3e-8df8-79db667bc540,,20260609000000000::e1cbc2c4-758e-483d-b745-d73c2027c2e0,,-0.04,9d259d02-aaf3-4f27-8cac-07f0f11635e7,,,,,executed,,,
OCC,FEE,2026-06-10T08:25:04.406071Z,,USD,,2026-06-09,OCC Clearing Fee,54e69ce1-d7eb-4c20-aa52-37b5d0532376,,20260609000000000::e17b4e17-5aa1-43bd-8d2b-7a4c22e408df,,-0.02,79630b42-d068-4613-a828-bcb974d23ee9,,,,,executed,,,
OCC,FEE,2026-06-10T08:24:30.973431Z,,USD,,2026-06-09,OCC Clearing Fee,38dabef5-c3a0-4984-86e2-e4f9fc46321a,,20260609000000000::d881d495-ca11-471e-9e3d-dce644b8dca4,,-0.02,9f05865e-3bd3-4670-a208-031b42ab8962,,,,,executed,,,
OCC,FEE,2026-06-10T08:25:04.406071Z,,USD,,2026-06-09,OCC Clearing Fee,6aa3ae57-b89a-4d90-ab23-7b6e5a50a317,,20260609000000000::d364951e-5e6a-4e56-b6c8-d28c34da2cec,,-0.06,8e45e458-7d8b-46d4-94bd-b92de53bca65,,,,,executed,,,
OCC,FEE,2026-06-10T08:24:30.973431Z,,USD,,2026-06-09,OCC Clearing Fee,9054e909-b238-4f03-b462-bc1ea790ad23,,20260609000000000::d29def1e-ba96-48e2-aeb3-5253b4928acc,,-0.06,1ac8fcdd-adc9-4944-be07-3c529d3635b3,,,,,executed,,,
OCC,FEE,2026-06-10T08:24:30.973431Z,,USD,,2026-06-09,OCC Clearing Fee,50d97ea6-1f9c-4bb5-9fe8-77824ce1532e,,20260609000000000::d0dd06c5-e679-4fd9-b965-836cc1f386ca,,-0.06,49a2eb59-3d08-4bf6-9235-32b84b1914c0,,,,,executed,,,
OCC,FEE,2026-06-10T08:24:30.973431Z,,USD,,2026-06-09,OCC Clearing Fee,d9b5dcf3-c3fb-4f1c-8695-4125af7240ae,,20260609000000000::d0c45227-fee2-491f-8b71-3b0b60d38df9,,-0.04,57e10b07-82e1-434d-a28e-75f962d5b643,,,,,executed,,,
OCC,FEE,2026-06-10T08:25:04.406071Z,,USD,,2026-06-09,OCC Clearing Fee,7772b2d5-d202-4f9f-aa84-4c6e6ed117c5,,20260609000000000::d09714ac-4b11-4305-9760-1e7d4eeff284,,-0.04,6b00ee68-1a53-4593-a8c0-379ae65d561c,,,,,executed,,,
OCC,FEE,2026-06-10T08:24:40.340422Z,,USD,,2026-06-09,OCC Clearing Fee,9b89f538-e9f6-449f-8dae-47fd22bb46b7,,20260609000000000::cb87b1c6-57eb-4813-bc05-b9670265b4e5,,-0.04,55543ad0-81d4-4274-872a-7f3de4efd66c,,,,,executed,,,
OCC,FEE,2026-06-10T08:25:17.440448Z,,USD,,2026-06-09,OCC Clearing Fee,8f7913aa-f34e-4459-a058-f6890c617b27,,20260609000000000::ca1843a5-c76d-4526-84dc-4a715bed9255,,-0.04,b30d8524-9fdb-4a34-9564-297f490bf139,,,,,executed,,,
OCC,FEE,2026-06-10T08:25:02.249107Z,,USD,,2026-06-09,OCC Clearing Fee,1800fe84-afc0-4d01-b66f-0f01f27fb54e,,20260609000000000::bc364c5b-fc51-4e47-a947-9a8e57cd5e81,,-0.04,802ad461-1398-49a1-914d-b7034d8797cc,,,,,executed,,,
OCC,FEE,2026-06-10T08:25:17.440448Z,,USD,,2026-06-09,OCC Clearing Fee,ae543a97-0311-49f1-8b94-3aa4fccb15cd,,20260609000000000::b97cae4d-db08-49ad-ab02-3347ef225af6,,-0.06,f2be80d3-56e5-4baa-b25a-8033cc36327d,,,,,executed,,,
OCC,FEE,2026-06-10T08:24:40.340422Z,,USD,,2026-06-09,OCC Clearing Fee,f76ea1d3-3ac6-4511-a16e-e4b93542fa66,,20260609000000000::b3befb4d-b05e-4231-a0f3-2dbfbdb32246,,-0.04,6b02b18b-9d22-4d7e-a469-6e5412a1b7a3,,,,,executed,,,
OCC,FEE,2026-06-10T08:25:04.406071Z,,USD,,2026-06-09,OCC Clearing Fee,7ccc68bd-a4c3-4480-bba5-0dff3dd88643,,20260609000000000::b092443a-e03f-448d-a3cb-bc7ed6d1c4ec,,-0.04,59b56d72-ebbb-4a23-bb0b-b3e7e097f123,,,,,executed,,,
OCC,FEE,2026-06-10T08:25:04.406071Z,,USD,,2026-06-09,OCC Clearing Fee,2d7c90a8-ff28-4dcc-80b4-bc29af5e10e4,,20260609000000000::a43f692c-4450-46e6-9b72-976878a669e3,,-0.04,d9446b1f-77c3-4a89-a92f-9b432801b76a,,,,,executed,,,
OCC,FEE,2026-06-10T08:24:30.973431Z,,USD,,2026-06-09,OCC Clearing Fee,d167592f-540d-4240-a505-71d689cccc08,,20260609000000000::9de890c4-3f59-4bdb-9a5a-4f91552f83c6,,-0.04,3dd49930-bc64-48d1-841e-45f60720eb6c,,,,,executed,,,
OCC,FEE,2026-06-10T08:25:04.406071Z,,USD,,2026-06-09,OCC Clearing Fee,abf8398c-b0e2-4953-b0dc-88761a94eb7a,,20260609000000000::9db9714f-edaf-4f9f-85d5-728dc3ddcb9a,,-0.04,a96aa91c-e024-4150-958b-f6da1e5c3451,,,,,executed,,,
OCC,FEE,2026-06-10T08:25:04.406071Z,,USD,,2026-06-09,OCC Clearing Fee,793b1049-c097-407b-8734-384773dbc142,,20260609000000000::99302315-db68-4d07-94ea-a55b8c9b6721,,-0.04,569eae47-1336-4bfb-93ba-5b3b6df0ad93,,,,,executed,,,
OCC,FEE,2026-06-10T08:25:04.406071Z,,USD,,2026-06-09,OCC Clearing Fee,84f137df-c501-46ab-8def-3f08be77ecba,,20260609000000000::85ab2c8f-33b5-46c7-aa77-eb84fce86361,,-0.04,e1cf5b79-970f-4771-8fb6-62c8174e9817,,,,,executed,,,
OCC,FEE,2026-06-10T08:25:17.440448Z,,USD,,2026-06-09,OCC Clearing Fee,a4b31370-8099-4983-99e4-d107238d1991,,20260609000000000::82f26000-69c6-429e-95e7-9672517bfa51,,-0.04,675e9672-4914-4de0-b631-265ff41d0d37,,,,,executed,,,
OCC,FEE,2026-06-10T08:25:12.07341Z,,USD,,2026-06-09,OCC Clearing Fee,1d4ff5af-0826-457f-a1cf-2472d4bb2bf2,,20260609000000000::7cb88347-54af-4b1a-852b-91d71de95157,,-0.02,c1ae5326-a58a-46fd-a76c-2b1a7a217f9b,,,,,executed,,,
OCC,FEE,2026-06-10T08:24:30.973431Z,,USD,,2026-06-09,OCC Clearing Fee,0da9c705-6122-4f7f-81a2-af5f88819a50,,20260609000000000::77ff009f-ca33-4363-82f7-ff03501d3d84,,-0.04,68d0b6ac-0fba-49e8-895e-d700b788b1fb,,,,,executed,,,
OCC,FEE,2026-06-10T08:24:24.276515Z,,USD,,2026-06-09,OCC Clearing Fee,624ac86e-3706-49a0-905f-a8de31ce229e,,20260609000000000::6edf0ea1-afc4-4de8-98b5-7018985dc583,,-0.06,33f66998-74a9-45c9-806d-e45a2d31f725,,,,,executed,,,
OCC,FEE,2026-06-10T08:25:17.440448Z,,USD,,2026-06-09,OCC Clearing Fee,98ab0492-660a-457d-9173-b14b9538834e,,20260609000000000::6c07ea1a-4387-4b56-939a-219272ed27c7,,-0.02,b6e8c494-ad35-4b79-b821-d198327322c3,,,,,executed,,,
TAF,FEE,2026-06-10T08:24:05.820022Z,,USD,,2026-06-09,OPT TAF fee for proceed of 39 contracts (21 trades) on 2026-06-09 by PA3NJU1Y90R3,,,20260609000000000::69447870-efda-4fae-aa53-de5a8f4700ff,,-0.11,,,,,,executed,,,
OCC,FEE,2026-06-10T08:24:37.992032Z,,USD,,2026-06-09,OCC Clearing Fee,90d8527e-72e3-432c-bc4e-6c27dce63b40,,20260609000000000::6228328f-987f-4fa3-9404-4f6f6487615c,,-0.04,b0e9f54b-d2b7-4909-aeab-acf45799c8ce,,,,,executed,,,
OCC,FEE,2026-06-10T08:24:40.340422Z,,USD,,2026-06-09,OCC Clearing Fee,096f1b22-5e35-4dc8-8a9e-b34b9167218e,,20260609000000000::611daa7d-b5e1-4caf-ac39-38d0f6e06e85,,-0.04,d36ef55d-de2a-4ece-ba1f-43c2278f469a,,,,,executed,,,
OCC,FEE,2026-06-10T08:23:17.869599Z,,USD,,2026-06-09,OCC Clearing Fee,655af1ee-58b5-4bfd-841f-9b52fca5d584,,20260609000000000::5c9a8628-7f99-473f-b403-69bb3ce94d7a,,-0.02,41b43761-b250-4da0-b9af-adcc0e2acf66,,,,,executed,,,
OCC,FEE,2026-06-10T08:24:30.973431Z,,USD,,2026-06-09,OCC Clearing Fee,4836f6ff-b9f0-4aa2-87cf-345976233208,,20260609000000000::58e87036-44ed-425c-bfc2-661f6f49b7ee,,-0.04,302c2dc3-f2b5-48ea-abff-1d661d041808,,,,,executed,,,
OCC,FEE,2026-06-10T08:24:30.973431Z,,USD,,2026-06-09,OCC Clearing Fee,b9b37ebd-8743-459b-a89a-0ddebf38098f,,20260609000000000::57099d70-b3e1-4659-9b94-d61efcc52c5f,,-0.04,3f6389e5-8bd6-45a5-8430-17479edf3b19,,,,,executed,,,
OCC,FEE,2026-06-10T08:25:17.440448Z,,USD,,2026-06-09,OCC Clearing Fee,795cc9a4-abf5-4358-baad-4c3f86681825,,20260609000000000::491ae9de-a374-4b46-bc44-a26a3bf113bb,,-0.02,b6e8c494-ad35-4b79-b821-d198327322c3,,,,,executed,,,
OCC,FEE,2026-06-10T08:24:30.973431Z,,USD,,2026-06-09,OCC Clearing Fee,de3b365e-3a26-4220-9791-22bba4af483f,,20260609000000000::472d7c20-0807-42a6-8aec-b79808020a01,,-0.06,45a10d4b-7b2d-451e-8151-f256385894ab,,,,,executed,,,
OCC,FEE,2026-06-10T08:24:40.340422Z,,USD,,2026-06-09,OCC Clearing Fee,0b216afe-e7d7-42d5-866a-9caf3b126490,,20260609000000000::453aa884-58c2-4c26-a1e4-62571fda19ff,,-0.04,663f17b4-a4b8-46de-922d-f3b5fc966fa6,,,,,executed,,,
CAT,FEE,2026-06-10T08:25:39.80482Z,,USD,,2026-06-09,CAT fee for proceed of 40 trades on 2026-06-09 by PA3NJU1Y90R3,,,20260609000000000::38f304c9-6090-4727-9b9a-17a3700176a5,,-0.03,,,,,,executed,,,
OCC,FEE,2026-06-10T08:24:30.973431Z,,USD,,2026-06-09,OCC Clearing Fee,4bcb338b-d3d4-4842-9505-9bb49e2e8231,,20260609000000000::3588f012-5563-4f66-938c-b804501eaeaa,,-0.04,9be9b06c-cc51-4b12-8182-8597e371308e,,,,,executed,,,
OCC,FEE,2026-06-10T08:24:30.973431Z,,USD,,2026-06-09,OCC Clearing Fee,2f576d86-e5dc-48e9-898d-d5489dea7e68,,20260609000000000::2e113a96-f82a-48ce-9e5c-78999a636b77,,-0.02,d414f36f-2272-455f-af4d-c5f6e368b0b2,,,,,executed,,,
ORF,FEE,2026-06-10T08:24:03.323973Z,,USD,,2026-06-09,ORF fee for proceed of 77 contracts on 2026-06-09 by PA3NJU1Y90R3,,,20260609000000000::2a1203fe-a655-4e66-a315-7db9dca98133,,-2.07,,,,,,executed,,,
OCC,FEE,2026-06-10T08:25:04.406071Z,,USD,,2026-06-09,OCC Clearing Fee,6e6ab373-dabe-4198-8a27-561c7f9dadb1,,20260609000000000::0d866503-2eae-45fe-844e-de9816762a9c,,-0.04,ab3f3744-3e53-45f0-84f8-33752bc96a0a,,,,,executed,,,
,FILL,,2,,,,,,,20260608155339358::4eb8457a-fa76-4c7e-be46-07599e0ffc09,0,,f31b67c2-c9df-47a2-b459-52716ee7fbf6,filled,6.25,2,sell,,MO260717C00065000,2026-06-08T19:53:39.35833Z,fill
,FILL,,1,,,,,,,20260608155339127::043a51db-6fc4-451c-a9e7-82e49600f6c1,0,,5254be60-6330-473d-a5b1-4e2c63fa87ff,filled,3.4,1,sell,,ABT260821C00095000,2026-06-08T19:53:39.127539Z,fill
,FILL,,1,,,,,,,20260608155338895::8ea4e5d7-90d3-405d-8074-b358aa95d3d4,0,,d17c06af-fc79-4719-99f0-9b36c49d478c,filled,6.5,1,sell,,GSK260821C00045000,2026-06-08T19:53:38.895188Z,fill
,FILL,,1,,,,,,,20260608155338672::008fe032-a332-4491-bc4b-ed751ebcab28,0,,ebda564d-1c33-4cad-8e7f-acc5b549fe6e,filled,20.36,1,sell,,QQQ260710P00719000,2026-06-08T19:53:38.672863Z,fill
,FILL,,1,,,,,,,20260608155338451::22fdc44c-433f-40dc-9adb-752b5b79c228,0,,2c08a107-f57a-467f-a0ce-e59dc8f51708,filled,2.73,1,sell,,SCHW260717C00090000,2026-06-08T19:53:38.451009Z,fill
,FILL,,1,,,,,,,20260608155338219::d4cbb084-1af3-4d47-9274-88b37863cc3a,0,,ee1fe026-fdca-4f17-8a43-be78a6b96db7,filled,2.76,1,sell,,MDT260717C00080000,2026-06-08T19:53:38.219287Z,fill
,FILL,,1,,,,,,,20260608155338106::f4dcc87b-5d5a-4bb4-82b6-160aede47bf3,0,,79126914-555e-499f-baf7-8a3a88abb285,filled,4.75,1,sell,,CVS260821C00100000,2026-06-08T19:53:38.106506Z,fill
,FILL,,1,,,,,,,20260608152308112::4f1ca1de-21c9-482b-a1a8-4abe77711007,0,,c0fb8aa3-2284-4aa3-b713-76b949f06280,filled,10.69,1,sell,,SPY260710C00745000,2026-06-08T19:23:08.112107Z,fill
,FILL,,1,,,,,,,20260608132030267::08cf9be5-6855-482f-b3e5-e66f44f1756b,0,,64c3c179-dcde-43ed-aa52-2b9a706712f6,filled,1.8,1,sell,,SO260821C00095000,2026-06-08T17:20:30.267316Z,fill
,FILL,,1,,,,,,,20260608130458999::449c6490-d8fe-40f9-b99d-e5a67511e5b3,0,,64b2a9a3-08ba-4189-b3e5-976a164c93da,filled,7.96,1,sell,,SPY260710C00752000,2026-06-08T17:04:58.999366Z,fill
,FILL,,1,,,,,,,20260608124933293::462077d0-ffae-4644-848e-baa8c9281b52,0,,64528575-30a5-49be-ab53-a3d427dcd285,filled,1.7,1,sell,,ENB260717C00055000,2026-06-08T16:49:33.293696Z,fill
,FILL,,1,,,,,,,20260608124858307::91100a8b-26c1-41a3-ba37-aabf97e47045,0,,8f9569e4-d084-464b-9151-ccce16410fe2,filled,12.39,1,buy,,SPY260710C00745000,2026-06-08T16:48:58.307451Z,fill
,FILL,,1,,,,,,,20260608123425292::7e1233cf-6d96-43c2-941f-fc033d9ac1e5,0,,7f8022e1-9ad4-47dc-a3d8-78bb05c719e1,filled,2.2,1,buy,,SO260821C00095000,2026-06-08T16:34:25.292731Z,fill
,FILL,,1,,,,,,,20260608123347654::db11ac82-4b63-4341-a6df-e667c06c11f5,0,,816470e9-eaaf-42f6-947b-ffe895b70dae,filled,1,1,sell,,SNY260717C00045000,2026-06-08T16:33:47.654659Z,fill
,FILL,,1,,,,,,,20260608121417206::96e13dfd-f2a1-48f6-8e59-a2982a348afb,0,,f370b293-3659-4568-a7d9-b0de75575172,filled,1.95,1,sell,,SO260821C00095000,2026-06-08T16:14:17.206517Z,fill
,FILL,,2,,,,,,,20260608115902193::204944f6-c5ff-4e97-97ab-0de9babb5fab,0,,285ee40c-38ac-4a91-b991-fc35ed687afd,filled,6.8,1,buy,,MO260717C00065000,2026-06-08T15:59:02.193166Z,fill
,FILL,,1,,,,,,,20260608115902074::cc551f9d-9b84-41b9-8b53-73e78bffd3e8,1,,285ee40c-38ac-4a91-b991-fc35ed687afd,partially_filled,6.8,1,buy,,MO260717C00065000,2026-06-08T15:59:02.074948Z,partial_fill
,FILL,,1,,,,,,,20260608114523602::aa2f0279-f19d-4663-afb9-e754b4bd86a8,0,,ffcda10c-1ab4-41ee-b016-aa52e2134a0c,filled,122.3,1,buy,,MU260717P00950000,2026-06-08T15:45:23.602174Z,fill
,FILL,,1,,,,,,,20260608114039939::08cdfca9-1a22-40c9-8dc4-9de8a458b9fa,0,,5288ea54-9694-455f-810c-eda37a2cdae4,filled,1.31,1,sell,,MO260717C00072500,2026-06-08T15:40:39.939006Z,fill
,FILL,,1,,,,,,,20260608112707046::0da57942-8ea4-4e06-8a32-25f95ca24396,0,,aec635b3-2d31-43c6-8f6c-0959246f661a,filled,3.8,1,buy,,ABT260821C00095000,2026-06-08T15:27:07.046973Z,fill
,FILL,,1,,,,,,,20260608112524481::a1a6453f-bd14-4cef-896e-4d1c1a151c39,0,,11f3b64d-84d2-4c39-aa8b-6b44f8cfcfbc,filled,7.2,1,buy,,GSK260821C00045000,2026-06-08T15:25:24.481644Z,fill
,FILL,,1,,,,,,,20260608112521911::b1edce2b-31c2-41d0-b381-4d0110e74212,0,,808d5c92-374e-43af-b15f-e4952a691ddf,filled,2.45,1,buy,,SO260821C00095000,2026-06-08T15:25:21.911691Z,fill
,FILL,,1,,,,,,,20260608112519572::a16dc397-d5ae-46c9-a1e0-7c1f06efd68e,0,,6e531ff4-60a9-4ba9-a5da-86d207e9abb6,filled,1.67,1,buy,,MO260717C00072500,2026-06-08T15:25:19.572323Z,fill
,FILL,,1,,,,,,,20260608112517124::75bd5750-2c19-4b46-9996-e4bab9bca2d7,0,,8c047b2d-4a6a-4468-9e08-5281497f56d9,filled,9.69,1,buy,,SPY260710C00752000,2026-06-08T15:25:17.124612Z,fill
,FILL,,1,,,,,,,20260608112514793::10479df3-10f9-418d-87a6-e4caf7f57698,0,,11fd9507-713f-43e8-b187-401b03a6c721,filled,17.79,1,buy,,QQQ260710P00719000,2026-06-08T15:25:14.793976Z,fill
,FILL,,1,,,,,,,20260608112512464::14766d00-f6fe-4f0e-b311-1218939a5dcd,0,,e4266496-5727-41df-a72b-dfd1b244da18,filled,2.3,1,buy,,ENB260717C00055000,2026-06-08T15:25:12.464274Z,fill
,FILL,,1,,,,,,,20260608112509911::57785328-c9ef-4963-969f-ac86268e36a6,0,,c82299ed-f6d0-4467-b9c2-33974144dff5,filled,2.94,1,buy,,SCHW260717C00090000,2026-06-08T15:25:09.911635Z,fill
,FILL,,1,,,,,,,20260608112213678::727de3a1-682e-43f7-ada4-80a2d59a364c,0,,405a0be0-e25c-4bd1-bd45-c9c5939c23ed,filled,2.9,1,buy,,MDT260717C00080000,2026-06-08T15:22:13.678206Z,fill
,FILL,,1,,,,,,,20260608111242608::ac831ba4-2514-4996-bf78-a74a5b7d1342,0,,a1e9238f-72ab-4eee-a8ff-e259150e9e36,filled,106.45,1,sell,,AMD260821C00420000,2026-06-08T15:12:42.608644Z,fill
,FILL,,1,,,,,,,20260608105141475::3080a8d4-497d-4ec2-abc3-0ec5798ac3a3,0,,538bccb4-46db-4e8d-952e-2f2c5246681e,filled,4.3,1,buy,,CVS260821C00100000,2026-06-08T14:51:41.475366Z,fill
,FILL,,1,,,,,,,20260608105139046::2ee6e80d-1391-4925-b6d2-a883878179e6,0,,e695392a-72d8-40fb-aa72-2fa5edce124c,filled,1.1,1,buy,,SNY260717C00045000,2026-06-08T14:51:39.046924Z,fill
OCC,FEE,2026-06-09T08:24:30.298215Z,,USD,,2026-06-08,OCC Clearing Fee,7e1233cf-6d96-43c2-941f-fc033d9ac1e5,,20260608000000000::fa996cb3-529d-4c3b-90c5-ba34c235d542,,-0.02,7f8022e1-9ad4-47dc-a3d8-78bb05c719e1,,,,,executed,,,
OCC,FEE,2026-06-09T08:24:42.725619Z,,USD,,2026-06-08,OCC Clearing Fee,008fe032-a332-4491-bc4b-ed751ebcab28,,20260608000000000::f95a7f58-d922-41cf-824c-6cfbb479e0ac,,-0.02,ebda564d-1c33-4cad-8e7f-acc5b549fe6e,,,,,executed,,,
OCC,FEE,2026-06-09T08:24:12.263052Z,,USD,,2026-06-08,OCC Clearing Fee,449c6490-d8fe-40f9-b99d-e5a67511e5b3,,20260608000000000::f9576893-c40b-44e9-b346-7b5eb80dbbcf,,-0.02,64b2a9a3-08ba-4189-b3e5-976a164c93da,,,,,executed,,,
OCC,FEE,2026-06-09T08:24:12.263052Z,,USD,,2026-06-08,OCC Clearing Fee,a16dc397-d5ae-46c9-a1e0-7c1f06efd68e,,20260608000000000::f5807d64-f66c-44ab-a6b3-3f7ce79da37c,,-0.02,6e531ff4-60a9-4ba9-a5da-86d207e9abb6,,,,,executed,,,
OCC,FEE,2026-06-09T08:24:42.725619Z,,USD,,2026-06-08,OCC Clearing Fee,22fdc44c-433f-40dc-9adb-752b5b79c228,,20260608000000000::f41e4a65-6076-4167-b5a3-425db5de1222,,-0.02,2c08a107-f57a-467f-a0ce-e59dc8f51708,,,,,executed,,,
OCC,FEE,2026-06-09T08:24:42.725619Z,,USD,,2026-06-08,OCC Clearing Fee,8ea4e5d7-90d3-405d-8074-b358aa95d3d4,,20260608000000000::efb5f79d-2415-4b31-8970-cd88c5764780,,-0.02,d17c06af-fc79-4719-99f0-9b36c49d478c,,,,,executed,,,
CAT,FEE,2026-06-09T08:25:23.395036Z,,USD,,2026-06-08,CAT fee for proceed of 31 trades on 2026-06-08 by PA3NJU1Y90R3,,,20260608000000000::e74e563d-18bd-48a8-a047-c6bffb91e07d,,-0.01,,,,,,executed,,,
OCC,FEE,2026-06-09T08:24:12.263052Z,,USD,,2026-06-08,OCC Clearing Fee,b1edce2b-31c2-41d0-b381-4d0110e74212,,20260608000000000::e615e287-2f19-47f6-89a8-4df30bd052c9,,-0.02,808d5c92-374e-43af-b15f-e4952a691ddf,,,,,executed,,,
OCC,FEE,2026-06-09T08:24:42.725619Z,,USD,,2026-06-08,OCC Clearing Fee,043a51db-6fc4-451c-a9e7-82e49600f6c1,,20260608000000000::e0a5c549-8bb5-411a-9861-55350d2c3500,,-0.02,5254be60-6330-473d-a5b1-4e2c63fa87ff,,,,,executed,,,
ORF,FEE,2026-06-09T08:25:08.064646Z,,USD,,2026-06-08,ORF fee for proceed of 32 contracts on 2026-06-08 by PA3NJU1Y90R3,,,20260608000000000::d69cd199-bcf1-4124-81e1-24376a138ad6,,-0.86,,,,,,executed,,,
OCC,FEE,2026-06-09T08:24:12.263052Z,,USD,,2026-06-08,OCC Clearing Fee,727de3a1-682e-43f7-ada4-80a2d59a364c,,20260608000000000::d6385281-a8f3-4229-ab18-30114acf74c2,,-0.02,405a0be0-e25c-4bd1-bd45-c9c5939c23ed,,,,,executed,,,
OCC,FEE,2026-06-09T08:24:07.620491Z,,USD,,2026-06-08,OCC Clearing Fee,ac831ba4-2514-4996-bf78-a74a5b7d1342,,20260608000000000::cdac0072-2d03-422d-9f54-51c4698fb685,,-0.02,a1e9238f-72ab-4eee-a8ff-e259150e9e36,,,,,executed,,,
OCC,FEE,2026-06-09T08:24:12.263052Z,,USD,,2026-06-08,OCC Clearing Fee,57785328-c9ef-4963-969f-ac86268e36a6,,20260608000000000::cb37d9be-fae8-498f-8776-3b570aec49d7,,-0.02,c82299ed-f6d0-4467-b9c2-33974144dff5,,,,,executed,,,
OCC,FEE,2026-06-09T08:24:12.263052Z,,USD,,2026-06-08,OCC Clearing Fee,91100a8b-26c1-41a3-ba37-aabf97e47045,,20260608000000000::b56d8d57-3627-4f46-8fd5-54d7d39be4aa,,-0.02,8f9569e4-d084-464b-9151-ccce16410fe2,,,,,executed,,,
OCC,FEE,2026-06-09T08:23:51.977484Z,,USD,,2026-06-08,OCC Clearing Fee,3080a8d4-497d-4ec2-abc3-0ec5798ac3a3,,20260608000000000::b32c1133-494b-45b7-8c40-b83c3da6595e,,-0.02,538bccb4-46db-4e8d-952e-2f2c5246681e,,,,,executed,,,
OCC,FEE,2026-06-09T08:24:12.263052Z,,USD,,2026-06-08,OCC Clearing Fee,08cdfca9-1a22-40c9-8dc4-9de8a458b9fa,,20260608000000000::a4bb05af-294b-4021-9e6b-5361035902bb,,-0.02,5288ea54-9694-455f-810c-eda37a2cdae4,,,,,executed,,,
OCC,FEE,2026-06-09T08:24:12.263052Z,,USD,,2026-06-08,OCC Clearing Fee,14766d00-f6fe-4f0e-b311-1218939a5dcd,,20260608000000000::9745c270-5a8e-40c1-928f-2c974b67e682,,-0.02,e4266496-5727-41df-a72b-dfd1b244da18,,,,,executed,,,
OCC,FEE,2026-06-09T08:24:12.263052Z,,USD,,2026-06-08,OCC Clearing Fee,462077d0-ffae-4644-848e-baa8c9281b52,,20260608000000000::910208d2-890c-44b3-9ce7-6fac04ee7b92,,-0.02,64528575-30a5-49be-ab53-a3d427dcd285,,,,,executed,,,
OCC,FEE,2026-06-09T08:24:12.263052Z,,USD,,2026-06-08,OCC Clearing Fee,75bd5750-2c19-4b46-9996-e4bab9bca2d7,,20260608000000000::8e2c2098-9dd6-47ac-8a51-26fef62f308c,,-0.02,8c047b2d-4a6a-4468-9e08-5281497f56d9,,,,,executed,,,
OCC,FEE,2026-06-09T08:24:30.298215Z,,USD,,2026-06-08,OCC Clearing Fee,db11ac82-4b63-4341-a6df-e667c06c11f5,,20260608000000000::87f4373f-abc0-406f-9922-be3faacc6b6c,,-0.02,816470e9-eaaf-42f6-947b-ffe895b70dae,,,,,executed,,,
OCC,FEE,2026-06-09T08:24:42.725619Z,,USD,,2026-06-08,OCC Clearing Fee,f4dcc87b-5d5a-4bb4-82b6-160aede47bf3,,20260608000000000::78fea66c-fbd7-4cf4-a165-0a4eebdfd889,,-0.02,79126914-555e-499f-baf7-8a3a88abb285,,,,,executed,,,
TAF,FEE,2026-06-09T08:25:08.064646Z,,USD,,2026-06-08,OPT TAF fee for proceed of 16 contracts (15 trades) on 2026-06-08 by PA3NJU1Y90R3,,,20260608000000000::6c546590-dce4-49ee-8fea-4685a942daf9,,-0.05,,,,,,executed,,,
OCC,FEE,2026-06-09T08:24:12.263052Z,,USD,,2026-06-08,OCC Clearing Fee,10479df3-10f9-418d-87a6-e4caf7f57698,,20260608000000000::6a831c1a-e73b-4fbe-9948-8193cb2b795f,,-0.02,11fd9507-713f-43e8-b187-401b03a6c721,,,,,executed,,,
OCC,FEE,2026-06-09T08:23:51.977484Z,,USD,,2026-06-08,OCC Clearing Fee,2ee6e80d-1391-4925-b6d2-a883878179e6,,20260608000000000::6630ab75-6823-4794-863b-68c2e659034b,,-0.02,e695392a-72d8-40fb-aa72-2fa5edce124c,,,,,executed,,,
OCC,FEE,2026-06-09T08:25:01.927731Z,,USD,,2026-06-08,OCC Clearing Fee,4f1ca1de-21c9-482b-a1a8-4abe77711007,,20260608000000000::65874a02-20a5-4fdb-808b-3d8ce44d38ee,,-0.02,c0fb8aa3-2284-4aa3-b713-76b949f06280,,,,,executed,,,
OCC,FEE,2026-06-09T08:24:12.263052Z,,USD,,2026-06-08,OCC Clearing Fee,a1a6453f-bd14-4cef-896e-4d1c1a151c39,,20260608000000000::570b5830-5e32-4cd7-8178-24ad1e94b77c,,-0.02,11f3b64d-84d2-4c39-aa8b-6b44f8cfcfbc,,,,,executed,,,
OCC,FEE,2026-06-09T08:24:40.201267Z,,USD,,2026-06-08,OCC Clearing Fee,08cf9be5-6855-482f-b3e5-e66f44f1756b,,20260608000000000::36870435-f027-4f7f-8c7e-39caf4050fb3,,-0.02,64c3c179-dcde-43ed-aa52-2b9a706712f6,,,,,executed,,,
OCC,FEE,2026-06-09T08:24:30.298215Z,,USD,,2026-06-08,OCC Clearing Fee,96e13dfd-f2a1-48f6-8e59-a2982a348afb,,20260608000000000::353c8156-7ab0-48c1-9a0b-2f66c7ce85b5,,-0.02,f370b293-3659-4568-a7d9-b0de75575172,,,,,executed,,,
OCC,FEE,2026-06-09T08:24:19.309161Z,,USD,,2026-06-08,OCC Clearing Fee,204944f6-c5ff-4e97-97ab-0de9babb5fab,,20260608000000000::33a384fc-c93d-4e7a-b989-539e1716b316,,-0.02,285ee40c-38ac-4a91-b991-fc35ed687afd,,,,,executed,,,
OCC,FEE,2026-06-09T08:24:19.309161Z,,USD,,2026-06-08,OCC Clearing Fee,cc551f9d-9b84-41b9-8b53-73e78bffd3e8,,20260608000000000::1a134938-fef4-4dcb-bac4-df9587104eba,,-0.02,285ee40c-38ac-4a91-b991-fc35ed687afd,,,,,executed,,,
OCC,FEE,2026-06-09T08:24:42.725619Z,,USD,,2026-06-08,OCC Clearing Fee,d4cbb084-1af3-4d47-9274-88b37863cc3a,,20260608000000000::14b8e189-4802-4f6d-8035-6a6e761abc15,,-0.02,ee1fe026-fdca-4f17-8a43-be78a6b96db7,,,,,executed,,,
OCC,FEE,2026-06-09T08:24:12.263052Z,,USD,,2026-06-08,OCC Clearing Fee,0da57942-8ea4-4e06-8a32-25f95ca24396,,20260608000000000::0b16396d-4b16-4fed-9438-3dffb5111999,,-0.02,aec635b3-2d31-43c6-8f6c-0959246f661a,,,,,executed,,,
OCC,FEE,2026-06-09T08:24:42.725619Z,,USD,,2026-06-08,OCC Clearing Fee,4eb8457a-fa76-4c7e-be46-07599e0ffc09,,20260608000000000::079d7078-0110-456e-970a-b1ac1a34ea71,,-0.04,f31b67c2-c9df-47a2-b459-52716ee7fbf6,,,,,executed,,,
OCC,FEE,2026-06-09T08:24:12.263052Z,,USD,,2026-06-08,OCC Clearing Fee,aa2f0279-f19d-4663-afb9-e754b4bd86a8,,20260608000000000::00bc409e-ad74-4658-be50-292aaf0e000a,,-0.02,ffcda10c-1ab4-41ee-b016-aa52e2134a0c,,,,,executed,,,
,FILL,,1,,,,,,,20260505093130674::5c7edc0e-a6a6-4def-b02c-e54499079127,0,,4ba147d7-64de-4a2f-8f7d-b9c7b77dc525,filled,965.93,1,buy,,LLY,2026-05-05T13:31:30.674459Z,fill
,FILL,,1,,,,,,,20260505093043693::3b28b6d1-97b6-4b2d-9741-06c67b68352e,0,,7a4e9f37-6717-4f71-8046-9916bc7d5467,filled,46.09,1,buy,,IONQ,2026-05-05T13:30:43.693717Z,fill
,FILL,,1,,,,,,,20260505093043560::4a73b0ec-4cfc-43c5-adae-8aeb14aea9f6,0,,4657a715-84f7-4efb-b2c5-36f951ec77f2,filled,173.97,1,buy,,RTX,2026-05-05T13:30:43.560714Z,fill
,FILL,,1,,,,,,,20260505093025435::dfe42315-a4ed-48b8-afca-d4d5ddda3bf9,0,,ca5b79df-10b3-4bea-80b7-0b3fc8c1cf01,filled,66.41,1,buy,,CARR,2026-05-05T13:30:25.435816Z,fill
,FILL,,1,,,,,,,20260505093005937::8d70d2d2-99bf-4f21-9346-370c23665de7,0,,3e94c7b3-a50c-4d3b-81e8-cdab1c6f9c1a,filled,174,1,buy,,RTX,2026-05-05T13:30:05.93768Z,fill
,FILL,,2,,,,,,,20260505093004955::712f9255-2edf-4793-95bc-ea7438e68bdc,0,,82f9acfa-a7e8-4c59-a90e-f66eacda08a7,filled,3.6,2,buy,,RTX260821C00200000,2026-05-05T13:30:04.955978Z,fill
OCC,FEE,2026-05-06T08:23:47.834488Z,,USD,,2026-05-05,OCC Clearing Fee,712f9255-2edf-4793-95bc-ea7438e68bdc,,20260505000000000::e0578c1d-8626-4fd9-b6f2-9ee2dbb793bb,,-0.04,82f9acfa-a7e8-4c59-a90e-f66eacda08a7,,,,,executed,,,
ORF,FEE,2026-05-06T08:22:43.955665Z,,USD,,2026-05-05,ORF fee for proceed of 2 contracts on 2026-05-05 by PA3NJU1Y90R3,,,20260505000000000::123f7390-a72a-4084-a55b-676e1cff5a5e,,-0.06,,,,,,executed,,,
,FILL,,1,,,,,,,20260501093202167::8a1192f3-ab9b-40a6-9e0c-6805aa921075,0,,44fc66b2-2b2f-4e4e-b5d0-18828c6b7012,filled,414.22,1,buy,,MSFT,2026-05-01T13:32:02.167772Z,fill
,FILL,,1,,,,,,,20260501093201221::16cb6b44-54e1-4072-a213-edb34f7a7630,0,,76bc43eb-51ad-479f-918d-19f1e43a8500,filled,414.22,1,buy,,MSFT,2026-05-01T13:32:01.221637Z,fill
,FILL,,1,,,,,,,20260501093130938::40ff3b5b-f197-454c-8374-97a1ddf2ee7f,0,,394abe32-f69d-4f80-9804-f16c9e6a096a,filled,263.4,1,buy,,AMZN,2026-05-01T13:31:30.938165Z,fill
,FILL,,1,,,,,,,20260501093126469::e3a70f06-cc97-45ff-b9c3-69a46c203f19,0,,da2590e8-07fc-446e-97e3-5e4b14328cff,filled,263.54,1,buy,,AMZN,2026-05-01T13:31:26.469424Z,fill
,FILL,,1,,,,,,,20260501093108233::fec40596-351d-4b9b-a5ab-74778296d67b,0,,f730a1c3-3833-49d4-bd12-eeeb1d5ddaf1,filled,176.41,1,buy,,RTX,2026-05-01T13:31:08.233275Z,fill
,FILL,,1,,,,,,,20260501093107165::3ea89f75-24b3-44d0-88ff-b272a9085e99,0,,eb73b85b-4534-40cb-87cf-523dbf1da777,filled,263.76,1,buy,,AMZN,2026-05-01T13:31:07.165109Z,fill
,FILL,,1,,,,,,,20260501093041854::f6eee505-ad18-4858-8013-844b553a4773,0,,2af340d4-1f54-4b58-9bd7-8708abe8586f,filled,952.94,1,buy,,LLY,2026-05-01T13:30:41.854094Z,fill
,FILL,,1,,,,,,,20260501093021608::ef0ea11a-a581-4c63-a042-154afcc27e02,0,,3ac5f076-d14d-4462-b6a7-8c3c1b5599f5,filled,948.46,1,buy,,LLY,2026-05-01T13:30:21.608344Z,fill
,FILL,,1,,,,,,,20260501093017660::c599c4d0-528a-45f1-aa68-7bdab8e60edb,0,,c9b5d35d-2143-444a-a09d-488db8590686,filled,948.46,1,buy,,LLY,2026-05-01T13:30:17.660382Z,fill
,FILL,,1,,,,,,,20260501093004645::b602478c-4386-433e-888d-181f9d9f68d2,0,,2baf724c-e280-4151-8e64-ccc71c6bf1a8,filled,4.2,1,buy,,AAPL260821C00325000,2026-05-01T13:30:04.645255Z,fill
,FILL,,1,,,,,,,20260501093004632::e32d5ff8-2a91-43c9-95a2-beab059dfdb0,0,,bbb49e78-42d8-43d8-988d-3198bc283f2c,filled,4.9,1,buy,,NVDA260821C00250000,2026-05-01T13:30:04.63217Z,fill
,FILL,,1,,,,,,,20260501093004611::c0bf3388-0c64-4fa4-a117-b6c4e82c216b,0,,c99ab043-ab91-4822-a529-d36ae4a75e9a,filled,31.6,1,buy,,AMD260821C00420000,2026-05-01T13:30:04.611466Z,fill
,FILL,,1,,,,,,,20260501093004465::a0bff7b2-f5b7-4cd2-b330-8749a0fd975e,0,,7d07c82f-b985-4ac6-b7d8-a87e619c976c,filled,4.2,1,buy,,AAPL260821C00325000,2026-05-01T13:30:04.465399Z,fill
ORF,FEE,2026-05-02T08:22:29.862491Z,,USD,,2026-05-01,ORF fee for proceed of 4 contracts on 2026-05-01 by PA3NJU1Y90R3,,,20260501000000000::fa5308a7-c58d-4eef-9d6b-430676c73cd4,,-0.11,,,,,,executed,,,
OCC,FEE,2026-05-02T08:21:53.470324Z,,USD,,2026-05-01,OCC Clearing Fee,c0bf3388-0c64-4fa4-a117-b6c4e82c216b,,20260501000000000::cee33417-d5fd-445e-85d6-032fc1cf44f5,,-0.02,c99ab043-ab91-4822-a529-d36ae4a75e9a,,,,,executed,,,
OCC,FEE,2026-05-02T08:21:53.470324Z,,USD,,2026-05-01,OCC Clearing Fee,a0bff7b2-f5b7-4cd2-b330-8749a0fd975e,,20260501000000000::9fd0e754-aa8b-4c34-8c1d-0dd6dc5c0d5a,,-0.02,7d07c82f-b985-4ac6-b7d8-a87e619c976c,,,,,executed,,,
OCC,FEE,2026-05-02T08:21:53.470324Z,,USD,,2026-05-01,OCC Clearing Fee,b602478c-4386-433e-888d-181f9d9f68d2,,20260501000000000::4d2cbc6f-e864-4a7e-bcc4-20557c3fc828,,-0.02,2baf724c-e280-4151-8e64-ccc71c6bf1a8,,,,,executed,,,
OCC,FEE,2026-05-02T08:21:53.470324Z,,USD,,2026-05-01,OCC Clearing Fee,e32d5ff8-2a91-43c9-95a2-beab059dfdb0,,20260501000000000::46a665f9-b015-4137-9748-afae71038d4b,,-0.02,bbb49e78-42d8-43d8-988d-3198bc283f2c,,,,,executed,,,
,OPEXP,2025-12-20T09:20:21.202859Z,,USD,IREN251219C00060000,2025-12-19,Options Expiry,,088bfa38-18a6-43a1-b4b3-ae92ed102021,20251219000000000::d071f8e7-acf3-41b9-bc11-2f192532d670,,0,,,,-81,,executed,IREN251219C00060000,,
,FILL,,80,,,,,,,20251013143419100::6b149647-b516-4ff6-bcd6-9c00b3abbf93,0,,ec51130c-7c08-4a2d-9cd6-74b8a692a22f,filled,17.3,80,buy,,IREN251219C00060000,2025-10-13T18:34:19.100497Z,fill
OCC,FEE,2025-10-14T08:20:52.0623Z,,USD,,2025-10-13,OCC Clearing Fee,6b149647-b516-4ff6-bcd6-9c00b3abbf93,,20251013000000000::c41b13e0-666c-426e-bb81-e169b105fa52,,-1.6,,,,,,executed,,,
CAT,FEE,2025-10-14T08:20:58.393161Z,,USD,,2025-10-13,CAT fee for proceed of 1 trades on 2025-10-13 by PA3NJU1Y90R3,,,20251013000000000::a9d1931f-fa2a-416f-919c-1abb684b2119,,-0.22,,,,,,executed,,,
ORF,FEE,2025-10-14T08:20:54.198128Z,,USD,,2025-10-13,ORF fee for proceed of 80 contracts on 2025-10-13 by PA3NJU1Y90R3,,,20251013000000000::77bf5de4-dacd-4e5f-ad6f-4cf3905a76e6,,-2.15,,,,,,executed,,,
,FILL,,1,,,,,,,20251007154815113::fb85d086-6753-4d16-9062-289757b36ae8,0,,d57254f8-403a-4bc6-93e1-ee0205c528dd,filled,15.45,1,buy,,IREN251219C00060000,2025-10-07T19:48:15.113466Z,fill
ORF,FEE,2025-10-08T08:20:49.682274Z,,USD,,2025-10-07,ORF fee for proceed of 1 contracts on 2025-10-07 by PA3NJU1Y90R3,,,20251007000000000::bd6804e7-b71d-43ea-afb0-08423ca589c9,,-0.03,,,,,,executed,,,
OCC,FEE,2025-10-08T08:21:51.446168Z,,USD,,2025-10-07,OCC Clearing Fee,fb85d086-6753-4d16-9062-289757b36ae8,,20251007000000000::b53dffbd-7154-4286-86b2-1c6b47b15419,,-0.02,,,,,,executed,,,
CAT,FEE,2025-10-08T08:20:30.576234Z,,USD,,2025-10-07,CAT fee for proceed of 1 trades on 2025-10-07 by PA3NJU1Y90R3,,,20251007000000000::5db42b2b-5e90-4ec6-a3d7-2ec631b24069,,-0.01,,,,,,executed,,,
,FILL,,100,,,,,,,20250924113808244::e6f5e498-8b07-452e-ae5e-cbc3d92edafd,0,,a33ca503-9c52-41e9-908d-2bd8a4b60946,filled,24.12,66,buy,,PFE,2025-09-24T15:38:08.244445Z,fill
,FILL,,34,,,,,,,20250924113807781::554979e1-b17c-4284-b012-c22d40f9ea67,66,,a33ca503-9c52-41e9-908d-2bd8a4b60946,partially_filled,24.12,34,buy,,PFE,2025-09-24T15:38:07.781927Z,partial_fill
CAT,FEE,2025-09-25T08:21:04.687597Z,,USD,,2025-09-24,CAT fee for proceed of 2 trades on 2025-09-24 by PA3NJU1Y90R3,,,20250924000000000::8991231d-ed05-442b-be8a-f5b96731b21c,,-0.01,,,,,,executed,,,
,FILL,,43,,,,,,,20250902113628046::ea5f30b9-c4c3-48db-8ea3-db0317007027,0,,877f9e17-b747-48fa-ad5c-a1d8e7ef0f49,filled,227.4,43,sell,,AAPL,2025-09-02T15:36:28.046213Z,fill
,FILL,,43,,,,,,,20250902093233624::816ef60b-1662-482f-80f5-18b6ee6a8e10,0,,eda849d9-069b-4560-b443-781edce8eb70,filled,223.71,12,buy,,AMZN,2025-09-02T13:32:33.624964Z,fill
,FILL,,31,,,,,,,20250902093142654::ceb1c477-3ceb-4aaa-bb08-6b25c614cd55,12,,eda849d9-069b-4560-b443-781edce8eb70,partially_filled,223.89,17,buy,,AMZN,2025-09-02T13:31:42.654693Z,partial_fill
,FILL,,14,,,,,,,20250902093104957::9863955a-b0ac-4b24-a238-de26ba3ba65f,29,,eda849d9-069b-4560-b443-781edce8eb70,partially_filled,224.06,14,buy,,AMZN,2025-09-02T13:31:04.957157Z,partial_fill
,FILL,,47,,,,,,,20250902093046036::4da20390-b4e9-4fc7-8af5-24ba3cbc7465,0,,b2bb9306-8769-496f-b51c-2d8a01d030d6,filled,208.69,47,sell,,GOOGL,2025-09-02T13:30:46.036709Z,fill
TAF,FEE,2025-09-03T08:20:09.178534Z,,USD,,2025-09-02,TAF fee for proceed of 90 shares (2 trades) on 2025-09-02 by PA3NJU1Y90R3,,,20250902000000000::d0d767b6-b306-459a-8fc6-34e7e6f991fd,,-0.02,,,,,,executed,,,
CAT,FEE,2025-09-03T08:19:58.997277Z,,USD,,2025-09-02,CAT fee for proceed of 5 trades on 2025-09-02 by PA3NJU1Y90R3,,,20250902000000000::50f9d34a-122a-47ac-9ee6-52b1c424bce4,,-0.01,,,,,,executed,,,
,FILL,,47,,,,,,,20250829155934614::2cf37dca-028a-4eb5-8069-ab02890c8177,0,,88424cd8-8ab6-4f73-990e-0b396808377a,filled,212.84,20,buy,,GOOGL,2025-08-29T19:59:34.614033Z,fill
,FILL,,27,,,,,,,20250829155934254::33c0dc4a-0d3a-4b9c-b121-b189efdab712,20,,88424cd8-8ab6-4f73-990e-0b396808377a,partially_filled,212.83,27,buy,,GOOGL,2025-08-29T19:59:34.254102Z,partial_fill
,FILL,,100,,,,,,,20250829155924125::f64cdae6-ffd9-4808-a6fe-9e0fbec9c63d,0,,b01d8610-b6f0-455f-9fe8-90c0f8ace495,filled,24.74,100,sell_short,,PFE,2025-08-29T19:59:24.125114Z,fill
,FILL,,43,,,,,,,20250829155911180::4fde74a1-c79a-4143-88cc-3366de159a3d,0,,637ec1e0-3052-489e-90ff-9e4e16cd3412,filled,228.77,43,sell_short,,AMZN,2025-08-29T19:59:11.180025Z,fill
,FILL,,43,,,,,,,20250829155909007::7a5daad0-9054-44b6-b083-6d203b7e9d65,0,,c52981a1-01c0-4688-9ca8-e0e5665d3dd4,filled,232.08,15,buy,,AAPL,2025-08-29T19:59:09.007931Z,fill
,FILL,,28,,,,,,,20250829155908791::d01c5d63-f394-4c3f-81dd-59f6aab3d5fa,15,,c52981a1-01c0-4688-9ca8-e0e5665d3dd4,partially_filled,232.08,28,buy,,AAPL,2025-08-29T19:59:08.791182Z,partial_fill
TAF,FEE,2025-08-30T08:21:03.320135Z,,USD,,2025-08-29,TAF fee for proceed of 143 shares (2 trades) on 2025-08-29 by PA3NJU1Y90R3,,,20250829000000000::f0139274-3699-442e-b07f-cf4a95c012bc,,-0.03,,,,,,executed,,,
CAT,FEE,2025-08-30T08:20:59.881125Z,,USD,,2025-08-29,CAT fee for proceed of 6 trades on 2025-08-29 by PA3NJU1Y90R3,,,20250829000000000::19916471-d3db-4f06-a575-e4c1caa216a8,,-0.01,,,,,,executed,,,
,JNLC,2025-08-30T08:20:43.552481Z,,USD,,2025-08-29,,,,20250829000000000::05aa80b1-9bf0-4586-89ed-7bf8dfe05119,,1000000,,,,,,executed,,,
